time_s,left_tension_N,right_tension_N,tension_difference_N,measured_tension_ratio,expected_tension_ratio,pulley_angle_rad,pulley_angular_velocity_rad_s,pulley_angular_acceleration_rad_s2,expected_angular_acceleration_rad_s2,pulley_torque_Nm,expected_pulley_torque_Nm,rope_material_speed_m_s,pulley_rim_speed_m_s,slip_speed_m_s,dissipated_power_W,cumulative_dissipation_J,mechanical_plus_cable_energy_J,energy_change_J,energy_balance_J,route_length_m,route_velocity_m_s,extension_m,route_tension_N,route_status,tangent_residual,surface_residual_m,left_displacement_m,right_displacement_m
0.0002,2.2493152919111914,2.261131641423726,0.011816349512534519,1.005253309553813,1.0052808990453739,4.127913186806522e-08,0.000609730477222882,5.908174756266892,5.908174756266891,0.0005908174756266891,0.0005908174756267259,0.00030992794689850605,3.0486523861144103e-05,0.00027944142303736193,3.3019775228895065e-06,6.603955045779014e-10,0.8644298526510457,1.0265104566364869e-07,0.8644298533114412,0.48707247528040554,0.0,0.00014999999999998348,2.249999999999752,0.0,7.609144537116076e-09,0.0,5.3787472222299154e-08,-8.365403067708365e-09
0.0012000000000000001,2.225214143823927,2.2678367848398864,0.042622641015959584,1.0191543996492467,1.0193509933449525,6.937343994565439e-06,0.01570047457071561,21.311320507979644,21.31132050797964,0.0021311320507979644,0.002131132050797979,0.001802696626770398,0.0007850237285357805,0.0010176728982346176,4.337590661312551e-05,2.8236857891596466e-08,0.8644308762887142,1.1262887141816336e-06,0.864430904525572,0.4870713265930804,-0.002296013860095988,0.00014885131267483587,2.232769690122538,0.0,5.8065627551736095e-08,0.0,1.9202956703073284e-06,-2.677670473147915e-07
0.0022000000000000006,2.1687456918478834,2.2198159378358393,0.05107024598795595,1.023548287002909,1.0237989990375573,3.4254173982595374e-05,0.03962017047411913,25.53512299397796,25.535122993977946,0.0025535122993977947,0.0025535122993977978,0.003230417571918845,0.0019810085237059565,0.0012494090482128885,6.380762743181025e-05,8.565377267441147e-08,0.8644317594646335,2.00946463346785e-06,0.8644318451184061,0.4870679641426203,-0.004354582316299774,0.00014548886221477098,2.1823329332215646,0.0,7.609386724793552e-09,6.938893903907228e-18,6.323967071495878e-06,-9.066232465231296e-07
0.003200000000000001,2.08745064663729,2.1395168815243895,0.052066234887099494,1.0249424986267215,1.0252103398133823,8.681035524757707e-05,0.06556949309028653,26.033117443550182,26.033117443550182,0.0026033117443550182,0.002603311744354975,0.0046012694985781135,0.003278474654514327,0.0013227948440637867,6.887294705846641e-05,1.5323981895430863e-07,0.8644323391347943,2.5891347943396426e-06,0.8644324923746133,0.48706282012474633,-0.005809393798497129,0.00014034484434077843,2.1051726651116764,0.0,7.609673416701898e-09,0.0,1.2954604669392334e-05,-2.117426870892605e-06
0.004200000000000001,1.9929552789532676,2.0435704860402666,0.05061520708699896,1.0253970611491006,1.0256704327674155,0.0001653023277637326,0.09129141225529008,25.30760354349993,25.307603543499926,0.002530760354349993,0.002530760354349948,0.005911274762577818,0.0045645706127645045,0.0013467041498133134,6.816370942771765e-05,2.2193241362069068e-07,0.8644325325289803,2.7825289803384834e-06,0.864432754461394,0.4870566257272454,-0.006427649915768063,0.00013415044683984245,2.012256702597637,0.0,7.61004662976596e-09,6.938893903907228e-18,2.1365984903697267e-05,-4.229041924195944e-06
0.005199999999999999,1.8989542387698455,1.9474754444953566,0.04852120572551111,1.025551540281952,1.025826767376607,0.0002690764975215082,0.11608143478699119,24.260602862755412,24.260602862755412,0.0024260602862755413,0.0024260602862755556,0.007158898442606939,0.00580407173934956,0.0013548267032573794,6.573782519116899e-05,2.886926131392646e-07,0.8644323435619065,2.593561906460984e-06,0.8644326322545196,0.48705027743125195,-0.006112836120844043,0.00012780215084640112,1.9170322626960168,0.0,3.2222676507348184e-08,0.0,3.1039516816122564e-05,-7.635858241895509e-06
0.006199999999999997,1.8191155209354437,1.86569703379113,0.04658151285568635,1.025606682104352,1.0258825629121915,0.00039711815583701827,0.13983966923052793,23.290756427843338,23.290756427843334,0.0023290756427843335,0.0023290756427843174,0.008349708897399461,0.006991983461526397,0.001357725435873064,6.324490484561126e-05,3.5290139160589776e-07,0.8644318379717021,2.087971702091629e-06,0.8644321908730936,0.48704469795103456,-0.004908777804897624,0.00012222267062900194,1.833340059435029,0.0,7.610958591846454e-09,0.0,4.145934969220426e-05,-1.2733219765538324e-05
0.0071999999999999955,1.7650589875950473,1.8102928195978374,0.045233832002790075,1.0256273769436015,1.0259035003160974,0.0005484754900048829,0.16276236465212532,22.616916001395722,22.616916001395722,0.0022616916001395723,0.0022616916001395038,0.0094969313986135,0.008138118232606266,0.0013588131660072344,6.146432647433938e-05,4.150009503395245e-07,0.86443110561426,1.3556142599568943e-06,0.8644315206152103,0.48704069924023,-0.002990177266888188,0.00011822395982447054,1.773359397367058,0.0,3.22267794834397e-08,0.0,5.218736405119361e-05,-1.9857647878230773e-05
0.008199999999999995,1.7446544782012683,1.7893795597604814,0.044725081559213065,1.02563549523303,1.025911712950535,0.0007224849483748692,0.1852140397820531,22.362540779606757,22.362540779606757,0.0022362540779606757,0.002236254077960653,0.010619941810150944,0.009260701989102655,0.0013592398210482883,6.079211185491069e-05,4.759641744955682e-07,0.8644302320418584,4.820418584294828e-07,0.8644307080060329,0.4870388634322996,-0.0006362299877682494,0.00011638815189402019,1.7458222784103028,0.0,3.222888030927752e-08,0.0,6.29269315633603e-05,-2.9237143424355862e-05
0.009199999999999998,1.7608726015139187,1.8060192309632794,0.045146629449360764,1.0256387823914948,1.025915038114013,0.0009188959997842178,0.20764327843383212,22.57331472468011,22.573314724680102,0.0022573314724680105,0.0022573314724680382,0.011741576487877685,0.010382163921691607,0.001359412566186078,6.137289539441326e-05,5.370042910637764e-07,0.864429291984732,-4.5801526804556403e-07,0.864429828989023,0.4870394578037105,0.0018103269252479806,0.00011698252330494263,1.7547378495741395,0.0,3.2230963078076953e-08,0.0,7.356609824967377e-05,-4.0957759647876186e-05
0.0102,1.8113510808953623,1.8577943607611658,0.04644327986580343,1.0256401314773536,1.0259164027752,0.0011379171358306143,0.23050731619953532,23.221639932901436,23.221639932901436,0.0023221639932901436,0.002322163993290172,0.012884849271396243,0.011525365809976767,0.0013594834614194754,6.31388708716424e-05,5.993495600884809e-07,0.8644283621701403,-1.387829859700318e-06,0.8644289615197004,0.4870423957638591,0.003993221478862212,0.00011992048345355055,1.7988072518032583,0.0,7.612929866476862e-09,0.0,8.419388287805454e-05,-5.495099504287064e-05
0.011200000000000003,1.8887384172203137,1.9371669563570713,0.0484285391367576,1.0256406809408953,1.0259169585984131,0.0013801888910232043,0.2542020408071474,24.214269568378896,24.214269568378896,0.0024214269568378897,0.00242142695683788,0.014069614377217335,0.012710102040357371,0.0013595123368599638,6.583919641252507e-05,6.640478409758512e-07,0.8644275382167474,-2.2117832525481163e-06,0.8644282022645884,0.4870472494357826,0.0055945625754020584,0.00012477415537703873,1.871612330655581,0.0,3.223515036945175e-08,0.0,9.50873106062253e-05,-7.100374295347097e-05
0.012200000000000006,1.9817643773162308,2.0325785966563514,0.05081421934012065,1.0256408985456358,1.0259171787385906,0.0016466918275364667,0.279003126777951,25.407109670060432,25.407109670060425,0.002540710967006043,0.0025407109670060324,0.015309680112205121,0.013950156338897552,0.0013595237733075687,6.908313921495635e-05,7.318080748440693e-07,0.8644269373530669,-2.8126469331368753e-06,0.8644276691611417,0.48705331195838264,0.006381146172919914,0.00013083667797708642,1.9625501696562964,0.0,7.613955656797216e-09,0.0,0.0001066710679916511,-8.878931711012443e-05
0.013200000000000009,2.0768812620614017,2.1301345350958063,0.053253273034404636,1.025640981026305,1.0259172621904866,0.0019386042331632533,0.30502543492051704,26.62663651720261,26.62663651720259,0.0026626636517202594,0.002662663651720232,0.016610799854721706,0.015251271746025852,0.0013595281086958531,7.239932157031964e-05,8.028948123602391e-07,0.8644266772094686,-3.0727905313554515e-06,0.864427480104281,0.4870597004246958,0.006238421427687265,0.000137225144290265,2.058377164353975,0.0,7.61453302170252e-09,0.0,0.00011945565412953296,-0.00010791502412648979
0.014200000000000011,2.1602368801260083,2.215627537068027,0.05539065694201861,1.0256410106926734,1.0259172922109203,0.002257130729801033,0.33220610536529704,27.695328471009823,27.69532847100982,0.002769532847100982,0.002769532847100931,0.017969834936544592,0.016610305268264854,0.0013595296682797388,7.530524145816229e-05,8.770887993043622e-07,0.8644268360899993,-2.9139100007347096e-06,0.8644277131787985,0.4870654844607784,0.005187174605231464,0.00014300918037285504,2.1451377055928256,0.0,5.804148896124428e-08,0.0,0.0001339630348550121,-0.00012797935111039894
0.015200000000000014,2.2196918783440323,2.2766070440009663,0.056915165656934,1.0256410208156435,1.025917302456467,0.002603326927617695,0.3603136371274907,28.45758282846675,28.457582828466748,0.0028457582828466748,0.0028457582828467,0.01937521205691805,0.018015681856374536,0.0013595302005435135,7.737788657954784e-05,9.537185350684907e-07,0.8644274131931704,-2.3368068295948063e-06,0.8644283669117054,0.4870698217183569,0.0033805025263961863,0.0001473464379513345,2.2101965692700176,0.0,3.2245758918302225e-08,0.0,0.0001506506271009596,-0.00014863043861079945
0.016200000000000013,2.2465876311705824,2.304192438804637,0.05760480763405473,1.025641024118004,1.0259173057993258,0.00297794572969247,0.38898157006614087,28.80240381702738,28.802403817027393,0.0028802403817027394,0.0028802403817027367,0.020808608877514553,0.019449078503307043,0.0013595303742075099,7.831548567887713e-05,1.031757904916421e-06,0.8644283105025725,-1.4394974274800632e-06,0.8644293422604774,0.4870720805484287,0.0010815168466598232,0.00014960526802315632,2.244079020347345,0.0,7.616797483187956e-09,0.0,0.00016984468376163498,-0.00016961732276466978
0.017200000000000007,2.2370072227623217,2.294366381249754,0.05735915848743245,1.0256410251624506,1.0259173068566891,0.0033813276990789297,0.4177618398725577,28.679579243716507,28.679579243716507,0.002867957924371651,0.0028679579243716226,0.022247622422766206,0.020888091993627886,0.0013595304291383198,7.798152135342004e-05,1.1099755480348725e-06,0.8644293492154409,-4.007845590958681e-07,0.8644304591909889,0.48707193199022497,-0.0013749736328931964,0.00014945670981941772,2.241850647291266,0.0,3.225358288910916e-08,0.0,0.00019169278041744628,-0.00019082648386125746
0.0182,2.192345879455382,2.2485598760300753,0.0562139965746935,1.0256410254884865,1.0259173071867693,0.003813351467135903,0.44619002551086573,28.10699828734751,28.106998287347523,0.0028106998287347525,0.0028106998287346753,0.02366903172182952,0.02230950127554329,0.0013595304462862313,7.642463985069138e-05,1.1871141569321519e-06,0.8644303171075575,5.671075574698037e-07,0.8644315042217144,0.48706939767877944,-0.003631222210193579,0.0001469223983738832,2.203835975608248,0.0,7.618889252841318e-09,0.0,0.0002161423234235212,-0.0002122983785395598
0.019199999999999995,2.1191077781368404,2.1734438749058906,0.05433609676905027,1.025641025590885,1.0259173072904304,0.004273451410848473,0.4738529822268276,27.168048384525257,27.16804838452527,0.002716804838452527,0.0027168048384525138,0.02505217956301288,0.02369264911134138,0.0013595304516715,7.387157818248679e-05,1.2620735727826409e-06,0.8644310279662721,1.277966272139608e-06,0.8644322900398449,0.48706484669412686,-0.005358644077042559,0.00014237141372130946,2.135571205819642,0.0,5.8020860225151617e-08,0.0,0.00024294820929483346,-0.00023422154793847086
0.02019999999999999,2.0279588216876023,2.0799577657985457,0.05199894411094341,1.02564102562382,1.0259173073237684,0.004760700027022085,0.5004490084065252,25.999472055472147,25.999472055472147,0.0025999472055472147,0.002599947205547171,0.026381980873729702,0.02502245042032626,0.001359530453403441,7.069414806362912e-05,1.3340710014775053e-06,0.8644313684238438,1.6184238438299303e-06,0.8644327024948453,0.48705894181096543,-0.006305669184196353,0.00013646653055987557,2.0469979583981335,0.0,7.621422086122457e-09,0.0,0.00027170851992496117,-0.000256905159831095
0.021199999999999983,1.9321733288293896,1.9817162346848314,0.04954290585544174,1.025641025634826,1.0259173073349075,0.00527394300780394,0.525831783111823,24.771452927720546,24.771452927720542,0.0024771452927720545,0.0024771452927720874,0.02765111960957328,0.02629158915559115,0.0013595304539821274,6.735508928925986e-05,1.402755013269401e-06,0.8644313143043733,1.564304373258274e-06,0.8644327170593865,0.48705254297662187,-0.0063343792010588165,0.0001300676962163183,1.9510154432447746,0.0,3.227486470596449e-08,0.0,0.0003019230552270471,-0.0002807339835146817
0.022199999999999977,1.8457008519645601,1.8930265148311238,0.0473256628665637,1.0256410256386836,1.0259173073388101,0.005811967346353292,0.5500316751930062,23.662831433281585,23.662831433281585,0.0023662831433281586,0.002366283143328185,0.028861114213835186,0.02750158375965031,0.001359530454184875,6.434067993159407e-05,1.4682567222451367e-06,0.8644309141952534,1.1641952534224842e-06,0.8644323824519756,0.48704658207412416,-0.005440593007581885,0.00012410679371860356,1.8616019057790534,0.0,3.228093998862771e-08,0.0,0.00033306617889790303,-0.00030611235460696194
0.02319999999999997,1.7811346585244747,1.8268047779721794,0.045670119447704716,1.0256410256401045,1.0259173073402488,0.006373677990987459,0.5732513205479384,22.83505972385269,22.8350597238527,0.0022835059723852703,0.002283505972385236,0.030022096481656525,0.02866256602739692,0.0013595304542596068,6.208991823880875e-05,1.531170691633166e-06,0.8644302538337537,5.03833753717764e-07,0.8644317850044454,0.4870419272090516,-0.0037544756022127165,0.0001194519286460416,1.791778929690624,0.0,3.2287123743004344e-08,0.0,0.0003646633685398682,-0.00033340529033686994
0.024199999999999965,1.7478777325913297,1.7926951103494335,0.044817377758103794,1.0256410256406547,1.0259173073408046,0.006958257321118596,0.5958361115884682,22.40868887905218,22.408688879052175,0.0022408688879052177,0.00224086888790519,0.03115133603371189,0.02979180557942341,0.0013595304542884795,6.0930589943476504e-05,1.592468345588086e-06,0.8644294225139911,-3.2748600886645107e-07,0.8644310149823368,0.48703925628449907,-0.0015215817485775265,0.00011678100409351355,1.7517150614027033,0.0,7.627172102385307e-09,6.938893903907228e-18,0.0003963603218975705,-0.0003628853309008337
0.02519999999999996,1.7507733878219236,1.79566501315043,0.044891625328506324,1.0256410256408766,1.025917307341027,0.007565284219992685,0.6182238966177588,22.445812664253083,22.44581266425308,0.002244581266425308,0.002244581266425316,0.032270725285187984,0.03091119483088794,0.0013595304543000432,6.103153177713667e-05,1.653356497520485e-06,0.8644284982543329,-1.251745667119053e-06,0.8644301516108304,0.4870389582758544,0.0009329049637188115,0.00011648299544886331,1.7472449317329497,0.0,7.628638177269289e-09,6.938893903907228e-18,0.0004279745550440366,-0.0003946928485503667
0.026199999999999952,1.789399920025525,1.8352819692568396,0.04588204923131456,1.0256410256409647,1.0259173073411185,0.008194795403284792,0.6408812145581774,22.94102461565753,22.941024615657522,0.0022941024615657523,0.002294102461565728,0.03340359118221366,0.03204406072790887,0.001359530454304786,6.23780432358681e-05,1.715101597934732e-06,0.8644275549116585,-2.19508834153892e-06,0.8644292700132564,0.4870410765830494,0.0032515296621773073,0.00011860130264385038,1.7790195396577557,0.0,3.230574141797462e-08,6.938893903907228e-18,0.0004595219781050387,-0.0004288156047271809
0.027199999999999946,1.8581320213983954,1.9057764322034356,0.04764441080504023,1.0256410256410005,1.025917307341156,0.00884728007206981,0.6642353513726174,23.822205402519817,23.822205402519813,0.0023822205402519816,0.0023822205402520115,0.03457129802293761,0.03321176756863087,0.0013595304543067427,6.4774027466973e-05,1.7788452971282312e-06,0.8644266798352226,-3.0701647774078467e-06,0.8644284586805198,0.487045302710095,0.005096623505609691,0.0001228274296894427,1.8424114453416407,0.0,3.231195422108869e-08,0.0,0.0004912145782129937,-0.0004650905324063395
0.02819999999999994,1.9469600124194517,1.9968820640199332,0.049922051600481465,1.0256410256410167,1.0259173073411711,0.009523608668875186,0.6886121130228189,24.96102580024084,24.961025800240826,0.0024961025800240826,0.0024961025800240735,0.03579013610544846,0.03443060565114094,0.0013595304543075198,6.787054949235964e-05,1.8454381829527236e-06,0.8644259835419655,-3.766458034459852e-06,0.8644278289801485,0.48705102119235777,0.006199479493541797,0.00012854591195221587,1.9281886792832381,0.0,7.633056337606909e-09,0.0,0.0005234295471297815,-0.0005032274840787037
0.029199999999999934,2.0429475840622047,2.0953308554484065,0.0523832713862018,1.0256410256410216,1.0259173073411767,0.010224906112304052,0.7141883772907405,26.191635693100974,26.19163569310097,0.002619163569310097,0.0026191635693100903,0.037068949318844836,0.035709418864537025,0.0013595304543078113,7.12166527458073e-05,1.915315906948052e-06,0.864425587432674,-4.162567326049249e-06,0.8644275027485809,0.48705739922867775,0.006399485138181732,0.000134923948272192,2.02385922408288,0.0,7.634587202727224e-09,0.0,0.0005566543495834182,-0.0005428514868765691
0.03019999999999993,2.1321157545028946,2.186785389233734,0.05466963473083952,1.0256410256410238,1.0259173073411787,0.010952387971482949,0.7409663344949767,27.334817365420513,27.334817365420506,0.0027334817365420507,0.002733481736541976,0.03840784717905675,0.037048316724748835,0.0013595304543079154,7.432503334241052e-05,1.988435738999586e-06,0.8644255891986593,-4.1608013406913e-06,0.8644275776343983,0.48706350796490755,0.0056675129809465015,0.00014103268450199602,2.1154902675299403,0.0,3.2331502225146686e-08,0.0,0.0005914157321954032,-0.0005835573510910896
0.031199999999999922,2.2014786736596066,2.2579268447790826,0.056448171119475976,1.025641025641025,1.0259173073411794,0.01170718343878185,0.7687731685100094,28.2240855597378,28.224085559737798,0.00282240855597378,0.002822408555973799,0.03979818887980843,0.038438658425500476,0.001359530454307957,7.674300772692912e-05,2.064282790270363e-06,0.8644260204507563,-3.7295492436584254e-06,0.8644280847335466,0.4870684577659591,0.0041101625170007206,0.00014598248555353077,2.1897372833029616,0.0,7.637873685261595e-09,0.0,0.0006282030116593915,-0.0006249686792656077
0.032199999999999916,2.240934794685012,2.298394661215391,0.05745986653037871,1.0256410256410229,1.02591730734118,0.012490170881864205,0.7972862245422183,28.729933265189363,28.729933265189363,0.0028729933265189364,0.002872993326518936,0.041223841681418905,0.03986431122711092,0.0013595304543079847,7.811843844852126e-05,2.1419449981408753e-06,0.8644268185391081,-2.931460891919535e-06,0.8644289604841062,0.48707152777625073,0.001954235762668364,0.0001490524958451811,2.2357874376777165,0.0,7.639671786491005e-09,0.0,0.000667396813962876,-0.0006667926821789747
0.03319999999999991,2.2447379949896975,2.302295379476612,0.05755738448691439,1.0256410256410253,1.0259173073411803,0.013301849924155725,0.8260799983971835,28.778692243457456,28.77869224345745,0.002877869224345745,0.0028778692243457194,0.042663530374167175,0.041303999919859176,0.0013595304543079986,7.825101708025355e-05,2.2202459528554e-06,0.8644278299018404,-1.9200981595801636e-06,0.8644300501477933,0.4870722709002424,-0.0004862926602647447,0.00014979561983685663,2.2469342975528495,0.0,7.641591211695992e-09,0.0,0.0007092136425903322,-0.0007088628186892865
0.034199999999999904,2.2123344026686587,2.269060925814009,0.05672652314535043,1.0256410256410258,1.0259173073411803,0.014142268683068077,0.8546881040385542,28.3632615726749,28.363261572674897,0.00283632615726749,0.0028363261572675216,0.04409393565623571,0.042734405201927714,0.0013595304543079986,7.712143578313862e-05,2.297916221898168e-06,0.8644288476967192,-9.023032807586873e-07,0.8644311456129411,0.4870705789144073,-0.00285600066941269,0.00014810363400175053,2.221554510026258,0.0,7.643635266092373e-09,0.0,0.000753674348420149,-0.0007511630496593209
0.0351999999999999,2.1484430586057868,2.203531342159779,0.05508828355399231,1.0256410256410247,1.02591730734118,0.01501101676251041,0.8826711949013891,27.544141776996206,27.5441417769962,0.00275441417769962,0.0027544141776996156,0.045493090199377445,0.04413355974506946,0.0013595304543079847,7.489419916720252e-05,2.3737782215736223e-06,0.864429669665114,-8.033488596570493e-08,0.8644320434433356,0.4870666982281712,-0.004809779994251881,0.0001442229477656709,2.1633442164850636,0.0,3.2372202783954654e-08,0.0,0.0008006010931462898,-0.0007938301737860292
0.03619999999999989,2.0623686671306083,2.1152499150057515,0.052881247875143256,1.0256410256410253,1.02591730734118,0.015907285020211097,0.9096809473585922,26.440623937571697,26.44062393757169,0.002644062393757169,0.002644062393757163,0.046843577822237595,0.04548404736792961,0.0013595304543079847,7.189366694806097e-05,2.446917712342103e-06,0.8644301522297315,4.0222973152204133e-07,0.8644325991474439,0.4870611939985019,-0.006063095413956224,0.00013871871809634229,2.0807807714451343,0.0,3.238179705327415e-08,0.0,0.0008496432484510522,-0.0008371339051599515
0.037199999999999886,1.966646521653903,2.017073355542465,0.05042683388856206,1.0256410256410258,1.02591730734118,0.016829983405739626,0.9355107882202985,25.213416944280223,25.21341694428022,0.002521341694428022,0.0025213416944281034,0.04813506986532291,0.04677553941101493,0.0013595304543079847,6.855681638590636e-05,2.51681694248873e-06,0.8644302391154738,4.891154737896031e-07,0.8644327559324163,0.48705486782426033,-0.00643342254454791,0.00013239254385477572,1.9858881578216359,0.0,7.650412005474638e-09,0.0,0.0009003284591478799,-0.0008814375939245931
0.03819999999999988,1.875216949169256,1.9232994350453894,0.048082485876133285,1.0256410256410249,1.02591730734118,0.01777789970809405,0.9601259786562962,24.04124293806704,24.041242938067036,0.002404124293806704,0.0024041242938066644,0.0493658293871228,0.048006298932814814,0.0013595304543079847,6.536960386739881e-05,2.583430049981197e-06,0.8644299559967663,2.0599676631150032e-07,0.8644325394268163,0.48704864100675394,-0.0058668294561666084,0.00012616572634838175,1.8924858952257262,0.0,7.652819057812508e-09,0.0,0.0009521314338025929,-0.0009271453104139382
0.039199999999999874,1.8013951351067425,1.847584753955632,0.0461896188488895,1.0256410256410249,1.02591730734118,0.018749876093926823,0.9836686733221809,23.094809424444815,23.094809424444815,0.0023094809424444814,0.0023094809424444754,0.05054296412041703,0.04918343366610905,0.0013595304543079847,6.279619349793767e-05,2.64718974149957e-06,0.8644293795558106,-3.70444189434771e-07,0.8644320267455521,0.4870434203776321,-0.0044458309532694066,0.00012094509722654356,1.8141764583981534,0.0,7.655260760338033e-09,6.938893903907228e-18,0.0010045504446312607,-0.0009746429990771642
0.04019999999999987,1.755931989692594,1.8009558868642004,0.045023897171606375,1.0256410256410264,1.02591730734118,0.01974497772657382,1.0064372179127894,22.51194858580319,22.511948585803186,0.0022511948585803186,0.002251194858580319,0.05168139134994747,0.050321860895639475,0.0013595304543079917,6.121135937643078e-05,2.7089442759505554e-06,0.8644286007274399,-1.1492725601192078e-06,0.8644313096717158,0.48703996623405077,-0.0023773716738071495,0.00011749095364521622,1.7623643046782433,0.0,3.242267306903818e-08,0.0,0.0010571803957460893,-0.001024242272135651
0.04119999999999986,1.745448458004839,1.7902035466716282,0.04475508866678912,1.0256410256410247,1.0259173073411798,0.020762628909349806,1.028842700107728,22.37754433339446,22.37754433339446,0.002237754433339446,0.002237754433339456,0.052801665459694384,0.05144213500538641,0.0013595304543079778,6.084590602776401e-05,2.7698339297633955e-06,0.8644277018463101,-2.0481536898708796e-06,0.8644304716802399,0.48703878161412895,3.7311932104162676e-05,0.00011630633372339272,1.7445950058508908,0.0,7.66017499129017e-09,0.0,0.0011097718185834814,-0.0010761350284844737
0.042199999999999856,1.7714712903021947,1.8168936310791746,0.04542234077697982,1.025641025641026,1.02591730734118,0.02180269692612083,1.0513490815362687,22.711170388490128,22.711170388490125,0.0022711170388490126,0.002271117038848991,0.05392698453112142,0.05256745407681344,0.0013595304543079847,6.175305559223687e-05,2.8311249347262426e-06,0.8644267564187031,-2.993581296850678e-06,0.8644295875436379,0.48704003903788035,0.0024465616458347384,0.00011756375747479231,1.7634563621218846,0.0,3.244347415169701e-08,0.0,0.0011622672028187247,-0.0011303655068349494
0.04319999999999985,1.8302106965037424,1.8771391759012757,0.04692847939753331,1.0256410256410264,1.0259173073411798,0.022865511369179442,1.074405629538077,23.464239698766875,23.464239698766868,0.002346423969876687,0.0023464239698766653,0.055079811931211836,0.05372028147690386,0.0013595304543079778,6.380069691528777e-05,2.894025072538311e-06,0.8644258449496123,-3.905050387720266e-06,0.8644287389746849,0.4870435553825665,0.004499510609098241,0.000121080102160942,1.81620153241413,0.0,5.783779223405641e-08,0.0,0.0012148093717785878,-0.0011868238430895635
0.044199999999999844,1.9131122656990127,1.9621664263579606,0.049054160658947854,1.025641025641025,1.02591730734118,0.023951816139642368,1.0983814889020411,24.527080329473854,24.527080329473847,0.002452708032947385,0.0024527080329473927,0.05627860489941004,0.05491907444510206,0.0013595304543079847,6.66906253263648e-05,2.9595077816400185e-06,0.8644250696270934,-4.680372906573638e-06,0.864428029134875,0.48704881855146165,0.005897181203781566,0.00012634327105609522,1.8951490658414283,0.0,3.246434118624147e-08,0.0,0.0012677206826136528,-0.0012452620702094069
0.04519999999999984,2.008102772850795,2.0595925875392753,0.05148981468848035,1.0256410256410249,1.02591730734118,0.02506266111070965,1.1235119221132266,25.74490734424031,25.744907344240307,0.0025744907344240307,0.0025744907344240177,0.05753512655996932,0.056175596105661335,0.0013595304543079847,7.000197115564905e-05,3.028170392215902e-06,0.8644245509015943,-5.1990984056837775e-06,0.8644275790719865,0.48705506205216553,0.006436026132439876,0.00013258677175997935,1.9888015763996902,0.0,7.670065392503167e-09,0.0,0.0013214560803772725,-0.0013053302304611315
0.04619999999999983,2.1013484418153094,2.155229171092624,0.053880729277314465,1.025641025641025,1.0259173073411803,0.026199249231217355,1.14986404731522,26.940364638656686,26.940364638656682,0.0026940364638656684,0.0026940364638657235,0.058852732820069,0.057493202365761,0.0013595304543079986,7.325249235289651e-05,3.100147135065449e-06,0.864424400024925,-5.349975074953051e-06,0.8644275001720602,0.4870613766233848,0.00603757167076939,0.00013890134297922518,2.0835201446883778,0.0,7.672632529842758e-09,0.0,0.0013765368428984093,-0.0013666273408993812
0.047199999999999825,2.1792696030770156,2.2351483108482233,0.055878707771207736,1.0256410256410267,1.0259173073411803,0.027362761336290578,1.1773270636793687,27.939353885604156,27.93935388560415,0.002793935388560415,0.002793935388560387,0.06022588363827643,0.058866353183968434,0.0013595304543079986,7.596880496230085e-05,3.1750895931425723e-06,0.8644246771161218,-5.072883878187717e-06,0.8644278522057149,0.4870668426536097,0.004759846049092062,0.00014436737320416837,2.1655105980625255,0.0,7.675283966373001e-09,0.0,0.001433474665397938,-0.001428759789815791
0.04819999999999982,2.2305183451420962,2.2877111232226626,0.05719277808056633,1.0256410256410255,1.0259173073411803,0.028554184178490462,1.2056283876916771,28.596389040283,28.596389040282997,0.0028596389040283,0.002859638904028317,0.06164094983889186,0.06028141938458386,0.0013595304543079986,7.775532356702917e-05,3.252217442668239e-06,0.8644253553052972,-4.3946947028139505e-06,0.8644286075227399,0.48707066410712263,0.0027889286108249557,0.00014818882671707723,2.2228324007561584,0.0,7.668166675502646e-09,0.0,0.0014926971406523516,-0.001491398659689982
0.04919999999999981,2.247631147691276,2.3052627155807977,0.05763156788952184,1.0256410256410264,1.02591730734118,0.02977416672383759,1.2343733503773917,28.815783944760074,28.81578394476007,0.002881578394476007,0.002881578394476092,0.06307819797317758,0.06171866751886959,0.0013595304543079917,7.83518716754284e-05,3.3304320942222984e-06,0.8644263113896661,-3.4386103339167917e-06,0.8644296418217603,0.4870722844532641,0.0004118504717066508,0.00014980917285856155,2.247137592878423,0.0,3.25209098722087e-08,0.0,0.0015544854872705722,-0.0015543276285150903
0.05019999999999981,2.228115818208031,2.2852469930338755,0.05713117482584451,1.0256410256410244,1.02591730734118,0.031022925640788134,1.2631026742268943,28.56558741292247,28.56558741292246,0.0028565587412922463,0.002856558741292226,0.06451466416565271,0.06315513371134472,0.0013595304543079917,7.767157206610377e-05,3.408476683892088e-06,0.8644273518040771,-2.3981959228480676e-06,0.864430760280761,0.4870714677157959,-0.0020252067550039186,0.00014899243539034934,2.23488653085524,0.0,3.2533631393617485e-08,0.0,0.0016189335949169394,-0.0016174744734723935
0.0511999999999998,2.174814438005157,2.2305789107745206,0.05576447276936358,1.025641025641026,1.02591730734118,0.0323002137461092,1.291359359271603,27.882236384682088,27.88223638468208,0.0027882236384682083,0.002788223638468179,0.06592749841788814,0.06456796796358015,0.0013595304543079917,7.581349899834057e-05,3.4851191144470873e-06,0.8644282656175073,-1.4843824927002203e-06,0.8644317507366217,0.4870683328388819,-0.004167326511687645,0.00014585755847634774,2.187863377145216,0.0,5.774320033726185e-08,0.0,0.0016859343508572034,-0.0016809215889728533
0.052199999999999795,2.0954894606334253,2.1492199596240242,0.053730498990598896,1.0256410256410249,1.02591730734118,0.03360535600298227,1.3187552374732119,26.865249495299086,26.865249495299086,0.0026865249495299087,0.002686524949529945,0.06729729232796859,0.0659377618736606,0.0013595304543079917,7.304824970293198e-05,3.5593314896590244e-06,0.8644288829127224,-8.670872776450622e-07,0.864432442244212,0.487063336364859,-0.005702544947191307,0.00014086108445343637,2.1129162668015455,0.0,7.680404654287875e-09,6.938893903907228e-18,0.0017551952391366638,-0.0017448939872893156
0.05319999999999979,2.0016932404709475,2.053018708175332,0.0513254677043844,1.0256410256410262,1.02591730734118,0.03493734782881287,1.3450275028943972,25.662733852192012,25.66273385219201,0.002566273385219201,0.0025662733852192202,0.06861090559902785,0.06725137514471986,0.0013595304543079917,6.97785364257371e-05,3.630439810163819e-06,0.8644291145202458,-6.354797541519019e-07,0.864432744960056,0.4870572059464885,-0.006407283224707085,0.00013473066608293838,2.0209599912440757,0.0,3.257472083583419e-08,0.0,0.0018262809406310555,-0.0018097265292866004
0.05419999999999978,1.9070856258210367,1.9559852572523457,0.04889963143130904,1.0256410256410258,1.02591730734118,0.0362950013958603,1.3700769849790502,24.44981571565447,24.44981571565447,0.002444981571565447,0.0024449815715654522,0.06986337970326051,0.06850384924895252,0.0013595304543079917,6.648053813530829e-05,3.6982221301725678e-06,0.8644289589067252,-7.910932747767774e-07,0.8644326571288554,0.4870508343765184,-0.006178908032514057,0.00012835909611286223,1.9253864416929334,0.0,3.2589134286982185e-08,0.0,0.0018986767299860718,-0.0018758151575449427
0.05519999999999978,1.8254446307824903,1.872250903366656,0.04680627258416559,1.025641025641025,1.0259173073411798,0.037677118618450835,1.3939825910799941,23.403136292083413,23.403136292083413,0.0023403136292083414,0.0023403136292082793,0.07105866000830768,0.0696991295539997,0.0013595304543079778,6.363455303072703e-05,3.76294088015077e-06,0.8644284786372867,-1.2713627133287275e-06,0.8644322415781668,0.4870451495673743,-0.0050506784046359925,0.00012267428696877136,1.8401143045315704,0.0,7.700479687484835e-09,0.0,0.0019718634367430973,-0.001943559233955586
0.05619999999999977,1.7686598983571167,1.8140101521611478,0.045350253804031126,1.025641025641027,1.0259173073411798,0.039082665634084544,1.4169898149224536,22.675126902016174,22.675126902016174,0.0022675126902016174,0.0022675126902015562,0.07220902120043066,0.07084949074612268,0.0013595304543079778,6.165505115709015e-05,3.825304648210903e-06,0.8644277631773358,-1.986822664168386e-06,0.8644315884819841,0.4870409794162605,-0.0031869020978151966,0.00011850413585495767,1.777562037824365,0.0,7.703951767278798e-09,6.938893903907228e-18,0.0020453930538188374,-0.0020133033793518335
0.057199999999999765,1.7450011731606763,1.7897447929853092,0.04474361982463293,1.0256410256410258,1.0259173073411798,0.040510923368185715,1.4394749845534116,22.371809912316575,22.371809912316575,0.0022371809912316576,0.0022371809912316467,0.07333327968197856,0.07197374922767058,0.0013595304543079778,6.083031378755063e-05,3.886364986118347e-06,0.8644268992167979,-2.8507832020574497e-06,0.8644307855817841,0.487038931235802,-0.0008590069175321046,0.00011645595539644393,1.746839330946659,0.0,7.707430966636943e-09,0.0,0.002118953982230475,-0.0020852872852589284
0.05819999999999976,1.7579139516771258,1.8029886683867955,0.04507471670966967,1.0256410256410255,1.0259173073411798,0.04196159225526352,1.4618904564643624,22.53735835483491,22.537358354834907,0.0022537358354834908,0.002253735835483484,0.0744540532775261,0.07309452282321813,0.0013595304543079778,6.128045008609029e-05,3.947363268388793e-06,0.8644259621827247,-3.787817275280325e-06,0.8644299095459931,0.4870393033091388,0.0015939881961045406,0.00011682802873325127,1.752420430998769,0.0,7.710908985602006e-09,0.0,0.0021924164102653182,-0.0021596108068404805
0.05919999999999975,1.8055177035292134,1.851813029260733,0.04629532573151973,1.0256410256410264,1.02591730734118,0.04343483586560114,1.4846987374456162,23.147662865759653,23.147662865759653,0.0023147662865759654,0.0023147662865759867,0.07559446732658881,0.07423493687228082,0.0013595304543079917,6.293990522414144e-05,4.0095499068840736e-06,0.8644250278538124,-4.722146187630116e-06,0.8644290374037192,0.4870420414499885,0.0038148455983415108,0.00011956616958297417,1.7934925437446125,0.0,3.266262895402307e-08,0.0,0.002265851218379418,-0.002236219420668759
0.06019999999999975,1.8808797392769194,1.9291074248994062,0.048227685622486804,1.0256410256410264,1.02591730734118,0.044931257083977744,1.508305128220573,24.11384281124335,24.11384281124335,0.002411384281124335,0.0024113842811243403,0.07677478686533665,0.07541525641102866,0.0013595304543079917,6.556700734457058e-05,4.074002249272799e-06,0.8644241896998907,-5.560300109341831e-06,0.8644282637021399,0.4870467468939749,0.0054801346181509725,0.0001242716135693711,1.8640742035405666,0.0,7.717877109890047e-09,0.0,0.002339519656643744,-0.0023149121651507105
0.06119999999999974,1.973024840565274,2.023615221092588,0.05059038052731424,1.0256410256410253,1.02591730734118,0.046451810309594346,1.5329986981862782,25.295190263656952,25.29519026365695,0.002529519026365695,0.002529519026365712,0.07800946536362191,0.07664993490931392,0.0013595304543079917,6.877916302194028e-05,4.1414676813937975e-06,0.8644235634934002,-6.186506599781261e-06,0.8644277049610816,0.48705273437198426,0.0063473338164905385,0.00013025909157871052,1.9538863736806578,0.0,7.721396362454628e-09,0.0,0.002413835298045405,-0.002395370907219327
0.062199999999999735,2.0685336168738133,2.1215729403833947,0.053039323509581404,1.025641025641024,1.02591730734118,0.04799766246381438,1.5589101873001723,26.519661754790288,26.519661754790288,0.002651966175479029,0.0026519661754790705,0.07930503981931661,0.07794550936500862,0.0013595304543079917,7.210857558723367e-05,4.212254783034404e-06,0.8644232682918166,-6.481708183403434e-06,0.8644274805465997,0.48705913190813543,0.006290150169770522,0.00013665662772988085,2.049849415948213,0.0,7.72496840455632e-09,0.0,0.0024893038085085487,-0.0024772066730868016
0.06319999999999976,2.153496814958354,2.208714682008566,0.05521786705021192,1.0256410256410247,1.0259173073411798,0.049570023047613605,1.5859929659978222,27.60893352510681,27.608933525106792,0.0027608933525106794,0.002760893352510596,0.08065917875419909,0.07929964829989111,0.0013595304543079778,7.507037187655993e-05,4.286188388460353e-06,0.864423387771538,-6.362228461953556e-06,0.8644276739599265,0.4870650078084607,0.0053169115312921384,0.00014253252805512817,2.1379879208269226,0.0,7.72861869205222e-09,0.0,0.0025664493051226773,-0.002560016295761211
0.06419999999999979,2.215540968561465,2.2723497113450852,0.056808742783620136,1.0256410256410224,1.0259173073411798,0.051169967998025354,1.6140298260103667,28.40437139181131,28.404371391811306,0.002840437139181131,0.002840437139181007,0.08206102175482632,0.08070149130051835,0.0013595304543079778,7.723321588508011e-05,4.36263509637731e-06,0.8644239295158811,-5.820484118901348e-06,0.8644282921509775,0.48706950634652457,0.0035693538169908204,0.00014703106611901884,2.2054659917852826,0.0,7.732370579494044e-09,6.938893903907228e-18,0.0026457380272688976,-0.002643441129564782
0.06519999999999981,2.245630386464581,2.303210652784182,0.05758026631960078,1.025641025641024,1.0259173073411798,0.052798282995938785,1.642664613112348,28.790133159799527,28.790133159799527,0.002879013315979953,0.002879013315980039,0.08349276110992537,0.0821332306556174,0.0013595304543079778,7.82821256288032e-05,4.440595514224516e-06,0.8644248041984985,-4.9458015014547385e-06,0.8644292447940127,0.4870719723856429,0.0013019795419422658,0.0001494971052373728,2.242456578560592,0.0,3.275516531226928e-08,0.0,0.0027275104366658487,-0.00272721928086779
0.06619999999999984,2.2393830495101574,2.2968031277027294,0.057420078192572,1.0256410256410273,1.02591730734118,0.054455349044844156,1.6714540950199415,28.710039096285573,28.710039096285573,0.0028710039096285574,0.0028710039096286003,0.08493223520530507,0.08357270475099708,0.0013595304543079917,7.806434499161956e-05,4.518849802963344e-06,0.8644258387587304,-3.911241269638488e-06,0.8644303576085334,0.48707204678856014,-0.001155006208895405,0.00014957150815458897,2.2435726223188346,0.0,7.740242022855868e-09,6.938893903907228e-18,0.002811931634825972,-0.00281122374850682
0.06719999999999987,2.1977087781754876,2.2540602853081904,0.05635150713270276,1.0256410256410247,1.02591730734118,0.05614108698406318,1.6999325107488268,28.175753566351517,28.17575356635151,0.002817575356635151,0.002817575356635138,0.08635615599174934,0.08499662553744135,0.0013595304543079917,7.661159009304114e-05,4.596135326200399e-06,0.8644268215566899,-2.9284433100684737e-06,0.8644314176920161,0.48706971871977234,-0.003443784620390366,0.0001472434393667843,2.2086515905017645,0.0,3.27895953321418e-08,0.0,0.00289896731878868,-0.0028954809193746304
0.0681999999999999,2.126676732410181,2.1812069050360847,0.05453017262590354,1.0256410256410262,1.0259173073411805,0.05785496901718223,1.7276794008989307,27.26508631295197,27.26508631295197,0.002726508631295197,0.002726508631295177,0.08774350049925454,0.08638397004494654,0.0013595304543080056,7.413543036355417e-05,4.671330532025911e-06,0.8644275617326187,-2.188267381297848e-06,0.8644322330631508,0.48706532722353,-0.0052310334635012265,0.0001428519431244668,2.142779146867002,0.0,3.280759975198206e-08,0.0,0.0029883887767747338,-0.0029801667256090982
0.06919999999999993,2.036631540083543,2.0888528616241446,0.05222132154060155,1.0256410256410247,1.0259173073411798,0.059596095576764097,1.7543808405213221,26.11066077030102,26.110660770301017,0.002611066077030102,0.0026110660770300776,0.0890785724803741,0.08771904202606612,0.0013595304543079778,7.099647699861447e-05,4.7436182882576344e-06,0.8644279381070207,-1.811892979319829e-06,0.864432681725309,0.487059511847719,-0.0062564698933522634,0.00013703656731345326,2.055548509701799,0.0,5.867470240640201e-08,0.0,0.003079806196228012,-0.003065581023022624
0.07019999999999996,1.9406867751964318,1.99044797456044,0.049761199364008135,1.0256410256410242,1.0259173073411798,0.06136332633127998,1.7798751570263813,24.880599682004295,24.880599682004306,0.002488059968200431,0.002488059968200407,0.09035328830562706,0.08899375785131908,0.0013595304543079778,6.765186597821726e-05,4.812604884049335e-06,0.8644279186535565,-1.8313464434926985e-06,0.8644327312584406,0.48705311950442065,-0.006370756284035826,0.00013064422401509734,1.9596633602264601,0.0,7.757418859545313e-09,0.0,0.0031727254334860226,-0.0031521039221248178
0.07119999999999999,1.852815185463541,1.9003232671420944,0.04750808167855336,1.0256410256410262,1.0259173073411798,0.06315544625529589,1.8041764750857456,23.754040839276634,23.75404083927663,0.0023754040839276632,0.002375404083927668,0.09156835420859527,0.09020882375428729,0.0013595304543079778,6.45886838677532e-05,4.878377367273884e-06,0.8644275466843155,-2.2033156844569746e-06,0.8644324250616828,0.48704708113135325,-0.005557248750376693,0.00012460585094770105,1.8690877642155157,0.0,3.2863873089855014e-08,0.0,0.0032666199775273855,-0.0032401404313936637
0.07220000000000001,1.7858137956938689,1.831603893019354,0.045790097325485,1.0256410256410262,1.02591730734118,0.06497134257757282,1.8274726596080217,22.895048662742532,22.895048662742532,0.0022895048662742532,0.00228950486627425,0.09273316343470908,0.09137363298040109,0.0013595304543079917,6.22530318197187e-05,4.941490867451888e-06,0.8644269061319526,-2.8438680473863442e-06,0.8644318476228201,0.4870422761163873,-0.003934421049075031,0.00011980083598173152,1.7970125397259729,0.0,3.288304776573348e-08,6.938893903907228e-18,0.0033610076274818586,-0.0033300614745755005
0.07320000000000004,1.749440235525867,1.7942976774624257,0.04485744193655883,1.0256410256410247,1.0259173073411798,0.06681016683755382,1.8500979563596736,22.428720968279226,22.428720968279222,0.0022428720968279223,0.0022428720968279414,0.09386442827229166,0.09250489781798368,0.0013595304543079778,6.0985058415139425e-05,5.002887750430434e-06,0.8644260869320843,-3.6630679156601786e-06,0.8644310898198347,0.4870394042294355,-0.0017386108589112453,0.00011692894902992634,1.7539342354488952,0.0,7.770984645058856e-09,0.0,0.0034555207171080844,-0.0034221498718559895
0.07420000000000007,1.7489917041846326,1.7938376453175722,0.044845941132939604,1.0256410256410258,1.0259173073411796,0.06867145844942592,1.872484314666751,22.42297056647028,22.422970566470294,0.0022422970566470294,0.0022422970566469804,0.09498374618764552,0.09362421573333755,0.001359530454307964,6.096942272224189e-05,5.063760378579568e-06,0.8644251681178315,-4.5818821684529e-06,0.8644302318782101,0.48703888371269244,0.0007103988444405601,0.00011640843228688524,1.7461264843032787,0.0,7.77553009097268e-09,0.0,0.0035499596592204526,-0.003516559151839447
0.0752000000000001,1.7845335222441139,1.8302907920452474,0.04575726980113348,1.0256410256410269,1.0259173073411796,0.0705552117787221,1.895098481230639,22.87863490056669,22.878634900566702,0.0022878634900566704,0.0022878634900566743,0.09611445451583993,0.09475492406153196,0.001359530454307964,6.220840180063466e-05,5.125377463185519e-06,0.8644242232259252,-5.526774074837704e-06,0.8644293486033884,0.4870407903706676,0.0030559508226383884,0.00011831509026205556,1.7747263539308333,0.0,7.780076435218724e-09,0.0,0.0036443220122165843,-0.0036132911926815467
0.07620000000000013,1.850889618820739,1.8983483269956294,0.047458708174890285,1.0256410256410253,1.0259173073411798,0.07246187696288048,1.918374026289969,23.729354087445227,23.729354087445227,0.0023729354087445227,0.0023729354087445144,0.09727823176880643,0.09591870131449845,0.0013595304543079778,6.452155908586322e-05,5.188899297905303e-06,0.8644233377317527,-6.412268247268926e-06,0.8644285266310506,0.48704484653053537,0.004956454726853519,0.00012237125012981576,1.8355687519472363,0.0,3.296006807944992e-08,6.938893903907228e-18,0.0037388028356530115,-0.003712195948569573
0.07720000000000016,1.9383963396851778,1.988098809933516,0.04970247024833818,1.0256410256410258,1.0259173073411798,0.07439229435626125,1.942648201379509,24.851235124168934,24.85123512416893,0.0024851235124168933,0.0024851235124169094,0.09849194052328343,0.09713241006897545,0.0013595304543079778,6.757202195698322e-05,5.255208781436086e-06,0.8644226201760559,-7.129823944129754e-06,0.8644278753848373,0.487050461480533,0.006135134009134438,0.000127986200127439,1.919793001911585,0.0,3.297945896454967e-08,6.938893903907228e-18,0.0038337662830858106,-0.0038129933013834666
0.07820000000000019,2.034309796653533,2.086471586311315,0.052161789657782176,1.0256410256410253,1.0259173073411798,0.07634757214660708,1.9681128242954686,26.080894828891672,26.080894828891665,0.0026080894828891667,0.002608089482889109,0.09976517166908141,0.09840564121477344,0.0013595304543079778,7.091554159084808e-05,5.324782838114629e-06,0.8644221921298061,-7.5578701939083e-06,0.8644275169126442,0.4870568174972397,0.006420333788860003,0.00013434221683417125,2.0151332525125687,0.0,5.732272242749772e-08,0.0,0.003929692569203464,-0.0039153138552090105
0.07920000000000021,2.1246618014514316,2.179140309180955,0.05447850772952334,1.0256410256410253,1.0259173073411798,0.07832892496606013,1.9947863440491653,27.239253864761185,27.23925386476118,0.0027239253864761183,0.0027239253864761673,0.10109884765676624,0.09973931720245827,0.0013595304543079778,7.406519036363621e-05,5.397622961884017e-06,0.8644221552187159,-7.594781284092633e-06,0.8644275528416778,0.4870629889332941,0.005770519508817143,0.0001405136528885298,2.107704793327947,0.0,7.798535775890532e-09,0.0,0.004027108034600921,-0.0040187527326654765
0.08020000000000024,2.1962940983288877,2.2526093316193783,0.056315233290490596,1.0256410256410284,1.0259173073411798,0.08033749700033804,2.0225111540799907,28.157616645245092,28.157616645245085,0.0028157616645245087,0.00281576166452453,0.10248508815830752,0.10112555770399954,0.0013595304543079778,7.656227469992304e-05,5.4732549987323805e-06,0.8644225485815528,-7.201418447233543e-06,0.8644280218365515,0.4870680770224291,0.004280325745782796,0.00014560174202354892,2.184026130353234,0.0,3.3039256171221627e-08,0.0,0.00412650849308914,-0.004122928538513663
0.08120000000000027,2.2387746435820186,2.296179121622579,0.05740447804056048,1.0256410256410238,1.0259173073411796,0.08237419535725368,2.0509765450131576,28.702239020280363,28.70223902028036,0.002870223902028036,0.002870223902028024,0.10390835770496586,0.10254882725065789,0.001359530454307964,7.804313610977089e-05,5.550798199287626e-06,0.8644233185297445,-6.431470255474636e-06,0.8644288693279438,0.48707134076971853,0.0021667742679003076,0.00014886548931297705,2.2329823396946558,0.0,5.726471410495377e-08,0.0,0.004228287024720386,-0.004227538903482597
0.0822000000000003,2.245916857890329,2.3035044696311093,0.05758761174078053,1.0256410256410269,1.0259173073411798,0.08443955796166264,2.0797639542768844,28.793805870389672,28.793805870389672,0.0028793805870389673,0.0028793805870390267,0.1053477281681522,0.10398819771384422,0.0013595304543079778,7.829211195257806e-05,5.629093485214473e-06,0.864424318658161,-5.431341838946224e-06,0.8644299477516463,0.4870723048650735,-0.0002623315517882453,0.00014982958466797092,2.2474437700195637,0.0,3.308143250249657e-08,0.0,0.004332676730265402,-0.004332404519287095
0.08320000000000033,2.2166805979031965,2.273518561951997,0.05683796404880059,1.025641025641026,1.0259173073411798,0.08653367521572505,2.1084079227303074,28.418982024399252,28.418982024399252,0.0028418982024399253,0.00284189820244003,0.10677992659082336,0.10542039613651538,0.0013595304543079778,7.727294308542722e-05,5.706872249559406e-06,0.8644253447176476,-4.405282352348827e-06,0.8644310515898972,0.4870708289041903,-0.0026532331412396763,0.00014835362378473604,2.2253043567710407,0.0,3.310337506992831e-08,0.0,0.004439716783993577,-0.004437495251873777
0.08420000000000036,2.1553236355947853,2.2105883441997793,0.055264708604993995,1.0256410256410253,1.0259173073411796,0.08865617683335192,2.1364638809901595,27.632354302497504,27.632354302497504,0.0027632354302497505,0.0027632354302496998,0.10818272450381594,0.10682319404950798,0.001359530454307964,7.513405439683613e-05,5.782941108102079e-06,0.8644261915641629,-3.5584358371032465e-06,0.864431974505271,0.4870671278360788,-0.004657735739584499,0.00014465255567325253,2.169788335098788,0.0,3.312587051479418e-08,0.0,0.004549246728599681,-0.004542934529938974
0.08520000000000039,2.07078158506957,2.123878548789302,0.05309696371973205,1.0256410256410253,1.02591730734118,0.09080628576617707,2.1635728935131633,26.548481859866452,26.548481859866452,0.0026548481859866454,0.0026548481859866024,0.10953817512996616,0.10817864467565817,0.0013595304543079917,7.21869392081697e-05,5.856355695773117e-06,0.8644267086207714,-3.0413792285743924e-06,0.8644325649764671,0.4870617406593372,-0.005983917130540466,0.00013926537893166335,2.0889806839749503,0.0,7.82921444952849e-09,0.0,0.004660929843125043,-0.004648981369604742
0.08620000000000042,1.9753665799726594,2.0260170051001607,0.050650425127501286,1.0256410256410242,1.0259173073411796,0.09298293136763951,2.1895139315434515,25.325212563750448,25.32521256375044,0.0025325212563750443,0.0025325212563750647,0.11083522703148055,0.10947569657717258,0.001359530454307964,6.886079548452766e-05,5.926558197601535e-06,0.8644268314132212,-2.918586778810628e-06,0.8644327579714188,0.4870554519260295,-0.006438641221859843,0.00013297664562395006,1.994649684359251,0.0,3.3172247429994274e-08,0.0,0.004774302180726564,-0.004755992653058081
0.08720000000000044,1.8829742174503172,1.9312556076413505,0.04828139019103328,1.0256410256410253,1.0259173073411798,0.09518490531472254,2.2142360622459107,24.140695095517003,24.140695095517003,0.0024140695095517003,0.0024140695095516643,0.11207133356660352,0.11071180311229555,0.0013595304543079778,6.564002034095597e-05,5.993458585114807e-06,0.864426579194093,-3.17080590694907e-06,0.8644325726526781,0.48704917748481946,-0.0059556850800853,0.00012670220441390878,1.9005330662086317,0.0,3.319593355127772e-08,0.0,0.004888840134763672,-0.004864371154637893
0.08820000000000047,1.8070598972053098,1.8533947663644188,0.046334869159109004,1.0256410256410249,1.0259173073411796,0.09741103757995986,2.237865866217955,23.167434579554982,23.167434579554982,0.002316743457955498,0.0023167434579554505,0.11325282376520572,0.11189329331089776,0.001359530454307964,6.299366571807605e-05,6.057447727470957e-06,0.8644260256057403,-3.7243942596631996e-06,0.8644320830534679,0.4870438311029516,-0.004605383189577231,0.00012135582254602095,1.8203373381903143,0.0,7.845969835849632e-09,0.0,0.0050040366933343065,-0.004974506883499607
0.0892000000000005,1.758679267939156,1.8037736081427254,0.04509434020356928,1.0256410256410262,1.02591730734118,0.09966036682633396,2.2606890031436335,22.547170101785266,22.547170101785262,0.0022547170101785263,0.0022547170101784642,0.11439398061148967,0.11303445015718168,0.0013595304543079917,6.130712882353694e-05,6.119340467907235e-06,0.8644252615482284,-4.488451771589297e-06,0.8644313808886963,0.48704019139136406,-0.002584384411277217,0.00011771611095851009,1.7657416643776513,0.0,7.851631738251156e-09,6.938893903907228e-18,0.00511947527706421,-0.00508672028531573
0.09020000000000053,1.7448781573847771,1.7896186229587467,0.0447404655739696,1.0256410256410262,1.02591730734118,0.10193228040990428,2.2831086102440072,22.370232786984563,22.37023278698456,0.002237023278698456,0.00223702327869848,0.11551496096650836,0.11415543051220037,0.0013595304543079917,6.082602548778456e-05,6.180256955467657e-06,0.8644243704829617,-5.379517038273107e-06,0.8644305507399171,0.4870387884130487,-0.00018701336875405483,0.00011631313264315324,1.7446969896472986,0.0,7.857302589085727e-09,6.938893903907228e-18,0.005234890406912481,-0.005201215574733106
0.09120000000000056,1.7676664655985608,1.812991246767755,0.04532478116919414,1.0256410256410258,1.025917307341181,0.10422660360112855,2.305586592093092,22.662390584597283,22.662390584597293,0.0022662390584597294,0.002266239058459707,0.11663886005896262,0.11527932960465459,0.0013595304543080333,6.162042033431517e-05,6.241459514056228e-06,0.8644234262004428,-6.323799557228504e-06,0.8644296676599569,0.4870398264882606,0.0022375930037459293,0.00011735120785505426,1.760268117825814,0.0,3.329182956020043e-08,0.0,0.005350206366744134,-0.005318050994932499
0.09220000000000059,1.8237254567393657,1.8704876479378105,0.046762191198444825,1.0256410256410253,1.0259173073411798,0.10654362503128711,2.3285763519541067,23.381095599222515,23.381095599222512,0.0023381095599222515,0.0023381095599222415,0.11778834805201333,0.11642881759770535,0.0013595304543079778,6.357462304443489e-05,6.30416880610644e-06,0.864422507807503,-7.242192497036726e-06,0.864428811976309,0.4870431544387017,0.004336331407412478,0.00012067915829616638,1.8101873744424957,0.0,3.331588945217887e-08,0.0,0.0054655482301139745,-0.005437130335487131
0.09320000000000062,1.904891077430525,1.95373443839028,0.048843360959754945,1.0256410256410244,1.0259173073411805,0.10888405465816577,2.3524567611902825,24.421680479877555,24.421680479877548,0.002442168047987755,0.0024421680479877472,0.11898236851382213,0.11762283805951412,0.0013595304543080056,6.640403671552726e-05,6.36938606354815e-06,0.8644217153064826,-8.034693517400271e-06,0.8644280846925462,0.487048287604111,0.005803555758802577,0.00012581232370545425,1.8871848555818138,0.0,7.874361085792391e-09,0.0,0.005581223645395854,-0.005558216943801734
0.09420000000000064,1.9993429144471442,2.0506081173816924,0.05126520293454817,1.0256410256410287,1.0259173073411807,0.11124892037259229,2.377476982999118,25.632601467274768,25.63260146727478,0.002563260146727478,0.002563260146727409,0.12023337960426392,0.1188738491499559,0.0013595304543080194,6.96966046356334e-05,6.437747275153976e-06,0.8644211682857788,-8.581714221245207e-06,0.8644276060330539,0.4870544784249178,0.006425589420728683,0.00013200314451222717,1.9800471676834075,0.0,7.880105683862336e-09,0.0,0.0056976780319484875,-0.0056809681896003725
0.09520000000000067,2.093325639897503,2.1470006563051327,0.05367501640762962,1.0256410256410262,1.02591730734118,0.11363941830335333,2.4037201859687864,26.837508203815432,26.837508203815425,0.0026837508203815426,0.002683750820381481,0.12154553975274732,0.12018600929843933,0.0013595304543079917,7.297281944150524e-05,6.509430565434482e-06,0.8644209804725423,-8.769527457652693e-06,0.8644274899031078,0.48706082531177175,0.006111843623352025,0.00013835003136619672,2.075250470492951,0.0,7.885917717556264e-09,0.0,0.005815429712246075,-0.005804985363287506
0.0962000000000007,2.1731522443357854,2.2288740967546556,0.05572185241887029,1.0256410256410275,1.0259173073411798,0.11605673862107303,2.431091431968951,27.860926209435238,27.86092620943523,0.002786092620943523,0.0027860926209435145,0.12291410205275555,0.12155457159844757,0.0013595304543079778,7.575555533388765e-05,6.584130253794102e-06,0.8644212183616455,-8.531638354458693e-06,0.8644278024918993,0.4870664039469308,0.004908010199160891,0.00014392866652523928,2.158929997878589,0.0,7.891823266064873e-09,0.0,0.005934994426892407,-0.00592987174132176
0.09720000000000073,2.2271973203644158,2.2843049439635035,0.05710762359908772,1.0256410256410258,1.02591730734118,0.11850189220980077,2.459331502301467,28.553811799544267,28.55381179954426,0.002855381179954426,0.002855381179954386,0.12432610556938134,0.12296657511507335,0.0013595304543079917,7.763955345601974e-05,6.661101371795281e-06,0.864421863871557,-7.88612844304648e-06,0.8644285249729288,0.4870704018956543,0.0029894073310857937,0.00014792661524876127,2.218899228731419,0.0,7.89784557505695e-09,0.0,0.006056810225642226,-0.006055290362353331
0.09820000000000076,2.2475901084584304,2.305220624059929,0.057630515601498455,1.0256410256410258,1.0259173073411798,0.12097556344868744,2.4880546485633874,28.815257800748917,28.81525780074891,0.002881525780074891,0.002881525780074923,0.12576226288247735,0.12440273242816938,0.0013595304543079778,7.835044105778712e-05,6.7392681553373256e-06,0.8644228019920475,-6.948007952534141e-06,0.8644295412602028,0.4870722369237118,0.0006354473944583632,0.00014976164330626762,2.2464246495940143,0.0,3.346555707509177e-08,6.938893903907228e-18,0.00618117367279425,-0.00618101309999859
0.09920000000000079,2.231360741148379,2.2885751191265427,0.05721437797816353,1.0256410256410255,1.025917307341181,0.12347801054363225,2.516804770441204,28.60718898908097,28.60718898908097,0.002860718898908097,0.002860718898908177,0.12719976897636825,0.12584023852206022,0.0013595304543080333,7.778468928580466e-05,6.817380711679971e-06,0.8644238436343793,-5.906365620700349e-06,0.864430661015091,0.4870716417900396,-0.0018110547759469687,0.00014916650963403555,2.2374976445105332,0.0,5.688407482163988e-08,0.0,0.006308196657571462,-0.006306953885624474
0.10020000000000082,2.1808727544136977,2.2367925686294323,0.055919814215734664,1.025641025641025,1.025917307341181,0.1260090279239253,2.545121839081329,27.959907107867334,27.95990710786735,0.002795990710786735,0.0027959907107867332,0.12861562240837449,0.12725609195406645,0.0013595304543080333,7.602469042553451e-05,6.894197045384011e-06,0.8644247769316681,-4.973068331914909e-06,0.8644316711287134,0.4870687031659206,-0.003993807124240337,0.00014622788551504895,2.1934182827257342,0.0,7.916736755020674e-09,6.938893903907228e-18,0.0064377900993329105,-0.006433181242800945
0.10120000000000084,2.103478878175968,2.1574142340266342,0.05393535585066633,1.0256410256410258,1.0259173073411798,0.1285679761801841,2.5726088925857935,26.967677925332804,26.967677925332797,0.00269676779253328,0.002696767792533317,0.12998997508359766,0.1286304446292897,0.0013595304543079778,7.33267588430139e-05,6.968663934139278e-06,0.8644254261797826,-4.323820217422281e-06,0.8644323948437167,0.4870638490127611,-0.005594928342544678,0.00014137373235556527,2.120605985333479,0.0,7.923302855451895e-09,0.0,0.006569676920679524,-0.006559908307988828
0.10220000000000087,2.010450234303518,2.0620002403113,0.051550006007782034,1.0256410256410253,1.0259173073411805,0.1311538751836243,2.598989846861501,25.77500300389124,25.77500300389124,0.002577500300389124,0.002577500300389102,0.13130902279738305,0.12994949234307504,0.0013595304543080056,7.008380308728187e-05,7.040070312946823e-06,0.8644256940696411,-4.0559303589038365e-06,0.864432734139954,0.4870577862566735,-0.0063812419574892434,0.00013531097626795496,2.0296646440193244,0.0,3.3575563688539926e-08,0.0,0.006703432399138072,-0.006687461790782915
0.1032000000000009,1.9153348864864295,1.9644460374219748,0.0491111509355453,1.0256410256410236,1.0259173073411798,0.13376554682540168,2.624149702641268,24.555575467772307,24.555575467772304,0.0024555575467772304,0.002455557546777265,0.13256701558637138,0.1312074851320634,0.0013595304543079778,6.676810534308065e-05,7.108150828818901e-06,0.8644255717178656,-4.178282134392752e-06,0.8644326798686944,0.4870513978365287,-0.006238234575853265,0.0001289225561231233,1.9338383418468497,0.0,7.936738116490346e-09,0.0,0.006838546020876054,-0.006816234394131285
0.10420000000000093,1.8319847916720142,1.8789587606892457,0.0469739690172315,1.0256410256410258,1.0259173073411798,0.13640178658843108,2.64815129319833,23.486984508615983,23.486984508615983,0.0023486984508615982,0.0023486984508615753,0.1337670951142245,0.13240756465991652,0.0013595304543079778,6.38625414385854e-05,7.173124484989097e-06,0.8644251173593028,-4.632640697166401e-06,0.8644322904837878,0.48704561411870007,-0.005186732840187389,0.000123138838294512,1.84708257441768,0.0,5.6768775356484815e-08,0.0,0.006974495828489929,-0.006946627623728966
0.10520000000000096,1.7725384946387646,1.8179881996295,0.04544970499073542,1.0256410256410244,1.0259173073411798,0.139061538965121,2.671226133730112,22.724852495367983,22.72485249536798,0.002272485249536798,0.002272485249536771,0.1349208371408136,0.13356130668650562,0.0013595304543079778,6.179025807414532e-05,7.235662746754146e-06,0.8644244194910815,-5.330508918488519e-06,0.8644316551538282,0.48704127740478476,-0.0033798703752822823,0.00011880212437920257,1.7820318656880385,0.0,7.950410099136308e-09,0.0,0.007110824435356689,-0.007078993315439814
0.10620000000000099,1.745653352294707,1.7904136946612403,0.04476034236653326,1.0256410256410269,1.0259173073411798,0.14174405117436895,2.693740705045998,22.380171183266913,22.380171183266913,0.0022380171183266915,0.002238017118326663,0.1360465657066079,0.1346870352522999,0.0013595304543079778,6.0853048592476866e-05,7.2967917537958436e-06,0.8644235657632394,-6.184236760575779e-06,0.8644308625549932,0.48703901926449067,-0.0010807864393167482,0.00011654398408511568,1.7481597612767352,0.0,7.95728090744605e-09,0.0,0.0072472056363319225,-0.00721358239629799
0.10720000000000102,1.7552447347446432,1.800251009994505,0.04500627524986189,1.025641025641025,1.0259173073411798,0.14444898279151328,2.716143081775172,22.503137624931167,22.503137624931167,0.0022503137624931167,0.0022503137624930946,0.1371666845430666,0.13580715408875862,0.0013595304543079778,6.118740183709559e-05,7.357742880122251e-06,0.8644226323744909,-7.117625509089898e-06,0.864429990117371,0.48703916855809104,0.0013756959022603872,0.00011669327768548676,1.7503991652823014,0.0,7.964159063008207e-09,0.0,0.007383491914062279,-0.0073505083411906855
0.10820000000000105,1.7999158173126464,1.8460675049360433,0.04615168762339694,1.0256410256410233,1.0259173073411805,0.14717645532547632,2.738897677802397,23.07584381169829,23.07584381169829,0.0023075843811698293,0.002307584381169847,0.13830441434442786,0.13694488389011986,0.0013595304543080056,6.274462484176686e-05,7.419773405070206e-06,0.8644216943047167,-8.055695283282205e-06,0.8644291140781217,0.48704170354344034,0.003631831147915904,0.0001192282630347874,1.788423945521811,0.0,7.971045939388866e-09,0.0,0.007519735922414061,-0.007489730647143823
0.10920000000000107,1.8731610046870961,1.9211907740380438,0.048029769350947715,1.0256410256410238,1.0259173073411798,0.14992703452301867,2.762417612165824,24.01488467547334,24.014884675473333,0.0024014884675473335,0.002401488467547386,0.13948041106259917,0.1381208806082912,0.0013595304543079778,6.52979341461456e-05,7.483983411632599e-06,0.8644208429211847,-8.90707881529007e-06,0.8644283269045964,0.48704625504235677,0.0053590509992789215,0.00012377976195121487,1.856696429268223,0.0,7.977951715238521e-09,0.0,0.00765618281831687,-0.007631060731903863
0.1102000000000011,1.964313362020076,2.0146803713026413,0.050367009282565434,1.0256410256410253,1.0259173073411798,0.1527016479771953,2.787004545190889,25.183504641282845,25.18350464128284,0.0025183504641282843,0.0025183504641282718,0.14070975771385244,0.13935022725954446,0.0013595304543079778,6.847548301202634e-05,7.551155577802764e-06,0.8644201923822562,-9.557617743793934e-06,0.864427743537834,0.4870521602052468,0.006305814828847872,0.0001296849248412224,1.945273872618336,0.0,7.984895476708169e-09,0.0,0.007793234558761209,-0.007774189397785803
0.11120000000000113,2.0600980752877307,2.112921102859215,0.05282302757148427,1.0256410256410275,1.0259173073411798,0.15550145003896212,2.812804746719196,26.411513785741764,26.41151378574176,0.0026411513785741763,0.0026411513785742136,0.1419997677902678,0.14064023733595982,0.0013595304543079778,7.18145146722882e-05,7.621641192641279e-06,0.8644198628423794,-9.887157620624976e-06,0.864427484483572,0.48705855904404605,0.006334242357208463,0.00013608376364049324,2.0412564546073986,0.0,5.6595404830033136e-08,0.0,0.007931391362494624,-0.007918731861137685
0.11220000000000116,2.146565705644364,2.2016058519429356,0.05504014629857146,1.0256410256410247,1.0259173073411798,0.1583276537052949,2.839787794358828,27.52007314928632,27.520073149286333,0.0027520073149286334,0.002752007314928573,0.14334892017224937,0.1419893897179414,0.0013595304543079778,7.482875510230261e-05,7.695308996915953e-06,0.86441994299958,-9.80700041997018e-06,0.8644276383085769,0.48706451967507636,0.005440193604174023,0.00014204439467080388,2.130665920062058,0.0,7.998999253080976e-09,0.0,0.008071178861539945,-0.008064283789634256
0.11320000000000119,2.211123691444049,2.267819170711846,0.056695479267796944,1.025641025641026,1.0259173073411805,0.1611813539665004,2.8677510039985634,28.347739633898097,28.34773963389808,0.002834773963389808,0.0028347739633898476,0.1447470806542362,0.1433875501999282,0.0013595304543080056,7.707923068627116e-05,7.77156429881673e-06,0.8644204486404501,-9.301359549906962e-06,0.8644282202047489,0.48706917403229444,0.003753871805631959,0.00014669875188888515,2.2004812783332772,0.0,3.389840717276453e-08,0.0,0.00821307155169679,-0.008210480186506578
0.11420000000000122,2.2443702439284285,2.3019181989009545,0.05754795497252596,1.0256410256410267,1.0259173073411798,0.1640633683392245,2.89634894735547,28.773977486263036,28.773977486263036,0.0028773977486263036,0.0028773977486262984,0.1461769778220815,0.14481744736777352,0.0013595304543079778,7.823819736827928e-05,7.849435580861296e-06,0.8644212992387107,-8.450761289302555e-06,0.8644291486742915,0.48707184428656414,0.001520861491673056,0.00014936900615858395,2.2405350923787593,0.0,8.01355998283434e-09,0.0,0.008357423690178348,-0.008357048546206045
0.11520000000000125,2.2414635601530897,2.2989369847723973,0.0574734246193076,1.0256410256410247,1.0259173073411798,0.1669741178088524,2.925143757819445,28.73671230965347,28.736712309653466,0.0028736712309653466,0.00287367123096538,0.14761671834528023,0.14625718789097225,0.0013595304543079778,7.813687108342016e-05,7.927715985145877e-06,0.8644223278606656,-7.422139334356537e-06,0.8644302555766508,0.4870721415601153,-0.0009336367875823486,0.0001496662797097481,2.2449941956462216,0.0,8.021055832481977e-09,0.0,0.008504417703984907,-0.008503848540270894
0.11620000000000127,2.2028269504265063,2.2593096927451315,0.056482742318625156,1.0256410256410242,1.0259173073411798,0.169913565520046,2.9536688983905983,28.24137115931424,28.241371159314237,0.0028241371159314238,0.002824137115931258,0.1490429753738379,0.14768344491952992,0.0013595304543079778,7.679000832451141e-05,8.005139071983749e-06,0.8644233239576119,-6.426042388096853e-06,0.8644313290966839,0.4870700225600687,-0.0032521664751211914,0.00014754727966315162,2.2132091949472743,0.0,3.399365222085978e-08,6.938893903907228e-18,0.008654037622469933,-0.008650892453813844
0.1172000000000013,2.1340871901809333,2.1888073745445467,0.05472018436361337,1.0256410256410255,1.0259173073411798,0.17288122214411278,2.981497104977761,27.36009218180699,27.360092181806984,0.0027360092181806985,0.0027360092181806686,0.15043438570319603,0.14907485524888806,0.0013595304543079778,7.439375710758915e-05,8.080563255629741e-06,0.8644240924392206,-5.6575607794151495e-06,0.8644321730024762,0.487065795883316,-0.005097072566508237,0.00014332060291044613,2.149809043656692,0.0,3.402663188088053e-08,0.0,0.00880607140320001,-0.008798343396399063
0.11820000000000133,2.045255074326069,2.097697512129303,0.05244243780323421,1.0256410256410264,1.0259173073411798,0.1758762171415386,3.00830261025478,26.22121890161721,26.22121890161721,0.002622121890161721,0.0026221218901617107,0.151774660967047,0.15041513051273903,0.0013595304543079778,7.129709129161804e-05,8.15313805711682e-06,0.864424504477339,-5.245522661012636e-06,0.8644326576153961,0.48706007707454535,-0.006199675404198853,0.00013760179413979667,2.06402691209695,0.0,8.044400622624144e-09,0.0,0.008960141812385672,-0.0089464915478646
0.11920000000000136,1.9492675125945547,1.9992487308662092,0.04998121827165458,1.0256410256410253,1.0259173073411798,0.1788974255414891,3.033908586212536,24.990609135827235,24.99060913582722,0.002499060913582722,0.0024990609135827294,0.1530549597649348,0.15169542931062682,0.0013595304543079778,6.795098838375136e-05,8.222427962265485e-06,0.8644245200722482,-5.229927751759789e-06,0.8644327425002105,0.48705369898246864,-0.006399399367496286,0.00013122370206308798,1.9683555309463197,0.0,8.05241298881652e-09,0.0,0.009115761362665351,-0.009095711898488587
0.12020000000000139,1.8601034853729659,1.907798446536374,0.0476949611634081,1.0256410256410249,1.0259173073411798,0.1819436317749685,3.058312896193904,23.8474805817038,23.8474805817038,0.00238474805817038,0.002384748058170405,0.1542751752640032,0.15291564480969522,0.0013595304543079778,6.484275221876716e-05,8.288475847021863e-06,0.8644241769593484,-5.573040651629668e-06,0.8644324654351954,0.48704759046935275,-0.005667158019989488,0.0001251151889472002,1.876727834208003,0.0,8.060499935047291e-09,0.0,0.009272403307474227,-0.009246409637936267
0.12120000000000142,1.7907482393492158,1.8366648608709901,0.04591662152177434,1.0256410256410253,1.0259173073411798,0.18501370670208064,3.0816884060595964,22.958310760887368,22.95831076088736,0.0022958310760887364,0.002295831076088717,0.1554439507572878,0.15408442030297984,0.0013595304543079778,6.242504531772577e-05,8.35179673328747e-06,0.8644235569686667,-6.193031333312504e-06,0.8644319087654,0.4870426411377924,-0.004109590059874406,0.00012016585738683361,1.8024878608025041,0.0,8.068635222068546e-09,0.0,0.009429578352857298,-0.00939896114617303
0.12220000000000145,1.7513022039095103,1.7962073886251384,0.0449051847156281,1.0256410256410253,1.0259173073411798,0.188106772052337,3.1043578091691093,22.45259235781435,22.45259235781435,0.002245259235781435,0.002245259235781405,0.15657742091276344,0.15521789045845547,0.0013595304543079778,6.10499661771284e-05,8.413302784601295e-06,0.86442275053479,-6.999465209989175e-06,0.8644311638375746,0.4870395717749966,-0.0019535291781652706,0.00011709649459107352,1.7564474188661028,0.0,8.076798396430824e-09,0.0,0.00958690591493619,-0.00955365918002839
0.12320000000000147,1.7475100328473427,1.7923179824075282,0.04480794956018541,1.025641025641024,1.0259173073411805,0.19122232833003597,3.126746631496903,22.403974780092835,22.403974780092835,0.0022403974780092835,0.0022403974780092705,0.15769686202915317,0.15633733157484517,0.0013595304543080056,6.091777202212913e-05,8.474170464795691e-06,0.8644218377577859,-7.912242214080933e-06,0.8644303119282507,0.48703882938220777,0.0004870304699306307,0.0001163541018022185,1.7453115270332775,0.0,8.084976266314017e-09,0.0,0.009744169545573542,-0.009710670238069551
0.1242000000000015,1.7799239918292464,1.8255630685428157,0.04563907671356926,1.0256410256410249,1.0259173073411805,0.19436032755743832,3.1493212609015973,22.819538356785582,22.819538356785593,0.0022819538356785595,0.0022819538356784633,0.15882559349938788,0.15746606304507987,0.0013595304543080056,6.204771469829357e-05,8.535669205745034e-06,0.8644208920114452,-8.857988554766827e-06,0.864429427680651,0.48704052207646564,0.002856662254631853,0.0001180467960600895,1.7707019409013425,0.0,3.426666629769913e-08,0.0,0.00990134845441568,-0.009870010312876262
0.12520000000000153,1.8438235302606354,1.891101056677574,0.04727752641693872,1.0256410256410253,1.0259173073411805,0.19752118026191462,3.1725210255472938,23.638763208469374,23.638763208469374,0.0023638763208469376,0.0023638763208469363,0.1599855817316727,0.1586260512773647,0.0013595304543080056,6.427523696817504e-05,8.59897653587903e-06,0.8644199969999814,-9.753000018597469e-06,0.8644285959765173,0.4870444033451742,0.004810269006227077,0.00012192806476862827,1.8289209715294241,0.0,3.430142919428279e-08,0.0,0.010058620536656541,-0.010031542561991645
0.12620000000000156,1.9299027504382493,1.9793874363469208,0.0494846859086715,1.0256410256410249,1.0259173073411805,0.20070569568950497,3.1966942131169676,24.74234295433603,24.742342954336028,0.002474234295433603,0.0024742342954335752,0.1611942411101564,0.1598347106558484,0.0013595304543080056,6.727593751461661e-05,8.66500659289551e-06,0.8644192592067288,-1.0490793271200616e-05,0.8644279242133217,0.4870499079465386,0.0060633406362796405,0.0001274326661330205,1.9114899919953077,0.0,8.099390683461707e-09,0.0,0.010216336465580164,-0.010194997236735674
0.1272000000000016,2.025625655713015,2.0775647750902713,0.05193911937725648,1.0256410256410255,1.0259173073411798,0.2039149639517849,3.2220473485476195,25.9695596886284,25.969559688628397,0.00259695596886284,0.0025969559688628244,0.16246189788168897,0.161102367427381,0.0013595304543079778,7.061281456326694e-05,8.734276994922807e-06,0.8644188000915244,-1.0949908475610393e-05,0.8644275343685193,0.48705623422756655,0.006433388264702356,0.00013375894716100012,2.006384207415002,0.0,8.117920389519514e-09,0.0,0.010374968622869263,-0.010360010966583183
0.12820000000000162,2.1170518084573375,2.1713351881613683,0.05428337970403074,1.025641025641024,1.0259173073411798,0.2071501972693731,3.2486151171351403,27.141689852014792,27.141689852014792,0.0027141689852014793,0.0027141689852015374,0.16379028631106501,0.16243075585675704,0.0013595304543079778,7.379990787058192e-05,8.806833458116964e-06,0.86441872484816,-1.1025151840038383e-05,0.8644275316816181,0.4870624608713992,0.005866520666448042,0.00013998559099365204,2.0997838649047806,0.0,3.4407044348889244e-08,6.938893903907228e-18,0.010535042304125282,-0.010526179677994598
0.12920000000000165,2.1908665212611034,2.2470425859088246,0.05617606464772118,1.025641025641026,1.0259173073411805,0.2104125534323051,3.2762553132045764,28.08803232386057,28.088032323860563,0.0028088032323860565,0.002808803232386059,0.16517229611453685,0.16381276566022884,0.0013595304543080056,7.637307069176084e-05,8.882243138876432e-06,0.8644190798800179,-1.0670119982125748e-05,0.8644279621231568,0.4870676810716792,0.0044452926237281976,0.0001452057912736393,2.1780868691045896,0.0,8.124576619116141e-09,0.0,0.010697059218363633,-0.010693117440958067
0.13020000000000168,2.236319918081653,2.2936614544427205,0.057341536361067647,1.0256410256410255,1.0259173073411798,0.21370296718731213,3.3046695499867402,28.670768180533948,28.670768180533962,0.0028670768180533964,0.0028670768180533825,0.166593007953645,0.16523347749933703,0.0013595304543079778,7.795756497963428e-05,8.959657670267512e-06,0.8644198204574778,-9.929542522213453e-06,0.864428780115148,0.48707113459370566,0.0023766822031221213,0.0001486593133001035,2.2298896995015527,0.0,5.60817140387616e-08,0.0,0.010861424422501135,-0.010860512673229884
0.1312000000000017,2.246792473558634,2.3044025369832166,0.057610063424582414,1.0256410256410267,1.0259173073411798,0.2170220141076225,3.3334467146544884,28.805031712291186,28.805031712291186,0.0028805031712291185,0.0028805031712291207,0.16803186618703242,0.16667233573272444,0.0013595304543079778,7.832263570034352e-05,9.03793671246168e-06,0.8644208076285532,-8.942371446774011e-06,0.8644298455652657,0.4870723184898771,-3.805213408156704e-05,0.00014984320947153407,2.247648142073011,0.0,5.6052916980648046e-08,0.0,0.011028387331603415,-0.011028173517067254
0.13220000000000173,2.2207590359346603,2.277701575317599,0.056942539382938584,1.025641025641025,1.0259173073411798,0.22036982677036887,3.362122840020156,28.471269691468226,28.47126969146821,0.002847126969146821,0.0028471269691469295,0.1694656724553158,0.16810614200100782,0.0013595304543079778,7.741511643710036e-05,9.115814024131477e-06,0.8644218402233586,-7.909776641445987e-06,0.8644309560373827,0.4870710603455825,-0.002447244781078662,0.0001485850651769538,2.228775977654307,0.0,8.161213318269703e-09,0.0,0.011198005395761303,-0.011196055780092617
0.13320000000000176,2.162010939775194,2.2174471177181507,0.05543617794295663,1.025641025641027,1.0259173073411798,0.22374607544895622,3.3902486735843094,27.718088971478046,27.718088971478043,0.0027718088971478046,0.002771808897147832,0.17087196413352346,0.16951243367921548,0.0013595304543079778,7.536717218397868e-05,9.192081869288109e-06,0.864422710685564,-7.0393144360192395e-06,0.8644319027674333,0.48706754338849545,-0.004500037190400072,0.00014506810808989634,2.176021621348445,0.0,8.170325927638069e-09,0.0,0.011370135733450292,-0.01136426937117098
0.1342000000000018,2.0791038615408652,2.1324142169649947,0.05331035542412943,1.025641025641028,1.025917307341181,0.22715001613222313,3.4174551036357252,26.65517771206492,26.655177712064916,0.0026655177712064915,0.0026655177712064716,0.1722322856360943,0.17087275518178627,0.0013595304543080333,7.247705172902172e-05,9.265766903793703e-06,0.8644232617055254,-6.4882944745825455e-06,0.8644325274724292,0.4870622798045279,-0.005897474543403249,0.00013980452412232225,2.0970678618348337,0.0,3.463265508982543e-08,0.0,0.011544455939833735,-0.011533062294022843
0.13520000000000182,1.9841118285696124,2.0349864908406294,0.050874662271017,1.0256410256410262,1.0259173073411805,0.2305805988772086,3.4435069141871435,25.43733113550884,25.43733113550884,0.002543733113550884,0.0025437331135508504,0.1735348761636652,0.1721753457093572,0.0013595304543080056,6.916565270996718e-05,9.336271926625845e-06,0.8644234205850789,-6.3294149210690875e-06,0.8644327568570056,0.48705603614652804,-0.006436043510383823,0.00013356086612248408,2.003412991837261,0.0,3.467235152945939e-08,0.0,0.011720511039628567,-0.011702784529635172
0.13620000000000185,1.8908688392232909,1.9393526556136298,0.04848381639033894,1.0256410256410247,1.0259173073411805,0.2340366207157591,3.4683370402413543,24.241908195169344,24.24190819516934,0.002424190819516934,0.002424190819516947,0.17477638246637572,0.17341685201206772,0.0013595304543080056,6.591522492378765e-05,9.403462852195693e-06,0.8644231998992243,-6.550100775659651e-06,0.8644326033620765,0.48704972169869637,-0.00603731055622411,0.00012724641829081618,1.9086962743622427,0.0,5.590859309025988e-08,0.0,0.011897779746634909,-0.011873837067392494
0.13720000000000188,1.8129541727529563,1.859440177182521,0.04648600442956474,1.0256410256410267,1.0259173073411805,0.23751690084668867,3.4920563346821076,23.243002214782532,23.243002214782532,0.0023243002214782533,0.0023243002214782373,0.1759623471884134,0.17460281673410538,0.0013595304543080056,6.319913872103282e-05,9.467688237660906e-06,0.8644226699298062,-7.0800701937878685e-06,0.8644321376180438,0.48704425605457424,-0.004759344469027011,0.00012178077416868938,1.8267116125303406,0.0,8.207946197306803e-09,6.938893903907228e-18,0.01207575038033885,-0.012046613507690125
0.1382000000000019,1.7617147948098535,1.8068869690357425,0.04517217422588904,1.025641025641023,1.025917307341181,0.24102045259968932,3.5149374244061793,22.586087112944156,22.586087112944156,0.002258608711294416,0.002258608711294452,0.177106401674617,0.17574687122030896,0.0013595304543080333,6.14129465475316e-05,9.5297285214084e-06,0.8644219213314173,-7.828668582732234e-06,0.8644314510599387,0.4870404351936495,-0.0027882596119860885,0.00011795991324392574,1.769398698658886,0.0,3.479333357770219e-08,0.0,0.012253995383606931,-0.012221442740630726
0.13920000000000193,1.7446128619891246,1.7893465251170497,0.04473366312792515,1.025641025641025,1.025917307341181,0.2445466271273288,3.5373750067808873,22.366831563962506,22.36683156396252,0.002236683156396252,0.0022366831563962577,0.1782282807933524,0.17686875033904437,0.0013595304543080333,6.081677735519063e-05,9.590682365271981e-06,0.864421038677783,-8.711322217025419e-06,0.8644306293601483,0.4870388155602806,-0.00041111148257852014,0.00011634027987506013,1.745104198125902,0.0,8.227111098976939e-09,6.938893903907228e-18,0.01243223358921851,-0.012398541048691713
0.14020000000000196,1.7641389838093926,1.8093733167275794,0.04523433291818679,1.025641025641024,1.025917307341181,0.24809520789880407,3.5598283685832355,22.617166459093895,22.61716645909389,0.0022617166459093893,0.00226171664590934,0.1793509488834698,0.17799141842916177,0.0013595304543080333,6.149745318240543e-05,9.651806652837531e-06,0.8644200961794127,-9.653820587263162e-06,0.8644297479860655,0.48703963302690306,0.0020259081130362976,0.00011715774649750932,1.7573661974626398,0.0,3.487468084414968e-08,0.0,0.012610371167158928,-0.01257798060880744
0.141200000000002,1.8174495072226238,1.8640507766385885,0.04660126941596476,1.0256410256410258,1.0259173073411805,0.25166644223401907,3.582754498574409,23.30063470798246,23.300634707982457,0.0023300634707982457,0.0023300634707982383,0.18049725538302847,0.17913772492872046,0.0013595304543080056,6.335584498038879e-05,9.714333445403361e-06,0.8644191716862712,-1.0578313728748512e-05,0.8644288860197167,0.48704276854316325,0.004167888097581731,0.00012029326275769803,1.8043989413654704,0.0,8.246355158771772e-09,0.0,0.012788515289386543,-0.012759678981009936
0.14220000000000202,1.896780647143158,1.9454160483519578,0.04863540120879972,1.025641025641026,1.025917307341181,0.2552610052855773,3.6065415347427483,24.317700604399505,24.317700604399516,0.002431770060439952,0.002431770060439986,0.18168660719144547,0.18032707673713744,0.0013595304543080333,6.612130910097803e-05,9.779290552893423e-06,0.8644183630096648,-1.138699033520485e-05,0.8644281423002177,0.48704776547361484,0.005702884975368778,0.00012529019320928203,1.8793528981392305,0.0,3.495642487299692e-08,6.938893903907228e-18,0.012966958522029592,-0.012943411114431331
0.14320000000000205,1.9905791517049742,2.041619642774334,0.05104049106935982,1.0256410256410264,1.0259173073411805,0.2588799017141103,3.631452238509191,25.520245534680253,25.520245534680253,0.0025520245534680253,0.002552024553467991,0.18293214237976757,0.18157261192545956,0.0013595304543080056,6.939110201150539e-05,9.84735185056336e-06,0.8644177886604277,-1.1961339572263974e-05,0.8644276360122783,0.48705389609902483,0.006407352175775401,0.00013142081861927668,1.9713122792891502,0.0,8.26574696633121e-09,0.0,0.01314613621802838,-0.013128842122194465
0.14420000000000208,2.0851848399366935,2.1386511178837853,0.0534662779470918,1.0256410256410242,1.0259173073411798,0.2625243193762829,3.6575857279302535,26.73313897354616,26.733138973546154,0.0026733138973546156,0.00267331389735459,0.18423881685082066,0.18287928639651269,0.0013595304543079778,7.26890331474734e-05,9.918739140364763e-06,0.8644175644857276,-1.2185514272400333e-05,0.864427483224868,0.4870602675964938,0.006178695864911483,0.0001377923160882366,2.066884741323549,0.0,8.275556960838702e-09,0.0,0.013326563115270994,-0.01331557605207773
0.1452000000000021,2.1668199782776107,2.2223794649001087,0.05555948662249799,1.0256410256410233,1.0259173073411798,0.26619545633336783,3.684863042815915,27.77974331124863,27.779743311248627,0.0027779743311248627,0.0027779743311248995,0.18560268259510374,0.18424315214079576,0.0013595304543079778,7.553481408914021e-05,9.993189849212913e-06,0.8644177630333046,-1.1986966695354262e-05,0.8644277562231538,0.4870659520641544,0.005050216017024652,0.00014347678374881934,2.15215175623229,0.0,5.563465695736609e-08,0.0,0.013508758373642266,-0.013503213550323568
0.14620000000000213,2.223595776648657,2.2806110529729815,0.05701527632432457,1.0256410256410255,1.0259173073411805,0.2698943463736923,3.7130386439609784,28.507638162163126,28.507638162163122,0.0028507638162163125,0.002850763816216229,0.18701146265235694,0.18565193219804893,0.0013595304543080056,7.751400452339456e-05,1.006999526836397e-05,0.8644183749006863,-1.1375099313704062e-05,0.8644284448959546,0.4870701216545336,0.0031862568292074793,0.00014764637412806314,2.214695611920947,0.0,8.29554644885173e-09,6.938893903907228e-18,0.01369316996808401,-0.013691410020822888
0.14720000000000216,2.2472437915499452,2.304865427230712,0.057621635680766836,1.025641025641025,1.0259173073411798,0.2736217084586899,3.741736171819205,28.810817840383216,28.810817840383212,0.0028810817840383214,0.002881081784038342,0.18844633904526825,0.18708680859096027,0.0013595304543079778,7.83383685351198e-05,1.0148103764977828e-05,0.8644192934632394,-1.0456536760572455e-05,0.8644294415670044,0.4870721691366688,0.0008582727404926884,0.00014969385626323328,2.2454078439484992,0.0,3.516714334326685e-08,0.0,0.013880109448550762,-0.013879925809764512
0.1482000000000022,2.234320086255681,2.291610344877624,0.057290258621943035,1.0256410256410267,1.0259173073411805,0.27737784201821686,3.770503256967818,28.64512931097111,28.645129310971093,0.0028645129310971096,0.002864512931097152,0.18988469330269891,0.1885251628483909,0.0013595304543080056,7.78878513318735e-05,1.0226273934827358e-05,0.864420334546289,-9.415453711025812e-06,0.8644305608202238,0.4870717963291179,-0.0015947043610049522,0.00014932104871234753,2.239815730685213,0.0,8.316168832581972e-09,0.0,0.014069706567980261,-0.01406866110719633
0.14920000000000222,2.186706782456026,2.242776187134383,0.056069404678357415,1.0256410256410247,1.0259173073411798,0.2811625833436161,3.798877400136404,28.034702339178747,28.034702339178747,0.002803470233917875,0.002803470233917871,0.1913034004611282,0.18994387000682023,0.0013595304543079778,7.622806321513215e-05,1.0303255392029359e-05,0.8644212858502668,-8.464149733211634e-06,0.8644315891056588,0.48706905752509055,-0.003815439453661998,0.0001465822446850007,2.1987336702750104,0.0,3.525593842236548e-08,0.0,0.014261890385954419,-0.014257670482670718
0.15020000000000225,2.1113379606640947,2.1654748314503527,0.05413687078625795,1.0256410256410253,1.0259173073411798,0.284975329429147,3.826453327477581,27.068435393129498,27.068435393129498,0.0027068435393129498,0.0027068435393128977,0.19268219682818705,0.19132266637387907,0.0013595304543079778,7.360072453465455e-05,1.0377970866801139e-05,0.8644219662432064,-7.783756793555696e-06,0.8644323442140732,0.4870643515855423,-0.005480519678821741,0.00014187630513673444,2.1281445770510166,0.0,8.33746218204948e-09,0.0,0.014456399599985608,-0.014447154938101236
0.15120000000000228,2.019189827515144,2.0709639256565575,0.05177409814141365,1.0256410256410255,1.025917307341181,0.28881512578967544,3.8529420119123556,25.887049070706983,25.887049070706983,0.0025887049070706983,0.0025887049070706827,0.19400663104992583,0.1926471005956178,0.0013595304543080333,7.038846316752452e-05,1.0449673091754135e-05,0.8644222703583028,-7.479641697227812e-06,0.8644327200313945,0.48705836385175844,-0.006347454004873708,0.00013588857135288235,2.038328570293235,0.0,3.534739271844085e-08,0.0,0.014652820599849063,-0.014637432635199243
0.1522000000000023,1.923682215063116,1.9730074000647364,0.04932518500162031,1.0256410256410267,1.025917307341181,0.29268080546544806,3.878212765080451,24.662592500810362,24.66259250081036,0.002466259250081036,0.0024662592500810155,0.19527016870833058,0.19391063825402255,0.0013595304543080333,6.70590911740019e-05,1.0518053628864702e-05,0.8644221817750088,-7.568224991150174e-06,0.8644326998286377,0.48705196633686876,-0.006289987982452165,0.00012949105646320458,1.9423658469480687,0.0,3.539389021912551e-08,0.0,0.014850647702985012,-0.014828892560549173
0.15320000000000233,1.8387242070677643,1.885870981607958,0.04714677454019367,1.0256410256410227,1.0259173073411805,0.29657115897023323,3.902312269908291,23.573387270096838,23.573387270096852,0.002357338727009685,0.002357338727009684,0.19647514394972257,0.19511561349541456,0.0013595304543080056,6.409747580977954e-05,1.058328778829966e-05,0.8644217540786984,-7.995921301628961e-06,0.8644323373664866,0.4870460907317443,-0.0053164905881317665,0.0001236154513387655,1.8542317700814825,0.0,8.370366230695059e-09,0.0,0.015049356798693066,-0.015021937876228254
0.15420000000000236,1.7766885139194875,1.8222446296610102,0.04555611574152274,1.0256410256410242,1.0259173073411805,0.3004851104327286,3.9254577820203487,22.778057870761494,22.778057870761494,0.0022778057870761494,0.0022778057870761373,0.19763241955532546,0.19627288910101745,0.0013595304543080056,6.193492673053219e-05,1.064600909741972e-05,0.8644210745312167,-8.675468783247986e-06,0.8644317205403141,0.48704159271983016,-0.003568735421328796,0.00011911743942460973,1.786761591369146,0.0,3.5487837967477556e-08,0.0,0.015248481676075497,-0.015216927206003967
0.1552000000000024,1.7466095947166194,1.7913944561196105,0.044784861402991094,1.0256410256410262,1.0259173073411805,0.3044218742791899,3.9480054900946713,22.392430701495275,22.39243070149527,0.0022392430701495274,0.0022392430701495547,0.19875980495904158,0.19740027450473357,0.0013595304543080056,6.088638296943699e-05,1.0707217038127282e-05,0.8644202316552235,-9.518344776471288e-06,0.8644309388722616,0.48703912736118515,-0.0013012537527470635,0.0001166520807796001,1.7497812116940015,0.0,8.392640192367415e-09,0.0,0.015447681919843186,-0.015414122407791024
0.15620000000000242,1.7528679396730529,1.7978132714595418,0.04494533178648896,1.025641025641026,1.0259173073411805,0.3083810696390822,3.9703986429472784,22.472665893244173,22.472665893244173,0.0022472665893244173,0.002247266589324448,0.19987946260167194,0.19851993214736394,0.0013595304543080056,6.110454734283184e-05,1.0768131489066086e-05,0.8644193025153879,-1.0447484612097213e-05,0.8644300706468769,0.4870390536939657,0.0011557336925889215,0.0001165784135601644,1.748676203402466,0.0,5.528689206636242e-08,0.0,0.01564679248609766,-0.015613650438434398
0.15720000000000245,1.7945521251647167,1.8405662822202236,0.04601415705550682,1.0256410256410264,1.0259173073411805,0.3123627758124867,3.9931029977666075,23.00707852775362,23.00707852775362,0.002300707852775362,0.002300707852775341,0.2010146803426384,0.19965514988833039,0.0013595304543080056,6.255764784618943e-05,1.0830015070730001e-05,0.8644183614515669,-1.1388548433077794e-05,0.8644291914666377,0.48704138244653317,0.0034444078527749718,0.0001189071661276131,1.7836074919141964,0.0,8.415027441308288e-09,0.0,0.015845847738207425,-0.0158154848645737
0.15820000000000248,1.8655915474219409,1.9134272281250662,0.04783568070312527,1.0256410256410249,1.0259173073411787,0.31636752072136587,4.016538990381649,23.917840351562813,23.917840351562806,0.0023917840351562808,0.002391784035156264,0.2021864799733904,0.20082694951908248,0.0013595304543079223,6.503406471838023e-05,1.0893989265941231e-05,0.8644174977901655,-1.2252209834473504e-05,0.8644283917794314,0.4870457744750561,0.005231461681218434,0.00012329919465053907,1.849487919758086,0.0,8.426270321761968e-09,0.0,0.01604507644235619,-0.01601944971222146
0.1592000000000025,1.9556405042997482,2.00578513261512,0.05014462831537192,1.0256410256410224,1.0259173073411805,0.3203962040265674,4.0410205058276665,25.072314157686588,25.07231415768658,0.002507231415768658,0.002507231415768596,0.20341055574569133,0.20205102529138333,0.0013595304543080056,6.817314931445093e-05,1.0960871094667126e-05,0.8644168239353968,-1.2926064603235865e-05,0.8644277848064914,0.4870515901541313,0.006256640733672993,0.00012911487372574415,1.9367231058861623,0.0,8.43756974565224e-09,0.0,0.016244868451577986,-0.016225245094428433
0.16020000000000253,2.0515848735624953,2.1041896139102527,0.05260474034775742,1.0256410256410262,1.0259173073411805,0.3244499661072888,4.06670916625091,26.302370173878884,26.30237017387888,0.002630237017387888,0.002630237017387871,0.20469498876685352,0.20333545831254551,0.0013595304543080056,7.151774654367074e-05,1.1031054128753776e-05,0.864416460818068,-1.3289181931996907e-05,0.8644274918721968,0.4870579825275116,0.0063706448669329195,0.000135507247106037,2.032608706590555,0.0,3.577362440246684e-08,0.0,0.01644571793019174,-0.016432490884795436
0.16120000000000256,2.139451965111892,2.194309707807067,0.05485774269517485,1.0256410256410247,1.0259173073411814,0.3285300219839488,4.093590793352827,27.428871347587656,27.428871347587652,0.002742887134758765,0.0027428871347587426,0.2060390701219494,0.20467953966764135,0.001359530454308061,7.458077184859316e-05,1.1104451174786492e-05,0.8644165018002309,-1.3248199769111402e-05,0.8644276062514057,0.48706402065309834,0.005556871301884397,0.00014154537269278622,2.1231805903917933,0.0,3.582233334404258e-08,0.0,0.016648151387045514,-0.016640782076516272
0.1622000000000026,2.2064454092249317,2.2630209325383883,0.05657552331345661,1.0256410256410242,1.025917307341181,0.3326374843708173,4.121477473224213,28.287761656728744,28.287761656728737,0.0028287761656728737,0.0028287761656728308,0.2074334041155187,0.20607387366121066,0.0013595304543080333,7.691614691288096e-05,1.1180506972356444e-05,0.8644169706677696,-1.2779332230428153e-05,0.8644281511747419,0.4870688251790619,0.003933832538260266,0.0001463498986563616,2.195248479845424,0.0,5.508698887449739e-08,0.0,0.016852650998322994,-0.016849747764834257
0.16320000000000262,2.2428087334058766,2.3003166496470566,0.05750791624118001,1.0256410256410273,1.0259173073411798,0.3367732016278253,4.150034922860481,28.75395812059052,28.75395812059052,0.002875395812059052,0.002875395812059001,0.20886127659733206,0.20750174614302408,0.0013595304543079778,7.818376349346366e-05,1.1258279058443741e-05,0.8644177957762711,-1.1954223728904978e-05,0.8644290540553295,0.48707169640670456,0.001737896992512563,0.00014922112629900397,2.2383168944850595,0.0,8.483907889854557e-09,0.0,0.017059584386660928,-0.01705910516310574
0.16420000000000265,2.2432462291371857,2.300765363217628,0.0575191340804424,1.0256410256410264,1.0259173073411805,0.34093763421115725,4.178831172883036,28.759567040221636,28.75956704022165,0.002875956704022165,0.0028759567040221204,0.2103010890984598,0.2089415586441518,0.0013595304543080056,7.819901448759964e-05,1.1336575021372871e-05,0.8644188166834994,-1.0933316500594259e-05,0.8644301532585208,0.4870722161898498,-0.000711134103745848,0.00014974090944425145,2.2461136416637717,0.0,3.5972491880659176e-08,6.938893903907228e-18,0.017269151083072552,-0.01726870078593592
0.16520000000000268,2.207694183000153,2.2643017261540006,0.05660754315384775,1.0256410256410247,1.0259173073411805,0.34513078761552723,4.20739947664377,28.30377157692346,28.30377157692346,0.002830377157692346,0.0028303771576923876,0.21172950428649653,0.21036997383218853,0.0013595304543080056,7.695967886138695e-05,1.141412615559938e-05,0.8644198244363457,-9.925563654311631e-06,0.8644312385625013,0.48707030883082325,-0.003056600396650956,0.00014783355041769752,2.217503256265463,0.0,8.508082939093964e-09,0.0,0.017481353468600656,-0.017478532801753426
0.1662000000000027,2.141330155416843,2.196236056837791,0.05490590142094831,1.0256410256410273,1.0259173073411798,0.34935221157397256,4.235306284055489,27.45295071047434,27.45295071047434,0.002745295071047434,0.002745295071047416,0.21312484465708242,0.21176531420277445,0.0013595304543079778,7.464624510293213e-05,1.1489772227419606e-05,0.8644206201468537,-9.12985314627246e-06,0.8644321099190811,0.48706625210454824,-0.004956924016001619,0.0001437768241426829,2.1566523621402434,0.0,5.495269371078521e-08,6.938893903907228e-18,0.0176959964275614,-0.017688751299545825
0.16720000000000274,2.0538189556401627,2.1064809801437603,0.05266202450359758,1.0256410256410273,1.0259173073411814,0.35360106563169985,4.262214380898238,26.331012251798445,26.33101225179844,0.002633101225179844,0.002633101225179879,0.21447024949921994,0.21311071904491188,0.001359530454308061,7.159562609830757e-05,1.1562630443569711e-05,0.8644210675279396,-8.682472060428381e-06,0.8644326301583831,0.48706063680527384,-0.006135354669311253,0.00013816152486828548,2.072422873024282,0.0,8.53296398386183e-09,0.0,0.01791271576287768,-0.017899636430910887
0.16820000000000276,1.957905124132241,2.008107819622811,0.05020269549056988,1.0256410256410253,1.025917307341181,0.3578762415442512,4.287931998419752,25.101347745285047,25.101347745285043,0.0025101347745285045,0.002510134774528494,0.21575613037529562,0.21439659992098759,0.0013595304543080333,6.825209340773769e-05,1.1632224015271846e-05,0.8644211185069013,-8.631493098709697e-06,0.8644327507309165,0.4870542807072885,-0.0064202736846183375,0.00013180542688295827,1.977081403244374,0.0,3.618309859240474e-08,0.0,0.018131031235284388,-0.01811155761066793
0.1692000000000028,1.867556903719647,1.9154429781739972,0.047886074454350114,1.0256410256410258,1.0259173073411805,0.3621765246747466,4.312440741239358,23.943037227174376,23.94303722717437,0.002394303722717437,0.002394303722717506,0.21698156751627592,0.21562203706196792,0.0013595304543080056,6.510257655824477e-05,1.169855159452571e-05,0.864420804950162,-8.945049837949526e-06,0.8644325035017566,0.48704810946978894,-0.005770187393327718,0.00012563418938338344,1.8845128407507516,0.0,8.558383442924671e-09,0.0,0.0183504165021335,-0.018324919717776965
0.17020000000000282,1.7959319990040745,1.8419815374400768,0.046049538436002235,1.0256410256410258,1.0259173073411805,0.36650077088539795,4.3358982663245795,23.024769218001083,23.024769218001083,0.0023024769218001084,0.002302476921800112,0.218154443770537,0.216794913316229,0.0013595304543080056,6.260574991058705e-05,1.1762087470415543e-05,0.8644202062793407,-9.54372065931075e-06,0.8644319683668111,0.48704302183012793,-0.004279769986113623,0.00012054654972237788,1.8081982458356682,0.0,3.6291551808499616e-08,0.0,0.018570375770383556,-0.018540104131500663
0.17120000000000285,1.7534613771580378,1.7984219252902947,0.044960548132256806,1.0256410256410253,1.0259173073411805,0.3708480731620093,4.358615322892501,22.480274066128725,22.48027406612872,0.0022480274066128724,0.0022480274066128403,0.21929029659893304,0.21793076614462503,0.0013595304543080056,6.112523442804337e-05,1.182371249684403e-05,0.8644194132676781,-1.033673232186949e-05,0.864431236980175,0.4870397587177717,-0.0021660758011474383,0.00011728343736616686,1.759251560492503,0.0,3.634616692012583e-08,0.0,0.018790516000549623,-0.018757413189904353
0.17220000000000288,1.7463301723114055,1.7911078690373397,0.044777696725934124,1.025641025641026,1.025917307341181,0.37521789370539566,4.381010496990179,22.388848362967195,22.388848362967206,0.0022388848362967207,0.0022388848362967064,0.22041005530381697,0.21905052484950893,0.0013595304543080333,6.0876642372613074e-05,1.1884585810912444e-05,0.8644185071187108,-1.1242881289175166e-05,0.8644303917045217,0.48703879535034245,0.00026307100563543475,0.0001163200699368927,1.7448010490533905,0.0,3.640094156659011e-08,0.0,0.019010604146318166,-0.01897702615938306
0.1732000000000029,1.7755769244931496,1.8211045379416917,0.04552761344854206,1.0256410256410255,1.0259173073411805,0.379610142252819,4.403549251447966,22.763806724271102,22.763806724271095,0.00227638067242711,0.002276380672427103,0.22153699302670635,0.22017746257239834,0.0013595304543080056,6.189617699522629e-05,1.1945976024017743e-05,0.8644175611971673,-1.2188802832713286e-05,0.8644295071731913,0.48704027202613365,0.0026539058931396016,0.00011779674572809373,1.766951185921406,0.0,8.6100101664894e-09,6.938893903907228e-18,0.019230601093836088,-0.01919897312751609
0.17420000000000294,1.8369423336905832,1.8840434191698325,0.047101085479249294,1.0256410256410275,1.025917307341181,0.384025189223238,4.426676139015564,23.550542739624976,23.550542739624976,0.0023550542739624977,0.0023550542739624648,0.22269333740508623,0.2213338069507782,0.0013595304543080333,6.403536013985939e-05,1.2009076469853493e-05,0.8644166575502564,-1.3092449743568046e-05,0.8644286666267262,0.48704397369202074,0.004658243814487594,0.00012149841161518404,1.8224761742277606,0.0,3.6510943450791716e-08,0.0,0.019450667357985407,-0.019423130621317276
0.17520000000000296,1.9214895556690648,1.9707585186349388,0.04926896296587402,1.025641025641026,1.025917307341181,0.388463811771985,4.450750060701969,24.634481482936934,24.63448148293693,0.0024634481482936933,0.002463448148293701,0.22389703348940648,0.22253750303509845,0.0013595304543080333,6.698265560431405e-05,1.2074831415350888e-05,0.8644159005421148,-1.3849457885184435e-05,0.8644279753735301,0.4870493612623499,0.005984186535850809,0.00012688598194432466,1.9032897291648698,0.0,8.625736877612527e-09,0.0,0.019671139706076955,-0.019649239589009056
0.176200000000003,2.0169057036451,2.068621234507795,0.05171553086269487,1.0256410256410255,1.025917307341181,0.392927080611107,4.475991997857437,25.857765431347794,25.857765431347794,0.0025857765431347795,0.0025857765431347435,0.2251591303471799,0.22379959989287188,0.0013595304543080333,7.030883916838045e-05,1.2143798544022977e-05,0.864415411255299,-1.4338744701025696e-05,0.8644275550538429,0.48705565012773755,0.006438632723210573,0.00013317484733199603,1.9976227099799404,0.0,8.649224967351286e-09,0.0,0.019892482113330962,-0.01987694312657587
0.17720000000000302,2.109295014019741,2.163379501558712,0.05408448753897099,1.025641025641027,1.025917307341181,0.3974162040780886,4.502452829943932,27.042243769485864,27.04224376948586,0.0027042243769485864,0.00270422437694855,0.22648217195150466,0.22512264149719663,0.0013595304543080333,7.352950791471129e-05,1.2216067738709908e-05,0.8644152980857249,-1.4451914275070976e-05,0.8644275141534636,0.48706192442028506,0.005955399915155454,0.00013944913987951058,2.0917370981926586,0.0,8.662490181134299e-09,0.0,0.020115218192657453,-0.02010583845485616
0.17820000000000305,2.185202531605479,2.2412333657492107,0.05603083414373167,1.0256410256410262,1.0259173073411798,0.4019323521617393,4.530005924796258,28.015417071865667,28.015417071865663,0.0028015417071865665,0.0028015417071865834,0.22785982669412091,0.22650029623981294,0.0013595304543079778,7.617562539876006e-05,1.2291247991655153e-05,0.8644156144209935,-1.4135579006535615e-05,0.8644279056689851,0.48706727039439723,0.004604862887882039,0.00014479511399168032,2.171926709875205,0.0,8.675904043299418e-09,0.0,0.0203398549392072,-0.02033553557758009
0.17920000000000308,2.2335735983741722,2.290844716281197,0.05727111790702466,1.0256410256410233,1.0259173073411798,0.4064764861129247,4.558365580478012,28.63555895351221,28.635558953512202,0.0028635558953512205,0.002863555895351233,0.22927780947820858,0.2279182790239006,0.0013595304543079778,7.786182894692177e-05,1.2368524348241639e-05,0.8644163244606176,-1.3425539382438956e-05,0.8644286929849658,0.4870709094985195,0.002583704746031787,0.00014843421811394641,2.226513271709196,0.0,8.689494442096675e-09,0.0,0.020566808895022007,-0.02056571407779244
0.1802000000000031,2.247363779215583,2.3049884915031655,0.05762471228758237,1.025641025641027,1.0259173073411805,0.4110492184544851,4.587128632984443,28.81235614379207,28.81235614379207,0.002881235614379207,0.0028812356143791185,0.23071596210353018,0.22935643164922218,0.0013595304543080056,7.834255127529832e-05,1.2446776591485045e-05,0.8644172969774988,-1.2453022501190958e-05,0.8644297437540903,0.48707231175812693,0.0001862733218221421,0.00014983647772137676,2.2475471658206514,0.0,8.703280890647842e-09,0.0,0.020796345486665976,-0.02079616978121313
0.18120000000000314,2.2245647658150625,2.281604888015453,0.05704012220039045,1.0256410256410275,1.025917307341181,0.4156507237775502,4.615833170327203,28.520061100194848,28.520061100194834,0.0028520061100194834,0.002852006110019523,0.23215118897066822,0.2307916585163602,0.0013595304543080333,7.754778324906529e-05,1.2524742382874412e-05,0.8644183343576122,-1.141564238782422e-05,0.8644308590999951,0.48707127295763214,-0.0022382856569318804,0.00014879767722658643,2.2319651583987965,0.0,8.71727182081509e-09,6.938893903907228e-18,0.02102854037029533,-0.021026844490798904
0.18220000000000316,2.1684968530349957,2.2240993364461494,0.0556024834111537,1.0256410256410255,1.025917307341181,0.42028071331527245,4.644025802277781,27.80124170557718,27.801241705577173,0.0027801241705577174,0.0027801241705576853,0.2335608205681971,0.23220129011388907,0.0013595304543080333,7.559326953247153e-05,1.260120110083045e-05,0.8644192271155646,-1.0522884435371083e-05,0.8644318283166654,0.48706794438095846,-0.0043368757935138835,0.00014546910055290851,2.1820365082936277,0.0,8.731463980431929e-09,0.0,0.021263268413609433,-0.021257834462165635
0.1832000000000032,2.08732539353107,2.1408465574677598,0.05352116393668993,1.0256410256410236,1.0259173073411805,0.424938476996887,4.671327689058476,26.76058196834527,26.76058196834527,0.0026760581968345272,0.002676058196834497,0.2349259149072318,0.2335663844529238,0.0013595304543080056,7.2763652321799e-05,1.2675151603788508e-05,0.8644198115003048,-9.938499695216763e-06,0.8644324866519085,0.4870628107795674,-0.005803872597107071,0.00014033549916186994,2.105032487428049,0.0,5.435994129464344e-08,0.0,0.021500221919276887,-0.021489376385568255
0.18420000000000322,1.9928716508704758,2.0439709239697192,0.05109927309924345,1.0256410256410258,1.0259173073411798,0.429622986857629,4.697489713008231,25.549636549621493,25.549636549621486,0.0025549636549621487,0.0025549636549621725,0.23623401610471956,0.23487448565041158,0.0013595304543079778,6.947101797153375e-05,1.2745958029692584e-05,0.8644200065910933,-9.743408906692785e-06,0.864432752549123,0.48705661977652287,-0.0064256325690409625,0.0001341444961173166,2.012167441759749,0.0,8.76038288073828e-09,0.0,0.021738955435899543,-0.021721812915928413
0.18520000000000325,1.8988912304546133,1.94758074918422,0.04868951872960681,1.0256410256410264,1.025917307341181,0.4343330467445842,4.7224287583945745,24.344759364803654,24.34475936480365,0.0024344759364803652,0.0024344759364803405,0.23748096837403676,0.23612143791972873,0.0013595304543080333,6.619488351838378e-05,1.2813442398644816e-05,0.864419818044716,-9.931955283981608e-06,0.8644326314871147,0.48705027298771525,-0.006111606797853021,0.00012779770730969586,1.916965609645438,0.0,3.715502554100406e-08,0.0,0.021978950630547917,-0.021955542770884167
0.18620000000000328,1.8190708060528138,1.865713647233658,0.04664284118084416,1.025641025641027,1.025917307341181,0.4390674665163241,4.746239815825288,23.32142059042151,23.321420590421507,0.0023321420590421507,0.0023321420590422083,0.23867152124557245,0.23731199079126442,0.0013595304543080333,6.341236306108347e-05,1.2877910532690775e-05,0.8644193124598624,-1.0437540137631096e-05,0.8644321903703951,0.4870446947166074,-0.004907527889528533,0.0001222194362018314,1.833291543027471,0.0,3.7217612737292885e-08,0.0,0.022219691775269702,-0.022190962664244997
0.1872000000000033,1.7650348850334332,1.8102921897778799,0.04525730474444667,1.0256410256410255,1.0259173073411814,0.4438252353670667,4.769182148455201,22.628652372223097,22.62865237222309,0.0022628652372223093,0.0022628652372223335,0.2398186378770681,0.23845910742276005,0.001359530454308061,6.152868408009111e-05,1.2940107517954031e-05,0.8644185800195503,-1.1169980449698969e-05,0.8644315201270683,0.48704069734492217,-0.0029887497776459712,0.00011822206451661543,1.7733309677492315,0.0,8.804676895515485e-09,0.0,0.02246074085422593,-0.022428409531271638
0.18820000000000334,1.7446528936554406,1.7893875832363497,0.04473468958090909,1.0256410256410258,1.0259173073411814,0.4486056690336012,4.791641534648834,22.367344790454233,22.367344790454233,0.0022367344790454233,0.0022367344790454546,0.24094160718674976,0.2395820767324417,0.001359530454308061,6.0818172849412544e-05,1.3001109195318892e-05,0.8644177063775142,-1.2043622485746752e-05,0.8644307074867096,0.4870388630228549,-0.0006347103588389494,0.00011638774244931982,1.7458161367397973,0.0,5.418103571170837e-08,0.0,0.022701801353358676,-0.022668111459700952
0.18920000000000337,1.760893127023544,1.8060442328446622,0.045151105821118254,1.0256410256410267,1.025917307341181,0.45340850944675715,4.814074085822827,22.575552910559345,22.57555291055933,0.0022575552910559333,0.002257555291055913,0.24206323474544938,0.24070370429114135,0.0013595304543080333,6.138430340939596e-05,1.3062165482224921e-05,0.8644167662914537,-1.2983708546299155e-05,0.864429828456936,0.48703945888865235,0.0018117639568460055,0.00011698360824680121,1.754754123702018,0.0,8.834524041274423e-09,0.0,0.022942761442694054,-0.022910154472589782
0.1902000000000034,1.8113904667016456,1.8578363761042511,0.04644590940260551,1.025641025641025,1.025917307341181,0.4582339623148493,4.836939821458342,23.222954701303134,23.222954701303134,0.0023222954701303134,0.0023222954701302757,0.24320652152722516,0.24184699107291713,0.0013595304543080333,6.314462831069102e-05,1.3124518343128805e-05,0.8644158365021953,-1.3913497804662889e-05,0.8644289610205385,0.4870423981644103,0.00399438517010678,0.00011992288400475282,1.7988432600712922,0.0,8.849517502375183e-09,6.938893903907228e-18,0.023183710262501787,-0.023154470000499888
0.19120000000000342,1.8887908206602355,1.9372213545233212,0.04843053386308571,1.025641025641027,1.025917307341181,0.4630826671657012,4.860635674970391,24.2152669315433,24.215266931543297,0.0024215266931543297,0.002421526693154286,0.2443913142028276,0.24303178374851955,0.0013595304543080333,6.584278570504788e-05,1.3189220918188533e-05,0.8644150126424855,-1.4737357514449378e-05,0.8644282018634037,0.4870472527938223,0.005595291070689836,0.0001247775134167739,1.8716627012516085,0.0,8.864574635949991e-09,6.938893903907228e-18,0.02342492494150542,-0.023400844867490066
0.19220000000000345,1.981822123667265,2.0326380755561733,0.050815951888908195,1.0256410256410275,1.0259173073411814,0.46795560421012566,4.8854376870066645,25.407975944454247,25.407975944454247,0.0025407975944454248,0.00254079759444541,0.2456314148046413,0.24427188435033323,0.001359530454308061,6.90858341575503e-05,1.3256984151045532e-05,0.8644144119482754,-1.5338051724600454e-05,0.8644276689324264,0.4870533157814181,0.006381336542639415,0.0001308405010125302,1.962607515187953,0.0,8.879720154699516e-09,0.0,0.02366683023772384,-0.023648952336622713
0.19320000000000348,2.076935924779921,2.1301906920819724,0.05325476730205159,1.0256410256410267,1.025917307341181,0.47285395159063676,4.911460804753501,26.627383651025376,26.627383651025376,0.0026627383651025376,0.0026627383651025797,0.2469325706919831,0.24557304023767507,0.0013595304543080333,7.240147798443126e-05,1.3328073251798243e-05,0.8644141520379892,-1.5597962010782673e-05,0.864427480111241,0.48705970415461075,0.0062380472432649395,0.00013722887420519747,2.058433113077962,0.0,8.894986536795025e-09,0.0,0.023909936679579774,-0.0238983996937265
0.1942000000000035,2.1602804922865593,2.2156722997810867,0.055391807494527434,1.0256410256410258,1.0259173073411798,0.47777891380472703,4.938642141806145,27.695903747264623,27.695903747264623,0.0027695903747264623,0.002769590374726372,0.24829163754461525,0.24693210709030727,0.0013595304543079778,7.530684920752789e-05,1.3402269073601155e-05,0.8644143111781977,-1.543882180232714e-05,0.8644277134472713,0.4870654875538656,0.005186290871718957,0.00014301227346003031,2.1451841019004547,0.0,8.91040802561457e-09,6.938893903907228e-18,0.024154766215986702,-0.024148785439637218
0.19520000000000354,2.2197180863831045,2.2766339347518993,0.05691584836879482,1.0256410256410244,1.0259173073411805,0.48273154628998677,4.966750136522683,28.457924184397356,28.457924184397356,0.0028457924184397358,0.002845792418439741,0.24969703728044218,0.24833750682613417,0.0013595304543080056,7.737882919017953e-05,1.3478900027738202e-05,0.8644148885111564,-1.4861488843553872e-05,0.8644283674111842,0.4870698237239796,0.0033792381362522396,0.00014734844357405796,2.2102266536108695,0.0,5.392216972786224e-08,0.0,0.024401776203233732,-0.02439975776182478
0.19620000000000357,2.2465926175901925,2.3041975565027637,0.057604938912571235,1.0256410256410267,1.025917307341181,0.4877126017173028,4.99541827510015,28.802469456285376,28.80246945628536,0.002880246945628536,0.002880246945628562,0.2511304442093155,0.24977091375500748,0.0013595304543080333,7.831566877032452e-05,1.3556939889274323e-05,0.8644157859635481,-1.3964036451930006e-05,0.8644293429034373,0.48707208117444045,0.0010800560047403718,0.00014960589403489877,2.2440884105234815,0.0,8.941834869719646e-09,0.0,0.02465129279870517,-0.02465106576999357
0.1972000000000036,2.236990261139382,2.2943489857839774,0.05735872464459524,1.0256410256410238,1.0259173073411798,0.4927224203769579,5.02419846817159,28.679362322298626,28.67936232229861,0.002867936232229861,0.002867936232229762,0.2525694538628875,0.2512099234085795,0.0013595304543079778,7.798093297409735e-05,1.3635157249529948e-05,0.8644168246962948,-1.29253037052246e-05,0.8644304598535443,0.4870719311454379,-0.0013764181568207312,0.0001494558650323441,2.2418379754851614,0.0,5.384780637184415e-08,0.0,0.0249034634615235,-0.02490259603404936
0.19820000000000362,2.192309439892348,2.2485225024536897,0.05621306256134151,1.0256410256410253,1.025917307341181,0.4977608806210576,5.052626307516663,28.10653128067152,28.106531280671515,0.0028106531280671517,0.002810653128067076,0.2539908458301412,0.25263131537583317,0.0013595304543080333,7.64233704816826e-05,1.3712294850128335e-05,0.8644177924833597,-1.1957516640292987e-05,0.8644315047782098,0.4870693954862166,-0.0036324400381765863,0.00014692020581102971,2.2038030871654457,0.0,8.974148437864514e-09,0.0,0.02515823547760116,-0.025154389103290285
0.19920000000000365,2.119057167424554,2.1733919665892873,0.05433479916473338,1.0256410256410262,1.025917307341182,0.5028274165795148,5.0802886993388565,27.167399582366333,27.167399582366333,0.0027167399582366334,0.0027167399582366694,0.2553739654212509,0.2540144349669428,0.0013595304543080888,7.386981419334887e-05,1.3787252681615571e-05,0.8644185031444,-1.1246855599944539e-05,0.8644322903970817,0.487064843473096,-0.0053594578505742835,0.000142368192690423,2.135522890356345,0.0,8.990632964015294e-09,0.0,0.0254153636365671,-0.02540663360107869
0.20020000000000368,2.027901410416033,2.0798988824779845,0.05199747206195138,1.0256410256410264,1.025917307341182,0.5079211005695542,5.106884024455608,25.99873603097521,25.998736030975223,0.0025998736030975224,0.0025998736030975692,0.2567037316770885,0.2553442012227804,0.0013595304543080888,7.069214681549273e-05,1.3859248181406382e-05,0.864418843363852,-1.090663614800036e-05,0.8644327026120334,0.48705893803055555,-0.006305960390110977,0.00013646275015000153,2.046941252250023,0.0,9.00731030128398e-09,0.0,0.02567444594255203,-0.025659638755006337
0.2012000000000037,1.9321174779962629,1.9816589517910383,0.04954147379477547,1.0256410256410253,1.025917307341182,0.5130407781971723,5.1322660640775855,24.7707368973877,24.770736897387696,0.0024770736897387698,0.0024770736897387737,0.25797283365818735,0.25661330320387926,0.0013595304543080888,6.73531423753225e-05,1.3927930200909505e-05,0.8644187890171301,-1.0960982869900882e-05,0.864432716947331,0.4870525391873857,-0.006334105429875469,0.00013006390698017123,1.9509586047025684,0.0,9.024150753146118e-09,6.938893903907228e-18,0.025934982158154336,-0.02591378936307446
0.20220000000000374,1.8456546952977368,1.8929791746643463,0.04732447936660944,1.025641025641026,1.025917307341182,0.5181852364752869,5.156465294123544,23.662239683304907,23.662239683304904,0.0023662239683304906,0.002366223968330472,0.2591827951604853,0.2578232647061772,0.0013595304543080888,6.433907093308586e-05,1.3993430144431688e-05,0.8644183887252703,-1.1361274729670967e-05,0.8644323821554147,0.4870465788279007,-0.005439794129416235,0.00012410354749514685,1.8615532124272027,0.0,9.041121186457088e-09,0.0,0.026196446655638472,-0.026169489754310403
0.20320000000000377,1.7811049179711214,1.8267742748421818,0.04566935687106044,1.025641025641029,1.025917307341182,0.5233533804749858,5.1796844469108025,22.83467843553023,22.83467843553023,0.002283467843553023,0.002283467843553022,0.2603437527998482,0.25898422234554014,0.0013595304543080888,6.208888149486676e-05,1.4056342832335148e-05,0.864417728236305,-1.2021763694969323e-05,0.8644317845791374,0.4870419249785987,-0.003753267960286045,0.00011944969819316364,1.7917454728974547,0.0,9.058190864752918e-09,0.0,0.026458364965809115,-0.026427104905018265
0.2042000000000038,1.7478687393684953,1.7926858865317885,0.044817147163293214,1.0256410256410247,1.025917307341181,0.5285443927835772,5.202268986587147,22.408573581647303,22.4085735816473,0.0022408573581647303,0.002240857358164661,0.2614729797836654,0.26011344932935737,0.0013595304543080333,6.093027644333941e-05,1.4117639875409342e-05,0.8644168968395649,-1.2853160435088995e-05,0.8644310144794403,0.4870392553946452,-0.0015201412156909222,0.00011678011423965629,1.7517017135948443,0.0,9.075335282940642e-09,6.938893903907228e-18,0.026720382876499877,-0.026686907286095265
0.20520000000000382,1.7507864516386196,1.7956784119370437,0.04489196029842413,1.0256410256410244,1.025917307341181,0.5337578525470505,5.224656798063329,22.44598014921184,22.445980149211838,0.002244598014921184,0.0022445980149212066,0.26259237035747446,0.2612328399031664,0.0013595304543080333,6.103198717941072e-05,1.4178528176032455e-05,0.8644159725468833,-1.377745311670342e-05,0.8644301510750593,0.48703895885619114,0.0009343685980732714,0.00011648357578558644,1.7472536367837965,0.0,9.092540871320818e-09,0.0,0.02698231801763948,-0.026949037182211616
0.20620000000000385,1.7894331383527806,1.8353160393361851,0.04588290098340453,1.0256410256410255,1.0259173073411798,0.5389937967604066,5.24731441641039,22.941450491702327,22.941450491702327,0.0022941450491702326,0.0022941450491702265,0.2637252512748275,0.2623657208205195,0.0013595304543079778,6.237920121890568e-05,1.4240274163055439e-05,0.8644150292177738,-1.4720782226196327e-05,0.8644292694919369,0.48704107854906065,0.00325280324417631,0.00011860326865509307,1.7790490298263961,0.0,5.351138285488949e-08,0.0,0.027244186420394924,-0.0272134822617004
0.20720000000000388,1.8581805565442975,1.9058262118403042,0.04764565529600673,1.025641025641025,1.0259173073411798,0.5442527148799491,5.270669083842095,23.822827648003557,23.822827648003557,0.0023822827648003557,0.0023822827648003367,0.26489298464641275,0.2635334541921048,0.0013595304543079778,6.477571939028128e-05,1.4304019357656436e-05,0.8644141542141276,-1.5595785872402068e-05,0.8644284582334852,0.48704530577546434,0.005097521559388755,0.00012283049505878996,1.8424574258818494,0.0,3.8646653183501556e-08,0.0,0.027506200182497748,-0.027480079372460428
0.2082000000000039,1.9470167960555784,1.9969403036467468,0.04992350759116837,1.0256410256410255,1.025917307341181,0.5495354775421669,5.295046529044723,24.96175379558354,24.96175379558354,0.002496175379558354,0.0024961753795584188,0.2661118569065442,0.2647523264522362,0.0013595304543080333,6.787252895641346e-05,1.437061412990655e-05,0.8644134580654821,-1.6291934517909112e-05,0.864427828679612,0.48705102491066565,0.006199871232612121,0.0001285496302600997,1.9282444539014953,0.0,3.8720506700042874e-08,0.0,0.027768736579759958,-0.02774853830232862
0.20920000000000394,2.0430043466018732,2.0953890734378158,0.05238472683594253,1.0256410256410242,1.0259173073411798,0.5548432097701109,5.320623530252258,26.19236341797173,26.19236341797173,0.002619236341797173,0.0026192363417971267,0.2673907069669209,0.26603117651261293,0.0013595304543079778,7.121863147382251e-05,1.4440493856619047e-05,0.864413062170325,-1.668782967501059e-05,0.8644275026641816,0.4870574030584144,0.006399313512322753,0.00013492777800883093,2.023916670132464,0.0,5.339608678660814e-08,0.0,0.028032283122170196,-0.02801848404362141
0.21020000000000397,2.1321642294344616,2.1868351071122616,0.05467087767779999,1.0256410256410224,1.0259173073411798,0.5601771271326301,5.347402170460417,27.335438838899943,27.335438838899943,0.0027335438838899944,0.0027335438838899996,0.2687296389773288,0.26737010852302084,0.0013595304543079778,7.432672316674133e-05,1.4513615516017534e-05,0.8644130641925801,-1.668580741986947e-05,0.8644275778080961,0.48706351134833625,0.005666802984599093,0.0001410360679306999,2.1155410189604984,0.0,5.335746193655222e-08,0.0,0.028297366556229633,-0.0282895114067225
0.211200000000004,2.201511801416811,2.2579608219659595,0.056449020549148354,1.0256410256410253,1.0259173073411798,0.5655383587171319,5.375209534075603,28.224510274574207,28.224510274574204,0.0028224510274574206,0.002822451027457418,0.27012000715808815,0.26876047670378017,0.0013595304543079778,7.674416255240915e-05,1.4589463953142217e-05,0.8644134956924574,-1.6254307542595825e-05,0.8644280851564106,0.4870684602103401,0.004109017549237703,0.0001459849299345617,2.1897739490184254,0.0,3.8945915092921856e-08,0.0,0.028564476153148183,-0.02856124402916273
0.21220000000000402,2.240947750768718,2.2984079495063714,0.05746019873765329,1.0256410256410229,1.0259173073411798,0.5709277826969184,5.4037228891767946,28.730099368826913,28.73009936882691,0.002873009936882691,0.0028730099368826645,0.27154567491314774,0.27018614445883976,0.0013595304543079778,7.811889009428676e-05,1.4667126903547263e-05,0.8644142939610818,-1.5456038918171267e-05,0.8644289610879854,0.4870715289256008,0.0019528225688797449,0.00014905364519524067,2.23580467792861,0.0,9.215926737996544e-09,0.0,0.028833992454690118,-0.028833389186508056
0.21320000000000405,2.2447288925650506,2.30228604365646,0.05755715109140924,1.0256410256410247,1.025917307341181,0.5763458984399605,5.432516688015203,28.778575545703404,28.778575545703397,0.00287785755457034,0.002877857554570462,0.2729853648550682,0.27162583440076016,0.0013595304543080333,7.825069977264454e-05,1.4745427849339643e-05,0.8644153053906347,-1.4444609365282801e-05,0.864430050818484,0.4870722705871782,-0.00048776827207392,0.00014979530677267094,2.246929601590064,0.0,5.324173659297394e-08,0.0,0.029106131853642903,-0.029105780422768113
0.21420000000000408,2.212304567352774,2.2690303254900295,0.05672575813725533,1.0256410256410278,1.025917307341181,0.581792753784325,5.4611245409160505,28.362879068628366,28.36287906862836,0.002836287906862836,0.002836287906862767,0.27441575750011055,0.2730562270458025,0.0013595304543080333,7.712039573093236e-05,1.4823097359302363e-05,0.864416323123755,-1.3426876244948538e-05,0.8644311462211144,0.4870705771845214,-0.002857323801106652,0.00014810190411584934,2.22152856173774,0.0,3.917978716584942e-08,0.0,0.029380915079835316,-0.029378401791920764
0.2152000000000041,2.1483968354080174,2.2034839337518153,0.05508709834379788,1.0256410256410269,1.025917307341181,0.5872679380713668,5.489107138121844,27.543549171899024,27.543549171899016,0.002754354917189902,0.002754354917189894,0.2758148873604003,0.27445535690609224,0.0013595304543080333,7.48925878378149e-05,1.4898957960287397e-05,0.8644171449227334,-1.26050772666364e-05,0.8644320438806936,0.4870666953333923,-0.004810757953874107,0.00014422005298675433,2.163300794801315,0.0,9.271876924883228e-09,6.938893903907228e-18,0.029658164181187954,-0.029651390180180932
0.21620000000000414,2.0623127876895335,2.115192602758492,0.05287981506895845,1.0256410256410238,1.0259173073411798,0.5927706419512886,5.5161162278983475,26.43990753447933,26.439907534479325,0.0026439907534479327,0.0026439907534479227,0.27716534184922537,0.2758058113949174,0.0013595304543079778,7.189171900436574e-05,1.49720956164511e-05,0.8644176272575071,-1.2122742492848282e-05,0.8644325993531236,0.4870611903604062,-0.006063585778069673,0.0001387150800006287,2.0807262000094306,0.0,3.9340907401035916e-08,6.938893903907228e-18,0.029937528439455154,-0.02992501537081452
0.21720000000000417,1.9665891238757043,2.0170144860263575,0.050425362150653186,1.0256410256410227,1.025917307341181,0.598299775251384,5.541945333564057,25.212681075326227,25.212681075326227,0.0025212681075326227,0.0025212681075326595,0.2784567971325109,0.2770972666782029,0.0013595304543080333,6.855481551352842e-05,1.5041992843257863e-05,0.864417713906974,-1.2036093026024375e-05,0.8644327558998173,0.4870548639726757,-0.006433353899853059,0.00013238869227016892,1.9858303840525338,0.0,3.942279618524299e-08,0.0,0.03021853544646433,-0.03019964075472351
0.2182000000000042,1.875166392069083,1.9232475816093166,0.04808118954023355,1.025641025641026,1.025917307341182,0.6038541257414337,5.5665598233577445,24.040594770116606,24.040594770116602,0.0024040594770116603,0.0024040594770116776,0.27968752162219535,0.27832799116788726,0.0013595304543080888,6.53678414594041e-05,1.5108604070428334e-05,0.8644174305869389,-1.2319413061123718e-05,0.8644325391910093,0.48704863750259886,-0.00586621179962604,0.00012616222219330453,1.892433332899568,0.0,3.950538555654803e-08,0.0,0.030500659902453722,-0.030475670408647716
0.21920000000000422,1.801358781492457,1.8475474681973887,0.0461886867049317,1.025641025641024,1.025917307341181,0.6094325356747295,5.590101953971794,23.094343352465497,23.094343352465497,0.0023094343352465497,0.0023094343352465852,0.28086462815289776,0.2795050976985897,0.0013595304543080333,6.279492622004654e-05,1.5172362278479954e-05,0.8644168539984279,-1.2896001572060278e-05,0.8644320263607064,0.48704341773122817,-0.00444475423621719,0.00012094245082261423,1.8141367623392135,0.0,9.349450339413501e-09,0.0,0.030783400117183043,-0.03075349024815659
0.22020000000000425,1.7559151338508716,1.8009385988214042,0.045023464970532556,1.0256410256410242,1.0259173073411798,0.6150340703944854,5.612870153245741,22.511732485265863,22.511732485265863,0.0022511732485265864,0.002251173248526628,0.282003038116595,0.280643507662287,0.0013595304543079778,6.121077178613925e-05,1.523411594236162e-05,0.8644160750756928,-1.3674924307149894e-05,0.8644313091916352,0.4870399648308022,-0.0023759927020348508,0.00011748955039664333,1.76234325594965,0.0,9.369176690245292e-09,0.0,0.031066351072711745,-0.031033411825512103
0.22120000000000428,1.7454535547062333,1.7902087740576735,0.04475521935144022,1.0256410256410247,1.025917307341181,0.6206581544509372,5.635275559148791,22.37760967571956,22.37760967571956,0.0022377609675719562,0.0022377609675720113,0.2831233084117476,0.28176377795743957,0.0013595304543080333,6.0846083697829734e-05,1.529500546528625e-05,0.8644151761458766,-1.4573854123400842e-05,0.8644304711513419,0.48703878165839565,3.879233445519266e-05,0.00011630637799009413,1.744595669851412,0.0,5.293347133122829e-08,0.0,0.03134926340747538,-0.03131562695730228
0.2222000000000043,1.771497597300442,1.8169206126158393,0.045423015315397164,1.0256410256410262,1.025917307341181,0.6263046554059553,5.657782144420858,22.711507657698494,22.711507657698494,0.0022711507657698494,0.002271150765769858,0.2842486376753509,0.2828891072210429,0.0013595304543080333,6.175397264783326e-05,1.5356297098103707e-05,0.8644142307138414,-1.5519286158616197e-05,0.8644295870109395,0.4870400405232157,0.0024479278829487292,0.00011756524281014702,1.7634786421522053,0.0,3.9840300808544135e-08,0.0,0.031632079731617684,-0.031600179789570394
0.22320000000000434,1.8302543826242967,1.8771839821787653,0.046929599554468515,1.0256410256410253,1.025917307341181,0.6319739031204323,5.680839146715194,23.46479977723419,23.464799777234184,0.0023464799777234186,0.002346479977723426,0.28540148779006774,0.2840419573357597,0.0013595304543080333,6.380221980282e-05,1.5419198531076577e-05,0.8644133192942368,-1.643070576318184e-05,0.8644287384927679,0.487043558092656,0.004500563711436923,0.00012108281225042816,1.8162421837564224,0.0,3.992491724820909e-08,0.0,0.03191494298485892,-0.03188696036868549
0.22420000000000437,1.913166968794398,1.9622225320968154,0.04905556330241745,1.025641025641024,1.0259173073411798,0.6376666417155649,5.704815644660589,24.527781651209256,24.527781651209256,0.0024527781651209257,0.0024527781651208728,0.28660031268733743,0.28524078223302946,0.0013595304543079778,6.669253226256576e-05,1.5484683014026904e-05,0.8644125440893883,-1.720591061171728e-05,0.8644280287724023,0.48704882209162603,0.00589776780462971,0.00012634681122047908,1.8952021683071862,0.0,9.44892048726308e-09,0.0,0.03219817561971747,-0.03217572065424881
0.2252000000000044,2.0081605263252977,2.059651821872103,0.051491295546805205,1.0256410256410269,1.025917307341181,0.6433839212040605,5.729946807743427,25.745647773402638,25.745647773402634,0.0025745647773402634,0.0025745647773402604,0.2878568708414794,0.28649734038717134,0.0013595304543080333,7.000398442763914e-05,1.5553347618808086e-05,0.8644120255544924,-1.772444550762753e-05,0.8644275789021112,0.4870550659068392,0.006436060803208598,0.0001325906264336707,1.9888593965050605,0.0,9.469134664624061e-09,6.938893903907228e-18,0.03248223264170004,-0.03246611064202442
0.22620000000000443,2.1014008348418933,2.155282907530148,0.053882072688254734,1.0256410256410262,1.0259173073411798,0.6491269445733745,5.756299647813712,26.94103634412797,26.941036344127966,0.002694103634412797,0.002694103634412737,0.2891745128449936,0.28781498239068565,0.0013595304543079778,7.325431876057525e-05,1.5625326285796586e-05,0.8644118749236104,-1.7875076389617384e-05,0.8644275002498962,0.48706138023119966,0.006037049362254317,0.00013890495079410536,2.0835742619115805,0.0,9.479481816404072e-09,0.0,0.03276763534537054,-0.032757729336193926
0.22720000000000445,2.17930900548835,2.2351887235777954,0.05587971808944525,1.0256410256410258,1.025917307341181,0.6548968925907378,5.783763259934173,27.93985904472167,27.93985904472167,0.002793985904472167,0.002793985904472263,0.2905476934510167,0.2891881629967087,0.0013595304543080333,7.59701785213035e-05,1.5700270317727958e-05,0.8644121522724977,-1.7597727502316474e-05,0.8644278525428154,0.48706684548914747,0.0047588428267917445,0.00014437020874191742,2.1655531311287612,0.0,4.026932217496181e-08,0.0,0.033054895396529164,-0.03305018314768027
0.22820000000000448,2.2305390186483347,2.2877323268187997,0.057193308170464974,1.0256410256410233,1.0259173073411798,0.6606947518441927,5.81206497382891,28.59665408523311,28.5966540852331,0.00285966540852331,0.002859665408523249,0.2919627791457535,0.29060324869144555,0.0013595304543079778,7.77560442400127e-05,1.577739916161777e-05,0.8644128306729604,-1.6919327039621734e-05,0.864428608072122,0.4870706657574344,0.0027875905772796706,0.00014819047702885335,2.2228571554328003,0.0,4.035768033929577e-08,0.0,0.033344440316660735,-0.0333431432138028
0.2292000000000045,2.247630081533279,2.30526162208541,0.057631540552131266,1.0256410256410238,1.025917307341182,0.6665211710625746,5.840810063743333,28.815770276065233,28.815770276065226,0.0028815770276065227,0.0028815770276065635,0.2934000336414747,0.2920405031871666,0.0013595304543080888,7.835183450954908e-05,1.5855614083233116e-05,0.8644137868690376,-1.5963130962415306e-05,0.8644296424831208,0.4870722846780101,0.0004103724890859308,0.00014980939760456113,2.247140964068417,0.0,4.044720350476029e-08,0.0,0.033636551221594,-0.03363639329161635
0.23020000000000454,2.2280931676540994,2.2852237616965128,0.057130594042413385,1.025641025641026,1.0259173073411798,0.6723763666390308,5.869539233639094,28.56529702120751,28.565297021207524,0.0028565297021207526,0.0028565297021206693,0.29483649213626273,0.29347696168195475,0.0013595304543079778,7.767078247288006e-05,1.593365817933162e-05,0.8644148272678496,-1.4922732150424167e-05,0.8644307609260289,0.48707146648224575,-0.0020266094432892508,0.00014899120184019843,2.2348680276029764,0.0,5.25775644362236e-08,6.938893903907228e-18,0.033931321881692775,-0.0339298612500718
0.23120000000000457,2.1747735017332848,2.230536924854656,0.05576342312137106,1.0256410256410278,1.025917307341181,0.6782600911169897,5.897795505968412,27.881711560686124,27.881711560686117,0.002788171156068612,0.002788171156068553,0.2962493057527287,0.29488977529842064,0.0013595304543080333,7.581207196962272e-05,1.601029942456303e-05,0.8644157409465654,-1.4009053434627106e-05,0.8644317512459899,0.4870683303266813,-0.0041684496275991995,0.00014585504627573354,2.187825694136003,0.0,4.062990098023963e-08,0.0,0.03422864506577608,-0.03422362957469299
0.2322000000000046,2.095436200327259,2.1491653336689827,0.05372913334172358,1.025641025641025,1.025917307341181,0.6841716692280718,5.925190772798043,26.86456667086193,26.86456667086193,0.002686456667086193,0.002686456667086179,0.2976190690942102,0.2962595386399022,0.0013595304543080333,7.304639306156616e-05,1.6084510095321638e-05,0.8644163580275488,-1.3391972451204381e-05,0.8644324425376441,0.48706333293986825,-0.005703224927703187,0.0001408576594627009,2.1128648919405135,0.0,4.072300114120704e-08,0.0,0.034528228157546095,-0.0345179233549398
0.23320000000000463,2.001635412601786,2.052959397540288,0.051323984938501876,1.0256410256410229,1.0259173073411798,0.690110096233622,5.95146231722677,25.661992469250855,25.66199246925085,0.0025661992469250853,0.002566199246925094,0.29893264631564653,0.29757311586133856,0.0013595304543079778,6.977652056039049e-05,1.6155616440468685e-05,0.8644165893953415,-1.3160604658501995e-05,0.8644327450117819,0.4870572021074995,-0.0064074210420707,0.0001347268270939228,2.020902406408842,0.0,9.639418033377263e-09,0.0,0.034829635770252276,-0.03481307750369724
0.23420000000000465,1.9070316520414243,1.955929899529671,0.04889824748824667,1.0256410256410282,1.025917307341181,0.696074184248067,5.976511073698965,24.449123744123046,24.449123744123057,0.002444912374412306,0.0024449123744123336,0.30018508413925626,0.29882555368494823,0.0013595304543080333,6.64786566227267e-05,1.6223396801892874e-05,0.8644164335643593,-1.331643564073115e-05,0.8644326569611611,0.4870508306826161,-0.006178483615944086,0.00012835540221056707,1.925331033158506,0.0,4.091214206910561e-08,0.0,0.035132353153479554,-0.035109487982823075
0.23520000000000468,1.8254023714747714,1.872207560486947,0.046805189012175674,1.0256410256410267,1.025917307341181,0.702062735234551,6.000416055240724,23.4025945060877,23.4025945060877,0.00234025945060877,0.0023402594506087837,0.3013803332163443,0.30002080276203624,0.0013595304543080333,6.363307988178218e-05,1.6288113895294777e-05,0.8644159531270681,-1.3796872931903792e-05,0.8644322412409634,0.48704514655651365,-0.005049753563307332,0.00012267127610809947,1.840069141621492,0.0,5.2380470145565994e-08,0.0,0.03543586115792375,-0.0354075541379359
0.2362000000000047,1.7686355078899691,1.813985136297397,0.045349628407427955,1.0256410256410216,1.025917307341181,0.708074715478933,6.023422846533879,22.674814203713655,22.674814203713666,0.0022674814203713666,0.002267481420371398,0.302530672781002,0.30117114232669395,0.0013595304543080333,6.165420091163928e-05,1.6350476550039275e-05,0.8644152375542378,-1.4512445762226989e-05,0.8644315880307878,0.4870409775269229,-0.0031856115193749463,0.00011850224651732688,1.7775336977599032,0.0,9.707168740692028e-09,0.0,0.035739711840790375,-0.03570762054041608
0.23720000000000474,1.744998203583592,1.789741747265226,0.04474354368163391,1.0256410256410275,1.025917307341181,0.7141094061329308,6.045907838618943,22.37177184081722,22.37177184081723,0.0022371771840817233,0.0022371771840816955,0.3036549223852552,0.3022953919309472,0.0013595304543080333,6.0830210268677035e-05,1.641153648002754e-05,0.8644143735291099,-1.5376470890116067e-05,0.8644307850655899,0.48703893074313764,-0.0008575385531125446,0.00011645546273209018,1.7468319409813526,0.0,9.730013937705115e-09,0.0,0.03604359370115725,-0.0360099268063576
0.23820000000000477,1.7579328354683217,1.8030080363777594,0.04507520090943773,1.025641025641022,1.0259173073411798,0.7201665079023266,6.068323413844013,22.53760045471876,22.537600454718756,0.002253760045471876,0.0022537600454718867,0.30477570114650865,0.30341617069220067,0.0013595304543079778,6.128110837049644e-05,1.647253511918206e-05,0.8644134364739579,-1.631352604214431e-05,0.864429909009077,0.4870393042848963,0.0015954205038165147,0.00011682900449072608,1.7524350673608913,0.0,4.1298225406781994e-08,6.938893903907228e-18,0.036347377044863224,-0.03631457270049982
0.2392000000000048,1.8055556905743881,1.8518519903327029,0.04629629975831473,1.025641025641024,1.025917307341181,0.726246184634149,6.091132063953399,23.14814987915785,23.14814987915785,0.002314814987915785,0.0023148149879157367,0.305916133651978,0.30455660319767,0.0013595304543080333,6.294122944290777e-05,1.653472282739017e-05,0.8644125021732616,-1.7247826738397976e-05,0.864429036896089,0.4870420437520646,0.0038160332577299454,0.00011956847165905948,1.7935270748858922,0.0,9.776010876517159e-09,0.0,0.0366511328722874,-0.0366215036071665
0.24020000000000483,1.880931297400523,1.9291603050261763,0.0482290076256533,1.025641025641025,1.0259173073411798,0.7323490394550921,6.114739035913203,24.114503812826896,24.114503812826896,0.0024114503812826898,0.002411450381282665,0.30709648224996816,0.3057369517956602,0.0013595304543079778,6.556880464797694e-05,1.659917679653497e-05,0.8644116641108338,-1.8085889166186142e-05,0.8644282632876303,0.487046750187111,0.0054809046665230685,0.00012427490670546826,1.8641236005820239,0.0,9.79918323965101e-09,0.0,0.036955122538330526,-0.036930518484126304
0.24120000000000485,1.973082461190212,2.0236743191694533,0.05059185797924126,1.0256410256410282,1.025917307341181,0.7384760269362102,6.139433314480615,25.295928989620265,25.29592898962025,0.0025295928989620253,0.0025295928989620634,0.3083311961783388,0.3069716657240308,0.0013595304543080333,6.878117166303835e-05,1.666664417554547e-05,0.8644110380691034,-1.8711930896642137e-05,0.8644277047132789,0.4870527381765909,0.006347574109209612,0.00013026289618534026,1.953943442780104,0.0,4.159291500286682e-08,0.0,0.03725975969044951,-0.03724129914102775
0.24220000000000488,2.06858890852174,2.121629649765892,0.053040741244152034,1.025641025641028,1.0259173073411798,0.7446283140756312,6.165345536417085,26.520370622075703,26.520370622075696,0.0026520370622075697,0.002652037062207602,0.3096268072751623,0.3082672768208543,0.0013595304543079778,7.211050304069266e-05,1.67374332606772e-05,0.8644107430969961,-1.900690300393748e-05,0.8644274805302568,0.4870591356701344,0.006289825712236787,0.00013666038972887096,2.0499058459330644,0.0,9.846025737613369e-09,0.0,0.037565550027833024,-0.03755345657849494
0.2432000000000049,2.153541725328778,2.208760743926953,0.05521901859817513,1.0256410256410262,1.025917307341182,0.7508071103448266,6.192428965434878,27.609509299088785,27.609509299088785,0.0027609509299088785,0.0027609509299087566,0.310980978726052,0.3096214482717439,0.0013595304543080888,7.507193744046847e-05,1.6811368597333363e-05,0.8644108628364052,-1.8887163594771827e-05,0.8644276742050025,0.4870650109799804,0.0053160695753193925,0.0001425356995748417,2.1380354936226253,0.0,5.2058992636137454e-08,0.0,0.03787301765478544,-0.03786658763937067
0.24420000000000494,2.2155689572053716,2.2723784176465385,0.05680946044116686,1.025641025641027,1.025917307341181,0.7570134915493537,6.2204662985568895,28.404730220583595,28.404730220583595,0.0028404730220583595,0.002840473022058343,0.31238284538215255,0.3110233149278445,0.0013595304543080333,7.723419156247316e-05,1.6887816532095284e-05,0.8644114048158146,-1.834518418541986e-05,0.8644282926323467,0.48706950846568636,0.00356811697937354,0.00014703318528080933,2.20549777921214,0.0,9.893805817136092e-09,0.0,0.03818262875371499,-0.03818033372180245
0.24520000000000497,2.2456373773183085,2.3032178228905718,0.05758044557226327,1.025641025641025,1.025917307341181,0.7632482431558014,6.249101312657192,28.7902227861316,28.790222786131594,0.0028790222786131596,0.002879022278613164,0.31381459608716766,0.31245506563285963,0.0013595304543080333,7.828236932814689e-05,1.696577749373243e-05,0.8644122796512551,-1.7470348744885733e-05,0.8644292454287489,0.48707197314382616,0.001300527947362907,0.00014949786342061122,2.2424679513091683,0.0,4.199813348548362e-08,0.0,0.03849472369347684,-0.038494433003593995
0.246200000000005,2.2393680244614522,2.2967877173963624,0.05741969293491023,1.0256410256410262,1.025917307341181,0.7695117459017449,6.277890742393471,28.709846467454412,28.70984646745441,0.002870984646745441,0.0028709846467455113,0.3152540675739816,0.3138945371196736,0.0013595304543080333,7.806382122246824e-05,1.7044031564012683e-05,0.8644133142431762,-1.6435756823751646e-05,0.8644303582747402,0.4870720460753483,-0.0011564611600032343,0.00014957079494276604,2.2435619241414906,0.0,9.942802988542702e-09,0.0,0.038809467460353395,-0.038808758572220374
0.24720000000000503,2.197673925373178,2.2540245388442837,0.05635061347110559,1.0256410256410249,1.025917307341181,0.775803920347701,6.306368834379292,28.17530673555358,28.175306735553594,0.0028175306735553594,0.0028175306735552796,0.31667797217327265,0.3153184417189646,0.0013595304543080333,7.661037513240557e-05,1.7121316138357355e-05,0.8644142969465314,-1.545305346861703e-05,0.8644314182626698,0.48706971663903265,-0.0034450310387763683,0.00014724135862709264,2.2086203794063897,0.0,9.967796911126089e-09,6.938893903907228e-18,0.03912682563056876,-0.03912333690750922
0.24820000000000506,2.1266271275832693,2.181156028290536,0.05452890070726646,1.025641025641027,1.0259173073411798,0.7821242384461655,6.334115176362321,27.26445035363301,27.26445035363301,0.002726445035363301,0.002726445035363323,0.31806528927242406,0.3167057588181161,0.0013595304543079778,7.413370115160606e-05,1.719650980304686e-05,0.8644150369311929,-1.4713068807070684e-05,0.864432233440996,0.4870653240782876,-0.005231889829210411,0.00014284879788206695,2.142731968231004,0.0,9.99311108641505e-09,0.0,0.03944656938353787,-0.03943834402529518
0.24920000000000508,2.0365744073425063,2.0887942639410375,0.052219856598531234,1.0256410256410282,1.0259173073411798,0.7884718004428926,6.360815923225014,26.109928299266283,26.10992829926628,0.002610992829926628,0.002610992829926562,0.3194003266155587,0.31804079616125075,0.0013595304543079778,7.09944853648746e-05,1.7268795650339472e-05,0.8644154130688686,-1.433693113139789e-05,0.8644326818645189,0.4870595080960257,-0.00625681149108132,0.0001370328156201639,2.0554922343024584,0.0,5.1817243721445643e-08,6.938893903907228e-18,0.039768308825753974,-0.039754079843660375
0.2502000000000051,1.9406304349706134,1.990390189713448,0.04975975474283456,1.0256410256410249,1.0259173073411798,0.7948454659110306,6.386309503266568,24.879877371417436,24.879877371417436,0.0024879877371417436,0.0024879877371417284,0.3206750056176364,0.3193154751633284,0.0013595304543079778,6.764990197168086e-05,1.7337780247394394e-05,0.8644153933854358,-1.4356614564170478e-05,0.8644327311656832,0.4870531156926478,-0.00637053336579979,0.00013064041224225553,1.959606183633833,0.0,1.0044591029701608e-08,0.0,0.0400915497722483,-0.040070924504888486
0.251200000000005,1.852767842765446,1.9002747105286646,0.04750686776321866,1.0256410256410269,1.0259173073411787,0.8012440198351928,6.410610148412216,23.753433881609187,23.75343388160918,0.002375343388160918,0.0023753433881609333,0.32189003787491877,0.32053050742061084,0.0013595304543079223,6.458703351297328e-05,1.74035509331668e-05,0.8644150212286487,-1.4728771351335546e-05,0.8644324247795818,0.48704707781462164,-0.005556493780503258,0.00012460253421608947,1.869038013241342,0.0,1.00610411557591e-08,6.938893903907228e-18,0.040415765716353025,-0.040389283014108594
0.25220000000000486,1.7857823451883343,1.8315716360905905,0.04578929090225614,1.0256410256410207,1.0259173073411798,0.8076663495580926,6.4339058215691445,22.89464545112736,22.89464545112737,0.0022894645451127372,0.002289464545112807,0.3230548215327652,0.32169529107845724,0.0013595304543079778,6.225193546323393e-05,1.7466663098946017e-05,0.864414380543861,-1.5369456139002757e-05,0.86443184720696,0.4870422737777232,-0.0039332439762813105,0.00011979849731763581,1.7969774597645372,0.0,5.169664941696495e-08,0.0,0.040740474506577376,-0.040709526257082844
0.25320000000000475,1.7494292574449233,1.79428641789223,0.0448571604473067,1.0256410256410262,1.0259173073411787,0.8141116068204359,6.456530842975633,22.428580223653526,22.428580223653512,0.0022428580223653512,0.002242858022365335,0.3241860726030896,0.3228265421487817,0.0013595304543079223,6.098467572178759e-05,1.752805930491203e-05,0.8644135612627775,-1.6188737222533334e-05,0.8644310893220823,0.48703940320942635,-0.0017371831041411026,0.00011692792902079363,1.7539189353119045,0.0,1.0123384000407437e-08,0.0,0.04106530856389399,-0.04103193698690919
0.25420000000000464,1.7490027973160458,1.7938490228882509,0.04484622557220508,1.0256410256410249,1.025917307341181,0.8205793312956732,6.478917202057126,22.42311278610229,22.423112786102287,0.002242311278610229,0.002242311278610254,0.32530539055716434,0.3239458601028563,0.0013595304543080333,6.096980942634292e-05,1.7588932012030346e-05,0.8644126424115839,-1.710758841610982e-05,0.8644302313435959,0.4870388841598854,0.0007118693526241889,0.00011640887947983458,1.7461331921975187,0.0,4.298036053739591e-08,0.0,0.04139006841346458,-0.041356668645770936
0.25520000000000453,1.7845650710493488,1.830323149794205,0.04575807874485616,1.0256410256410262,1.025917307341181,0.827069517628843,6.5015316454022205,22.879039372427677,22.879039372427673,0.0022879039372427673,0.002287903937242808,0.3264361127244191,0.32507658227011105,0.0013595304543080333,6.220950158452102e-05,1.7650549920086744e-05,0.8644116975285994,-1.8052471400631376e-05,0.8644293480785195,0.48704079221993646,0.003057249929353084,0.00011831693953090472,1.7747540929635708,0.0,1.0167081902063098e-08,0.0,0.04171475173480589,-0.041683723018655194
0.2562000000000044,1.8509370287483895,1.8983969525624491,0.04745992381405961,1.0256410256410247,1.0259173073411787,0.8335826162164262,6.524807702940997,23.729961907029686,23.729961907029686,0.0023729961907029687,0.002372996190702981,0.3275999156013578,0.3262403851470499,0.0013595304543079223,6.45232117844289e-05,1.7714073202816435e-05,0.8644108121012158,-1.893789878415486e-05,0.8644285261744187,0.48704484951256477,0.004957393238981588,0.00012237423215921694,1.8356134823882542,0.0,5.1533981324768884e-08,0.0,0.04203955369972643,-0.0420129499734016
0.2572000000000043,1.938452706277403,1.9881566218229725,0.04970391554556941,1.025641025641023,1.0259173073411798,0.8401194676136381,6.54908255157418,24.851957772785063,24.85195777278505,0.002485195777278505,0.0024851957772784707,0.32881365803301704,0.32745412757870906,0.0013595304543079778,6.757398688233066e-05,1.7780384548037977e-05,0.8644100946833834,-1.9655316616629115e-05,0.8644278750679314,0.4870504651610408,0.006135575248114798,0.00012798988063522643,1.9198482095283964,0.0,5.149296982108149e-08,0.0,0.042364838548819415,-0.04234406932493842
0.2582000000000042,2.034366911055072,2.086530165184683,0.05216325412961087,1.0256410256410224,1.025917307341181,0.8466811801216374,6.5745479110076355,26.081627064806238,26.08162706480625,0.002608162706480625,0.0026081627064805436,0.3300869260046898,0.3287273955503818,0.0013595304543080333,7.091753258447672e-05,1.784996060896408e-05,0.8644096668456834,-2.00831543165636e-05,0.8644275168062924,0.4870568213402211,0.0064202134956301,0.0001343460598155488,2.015190897233232,0.0,1.025772575627052e-08,0.0,0.042691086545920236,-0.04267671163954615
0.2592000000000041,2.1247113459016416,2.1791911240016817,0.05447977810004012,1.0256410256410247,1.025917307341181,0.8532689683820258,6.601222122991223,27.239889050020494,27.239889050020494,0.0027239889050020495,0.002723988905002006,0.3314206366038692,0.3300611061495612,0.0013595304543080333,7.406691747066305e-05,1.7922802587653078e-05,0.8644096301888518,-2.0119811148244793e-05,0.8644275529914394,0.48706299237908374,0.005769855202082516,0.0001405170986781834,2.107756480172751,0.0,1.0275750170045416e-08,0.0,0.043018824035723,-0.043010472036690846
0.260200000000004,2.196328857517747,2.2526449820694774,0.05631612455173052,1.0256410256410227,1.0259173073411798,0.8598839764846467,6.628947480152686,28.15806227586562,28.15806227586562,0.002815806227586562,0.002815806227586526,0.3328069044619423,0.3314473740076343,0.0013595304543079778,7.656348639643873e-05,1.7998436059954773e-05,0.8644100238026959,-1.9726197304059667e-05,0.8644280222387559,0.48706807956920517,0.004279214170698314,0.00014560428879961673,2.184064331994251,0.0,1.031301930602654e-08,6.938893903907228e-18,0.04334854679049316,-0.043344969153091384
0.2612000000000039,2.2387895554129567,2.2961944158081606,0.05740486039520398,1.0256410256410255,1.0259173073411798,0.8665271113500671,6.657413193436797,28.702430197601682,28.702430197601675,0.0028702430197601676,0.0028702430197601993,0.33423019012614785,0.3328706596718399,0.0013595304543079778,7.804365593278711e-05,1.8075980067447634e-05,0.8644107939395311,-1.8956060468866553e-05,0.8644288699195986,0.48707134204658564,0.0021653773067586363,0.0001488667661800891,2.2330014927013364,0.0,1.0341167650945672e-08,0.0,0.04368064780914319,-0.04367990068189202
0.26220000000000376,2.2459097507054864,2.303497180210748,0.05758742950526141,1.0256410256410222,1.0259173073411798,0.8731989106517949,6.686200653326775,28.79371475263132,28.79371475263132,0.002879371475263132,0.0028793714752630706,0.3356695631206468,0.3343100326663388,0.0013595304543079778,7.829186419730516e-05,1.815427541427931e-05,0.8644117941462336,-1.795585376640485e-05,0.8644299484216479,0.48707230468607765,-0.00026381045499169705,0.00014982940567209724,2.2474410850814586,0.0,1.0369691135779059e-08,0.0,0.04401536008352644,-0.04401508739859019
0.26320000000000365,2.216652506742134,2.273489750504755,0.056837243762621004,1.0256410256410267,1.0259173073411798,0.8798994645131448,6.714844393308906,28.41862188130947,28.41862188130947,0.002841862188130947,0.0028418621881310504,0.3371017501197533,0.3357422196654453,0.0013595304543079778,7.727196383490453e-05,1.8232053484626542e-05,0.8644128201552789,-1.6929844721125242e-05,0.8644310522087635,0.48707082729539897,-0.002654578609042947,0.00014835201499341366,2.225280224901205,0.0,1.039860090585316e-08,0.0,0.044352722667079236,-0.04435049926208101
0.26420000000000354,2.155278651466696,2.2105422066325064,0.055263555165810274,1.0256410256410244,1.0259173073411787,0.8866284023822941,6.742899877272927,27.631777582905887,27.631777582905887,0.0027631777582905886,0.002763177758290514,0.3385045243179543,0.3371449938636464,0.0013595304543079223,7.513248626074207e-05,1.8308120995337842e-05,0.8644136668404714,-1.608315952861261e-05,0.8644319749614667,0.487067125031786,-0.004658751827140652,0.00014464975138045455,2.1697462707068182,0.0,1.0427892261262205e-08,0.0,0.044692574987345,-0.04468625978963878
0.26520000000000343,2.070726259163213,2.123821804269961,0.05309554510674763,1.0256410256410249,1.025917307341181,0.8933849469969535,6.770008238748808,26.54777255337421,26.547772553374223,0.0026547772553374223,0.002654777255337382,0.33985994239174844,0.3385004119374404,0.0013595304543080333,7.218501056043339e-05,1.838153377763332e-05,0.8644141836704387,-1.556632956134507e-05,0.8644325652042163,0.48706173706794087,-0.005984455861722328,0.00013926178753531637,2.0889268130297456,0.0,5.1165728688647516e-08,6.938893903907228e-18,0.04503458023066524,-0.045022628068693095
0.2662000000000033,1.9753089695770387,2.025957917514912,0.050648947937873334,1.025641025641026,1.0259173073411798,0.9001680275796051,6.795948543794774,25.324473968936562,25.32447396893656,0.002532447396893656,0.002532447396893667,0.3411569576440467,0.3397974271897387,0.0013595304543079778,6.885878720026828e-05,1.845173427946434e-05,0.8644143062251904,-1.5443774809553723e-05,0.8644327579594699,0.48705544807055634,-0.00643862413949292,0.0001329727901507871,1.9945918522618067,0.0,1.0478222319657075e-08,6.938893903907228e-18,0.04537827439344878,-0.045359961025083356
0.2672000000000032,1.8829227125599646,1.931202782112785,0.04828006955282049,1.0256410256410262,1.0259173073411798,0.9069764357783123,6.820669966322627,24.140034776410253,24.140034776410253,0.0024140034776410253,0.002414003477641025,0.34239302877043937,0.3410334983161314,0.0013595304543079778,6.56382248931664e-05,1.851863276362481e-05,0.8644140538004321,-1.5696199567871716e-05,0.8644325724331957,0.4870491739267541,-0.005955114671936162,0.00012669864634856642,1.9004796952284964,0.0,1.0517782134256187e-08,0.0,0.04572313385652304,-0.04569866144278843
0.2682000000000031,1.807021998635194,1.8533558960361003,0.04633389740090621,1.0256410256410278,1.025917307341181,0.9138090016429379,6.844299190063552,23.166948700453858,23.166948700453858,0.0023166948700453858,0.0023166948700453108,0.34357448995748563,0.3422149595031776,0.0013595304543080333,6.299234458280109e-05,1.8582620376463867e-05,0.8644135000594508,-1.624994054916229e-05,0.8644320826798273,0.48704382836046756,-0.0046043425260612935,0.0001213530800620033,1.8202962009300494,0.0,5.1043778066753574e-08,0.0,0.04606865164149523,-0.04603911930518741
0.269200000000003,1.7586604949851312,1.8037543538309064,0.045093858845775214,1.025641025641027,1.0259173073411798,0.9206647640087804,6.867121959202521,22.546929422887597,22.54692942288759,0.002254692942288759,0.002254692942288761,0.34471562841443404,0.34335609796012606,0.0013595304543079778,6.130647440310763e-05,1.8644512183967455e-05,0.8644127359030602,-1.7014096939771406e-05,0.8644313804152441,0.487040189863858,-0.002583025047604447,0.00011771458345244401,1.7657187517866602,0.0,1.0578994677025723e-08,0.0,0.04641441124366146,-0.04638165500051405
0.2702000000000029,1.7448812440140622,1.7896217887323744,0.044740544718312236,1.0256410256410273,1.0259173073411798,0.927543110474108,6.889541464522557,22.370272359156125,22.370272359156125,0.0022370272359156125,0.002237027235915612,0.34583660368043584,0.34447707322612786,0.0013595304543079778,6.0826133086869585e-05,1.8705428471045737e-05,0.8644118447851807,-1.790521481925822e-05,0.8644305502136518,0.48703878832297565,-0.0001855332734656439,0.00011631304257009312,1.7446956385513968,0.0,1.0609884359068112e-08,0.0,0.04676014728893786,-0.04672647266267903
0.27120000000000277,1.7676909622948969,1.8130163715845022,0.04532540928960538,1.0256410256410216,1.025917307341181,0.9344438665862055,6.9120196254202755,22.662704644802755,22.66270464480275,0.0022662704644802753,0.002266270464480269,0.34696051172532183,0.3456009812710138,0.0013595304543080333,6.162127428314956e-05,1.8766631590799215e-05,0.8644109004939718,-1.8849506028151275e-05,0.8644296671255627,0.4870398278487386,0.002238978279569532,0.00011735256833306229,1.7602885249959344,0.0,1.0640946098272108e-08,0.0,0.04710578418114788,-0.047073630442587375
0.27220000000000266,1.8237677959631602,1.8705310727827307,0.04676327681957049,1.0256410256410269,1.0259173073411831,0.9413673212474838,6.935009819083469,23.38163840978499,23.381638409784987,0.002338163840978499,0.0023381638409785245,0.3481100214084816,0.34675049095417343,0.0013595304543081443,6.357609897962233e-05,1.8829342123937394e-05,0.8644099821450169,-1.9767854983143707e-05,0.8644288114871408,0.48704315705159984,0.004337420121554525,0.00012068177119428647,1.810226567914297,0.0,1.067218884935072e-08,0.0,0.04745144711133624,-0.04742303203943546
0.27320000000000255,1.9049450931923895,1.953789839171684,0.048844745979294446,1.0256410256410269,1.025917307341181,0.9483141846416769,6.9588908536993594,24.422372989647293,24.42237298964729,0.002442237298964729,0.0024422372989647226,0.34930407313927603,0.347944542684968,0.0013595304543080333,6.640591969174492e-05,1.8894561121646203e-05,0.8644091897550303,-2.056024496965847e-05,0.864428084316152,0.4870482910889047,0.0058041893582930285,0.0001258158084991301,1.8872371274869515,0.0,1.0703639381773185e-08,6.938893903907228e-18,0.04779744382578776,-0.04777444072531188
0.27420000000000244,1.9994007402546197,2.050667425902174,0.051266685647554544,1.0256410256410258,1.0259173073411798,0.9552854848074734,6.983911801389347,25.6333428237776,25.6333428237776,0.00256333428237776,0.0025633342823777275,0.35055512052377535,0.3491955900694674,0.0013595304543079778,6.969862042905534e-05,1.89629243192577e-05,0.8644086429186445,-2.1107081355498103e-05,0.8644276058429637,0.48705448227410486,0.0064256756324092045,0.00013200699369930735,1.9801049054896103,0.0,4.546092945413699e-08,0.0,0.04814421980793409,-0.048127513820653826
0.27520000000000233,2.0933788543919802,2.14705523527382,0.05367638088183968,1.0256410256410229,1.0259173073411787,0.9622824179218994,7.010155725029178,26.838190440919455,26.83819044091945,0.0026838190440919454,0.002683819044091984,0.3518673167057669,0.35050778625145895,0.0013595304543079223,7.297467448616479e-05,1.9034609552054198e-05,0.8644084553476252,-2.129465237477035e-05,0.8644274899571773,0.4870608289647828,0.006111369891950438,0.00013835368437725704,2.0753052656588555,0.0,1.0767335872278738e-08,0.0,0.04849229340115313,-0.04848185259978599
0.2762000000000022,2.1731930977114677,2.2289159976527895,0.055722899941321735,1.0256410256410267,1.0259173073411787,0.9693061740971718,7.037527581534969,27.861449970660978,27.86144997066096,0.0027861449970660963,0.0027861449970660868,0.35323590953105644,0.3518763790767485,0.0013595304543079223,7.575697947251325e-05,1.9109310856544667e-05,0.8644086934956456,-2.1056504354355354e-05,0.8644278028065022,0.48706640687176606,0.004907045515724455,0.00014393159136050215,2.1589738704075323,0.0,5.071412154506984e-08,0.0,0.04884218032073892,-0.04883706035863604
0.2772000000000021,2.2272198630188234,2.2843280646346775,0.05710820161585417,1.0256410256410198,1.0259173073411798,0.9763577640607922,7.065768063298654,28.55410080792672,28.55410080792672,0.002855410080792672,0.0028554100807927085,0.3546479336192407,0.3532884031649327,0.0013595304543079778,7.764033928777184e-05,1.9186283028929505e-05,0.8644093392234877,-2.0410776512269635e-05,0.8644285255065166,0.4870704036663604,0.0029880921856171834,0.00014792838595484303,2.2189257893226455,0.0,1.0832430105080737e-08,0.0,0.04919431854860893,-0.0491928001880367
0.278200000000002,2.2475910574276643,2.3052215973617,0.057630539934035774,1.0256410256410227,1.025917307341181,0.9834378719600222,7.094491361999264,28.815269967017407,28.815269967017404,0.0028815269967017404,0.002881526996701789,0.35608409855427126,0.3547245680999632,0.0013595304543080333,7.835047413888227e-05,1.9264450151554843e-05,0.8644102774663643,-1.9472533635656042e-05,0.8644295419165159,0.4870722372824148,0.0006339733158599633,0.00014976200200922385,2.2464300301383577,0.0,1.0865610879451003e-08,0.0,0.0495490045485764,-0.04954884403890085
0.2792000000000019,2.2313399582296607,2.2885538033124657,0.057213845082805026,1.0256410256410227,1.0259173073411798,0.9905467557273004,7.123241355123115,28.6069225414027,28.606922541402696,0.0028606922541402698,0.0028606922541402516,0.35752159821046375,0.3561620677561558,0.0013595304543079778,7.778396479799984e-05,1.9342562282298175e-05,0.8644113191048636,-1.8430895136423153e-05,0.8644306616671459,0.48707164068450065,-0.0018124731128159632,0.00014916540409509738,2.2374810614264606,0.0,5.059043769209376e-08,0.0,0.04990635009136474,-0.04990510593374895
0.2802000000000018,2.1808332662942576,2.23675206799411,0.055918801699852416,1.0256410256410255,1.025917307341181,0.9976842095167102,7.151558032567504,27.9594008499265,27.959400849926496,0.00279594008499265,0.002795940084992621,0.35893743208268325,0.3575779016283752,0.0013595304543080333,7.602331387915329e-05,1.9419377487702028e-05,0.8644122522769915,-1.7497723008519372e-05,0.8644316716544792,0.48706870075714337,-0.003994963162369806,0.00014622547673781572,2.1933821510672358,0.0,1.093333890009287e-08,0.0,0.05026626597707673,-0.05026165448788654
0.28120000000000167,2.1034264356406536,2.1573604468109293,0.05393401117027574,1.0256410256410269,1.025917307341181,1.0048495936819954,7.179044489405584,26.967005585138622,26.967005585138615,0.0026967005585138617,0.002696700558513787,0.3603117549245872,0.3589522244702792,0.0013595304543080333,7.332493070844395e-05,1.9493842709774458e-05,0.8644129013159252,-1.684868407481055e-05,0.864432395158635,0.4870638456515435,-0.005595653724362324,0.00014137037113792772,2.120555567068916,0.0,1.0967871796730368e-08,6.938893903907228e-18,0.050628475025668064,-0.050618702916732324
0.28220000000000156,2.0103924747297275,2.0619409997228026,0.05154852499307516,1.0256410256410282,1.025917307341182,1.0120419279303277,7.205424728438699,25.77426249653837,25.77426249653837,0.002577426249653837,0.0025774262496537585,0.36163076687624307,0.360271236421935,0.0013595304543080888,7.00817896021784e-05,1.9565247126240654e-05,0.8644131689661689,-1.6581033831064573e-05,0.8644327342132951,0.4870577824325202,-0.006381431043288419,0.00013530715211462763,2.0296072817194144,0.0,1.1002812674290721e-08,6.938893903907228e-18,0.05099255244357985,-0.05097657798456238
0.28320000000000145,1.9152802215838258,1.964389970855206,0.04910974927138012,1.0256410256410255,1.025917307341182,1.019260034085539,7.230583854562796,24.554874635690183,24.554874635690183,0.0024554874635690184,0.0024554874635690062,0.3628887231824479,0.3615291927281398,0.0013595304543080888,6.676619973778816e-05,1.9633325669895057e-05,0.8644130463934244,-1.6703606575574348e-05,0.8644326797190943,0.4870513941063639,-0.006237859828473575,0.00012891882595833515,1.9337823893750272,0.0,4.6743970769589216e-08,6.938893903907228e-18,0.05135798768780594,-0.05133567241676605
0.28420000000000134,1.831941182471597,1.8789140333042023,0.04697285083260527,1.0256410256410258,1.0259173073411798,1.026502707669745,7.254584807313201,23.486425416302257,23.48642541630225,0.0023486425416302252,0.002348642541630264,0.36408877081996804,0.36272924036566007,0.0013595304543079778,6.386102123287149e-05,1.969829763119187e-05,0.8644125918620003,-1.7158137999739864e-05,0.8644322901596314,0.4870456110257594,-0.005185848835309042,0.00012313574535383065,1.8470361803074598,0.0,1.1073744369242285e-08,0.0,0.051724258817929795,-0.051696387705971444
0.28520000000000123,1.7725122920919656,1.8179613252225317,0.04544903313056614,1.0256410256410273,1.025917307341182,1.033768893315371,7.277659194773208,22.724516565282748,22.724516565282748,0.002272451656528275,0.002272451656528307,0.3652424901929685,0.3638829597386604,0.0013595304543080888,6.178934466009867e-05,1.9760834722257613e-05,0.8644118938761081,-1.7856123891935027e-05,0.8644316547108303,0.48704127539950354,-0.003378605853407215,0.00011880011909798371,1.7820017864697557,0.0,1.1109645739698751e-08,0.0,0.052090908508002194,-0.05205907564137026
0.2862000000000011,1.7456483723565785,1.7904085870323903,0.044760214675811705,1.0256410256410269,1.0259173073411831,1.0410578384617553,7.300173563734518,22.38010733790599,22.38010733790599,0.002238010733790599,0.0022380107337905855,0.36636820864103403,0.3650086781867259,0.0013595304543081443,6.085287499303649e-05,1.9821963253266696e-05,0.8644110400796097,-1.8709920390325152e-05,0.8644308620428629,0.4870390186389044,-0.0010793255568809432,0.00011654335849886621,1.7481503774829932,0.0,1.1145791210359692e-08,0.0,0.05245761064840319,-0.05242398707651631
0.287200000000001,1.7552617026642123,1.8002684129889321,0.04500671032471981,1.0256410256410236,1.025917307341181,1.0483692029529983,7.322576018295845,22.503355162359686,22.503355162359682,0.0022503355162359685,0.0022503355162359906,0.3674883313691003,0.3661288009147923,0.0013595304543080333,6.118799333483874e-05,1.988291466755344e-05,0.8644101066657729,-1.964333422710407e-05,0.8644299895804405,0.4870391694033061,0.0013771403922137003,0.00011669412290055137,1.7504118435082705,0.0,1.1182164603091235e-08,0.0,0.052824217838243016,-0.052791235396709414
0.2882000000000009,1.7999522619949193,1.8461048840973595,0.0461526221024402,1.025641025641029,1.025917307341181,1.055703108575965,7.345330961007021,23.076311051219857,23.076311051219854,0.0023076311051219854,0.00230763110512201,0.3686260785046591,0.3672665480503511,0.0013595304543080333,6.274589529461916e-05,1.994494620251831e-05,0.8644091686192225,-2.0581380777540126e-05,0.864429113565425,0.48704170573636496,0.0036330488796180137,0.00011923045595940707,1.788456839391106,0.0,1.1218769533010087e-08,0.0,0.053190782851829724,-0.053160780006328
0.2892000000000008,1.8732116185751764,1.9212426857181286,0.048031067142952244,1.025641025641025,1.025917307341181,1.063060121324061,7.368851460417494,24.015533571476237,24.015533571476237,0.002401553357147624,0.0024015533571476125,0.3698021034751827,0.3684425730208747,0.0013595304543080333,6.529969853367318e-05,2.0009157794062018e-05,0.8644083173208594,-2.1432679140565014e-05,0.8644283264786535,0.4870462582636285,0.005359864630505366,0.00012378298322296422,1.8567447483444632,0.0,1.125562896627534e-08,0.0,0.0535575509529725,-0.05353243224090345
0.2902000000000007,1.96437077404854,2.0147392554343964,0.050368481385856256,1.0256410256410238,1.0259173073411798,1.0704411689697697,7.393439094563036,25.184240692928416,25.184240692928412,0.0025184240692928414,0.002518424069292813,0.3710314851824598,0.36967195472815184,0.0013595304543079778,6.847748438110549e-05,2.007633188935158e-05,0.8644076669400288,-2.2083059971200747e-05,0.8644277432719182,0.48705216398574125,0.006306105867843415,0.00012968870533569543,1.9453305800354315,0.0,1.1292783780191863e-08,0.0,0.05392492417641406,-0.053905882842941365
0.29120000000000057,2.060153924358099,2.1129783839570293,0.05282445959893023,1.0256410256410278,1.0259173073411787,1.077847405950127,7.419240031178814,26.41222979946494,26.41222979946492,0.0026412229799464924,0.0026412229799465115,0.37232153201324864,0.3709620015589407,0.0013595304543079223,7.181646155724614e-05,2.014681949650434e-05,0.8644073376247878,-2.2412375212166324e-05,0.8644274844442843,0.48705856283319726,0.00633396841902445,0.00013608755279170826,2.041313291875624,0.0,4.7982052431133936e-08,0.0,0.05429340277820345,-0.05428074700009634
0.29220000000000046,2.1466118582660894,2.2016531879652197,0.05504132969913034,1.0256410256410255,1.025917307341181,1.0852800452423055,7.446223740819731,27.520664849566025,27.520664849566007,0.002752066484956601,0.002752066484956517,0.37367071749529457,0.37231118704098654,0.0013595304543080333,7.483036397095202e-05,2.0220489066140375e-05,0.8644074180409898,-2.233195901024665e-05,0.8644276385300559,0.4870645229210583,0.005439394583318534,0.00014204764065273157,2.1307146097909735,0.0,1.1368198019041069e-08,0.0,0.054663512381781985,-0.05465662038664428
0.29320000000000035,2.2111534262686527,2.2678496679678535,0.05669624169920073,1.0256410256410278,1.025917307341181,1.0927401817138085,7.474187442965134,28.348120849600758,28.348120849600758,0.002834812084960076,0.0028348120849600368,0.37506890260256476,0.3737093721482567,0.0013595304543080333,7.708026723458189e-05,2.029674564935421e-05,0.8644079239216527,-2.182607834733119e-05,0.8644282206673021,0.4870691762623838,0.0037526640661324486,0.00014670098197822057,2.2005147296733085,0.0,1.1406572572896891e-08,0.0,0.055035727429734484,-0.05503313804675072
0.29420000000000024,2.244379230574855,2.3019274159742116,0.057548185399356466,1.0256410256410262,1.0259173073411798,1.100228632673363,7.502785637606937,28.77409269967819,28.77409269967817,0.0028774092699678172,0.0028774092699678233,0.3764988123346549,0.3751392818803469,0.0013595304543079778,7.823851064063525e-05,2.0374617542061875e-05,0.8644087746822272,-2.0975317772786717e-05,0.8644291492997692,0.48707184517598634,0.0015194209205643366,0.0001493698955807865,2.2405484337117976,0.0,1.144545769229589e-08,0.0,0.05541040208917589,-0.055410027544173374
0.29520000000000013,2.2414504898665695,2.298923579350327,0.05747308948375762,1.0256410256410253,1.0259173073411798,1.1077458188435994,7.531580421539589,28.73654474187944,28.73654474187944,0.0028736544741879443,0.0028736544741878815,0.37793855153128747,0.3765790210769795,0.0013595304543079778,7.813641545586364e-05,2.0452897797427148e-05,0.8644098033476372,-1.9946652362823336e-05,0.8644302562454346,0.4870721409793404,-0.000935100395252468,0.00014966569893481996,2.2449854840222994,0.0,1.1484884160640893e-08,0.0,0.055787718673246146,-0.05578714863803538
0.2962,2.202793726677754,2.2592756171053865,0.0564818904276323,1.0256410256410244,1.0259173073411798,1.1152917030898553,7.560105261627052,28.24094521381597,28.240945213815966,0.002824094521381597,0.002824094521381615,0.3793647935356606,0.3780052630813526,0.0013595304543079778,7.678885015339337e-05,2.0530319997450607e-05,0.8644107993606822,-1.8950639317782958e-05,0.8644313296806797,0.4870700205936773,-0.0032534399694145134,0.00014754531327176856,2.2131796990765285,0.0,4.8806584728439495e-08,0.0,0.05616766109025807,-0.05616451370655764
0.2971999999999999,2.134038651453729,2.188757591234596,0.05471893978086673,1.0256410256410264,1.0259173073411798,1.1228657958282224,7.587932937538569,27.359469890433417,27.35946989043341,0.002735946989043341,0.0027359469890433363,0.38075617733123646,0.3793966468769285,0.0013595304543079778,7.43920650594955e-05,2.060574268553666e-05,0.8644115676578658,-1.818234213424308e-05,0.8644321734005513,0.4870657928176796,-0.00509797048431315,0.00014331753727403473,2.149763059110521,0.0,1.1565385374400686e-08,0.0,0.05655001718718489,-0.05654228594437614
0.2981999999999998,2.0451982894684195,2.0976392712496557,0.05244098178123613,1.025641025641023,1.0259173073411798,1.130467226325248,7.614737759232016,26.220490890618077,26.220490890618077,0.002622049089061808,0.0026220490890618065,0.3820964184159088,0.3807368879616008,0.0013595304543079778,7.129511178539244e-05,2.0678315600521795e-05,0.864411979461095,-1.777053890494873e-05,0.8644326577766955,0.4870600733561232,-0.006200066978839617,0.0001375980757176709,2.0639711357650636,0.0,1.1606421136867753e-08,0.0,0.05693440964619708,-0.05692075559597511
0.2991999999999997,1.9492107513746637,1.9991905142304218,0.049979762855758114,1.0256410256410244,1.0259173073411798,1.13809486950568,7.640342998250768,24.989881427879382,24.989881427879396,0.0024989881427879396,0.002498988142787906,0.3833766803668464,0.38201714991253843,0.0013595304543079778,6.794900970123752e-05,2.074760350296343e-05,0.8644119948236159,-1.7755176384137705e-05,0.8644327424271189,0.4870536951527863,-0.006399227572689297,0.00013121987238073896,1.9682980857110843,0.0,1.1647927790205012e-08,0.0,0.05732035093468542,-0.0573002976864386
0.3001999999999996,1.860055014111794,1.9077487324223568,0.047693718310562794,1.0256410256410278,1.0259173073411798,1.1457475098008323,7.6647466252605305,23.846859155281283,23.84685915528128,0.0023846859155281282,0.00238468591552814,0.38459686171733454,0.38323733126302656,0.0013595304543079778,6.48410625224867e-05,2.081364956046914e-05,0.8644116515184632,-1.8098481536776845e-05,0.8644324651680236,0.4870475870861394,-0.005666447874783702,0.00012511180573382408,1.8766770860073612,0.0,4.9505747226351346e-08,0.0,0.057707314306219316,-0.05768131740532857
0.30119999999999947,1.7907151170701292,1.8366308893026957,0.04591577223256649,1.025641025641025,1.025917307341181,1.1534240181758013,7.688121605585387,22.95788611628297,22.95788611628297,0.002295788611628297,0.0022957886116283244,0.3857656107335774,0.38440608027926937,0.0013595304543080333,6.24238906834565e-05,2.087696906104842e-05,0.8644110313903556,-1.8718609644419182e-05,0.8644319083594166,0.48704263869375636,-0.004108444985038534,0.0001201634133508045,1.8024512002620674,0.0,1.1732154233955251e-08,0.0,0.058094810512340396,-0.05806419109761302
0.30219999999999936,1.7512892543189438,1.796194106993789,0.04490485267484523,1.025641025641026,1.025917307341181,1.1611235165544826,7.710790709703582,22.4524263374225,22.452426337422498,0.00224524263374225,0.0022452426337422615,0.3868990659394872,0.38553953548517916,0.0013595304543080333,6.104951475775777e-05,2.0938474370042357e-05,0.864410224870959,-1.9525129041020328e-05,0.864431163345329,0.4870395706260705,-0.0019521159346817998,0.00011709534566495261,1.7564301849742892,0.0,1.1774784487975486e-08,0.0,0.05848245905340346,-0.058449211455326715
0.30319999999999925,1.747519141830911,1.79232732495478,0.04480818312386892,1.0256410256410253,1.0259173073411798,1.1688455056966423,7.733179507132626,22.404091561934848,22.404091561934848,0.002240409156193485,0.002240409156193446,0.38801850581093933,0.38665897535663135,0.0013595304543079778,6.091808955880837e-05,2.0999342059389497e-05,0.8644093120531084,-2.043794689154943e-05,0.8644303113951678,0.4870388296957137,0.0004885060668377568,0.00011635441530816193,1.745316229622429,0.0,1.1817722039024386e-08,0.0,0.05887004359197372,-0.05883654489188103
0.30419999999999914,1.7799538328239215,1.8255936746912,0.04563984186727854,1.0256410256410249,1.025917307341181,1.1765899379038869,7.755754389357246,22.819920933639313,22.81992093363931,0.0022819920933639312,0.0022819920933639273,0.3891472499221703,0.3877877194678623,0.0013595304543080333,6.204875494833853e-05,2.1060841559631665e-05,0.8644083663111518,-2.1383688848186644e-05,0.8644294271527114,0.4870405238067465,0.002857985308983232,0.00011804852634095253,1.770727895114288,0.0,4.956153079418358e-08,6.938893903907228e-18,0.0592575434587475,-0.05922620730674033
0.305199999999999,1.8438697574235663,1.8911484691523772,0.04727871172881093,1.0256410256410264,1.0259173073411798,1.1843572239661297,7.778954647722538,23.63935586440514,23.63935586440514,0.002363935586440514,0.0023639355864405465,0.39030726284043493,0.38894773238612695,0.0013595304543079778,6.427684843602136e-05,2.1124150288620236e-05,0.8644074713605977,-2.2278639402295575e-05,0.8644285955108864,0.4870444062402438,0.004811246837329349,0.00012193095983825675,1.8289643975738512,0.0,4.952015764761939e-08,0.0,0.05964513666268725,-0.05961806176993349
0.3061999999999989,1.9299586315496549,1.9794447503073354,0.0494861187576805,1.0256410256410242,1.025917307341181,1.1921481733369153,7.803128498009482,24.743059378840336,24.743059378840332,0.0024743059378840335,0.002474305937884025,0.3915159553547821,0.3901564249004741,0.0013595304543080333,6.727788551650488e-05,2.1190182180332827e-05,0.8644067336984673,-2.3016301532674532e-05,0.8644279238806477,0.4870499115847785,0.006063830839424909,0.00012743630437295206,1.9115445655942809,0.0,1.1948452842879851e-08,0.0,0.060033173966995555,-0.06001183846361238
0.3071999999999988,2.025683052637728,2.0776236437310023,0.051940591093274424,1.0256410256410253,1.025917307341181,1.1999638762500657,7.828482368641412,25.97029554663744,25.970295546637438,0.002597029554663744,0.0025970295546637215,0.3927836488863786,0.3914241184320706,0.0013595304543080333,7.061481540588874e-05,2.125945458570546e-05,0.8644062747860224,-2.3475213977608433e-05,0.8644275342406081,0.4870562380791278,0.0064333194500229025,0.00013376279872223673,2.006441980833551,0.0,1.199279820527783e-08,0.0,0.06042212780632861,-0.060407173976503005
0.3081999999999987,2.1171023622884584,2.1713870382445677,0.05428467595610931,1.0256410256410233,1.025917307341181,1.207805544945385,7.855050837844489,27.142337978054595,27.142337978054595,0.0027142337978054596,0.0027142337978054657,0.3941120723465325,0.39275254189222447,0.0013595304543080333,7.380167016462005e-05,2.1332012929140673e-05,0.8644061997944923,-2.3550205507705257e-05,0.8644275318074214,0.4870624643753669,0.0058659028556520805,0.0001399890949613236,2.099836424419854,0.0,5.0979462461414916e-08,6.938893903907228e-18,0.06081252348460154,-0.060803664228670645
0.3091999999999986,2.190902869682876,2.2470798663414113,0.05617699665853548,1.0256410256410258,1.025917307341181,1.2156743371262393,7.882691597910829,28.08849832926702,28.08849832926702,0.002808849832926702,0.0028088498329267744,0.3954941103498495,0.39413457989554146,0.0013595304543080333,7.637433778940814e-05,2.1407424093210958e-05,0.8644065550800824,-2.3194919917646217e-05,0.8644279625041755,0.4870676837177589,0.004444215790611504,0.000145208437353328,2.17812656029992,0.0,1.208300994082434e-08,6.938893903907228e-18,0.061204862673272915,-0.06120092331899333
0.3101999999999985,2.2363367675493073,2.2936787359480073,0.05734196839869998,1.0256410256410255,1.025917307341181,1.223571187359457,7.911106179934535,28.670984199349736,28.670984199349736,0.0028670984199349737,0.0028670984199349993,0.3969148394510348,0.39555530899672675,0.0013595304543080333,7.7958152348203e-05,2.1484839494963382e-05,0.8644072958541487,-2.2454145851336094e-05,0.8644287806936436,0.4870711359965401,0.0023753031704023546,0.00014866071613456322,2.2299107420184483,0.0,4.931311499701839e-08,6.938893903907228e-18,0.061599550351301685,-0.061598639725194936
0.31119999999999837,2.2467873702367025,2.304397302806871,0.05760993257016844,1.0256410256410242,1.0259173073411798,1.23149667097133,7.9398834208098314,28.804966285083932,28.804966285083925,0.0028804966285083927,0.002880496628508422,0.3983537014947996,0.3969941710404916,0.0013595304543079778,7.832245780000843e-05,2.1563118667815707e-05,0.8644082831148185,-2.1466885181453677e-05,0.8644298462334864,0.48707231844516685,-3.953253339400247e-05,0.00014984316476129855,2.2476474714194783,0.0,1.2175649046572657e-08,0.0,0.06199683582674787,-0.06199662167184467
0.31219999999999826,2.2207327230311376,2.277674587724246,0.05694186469310836,1.0256410256410267,1.0259173073411798,1.2394509202609842,7.968559342250699,28.470932346554182,28.470932346554175,0.0028470932346554177,0.002847093234655418,0.39978749756684295,0.398427967112535,0.0013595304543079778,7.741419917536504e-05,2.164099535141243e-05,0.8644093156706537,-2.0434329346286084e-05,0.8644309566660051,0.4870710588598392,-0.002448610951621581,0.00014858357943364764,2.2287536915047146,0.0,1.2222972602364378e-08,6.938893903907228e-18,0.06239677642923253,-0.06239482505923406
0.31319999999999815,2.161967249330598,2.217402307005742,0.055435057675143895,1.0256410256410258,1.025917307341181,1.247433605233233,7.996684721455953,27.71752883757082,27.717528837570807,0.0027717528837570807,0.0027717528837571948,0.4011937665271057,0.39983423607279767,0.0013595304543080333,7.536564914659497e-05,2.1717261901233257e-05,0.8644101859800171,-1.956401998293167e-05,0.8644319032419183,0.4870675406780927,-0.004501090172327135,0.00014506539768716076,2.1759809653074114,0.0,1.2270972439545683e-08,6.938893903907228e-18,0.06279922916084159,-0.06279335988575854
0.31419999999999804,2.079049156335499,2.1323581090620443,0.05330895272654512,1.0256410256410227,1.0259173073411787,1.255443981656856,8.023890512884114,26.65447636327256,26.65447636327256,0.002665447636327256,0.002665447636327256,0.40255405609851364,0.4011945256442057,0.0013595304543079223,7.24751447189996e-05,2.1790945161784348e-05,0.8644107367770008,-1.9013222999242352e-05,0.8644325277221625,0.48706227626419035,-0.005898060987538868,0.0001398009837847991,2.0970147567719866,0.0,1.2319624946730702e-08,0.0,0.06320387152137925,-0.06319247422849177
0.3151999999999979,1.984054075497288,2.034927256920295,0.05087318142300701,1.0256410256410255,1.025917307341181,1.2634809994494118,8.049941593552719,25.436590711504106,25.4365907115041,0.00254365907115041,0.0025436590711503506,0.40385661013194396,0.4024970796776359,0.0013595304543080333,6.916363945163456e-05,2.186144819038968e-05,0.8644108954177975,-1.885458220252101e-05,0.8644327568659879,0.4870560322918465,-0.006436078010969905,0.00013355701144096566,2.003355171614485,0.0,4.910824727779504e-08,0.0,0.0636102484751212,-0.06359251811491398
0.3161999999999978,1.8908164490494237,1.9392989221019676,0.04848247305254394,1.0256410256410229,1.0259173073411798,1.2715434556041596,8.074771004759771,24.24123652627216,24.241236526272154,0.0024241236526272155,0.0024241236526271973,0.4050980806922966,0.4037385502379886,0.0013595304543079778,6.591339861495085e-05,2.19286371918864e-05,0.8644106745221826,-1.9075477817431796e-05,0.8644326031593744,0.487049718091041,-0.006036788088852101,0.00012724281063541953,1.908642159531293,0.0,1.2418709953034639e-08,6.938893903907228e-18,0.06401783871914646,-0.06399389254727215
0.3171999999999977,1.8129147752335428,1.8593997694703046,0.04648499423676178,1.025641025641028,1.025917307341181,1.2796301693878387,8.098489703494522,23.242497118380413,23.24249711838041,0.0023242497118380412,0.002324249711838089,0.40628401562903416,0.4049244851747261,0.0013595304543080333,6.319776533359953e-05,2.1992861003641148e-05,0.8644101443950577,-1.9605604942296573e-05,0.8644321372560614,0.48704425321933936,-0.004758341122323815,0.00012177793893380917,1.8266690840071376,0.0,1.2469033545932254e-08,0.0,0.06442613060237526,-0.0643969911033199
0.3181999999999976,1.761694127531965,1.8068657718276568,0.04517164429569176,1.0256410256410258,1.025917307341181,1.287740154294686,8.121370403408323,22.585822147846276,22.585822147846272,0.0022585822147846274,0.002258582214784588,0.4074280506247242,0.40606852017041617,0.0013595304543080333,6.141222609084424e-05,2.205490029322533e-05,0.8644093956932033,-2.0354306796699362e-05,0.8644314505934966,0.4870404335437394,-0.0027869215065918812,0.0001179582633338283,1.7693739500074246,0.0,1.2519810792446183e-08,0.0,0.064834696638977,-0.06480214261831152
0.3191999999999975,1.7446139347943033,1.7893476254300522,0.044733690635748946,1.0256410256410242,1.025917307341181,1.2958727617144714,8.14380785863785,22.366845317874294,22.36684531787429,0.0022366845317874293,0.0022366845317874475,0.40854992338620055,0.4071903929318925,0.0013595304543080333,6.081681475304454e-05,2.2115853867255975e-05,0.8644085129830072,-2.1237016992747826e-05,0.8644306288368745,0.4870388153359773,-0.00040963349112576914,0.00011634005557176197,1.7451008335764295,0.0,1.2571007960924118e-08,0.0,0.0652432557645185,-0.06520956329565718
0.3201999999999974,1.7641616404584501,1.8093965543163562,0.04523491385790601,1.025641025641024,1.0259173073411787,1.304027775391706,8.166261374476655,22.617456928953175,22.617456928953175,0.0022617456928953174,0.0022617456928953005,0.4096725991781407,0.4083130687238328,0.0013595304543079223,6.149824298768217e-05,2.2176978648615765e-05,0.8644075704717611,-2.217952823890812e-05,0.8644297474504097,0.4870396342608722,0.0020273107458511678,0.0001171589804666584,1.757384706999876,0.0,1.26226133772035e-08,0.0,0.06565171426828795,-0.0656193252205198
0.32119999999999727,1.8174904481632612,1.8640927673469356,0.04660231918367441,1.0256410256410262,1.0259173073411798,1.312205442919625,8.18918791725311,23.301159591837347,23.301159591837344,0.0023301159591837344,0.0023301159591837205,0.4108189263169635,0.4094593958626555,0.0013595304543079778,6.335727217147633e-05,2.2239506626689987e-05,0.8644066460172322,-2.3103982767835873e-05,0.8644288855238589,0.48704277105569826,0.004169011101788628,0.0001202957752927114,1.804436629390671,0.0,1.267464057114692e-08,6.938893903907228e-18,0.06606017944068743,-0.06603134586182087
0.32219999999999716,1.896833910002282,1.9454706769254146,0.04863676692313268,1.0256410256410242,1.0259173073411798,1.3204064396823756,8.21297556484026,24.318383461566143,24.318383461566143,0.002431838346156614,0.002431838346156634,0.412008308696321,0.410648778242013,0.0013595304543079778,6.612316583124236e-05,2.2304465438752893e-05,0.8644058374450835,-2.391255491651645e-05,0.8644281419105222,0.4870477688988069,0.005703564804223243,0.00012529361840135644,1.8794042760203467,0.0,4.8821459281501204e-08,0.0,0.06646894394818044,-0.06644540009151152
0.32319999999999705,1.9906369796507364,2.0416789534879256,0.051041973837189225,1.025641025641021,1.0259173073411798,1.3286317704966224,8.237886989616173,25.520986918594506,25.52098691859452,0.002552098691859452,0.0025520986918594613,0.4132538799351167,0.4118943494808087,0.0013595304543079778,6.939311787972774e-05,2.2372528711818154e-05,0.8644052632737567,-2.448672624333348e-05,0.8644276358024685,0.48705389993805237,0.006407489823594736,0.000131424657646817,1.9713698647022548,0.0,4.878024343893022e-08,0.0,0.06687844321132196,-0.06686115297070334
0.32419999999999694,2.08523881128575,2.138706473113591,0.05346766182784091,1.0256410256410262,1.0259173073411798,1.3368826232768323,8.26402120463439,26.73383091391963,26.73383091391961,0.0026733830913919614,0.0026733830913920455,0.4145605906860275,0.41320106023171954,0.0013595304543079778,7.269091457628649e-05,2.244391796015439e-05,0.8644050393373577,-2.4710662642313252e-05,0.8644274832553178,0.4870602712902664,0.006178271285597004,0.00013779600986085772,2.0669401479128657,0.0,1.2833737350019946e-08,0.0,0.0672891919930472,-0.06727820852790767
0.3251999999999968,2.1668622330089926,2.2224228030861473,0.05556057007715465,1.025641025641026,1.025917307341181,1.3451601960354274,8.291299144033825,27.780285038577453,27.780285038577436,0.002778028503857744,0.0027780285038577325,0.4159244876559993,0.4145649572016913,0.0013595304543080333,7.553628707851479e-05,2.2518370325447916e-05,0.8644052381445892,-2.4511855410747074e-05,0.8644277565149147,0.48706595507473616,0.005049291043446871,0.0001434797943306032,2.152196914959048,0.0,4.869788415625907e-08,6.938893903907228e-18,0.06770170943207288,-0.06769616742565011
0.3261999999999967,2.2236201610772994,2.280636062643382,0.057015901566082494,1.0256410256410247,1.025917307341182,1.3534655224123493,8.319475177659326,28.50795078304153,28.507950783041526,0.002850795078304153,0.002850795078304125,0.4173332893372744,0.41597375888296634,0.0013595304543080888,7.751485455868845e-05,2.2595176857722267e-05,0.8644058502360801,-2.3899763919921213e-05,0.8644284454129378,0.4870701235434839,0.0031849661682725764,0.00014764826307833712,2.2147239461750567,0.0,4.865681671403983e-08,0.0,0.06811644343904026,-0.06811468511728357
0.3271999999999966,2.2472467544840113,2.3048684661374477,0.057621711653436325,1.0256410256410258,1.025917307341181,1.3617993211427193,8.348172882981089,28.810855826718875,28.810855826718875,0.0028810855826718875,0.0028810855826718164,0.4187681746033625,0.4174086441490545,0.0013595304543080333,7.833847182161027e-05,2.2673285762029384e-05,0.8644067689314365,-2.2981068563465712e-05,0.8644294422171985,0.48707216962889305,0.0008568043553592867,0.00014969434848749463,2.2454152273124195,0.0,1.2998857977739545e-08,0.0,0.0685337054658351,-0.06853352202443434
0.3281999999999965,2.2343011961961645,2.291590970457601,0.057289774261436666,1.025641025641024,1.0259173073411787,1.3701618913851135,8.376939864731776,28.644887130719624,28.64488713071962,0.0028644887130719623,0.0028644887130718335,0.4202065236908967,0.4188469932365888,0.0013595304543079223,7.788719282776982e-05,2.275145557476853e-05,0.8644078100224648,-2.193997753519028e-05,0.8644305614780395,0.48707179535293277,-0.0015961366246333168,0.0001493200725272148,2.239801087908222,0.0,5.529284533042801e-08,0.0,0.06895362514784037,-0.06895257842757711
0.3291999999999964,2.186668790423174,2.242737220946848,0.05606843052367383,1.0256410256410269,1.025917307341181,1.3785530691541337,8.40531363869917,28.034215261836852,28.034215261836845,0.0028034215261836847,0.0028034215261836916,0.42162521238926653,0.4202656819349585,0.0013595304543080333,7.622673882224859e-05,2.282843596206392e-05,0.8644087612111515,-2.0988788848486095e-05,0.8644315896471135,0.48706905522266025,-0.003816627010609357,0.00014657994225469873,2.198699133820481,0.0,1.3113052633328556e-08,0.0,0.06937613142471692,-0.06937190898851119
0.3301999999999963,2.1112863995653703,2.165421948272171,0.054135548706800485,1.0256410256410238,1.0259173073411787,1.3869722512021407,8.432888984803823,27.06777435339978,27.06777435339979,0.0027067774353399794,0.0027067774353400245,0.4230039796944991,0.4216444492401912,0.0013595304543079223,7.359892712794497e-05,2.2903149809946008e-05,0.8644094414004185,-2.030859958146447e-05,0.8644323445502284,0.487064348292178,-0.0054812895812941876,0.00014187301177243095,2.128095176586464,0.0,1.3171417477485375e-08,0.0,0.06980096288915441,-0.06979171478978301
0.33119999999999616,2.019132206355634,2.0709048270314185,0.0517726206757847,1.0256410256410253,1.0259173073411787,1.3954184828721723,8.459376960614124,25.886310337892525,25.88631033789252,0.0025886310337892523,0.002588631033789235,0.42432837848501415,0.4229688480307062,0.0013595304543079223,7.038645450791609e-05,2.2974850087956304e-05,0.8644097452764306,-2.0004723569444494e-05,0.8644327201265185,0.4870583600470829,-0.006347694129488375,0.00013588476667736327,2.038271500160449,0.0,1.323058412940641e-08,0.0,0.07022770585646933,-0.0702123140503799
0.33219999999999605,1.923626925401933,1.972950692719927,0.04932376731799404,1.0256410256410233,1.0259173073411787,1.403890597127742,8.484646980969094,24.661883658996924,24.66188365899692,0.0024661883658996923,0.0024661883658997023,0.42559187950276267,0.42423234904845475,0.0013595304543079223,6.705716379009491e-05,2.304322864161039e-05,0.8644096564689047,-2.0093531095333184e-05,0.8644326996975463,0.48705196257496947,-0.006289663359092471,0.0001294872945639125,1.9423094184586875,0.0,1.3290497679009098e-08,0.0,0.07065585461085078,-0.07063409578246407
0.33319999999999594,1.838679300911472,1.8858249240117657,0.0471456231002938,1.0256410256410255,1.0259173073411787,1.4123873845121546,8.508745835517106,23.57281155014687,23.572811550146856,0.0023572811550146857,0.00235728115501469,0.42679682223016324,0.4254372917758553,0.0013595304543079223,6.409591039221313e-05,2.3108461069932264e-05,0.8644092285947773,-2.0521405222684308e-05,0.8644323370558472,0.4870460875604793,-0.00531564849276993,0.00012361228007373715,1.8541842011060572,0.0,5.654530550135944e-08,0.0,0.07108488505439732,-0.0710574631382674
0.33419999999999583,1.7766605311084203,1.8222159293419709,0.04555539823355059,1.0256410256410264,1.025917307341181,1.4209077692856116,8.531890874584978,22.77769911677542,22.77769911677543,0.002277769911677543,0.0022777699116775297,0.4279540741835569,0.4265945437292489,0.0013595304543080333,6.193395125652854e-05,2.3171181152390606e-05,0.864408548924771,-2.120107522896042e-05,0.8644317201059234,0.48704159060104013,-0.003567498491047317,0.00011911532063457742,1.7867298095186612,0.0,1.3412322657880421e-08,0.0,0.07151433103319638,-0.07148277469772264
0.3351999999999957,1.7466026104750982,1.7913872927949654,0.04478468231986721,1.0256410256410216,1.025917307341181,1.4294509660886892,8.55443835574173,22.392341159933412,22.392341159933412,0.0022392341159933413,0.0022392341159933604,0.4290814482413946,0.42772191778708657,0.0013595304543080333,6.08861395005357e-05,2.3232388549530265e-05,0.8644077059760038,-2.2044023996192763e-05,0.8644309383645533,0.48703912660343723,-0.0012998021257200534,0.00011665132303168013,1.749769845475202,0.0,1.3474132227772494e-08,0.0,0.07194385222483113,-0.07191029224730426
0.3361999999999956,1.7528829711291325,1.7978286883375747,0.044945717208442204,1.0256410256410273,1.0259173073411798,1.4380165943167778,8.57683156085012,22.47285860422102,22.472858604221013,0.0022472858604221015,0.00224728586042211,0.43020110849681403,0.42884157804250606,0.0013595304543079778,6.110507133566534e-05,2.3293303219156295e-05,0.8644067768071094,-2.297319289057409e-05,0.8644300701103286,0.48703905440761247,0.001157188611190134,0.00011657912720691721,1.7486869081037582,0.0,1.3536503964033285e-08,0.0,0.07237328370063739,-0.0723401426552155
0.3371999999999955,1.7945869832503014,1.8406020341028726,0.04601505085257118,1.0256410256410253,1.025917307341181,1.4466047335487608,8.5995362394884,23.007525426285557,23.007525426285557,0.002300752542628556,0.0023007525426285594,0.43133634242872804,0.42997681197442,0.0013595304543080333,6.25588629906311e-05,2.3355187749915034e-05,0.8644058357616402,-2.391423835979012e-05,0.8644291909493901,0.4870413845276442,0.0034456541784359503,0.00011890924723867435,1.7836387085801153,0.0,1.359944502680012e-08,0.0,0.07280265994479788,-0.07277229939516193
0.3381999999999954,1.8656411556328132,1.9134781083413555,0.04783695270854227,1.0256410256410302,1.025917307341181,1.4552159119576769,8.622972780326743,23.91847635427105,23.91847635427105,0.002391847635427105,0.0023918476354271136,0.4325081694706452,0.43114863901633715,0.0013595304543080333,6.503579404863041e-05,2.341916348640853e-05,0.8644049721791838,-2.477782081622415e-05,0.8644283913426701,0.48704577762055246,0.00523231790748879,0.00012330234014690244,1.8495351022035367,0.0,1.3662990976925092e-08,0.0,0.07323220983229597,-0.07320658640946405
0.3391999999999953,1.9556976380324937,2.0058437313153763,0.05014609328288255,1.0256410256410247,1.0259173073411787,1.4638510293911586,8.647454988560876,25.073046641441227,25.073046641441227,0.0025073046641441226,0.002507304664144128,0.43373227988235175,0.4323727494280438,0.0013595304543079223,6.817514098269098e-05,2.348604722414215e-05,0.8644042984758057,-2.545152419430874e-05,0.8644277845230298,0.4870515939059241,0.006256982165547826,0.000129118625518565,1.9367793827784752,0.0,1.3727205758729819e-08,0.0,0.07366232329710588,-0.07364270374891092
