# Generated by scripts/prepare_faive_pip_outer_surfaces.py
v -0.04161807251 0.1680121002 0.02574218369
v -0.04160971832 0.1684397888 0.0253386116
v -0.04160942078 0.1675145569 0.0260556221
v -0.04158468628 0.1687812042 0.02486041451
v -0.04158409882 0.1669662933 0.02626688004
v -0.04154393387 0.1690232239 0.0243259697
v -0.04154308319 0.1663883667 0.02636783981
v -0.04148902893 0.1691565399 0.0237558136
v -0.04148794556 0.165803009 0.02635462189
v -0.04139050674 0.1692073364 0.02287927246
v -0.04128052902 0.1691286011 0.02200616646
v -0.04117455673 0.1628411102 0.02599554253
v -0.04116148376 0.1689219971 0.02115542603
v -0.04103594971 0.168592041 0.02034550095
v -0.04090664673 0.168145874 0.01959395027
v -0.04083618546 0.1599105377 0.02539983368
v -0.04077638626 0.1675931702 0.01891707039
v -0.04064798355 0.1669459229 0.01832954216
v -0.04052422714 0.1662181549 0.01784410286
v -0.04040780258 0.1654256592 0.01747127724
v -0.04030123138 0.1645856018 0.01721915245
v -0.04000979614 0.1592458038 0.02533821869
v -0.03993821716 0.1611917114 0.01677439308
v -0.03992232513 0.1610565338 0.0167444973
v -0.03909458542 0.1603934784 0.01667014122
v -0.03801570511 0.1332534332 0.02216813087
v -0.03772730255 0.1302602081 0.02204568481
v -0.03734600449 0.1340696411 0.02228605652
v -0.03730945206 0.1263110046 0.0215669136
v -0.03724231339 0.1257406921 0.02144002533
v -0.03716575241 0.1252073517 0.0212043457
v -0.03708271027 0.1247314682 0.020868927
v -0.03699638367 0.124331337 0.0204466629
v -0.03691008377 0.1240223312 0.01995377922
v -0.03682712936 0.12381633 0.01940921783
v -0.03679837036 0.1347799988 0.01063857174
v -0.03678239059 0.1346557465 0.01059942532
v -0.03675070953 0.1237212524 0.01883390427
v -0.0366837616 0.1237407455 0.01824995041
v -0.03666637039 0.1336038361 0.0104318037
v -0.03657907867 0.1239433441 0.01720302582
v -0.0365639267 0.1325380859 0.0103902607
v -0.03648920822 0.1242690125 0.01618620682
v -0.03647650528 0.1314735718 0.01047538567
v -0.03645970917 0.137982254 0.01171334648
v -0.03641541672 0.1247131348 0.01521390915
v -0.03640534592 0.130425415 0.01068597126
v -0.03635875702 0.1252694168 0.01429990959
v -0.0363514595 0.1294084473 0.01101903343
v -0.0363200264 0.1259299698 0.01345716381
v -0.03631560898 0.128437088 0.01146985149
v -0.03630876541 0.1676749878 0.01912171173
v -0.0362997818 0.1266854401 0.01269761753
v -0.03629829788 0.127525116 0.01203203583
v -0.03619832993 0.1670774994 0.01864811516
v -0.03618532944 0.1670987549 0.01852115631
v -0.03614946365 0.1355701294 0.01095341969
v -0.03609222031 0.1664232788 0.01825542068
v -0.03606132889 0.1666132812 0.01784521294
v -0.03599219131 0.1657230835 0.01795010757
v -0.03593920517 0.1662281189 0.01710717583
v -0.0358998909 0.1649884949 0.01773720551
v -0.03582135391 0.1659508514 0.016321558
v -0.03571009827 0.1657869263 0.01550381088
v -0.03560762024 0.165739563 0.01467001343
v -0.03557643509 0.1657124329 0.01442614937
v -0.03554155731 0.1656260376 0.01419702339
v -0.03553687286 0.1615945892 0.01729244614
v -0.03550512314 0.165485672 0.01399665451
v -0.03546936417 0.1652999115 0.01383729935
v -0.03543646622 0.1650801239 0.01372870827
v -0.03540843964 0.1648397675 0.01367752457
v -0.03280016708 0.1383172302 0.01214408779
v -0.0323810463 0.1350586243 0.01111747837
v -0.03225359726 0.1680461884 0.01959902
v -0.03214316177 0.1674487 0.01912542152
v -0.03213016129 0.1674699402 0.01899846268
v -0.03203705215 0.1667944794 0.01873272896
v -0.03200616074 0.1669844666 0.01832252121
v -0.03193702316 0.1660942841 0.01842741394
v -0.03188403702 0.1665993042 0.0175844841
v -0.03184472084 0.1653596802 0.01821451187
v -0.03176618576 0.1663220367 0.01679886627
v -0.03165492821 0.1661581116 0.0159811182
v -0.03155245209 0.1661107635 0.01514732075
v -0.03152126503 0.1660836334 0.01490345669
v -0.03148638916 0.1659972382 0.01467433071
v -0.03148170662 0.1619657898 0.01776975441
v -0.03144995499 0.1658568726 0.01447396183
v -0.03141419601 0.1656711121 0.01431460667
v -0.03138129616 0.1654513245 0.01420601654
v -0.03135326958 0.165210968 0.01415483284
v -0.02876021957 0.1691890564 0.02725559807
v -0.02875186729 0.1696167603 0.02685202599
v -0.02875156975 0.1686915131 0.02756903458
v -0.02874499702 0.1386884308 0.01262139511
v -0.02872683525 0.1699581757 0.02637382889
v -0.02872624969 0.1681432495 0.02778029251
v -0.02868608284 0.1702001953 0.02583938408
v -0.02868523216 0.1675653381 0.0278812542
v -0.02863554192 0.1602869568 0.02667700958
v -0.02863117599 0.1703335114 0.02526922798
v -0.02863009453 0.1669799652 0.02786803627
v -0.02853265381 0.1703843079 0.02439268684
v -0.02842267799 0.1703055573 0.02351958084
v -0.02832588005 0.1354298248 0.01159478569
v -0.02831670761 0.1640180664 0.02750895691
v -0.02830363274 0.1700989685 0.02266884041
v -0.02817809868 0.1697690125 0.02185891342
v -0.02804879761 0.1693228455 0.02110736275
v -0.02797833633 0.1610874939 0.02691324806
v -0.02791853333 0.1687701416 0.02043048477
v -0.02779013252 0.1681228943 0.01984295654
v -0.0277203331 0.1614346466 0.01800893021
v -0.02766637802 0.1673951263 0.01935751534
v -0.02754995155 0.1666026154 0.01898469162
v -0.02744338036 0.1657625732 0.01873256493
v -0.02708036423 0.1623686676 0.01828780746
v -0.0270644722 0.1622335052 0.01825791168
v -0.02597175217 0.1351108093 0.0236248455
v -0.02515785408 0.1344304047 0.02368154526
v -0.02508545494 0.1390234222 0.01305213547
v -0.02486945152 0.1314371643 0.0235590992
v -0.02477521133 0.1366112976 0.01229220867
v -0.02445160103 0.1274879684 0.02308032799
v -0.02438446236 0.1269176559 0.02295343971
v -0.02430790138 0.1263843155 0.02271775818
v -0.02422486115 0.125908432 0.02238234138
v -0.02413853264 0.1255083008 0.02196007729
v -0.02405223274 0.125199295 0.0214671936
v -0.02396927834 0.1249932938 0.02092263031
v -0.02394051933 0.135956955 0.01215198517
v -0.02392453766 0.1358327026 0.0121128397
v -0.02389285851 0.1248982162 0.02034731865
v -0.02382591057 0.1249177094 0.01976336479
v -0.02380852127 0.1347808075 0.01194521713
v -0.02372122955 0.1251203003 0.0187164402
v -0.02370607567 0.1337150421 0.01190367508
v -0.02363135529 0.1254459686 0.0176996212
v -0.02361865425 0.1326505432 0.0119887991
v -0.0235575676 0.1258900986 0.01672732353
v -0.02354749489 0.1316023865 0.01219938564
v -0.02350090599 0.1264463806 0.01581332302
v -0.02349360847 0.1305854187 0.01253244781
v -0.02346217728 0.1271069336 0.01497057819
v -0.02345775604 0.1296140594 0.01298326588
v -0.02344192886 0.1278624039 0.01421103191
v -0.02344044876 0.1287020721 0.01354545021
v -0.04155355072 0.1685843201 0.02474899864
v -0.03518914604 0.1686005783 0.02649889088
v -0.03518482113 0.1683518066 0.02665560913
v -0.03518496895 0.1688144226 0.02629710484
v -0.03518079281 0.1690282745 0.02609531879
v -0.04154922485 0.1683355484 0.02490571785
v -0.03518049526 0.168103035 0.02681232834
v -0.03516783524 0.1678289032 0.02691795731
v -0.03516827679 0.1691989822 0.02585622025
v -0.03515576077 0.1693696899 0.0256171217
v -0.04153656387 0.1680614166 0.02501134682
v -0.03515517426 0.1675547714 0.02702358627
v -0.03513466549 0.1672658157 0.02707406712
v -0.03513538456 0.1694906998 0.02534989929
v -0.03511500835 0.1696117096 0.02508267689
v -0.04151605606 0.1677724533 0.02506182671
v -0.03511415768 0.1669768524 0.027124547
v -0.03508658886 0.166684166 0.02711793804
v -0.04148848724 0.1674797745 0.02505521774
v -0.03508755589 0.1696783676 0.02479759884
v -0.03506010246 0.1697450256 0.02451252079
v -0.04143922615 0.1675051727 0.02461694717
v -0.04138423729 0.1674658051 0.02418039417
v -0.04133125114 0.1643220596 0.02617508221
v -0.04132471466 0.1673625031 0.02375502396
v -0.04126194763 0.167197525 0.02335006142
v -0.03505902004 0.1663914871 0.02711132908
v -0.03501084137 0.1697704239 0.02407425022
v -0.03496158028 0.1697958221 0.02363597965
v -0.03490659142 0.1697564545 0.02319942665
v -0.03485160351 0.1697170792 0.02276287365
v -0.04110525322 0.1657165756 0.02317052174
v -0.04104060173 0.1654934921 0.0227947464
v -0.04100537109 0.161375824 0.0256976881
v -0.0409754715 0.1652171402 0.02245630646
v -0.04091127014 0.1648935165 0.02216254234
v -0.04084939194 0.1645296326 0.02191982269
v -0.04079117966 0.1641333847 0.02173340988
v -0.04073789406 0.163713356 0.02160734749
v -0.03490232563 0.1649105377 0.0269317894
v -0.03474563217 0.1634295883 0.02675224972
v -0.03457644653 0.1619643021 0.02645439529
v -0.03479208088 0.1696137772 0.02233750343
v -0.03473255825 0.1695104828 0.02191213322
v -0.03466979122 0.1693455048 0.02150717068
v -0.03460702419 0.1691805267 0.02110220718
v -0.0345423727 0.1689574432 0.02072643185
v -0.03447772217 0.1687343597 0.02035065651
v -0.04056870842 0.1622480698 0.02130949306
v -0.04038720131 0.1605511246 0.02108711338
v -0.04037925529 0.1604835358 0.02107216549
v -0.03473586369 0.1600987473 0.02603842163
v -0.03440726089 0.1604990158 0.02615654087
v -0.03854257584 0.167634079 0.01901939106
v -0.03441259193 0.1684580078 0.02001221657
v -0.03434745979 0.1681816559 0.01967377758
v -0.03847837448 0.1673104553 0.01872562695
v -0.03842315674 0.1670117111 0.01848882866
v -0.03836127853 0.1666478271 0.01824610901
v -0.03830822372 0.1663207169 0.01804976177
v -0.03825001144 0.165924469 0.01786334896
v -0.03819999695 0.1655743713 0.01771069241
v -0.04011972427 0.1628886566 0.01699677277
v -0.03814671135 0.1651543427 0.01758463001
v -0.03810056114 0.1647870483 0.01747817898
v -0.03791905212 0.1630900955 0.01725579929
v -0.03996606064 0.1601511688 0.02104135799
v -0.03955219078 0.1598196411 0.02100417995
v -0.03867790031 0.1466577225 0.0238121376
v -0.03432266903 0.1597663803 0.02600761414
v -0.03773754501 0.1613931503 0.01703341961
v -0.03822029495 0.1472315598 0.01947809887
v -0.03777714729 0.1491878662 0.01419174385
v -0.03731572914 0.1609940338 0.01698129368
v -0.03594737625 0.1493553543 0.01440711451
v -0.03787150383 0.1317568207 0.02210690784
v -0.03740703773 0.134016716 0.01640335131
v -0.03739904785 0.1339545898 0.0163837781
v -0.03734103775 0.1334286346 0.01629996729
v -0.0372898159 0.1328957596 0.01627919579
v -0.03708258438 0.1344117813 0.01656077528
v -0.03158677959 0.1338419189 0.02292483807
v -0.0375183773 0.1282856064 0.02180629921
v -0.03714561462 0.131399147 0.01621797276
v -0.03710190392 0.13086689 0.01626053524
v -0.03706632423 0.1303428116 0.01636582804
v -0.03703938103 0.1298343277 0.01653235912
v -0.03702366447 0.128095089 0.01775142431
v -0.03702145576 0.1293486481 0.01675776815
v -0.03701354218 0.1284728241 0.01737165117
v -0.03701280022 0.128892662 0.01703886032
v -0.03144257832 0.1323453064 0.02286361504
v -0.03129837704 0.1308486862 0.02280239201
v -0.03690285683 0.1360259476 0.0169997015
v -0.03674773407 0.1348198853 0.0166197381
v -0.0329907732 0.147178299 0.02448153305
v -0.03165887833 0.1345902252 0.02295545101
v -0.03125192928 0.1342500229 0.02298380089
v -0.03694426537 0.1251271744 0.01938496971
v -0.03689933014 0.1252900085 0.01887656021
v -0.03686243439 0.1255120697 0.01839041138
v -0.03683410454 0.1257902107 0.0179334116
v -0.03681473923 0.1261204872 0.01751203871
v -0.03108945179 0.1288740845 0.0225630064
v -0.03088052654 0.1268994865 0.0223236208
v -0.03084695721 0.1266143303 0.02226017666
v -0.03691069603 0.1248420181 0.01932152557
v -0.03081338787 0.126329174 0.02219673252
v -0.03077510738 0.1260625038 0.02207889175
v -0.03687241554 0.1245753479 0.01920368576
v -0.0307368269 0.1257958336 0.02196105194
v -0.03069530678 0.1255578918 0.02179334354
v -0.03683089447 0.1243374062 0.01903597641
v -0.03065378571 0.1253199501 0.02162563419
v -0.03061062145 0.1251198845 0.02141450214
v -0.03684007263 0.1240360413 0.01934830666
v -0.03678773117 0.1241373405 0.01882484436
v -0.03056745815 0.1249198189 0.02120337009
v -0.0305243082 0.124765316 0.02095692825
v -0.03048115826 0.1246108131 0.02071048641
v -0.03043968105 0.1245078125 0.02043820477
v -0.03039820385 0.1244048119 0.02016592407
v -0.03035999393 0.1243572731 0.01987826824
v -0.03458171844 0.1348571854 0.01085845184
v -0.03032178402 0.1243097343 0.01959061146
v -0.03028831005 0.1243194809 0.01929863453
v -0.03025483608 0.1243292274 0.0190066576
v -0.03020249557 0.1244305229 0.0184831953
v -0.03452370834 0.1343312302 0.01077464104
v -0.03249612522 0.1345168304 0.0110132947
v -0.03023744583 0.1341923218 0.01118851042
v -0.03015015411 0.1245318222 0.01795973301
v -0.03010521698 0.1246946564 0.01745132351
v -0.03018622398 0.1336594467 0.01116773891
v -0.03013500118 0.133126564 0.01114696789
v -0.03006028175 0.1248574905 0.01694291401
v -0.03002338791 0.1250795555 0.01645676517
v -0.03009129047 0.1325943069 0.01118953037
v -0.03004757977 0.1320620575 0.01123209238
v -0.03630458641 0.1367761917 0.01133338308
v -0.03462993813 0.1381497421 0.01192871714
v -0.02998649216 0.1253016167 0.01597061634
v -0.02995816135 0.1255797577 0.01551361609
v -0.03001200008 0.1315379791 0.01133738518
v -0.0299764204 0.1310139008 0.01144267845
v -0.0299298315 0.1258578987 0.01505661631
v -0.02991046715 0.1261881752 0.01463524389
v -0.0299494772 0.1305054169 0.01160920954
v -0.02992253399 0.129996933 0.01177574062
v -0.02989110184 0.1265184517 0.014213871
v -0.02988097763 0.1268961868 0.01383409786
v -0.02990460873 0.1295112534 0.01200114965
v -0.02988668251 0.1290255737 0.01222655869
v -0.03428118134 0.1678605881 0.01936036587
v -0.03211364937 0.1682225647 0.01977609825
v -0.02987085533 0.127273922 0.01345432472
v -0.02987011528 0.1276937561 0.01312153387
v -0.02987802696 0.1285695877 0.01250765085
v -0.02986937332 0.1281135941 0.01278874302
v -0.03421946335 0.1675724716 0.01906008816
v -0.03415774536 0.1672843475 0.01875980949
v -0.03447481537 0.1369436798 0.01154875374
v -0.03426525497 0.1353143768 0.01103544903
v -0.03409574509 0.1670416107 0.01842183781
v -0.03403374481 0.1667988739 0.01808386707
v -0.03573803902 0.1639113541 0.01719981098
v -0.03397268295 0.1666062927 0.01771484852
v -0.03391162109 0.1664137115 0.01734582996
v -0.03571838188 0.1632915421 0.01751482582
v -0.03567911339 0.1637727203 0.01680700207
v -0.0343107605 0.1521340408 0.0142328229
v -0.03385269547 0.1662750778 0.01695302105
v -0.03379376984 0.1661364441 0.01656021214
v -0.03425513268 0.1520520782 0.01382394934
v -0.03373814201 0.1660544815 0.01615133858
v -0.03368251324 0.1659725189 0.01574246454
v -0.03420389366 0.1520283966 0.01340705061
v -0.03363127422 0.1659488373 0.01532556581
v -0.03358003616 0.1659251633 0.01490866709
v -0.03418830109 0.1520148315 0.01328511858
v -0.03356444359 0.1659115982 0.01478673506
v -0.03354885006 0.1658980331 0.01466480303
v -0.03353141117 0.1658548355 0.01455024004
v -0.03351397324 0.1658116379 0.01443567705
v -0.03416851997 0.1499559097 0.01471826696
v -0.03349575615 0.1657414551 0.01433549261
v -0.03347753906 0.1656712723 0.01423530817
v -0.03345965958 0.165578392 0.01415563059
v -0.03344178009 0.1654855118 0.01407595301
v -0.03342533112 0.165375618 0.01402165747
v -0.03340888119 0.1652657242 0.0139673624
v -0.03410430336 0.1515784988 0.01291080618
v -0.03389474297 0.1499491959 0.01239750147
v -0.0333948679 0.165145546 0.01394177055
v -0.03338085461 0.1650253677 0.0139161787
v -0.03186715984 0.1501347961 0.01263615513
v -0.03259060669 0.1366879272 0.01163078308
v -0.03035346317 0.1352442245 0.01135613203
v -0.03008606529 0.168408165 0.02001475239
v -0.03002186489 0.1680845413 0.01972098827
v -0.02996664715 0.1677857971 0.01948418903
v -0.0299047699 0.1674219131 0.01924146843
v -0.02985171509 0.1670948029 0.01904512215
v -0.02979350185 0.1666985474 0.01885871029
v -0.02974348736 0.1663484497 0.01870605278
v -0.02969020176 0.1659284286 0.01857998943
v -0.03168287182 0.164282547 0.01767711926
v -0.03166321373 0.163662735 0.01799213314
v -0.0296440506 0.1655611267 0.0184735384
v -0.02946254253 0.1638641739 0.01825115967
v -0.03162394619 0.1641439133 0.01728431034
v -0.03025559139 0.1525052338 0.01471013069
v -0.03019996262 0.1524232712 0.01430125666
v -0.03014872456 0.1523995972 0.01388435793
v -0.03013313103 0.1523860321 0.0137624259
v -0.03011335182 0.1503271103 0.01519557476
v -0.02960101986 0.1617002182 0.01788934231
v -0.02928103542 0.1621672287 0.01802878094
v -0.0300491333 0.1519496994 0.01338811398
v -0.02983957481 0.1503203964 0.01287480927
v -0.02869569778 0.1697612839 0.02626241302
v -0.02869137287 0.1695125122 0.02641913128
v -0.02853543854 0.1370591278 0.0121080904
v -0.02823266506 0.1500615387 0.01531516266
v -0.02691522598 0.1388559265 0.01283676529
v -0.02676010418 0.1376498642 0.01245680189
v -0.02867871284 0.1692383804 0.02652476025
v -0.02865820408 0.1689494247 0.02657524109
v -0.02817793751 0.1608608017 0.02234296989
v -0.02785000706 0.161260231 0.02246746063
v -0.02730364704 0.1476988831 0.02515092754
v -0.02863063526 0.1686567383 0.02656863213
v -0.02858137417 0.1686821365 0.02613036156
v -0.02852638626 0.1686427612 0.02569380856
v -0.02847340107 0.1654990158 0.02768849659
v -0.02846686363 0.1685394669 0.02526843834
v -0.0284040966 0.1683744888 0.02486347485
v -0.02655054569 0.1360205612 0.01194349718
v -0.02612520885 0.1356312637 0.01185381269
v -0.02606720066 0.1351053162 0.01177000141
v -0.02824740314 0.1668935394 0.02468393517
v -0.02818275261 0.1666704559 0.02430815983
v -0.02814752197 0.1625527802 0.02721110249
v -0.02811762047 0.166394104 0.02396972084
v -0.02805342007 0.1660704803 0.02367595673
v -0.02799154282 0.1657065964 0.02343323612
v -0.02793332958 0.1653103409 0.02324682426
v -0.02788004398 0.1648903198 0.02312076092
v -0.02771085835 0.1634250336 0.02282290649
v -0.02752935028 0.1617280807 0.02260052776
v -0.02752140427 0.1616604996 0.02258557987
v -0.02684604263 0.148272728 0.02081688786
v -0.02640289402 0.1502290344 0.01553053284
v -0.02726187229 0.1640656204 0.0185101862
v -0.02552860355 0.1370671158 0.01833849049
v -0.02537348175 0.1358610535 0.01795852709
v -0.0250136528 0.1329337845 0.02362032223
v -0.02496653271 0.1355208511 0.01798687696
v -0.02454918671 0.1351936798 0.01791676521
v -0.02454119587 0.1351315536 0.01789719248
v -0.02448318768 0.1346056061 0.0178133812
v -0.02443196487 0.1340727234 0.01779261017
v -0.02493033314 0.1378173599 0.01267217207
v -0.02466052628 0.1294625664 0.02331971359
v -0.0242877636 0.1325761032 0.01773138714
v -0.02424405289 0.1320438538 0.01777394915
v -0.02420847321 0.1315197754 0.01787924242
v -0.02418153 0.1310112915 0.01804577351
v -0.0241658144 0.129272049 0.0192648387
v -0.02416360378 0.1305256119 0.01827118254
v -0.02415569019 0.1296497841 0.01888506556
v -0.02415495014 0.1300696182 0.0185522747
v -0.02408641529 0.1263041344 0.02089838409
v -0.02404147816 0.1264669685 0.02038997459
v -0.02400458431 0.1266890335 0.01990382576
v -0.02397625351 0.1269671745 0.0194468255
v -0.02395688915 0.127297451 0.01902545309
v -0.02405284595 0.1260189781 0.02083493996
v -0.02401456547 0.1257523079 0.02071709919
v -0.02397304535 0.1255143661 0.02054939079
v -0.0239822216 0.1252130051 0.02086172104
v -0.0239298811 0.1253143005 0.02033825874
v -0.03840360928 0.1683063393 0.02612053728
v -0.03840144682 0.1681819534 0.02619889641
v -0.03839928389 0.1680575676 0.02627725601
v -0.03839943218 0.1685201836 0.02591875124
v -0.03839734364 0.1686271057 0.02581785822
v -0.03839525557 0.1687340317 0.0257169652
v -0.03839495802 0.1678087959 0.02643397522
v -0.03838862801 0.16767173 0.0264867897
v -0.03838229752 0.1675346642 0.02653960419
v -0.03838273954 0.1689047394 0.02547786665
v -0.03837648153 0.1689900932 0.02535831738
v -0.03837022352 0.1690754471 0.0252387681
v -0.03836963654 0.1672605324 0.02664523315
v -0.03835938215 0.1671160545 0.02667047358
v -0.03834912825 0.1669715729 0.02669571352
v -0.03834984732 0.1691964569 0.0249715457
v -0.03833965921 0.1692569618 0.02483793449
v -0.03832947111 0.1693174667 0.02470432329
v -0.04153982353 0.1672248917 0.02568959332
v -0.03832862043 0.1666826096 0.02674619341
v -0.03831483603 0.1665362663 0.02674288893
v -0.03830105162 0.1663899269 0.02673958445
v -0.03830201864 0.1693841248 0.02441924524
v -0.04148875809 0.1683181572 0.02440551567
v -0.03828829241 0.1694174538 0.02427670622
v -0.0382745657 0.1694507828 0.02413416719
v -0.04150200081 0.1667877312 0.0257082243
v -0.0414882164 0.1666413918 0.02570491982
v -0.04146358585 0.1666540909 0.02548578453
v -0.04143609142 0.166634407 0.02526750803
v -0.04140633011 0.166582756 0.02505482292
v -0.04137494659 0.166500267 0.02485234165
v -0.0382734828 0.1660972481 0.02673297548
v -0.0382253046 0.169476181 0.02369589663
v -0.04141486645 0.1683562546 0.02374810982
v -0.04138737202 0.1683365707 0.02352983332
v -0.03820067406 0.1694888802 0.02347676134
v -0.03817604351 0.1695015793 0.02325762606
v -0.04133238316 0.1682972031 0.02309328032
v -0.04130262184 0.1682455521 0.02288059521
v -0.03812105465 0.1694622116 0.02282107306
v -0.03809356022 0.1694425278 0.02260279655
v -0.03806606627 0.1694228401 0.02238452005
v -0.04113990498 0.1642788429 0.02458303213
v -0.04110757923 0.1641673012 0.02439514446
v -0.04107501411 0.1640291252 0.02422592449
v -0.04104291344 0.1638673134 0.02407904243
v -0.04101197433 0.1636853714 0.02395768261
v -0.04098286819 0.1634872475 0.0238644762
v -0.0409562254 0.1632772331 0.02380144501
v -0.03803844118 0.163875824 0.02646366596
v -0.03796009445 0.1631353493 0.02637389612
v -0.03787550163 0.1624027061 0.02622496891
v -0.04124309921 0.1681422501 0.02245522499
v -0.0412117157 0.168059761 0.02225274372
v -0.03800654364 0.1693195381 0.02195914984
v -0.03797678232 0.1692678871 0.02174646473
v -0.03794702101 0.1692162399 0.02153377962
v -0.04114894867 0.167894783 0.02184778118
v -0.04107060146 0.1671543083 0.02175801134
v -0.04103827572 0.1670427666 0.02157012367
v -0.03788425398 0.1690512619 0.02112881708
v -0.03785287046 0.1689687729 0.02092633581
v -0.03782148695 0.1688862839 0.02072385406
v -0.04097362423 0.1668196831 0.02119434834
v -0.04094105911 0.1666815071 0.02102512836
v -0.03775683546 0.1686632004 0.02034807873
v -0.03772450972 0.1685516586 0.02016019106
v -0.03769218445 0.1684401169 0.01997230339
v -0.04070244694 0.1610793037 0.02335466337
v -0.04061169338 0.1602308311 0.02324347353
v -0.04060772038 0.1601970367 0.02323599958
v -0.03778602457 0.1600046425 0.02571912766
v -0.03762172318 0.1602047768 0.02577818727
v -0.03757942724 0.159838459 0.02570372391
v -0.04087592888 0.1664051552 0.02068668842
v -0.0408438282 0.1662433434 0.02053980637
v -0.03762705421 0.168163765 0.01963386345
v -0.03965948105 0.1676136246 0.01896823072
v -0.0375944891 0.168025589 0.01946464348
v -0.03756192303 0.167887413 0.01929542398
v -0.04077962685 0.1659197197 0.02024604225
v -0.04074868774 0.1657377777 0.02012468243
v -0.03959527969 0.1672900009 0.01867446661
v -0.03956317902 0.1671281891 0.01852758455
v -0.03953557014 0.166978817 0.01840918541
v -0.04068680954 0.1653738937 0.01988196278
v -0.0406577034 0.1651757698 0.01978875637
v -0.03947369194 0.166614933 0.01816646576
v -0.03944275284 0.166432991 0.01804510593
v -0.03941622543 0.1662694359 0.01794693232
v -0.04059949112 0.1647795219 0.01960234356
v -0.04057284832 0.1645695076 0.01953931236
v -0.03935801315 0.165873188 0.0177605195
v -0.03932890701 0.1656750641 0.0176673131
v -0.03930389977 0.1655000153 0.01759098482
v -0.04051956272 0.1641494789 0.01941324997
v -0.0404349699 0.1634168358 0.01926432276
v -0.03925061417 0.1650799866 0.01746492243
v -0.03922397137 0.1648699722 0.01740189123
v -0.03920089626 0.1646863251 0.01734866571
v -0.03911014175 0.1638378487 0.01723747587
v -0.04019452572 0.1598646698 0.02320519209
v -0.03998792839 0.1596984863 0.02318978834
v -0.03978099346 0.1595327225 0.02317119932
v -0.03934384823 0.1529517632 0.02457517815
v -0.03716623259 0.1595060921 0.02567291641
v -0.04016270924 0.160871418 0.01893075323
v -0.04015873623 0.1608376236 0.01892327929
v -0.03883788109 0.1612924309 0.01690390635
v -0.04015079021 0.1607700348 0.01890833139
v -0.03994419289 0.1606038513 0.01889292765
v -0.03973725796 0.1604380875 0.01887433863
v -0.0393233881 0.1601065598 0.01883716059
v -0.03865744019 0.1538125191 0.01807412004
v -0.03843586636 0.1547906723 0.01543094254
v -0.03752098083 0.1548744164 0.01553862786
v -0.03771137142 0.1336350746 0.01928574109
v -0.03770737648 0.1336040115 0.01927595448
v -0.03767837143 0.1333410339 0.01923404908
v -0.03765276051 0.1330745964 0.01922366333
v -0.03754914474 0.1338326073 0.01936445308
v -0.03480124235 0.1335476761 0.02254648447
v -0.03738171959 0.1340366592 0.01939393449
v -0.03762283993 0.1292729073 0.02192599201
v -0.03743645859 0.1308296776 0.01913182878
v -0.03741460323 0.130563549 0.01915311003
v -0.03739681339 0.1303015099 0.01920575643
v -0.03738334179 0.1300472679 0.01928902197
v -0.03737548351 0.1291776485 0.01989855456
v -0.03737437916 0.1298044281 0.01940172648
v -0.03737042236 0.1293665161 0.01970866799
v -0.03737005138 0.1295764351 0.01954227257
v -0.03458494043 0.1313027573 0.02245464993
v -0.03451283979 0.1305544472 0.02242403841
v -0.0380119524 0.1403636818 0.02304909706
v -0.03778314972 0.1406506004 0.02088207769
v -0.03446639204 0.13395578 0.02260544729
v -0.03712443066 0.1350477943 0.01964287901
v -0.03704686928 0.1344447632 0.01945289731
v -0.03516838884 0.14062397 0.02338379478
v -0.03450244141 0.1343299332 0.02262075377
v -0.03429896688 0.134159832 0.0226349287
v -0.03741391468 0.1272983055 0.02168660641
v -0.03712685871 0.1257190895 0.02047594166
v -0.0371043911 0.1258005066 0.02022173691
v -0.03708594322 0.1259115372 0.01997866249
v -0.0370717783 0.1260506077 0.0197501626
v -0.03706209564 0.1262157459 0.01953947616
v -0.03419945192 0.1275925446 0.02206496
v -0.0340949893 0.1266052456 0.0219452672
v -0.03407820463 0.1264626675 0.02191354513
v -0.03406141996 0.1263200893 0.02188182306
v -0.03709328938 0.1254339333 0.02041249752
v -0.03707650471 0.1252913551 0.02038077545
v -0.03402785063 0.1260349331 0.02181837893
v -0.03400871038 0.125901598 0.02175945854
v -0.03398957014 0.1257682629 0.02170053864
v -0.03701908398 0.1248913498 0.02020401573
v -0.03395128965 0.1255015926 0.02158269882
v -0.03393052959 0.1253826218 0.02149884462
v -0.03390976906 0.1252636509 0.02141498995
v -0.03386824799 0.1250257092 0.0212472806
v -0.03384666586 0.1249256763 0.02114171457
v -0.03382508421 0.1248256435 0.02103614855
v -0.03378192091 0.1246255779 0.0208250165
v -0.03376034594 0.1245483265 0.02070179558
v -0.03373877096 0.1244710751 0.02057857466
v -0.03369562101 0.1243165722 0.02033213282
v -0.03367488241 0.1242650719 0.02019599199
v -0.03365414381 0.1242135715 0.02005985165
v -0.03361266661 0.1241105709 0.01978757095
v -0.03359356165 0.1240868015 0.01964374304
v -0.03357445669 0.1240630322 0.01949991465
v -0.03710270405 0.1343983574 0.01352096152
v -0.03709870911 0.1343672943 0.01351117492
v -0.03709071922 0.1343051682 0.01349160171
v -0.03706171417 0.1340421906 0.0134496963
v -0.03568205452 0.1347564659 0.01072893858
v -0.03552382278 0.1349850616 0.01081743717
v -0.03353624678 0.1240154934 0.01921225786
v -0.03351950979 0.1240203667 0.0190662694
v -0.03350277281 0.1240252399 0.01892028093
v -0.03346929884 0.1240349865 0.018628304
v -0.03344312859 0.1240856342 0.01836657286
v -0.03341695786 0.1241362839 0.01810484171
v -0.03700370407 0.1335162354 0.0133658855
v -0.03697809315 0.1332497978 0.01335549974
v -0.03562404442 0.1342305107 0.01064512777
v -0.03559503937 0.1339675331 0.01060322237
v -0.03458124781 0.1340603333 0.0107225492
v -0.03345190811 0.1338980789 0.01081015706
v -0.03676167202 0.1245352592 0.01829399776
v -0.03674488735 0.1243926811 0.0182622757
v -0.03672574711 0.124259346 0.01820335579
v -0.03670957565 0.1239896927 0.01827566624
v -0.03336461639 0.1242375832 0.01758137941
v -0.03334214783 0.1243190002 0.01732717466
v -0.03331968021 0.1244004173 0.01707296991
v -0.0369268713 0.1327169228 0.01333472824
v -0.03685477066 0.1319686165 0.01330411673
v -0.03683291531 0.1317024879 0.01332539797
v -0.03340068626 0.1333652039 0.01078938556
v -0.03337507534 0.1330987663 0.01077899981
v -0.03334946394 0.132832325 0.01076861429
v -0.03671673679 0.1246980934 0.01778558826
v -0.03669426918 0.1247795105 0.01753138351
v -0.03327474499 0.1245632515 0.01656456041
v -0.03325629807 0.124674284 0.016321486
v -0.03323785019 0.1247853146 0.01607841158
v -0.0367892046 0.1311702309 0.01336796045
v -0.03677141476 0.1309081917 0.01342060685
v -0.03330575323 0.1323000679 0.01081117678
v -0.03328389788 0.1320339394 0.01083245802
v -0.03326204252 0.1317678146 0.01085373902
v -0.03711842823 0.1435850601 0.01295254517
v -0.036681283 0.1370041008 0.01435652399
v -0.03665737343 0.1250015717 0.01704523468
v -0.03663892555 0.1251126022 0.01680216026
v -0.03320095444 0.1250073757 0.01559226274
v -0.03318678904 0.1251464462 0.01536376262
v -0.03317262411 0.1252855167 0.01513526273
v -0.03673583508 0.1303841133 0.01352589965
v -0.03672236347 0.1301298714 0.01360916519
v -0.03322646284 0.1312437363 0.01095903182
v -0.033208673 0.1309816971 0.01101167822
v -0.03319088316 0.1307196579 0.01106432486
v -0.0366105957 0.1253907433 0.01634516048
v -0.03659643078 0.1255298138 0.01611666059
v -0.03314429426 0.1255636578 0.01467826295
v -0.03313461208 0.125728796 0.01446757674
v -0.03312492943 0.1258939342 0.0142568903
v -0.03669542027 0.1296213875 0.01377569628
v -0.03668645763 0.1293785477 0.01388840079
v -0.03316393995 0.130211174 0.01123085594
v -0.03315046835 0.1299569321 0.01131412148
v -0.03313699675 0.1297026901 0.01139738703
v -0.03667184544 0.1270125294 0.01560429406
v -0.03657706547 0.1258600903 0.0156952877
v -0.03656738281 0.1260252285 0.01548460126
v -0.03310556412 0.1262242107 0.01383551741
v -0.03310050201 0.1264130783 0.01364563084
v -0.03309544086 0.1266019459 0.01345574427
v -0.03666853237 0.128892868 0.01411380982
v -0.0366642046 0.128664875 0.01425435591
v -0.03311907148 0.1292170105 0.01162279606
v -0.03311010885 0.1289741707 0.01173550057
v -0.03310114574 0.1287313309 0.01184820509
v -0.03742567062 0.1676545334 0.0190705514
v -0.03739356995 0.1674927216 0.01892366934
v -0.03736596107 0.1673433495 0.0188052702
v -0.03529497337 0.1677677879 0.0192410388
v -0.03421120739 0.1679487762 0.01944890499
v -0.03666172314 0.1273902645 0.01522452092
v -0.03665666199 0.1275791321 0.01503463435
v -0.03308531857 0.126979681 0.01307597113
v -0.03308494854 0.1271895981 0.0129095757
v -0.03308457756 0.1273995171 0.01274318027
v -0.03665592003 0.12799897 0.0147018435
v -0.03665554905 0.128208889 0.01453544807
v -0.0330924902 0.1282753448 0.01212929726
v -0.03308816242 0.1280473518 0.01226984334
v -0.0330838356 0.127819355 0.01241038942
v -0.03731074333 0.1670446053 0.01856847191
v -0.03727980423 0.1668626633 0.01844711208
v -0.03725327682 0.1666991081 0.01834893847
v -0.03523325539 0.1674796715 0.01894076109
v -0.03520239639 0.1673356133 0.01879062223
v -0.0351715374 0.1671915512 0.0186404829
v -0.03677825069 0.1347934227 0.0136783855
v -0.03661602402 0.1349909554 0.01375709748
v -0.03644859886 0.1351950073 0.01378657889
v -0.03531213951 0.1362569046 0.01125108671
v -0.03720022202 0.1663719978 0.01815259123
v -0.03717111588 0.1661738739 0.01805938482
v -0.03714610863 0.1659988251 0.01798305655
v -0.03510953712 0.1669488144 0.01830251122
v -0.03507853699 0.166827446 0.01813352537
v -0.03504753685 0.1667060776 0.01796454
v -0.03709609413 0.1656487274 0.01783039999
v -0.03706945133 0.1654387131 0.01776736879
v -0.03704637623 0.1652550659 0.01771414328
v -0.03498647499 0.1665134964 0.01759552145
v -0.03583862209 0.1650697365 0.0171534934
v -0.03495594406 0.1664172058 0.01741101217
v -0.03492541313 0.1663209152 0.0172265029
v -0.03580915928 0.1650004196 0.01695708895
v -0.03700022602 0.1648877716 0.01760769224
v -0.0348664875 0.1661822815 0.01683369398
v -0.03575023365 0.1648617859 0.01656428003
v -0.03506605721 0.1590424461 0.01527719045
v -0.03483702469 0.1661129646 0.01663728952
v -0.03480756187 0.1660436478 0.01644088507
v -0.03503824329 0.1590014648 0.01507275367
v -0.03475193405 0.1659616852 0.01603201151
v -0.03498261547 0.1589195023 0.01466388011
v -0.03472412014 0.1659207039 0.01582757473
v -0.03469630575 0.1658797226 0.01562313771
v -0.03495699596 0.1589076614 0.01445543075
v -0.03464506674 0.165856041 0.01520623899
v -0.03490575695 0.1588839798 0.01403853202
v -0.03461944723 0.1658442001 0.01499778962
v -0.0345938282 0.1658323631 0.01478934026
v -0.03489796066 0.1588771973 0.013977566
v -0.03457823563 0.1658187981 0.01466740823
v -0.03488236809 0.1588636322 0.01385563397
v -0.03457043934 0.1658120155 0.01460644221
v -0.03456264257 0.165805233 0.0145454762
v -0.03484036922 0.1586454659 0.01366847777
v -0.03454520369 0.1657620354 0.01443091321
v -0.03453648424 0.1657404366 0.01437363172
v -0.03452776527 0.1657188377 0.01431635022
v -0.03672796249 0.1623423424 0.01727412271
v -0.03663720894 0.1614938698 0.01716293287
v -0.03563745594 0.1627529716 0.01724612856
v -0.03560799313 0.1626836548 0.0170497241
v -0.03485269642 0.1557752495 0.01600535655
v -0.03450954819 0.1656486549 0.01421616578
v -0.03450043964 0.1656135635 0.01416607356
v -0.0344913311 0.1655784721 0.01411598134
v -0.03447345161 0.1654855919 0.01403630376
v -0.03446451187 0.1654391518 0.01399646497
v -0.03445557213 0.1653927116 0.01395662618
v -0.03443912315 0.1652828178 0.01390233064
v -0.03443089867 0.1652278709 0.01387518287
v -0.0344226737 0.165172924 0.01384803534
v -0.03440866041 0.1650527458 0.01382244349
v -0.0347563715 0.1582091331 0.01329416537
v -0.0346515913 0.1573944817 0.01303751302
v -0.03440165377 0.1649926567 0.01380964756
v -0.03439464712 0.1649325676 0.01379685163
v -0.03363779974 0.1574872818 0.01315683985
v -0.03437377167 0.1438362923 0.01327560115
v -0.03363749123 0.137630455 0.01184642076
v -0.03355546379 0.1452256355 0.01318845534
v -0.03352764988 0.1451846542 0.01298401856
v -0.03350203037 0.1451728134 0.0127755692
v -0.03349423409 0.1451660309 0.01271460319
v -0.03348434353 0.14413657 0.01343117738
v -0.03345223522 0.1449478645 0.01252744699
v -0.03348138237 0.1349579048 0.01098796511
v -0.03345237732 0.1346949272 0.0109460597
v -0.03313789463 0.1425039101 0.01175748992
v -0.03136725473 0.1351514244 0.0112368052
v -0.0332673893 0.1679533882 0.01947969294
v -0.0332365303 0.16780933 0.01932955408
v -0.03320567131 0.1676652679 0.01917941475
v -0.03116983128 0.1682271767 0.0198068862
v -0.03113773108 0.1680653648 0.01966000414
v -0.03108251333 0.1677666206 0.0194232049
v -0.03105490446 0.1676172485 0.01930480528
v -0.03102396584 0.1674353065 0.01918344498
v -0.03314395332 0.1673771439 0.01887913609
v -0.03311295319 0.1672557755 0.01871015024
v -0.03308195305 0.167134407 0.01854116488
v -0.03097091103 0.1671081963 0.01898709869
v -0.03094438362 0.1669446411 0.01888892555
v -0.030915277 0.1667465134 0.01879571962
v -0.03301995277 0.1668916702 0.01820319414
v -0.03298942184 0.1667953796 0.01801868486
v -0.03295889091 0.1666990891 0.01783417559
v -0.03086526251 0.1663964157 0.01864306211
v -0.03084025526 0.1662213669 0.01856673336
v -0.03081361246 0.1660113564 0.01850370169
v -0.03289782906 0.1665065079 0.01746515703
v -0.03286836624 0.166437191 0.01726875257
v -0.03283890343 0.1663678741 0.01707234812
v -0.03178345442 0.1654409256 0.01763080168
v -0.03177362537 0.1651310196 0.01778830862
v -0.0307674613 0.1656440544 0.01839725065
v -0.03074438572 0.1654604034 0.01834402514
v -0.03065363169 0.164611927 0.01823283577
v -0.0327799778 0.1662292404 0.0166795392
v -0.03275216389 0.1661882591 0.01647510242
v -0.0327243495 0.1661472778 0.01627066541
v -0.03172452879 0.1653022919 0.01723799276
v -0.03169506598 0.165232975 0.01704158831
v -0.03101088858 0.1594136353 0.01575449848
v -0.03266872072 0.1660653152 0.01586179137
v -0.03264310122 0.1660534744 0.01565334201
v -0.03261748219 0.1660416374 0.01544489264
v -0.0309552598 0.1593316727 0.01534562445
v -0.03092744541 0.1592906914 0.01514118743
v -0.03256624413 0.1660179634 0.01502799392
v -0.03255844784 0.1660111809 0.0149670279
v -0.03255065107 0.1660043983 0.01490606189
v -0.03087620735 0.1592670174 0.0147242887
v -0.03085058832 0.1592551804 0.01451583934
v -0.03253505754 0.1659908333 0.01478412986
v -0.0325263381 0.1659692345 0.01472684836
v -0.03251761913 0.1659476357 0.01466956687
v -0.03083499479 0.1592416153 0.01439390731
v -0.03082719803 0.1592348328 0.01433294129
v -0.0325001812 0.165904438 0.01455500388
v -0.03249107265 0.1658693466 0.01450491166
v -0.03248196411 0.1658342552 0.01445481944
v -0.03158228922 0.1631241684 0.01772343683
v -0.0315528264 0.1630548515 0.01752703238
v -0.03079752922 0.15614645 0.01648266459
v -0.03038137102 0.1620665092 0.01789926767
v -0.03246374702 0.1657640724 0.014354635
v -0.03245480728 0.1657176323 0.01431479621
v -0.03244586754 0.1656711922 0.01427495742
v -0.03242798805 0.1655783119 0.01419527984
v -0.03241976357 0.165523365 0.01416813207
v -0.0324115386 0.1654684181 0.01414098454
v -0.03239508867 0.1653585243 0.01408668947
v -0.03238808203 0.1652984352 0.01407389355
v -0.03238107538 0.1652383461 0.01406109762
v -0.03236706209 0.1651181679 0.01403550577
v -0.0307432003 0.1587985001 0.01395862937
v -0.03070120144 0.1585803337 0.01377147341
v -0.0305964222 0.1577656822 0.01351482105
v -0.03197468281 0.1688948174 0.02687724447
v -0.03197259426 0.1690017395 0.02677635145
v -0.03197050619 0.1691086655 0.02667545843
v -0.03196633005 0.1693225174 0.02647367239
v -0.03196007204 0.1694078712 0.02635412312
v -0.03195381403 0.1694932251 0.02623457384
v -0.03197035789 0.1686460457 0.02703396273
v -0.03196819544 0.1685216599 0.02711232185
v -0.03196603251 0.168397274 0.02719068146
v -0.02950029421 0.1455968323 0.0136657629
v -0.02947247982 0.145555851 0.01346132588
v -0.02944686079 0.145544014 0.01325287652
v -0.02943906403 0.1455372314 0.01319191051
v -0.02942917442 0.1445077705 0.01390848494
v -0.02939706516 0.1453190651 0.01300475454
v -0.02848883104 0.1443749847 0.01396827888
v -0.0277525506 0.1381691475 0.0125390985
v -0.03194129801 0.1696639328 0.02599547529
v -0.03193110991 0.1697244377 0.02586186409
v -0.0319209218 0.1697849426 0.02572825289
v -0.03195337248 0.1681231422 0.02729631042
v -0.03194704247 0.1679860764 0.02734912491
v -0.03194071198 0.1678490105 0.02740193939
v -0.0319005456 0.1699059525 0.02546103048
v -0.03188681936 0.1699392815 0.02531849146
v -0.03187309265 0.1699726105 0.02517595243
v -0.03192020321 0.1675600548 0.02745242023
v -0.03190994883 0.1674155769 0.02747766066
v -0.03189969492 0.1672710953 0.0275029006
v -0.0316857028 0.160192852 0.02635771561
v -0.03152140141 0.1603929863 0.02641677523
v -0.03147910547 0.1600266685 0.02634231186
v -0.03081315756 0.1537326279 0.02557927132
v -0.02840673971 0.1605738792 0.02450998974
v -0.02824277449 0.1607735939 0.02457223511
v -0.02796959448 0.1539929199 0.02591396856
v -0.03184563923 0.1700392685 0.02489087439
v -0.03182100868 0.1700519676 0.0246717391
v -0.03179637814 0.1700646667 0.02445260382
v -0.02863090563 0.1694951248 0.02591893005
v -0.0318721261 0.1669784088 0.02749629164
v -0.03185834169 0.1668320656 0.02749298716
v -0.03184455729 0.1666857262 0.02748968267
v -0.03176621008 0.1659452515 0.02739991283
v -0.02863036489 0.1678183517 0.0272183342
v -0.02860573435 0.1678310509 0.02699919891
v -0.02857824039 0.1678113632 0.02678092241
v -0.02854847908 0.167759716 0.0265682373
v -0.02851709557 0.167677227 0.02636575556
v -0.03174711704 0.170090065 0.02401433325
v -0.03171962261 0.1700703812 0.02379605675
v -0.03169212866 0.1700506935 0.02357778025
v -0.02858164454 0.1695205231 0.02548065948
v -0.02855701399 0.1695332222 0.0252615242
v -0.03163714075 0.1700113182 0.02314122725
v -0.03160737944 0.1699596672 0.02292854214
v -0.03157761812 0.16990802 0.02271585703
v -0.02850202608 0.1694938469 0.0248249712
v -0.02847453213 0.1694741592 0.0246066947
v -0.03041100264 0.1349733276 0.01130404019
v -0.03009651995 0.1427823105 0.01211547041
v -0.02933967161 0.1353370247 0.01147545886
v -0.02908272743 0.1428751106 0.01223479748
v -0.02722554445 0.1355305443 0.01172429919
v -0.02719654036 0.1352675705 0.01168239355
v -0.03153116989 0.1637238274 0.02713060331
v -0.02828205538 0.1654558029 0.02609644604
v -0.02824973011 0.1653442612 0.02590855837
v -0.02821716404 0.1652060852 0.02573933887
v -0.02818506384 0.1650442734 0.02559245682
v -0.02815412521 0.1648623314 0.02547109652
v -0.0281250186 0.1646642036 0.02537789059
v -0.0280983758 0.1644541931 0.02531485891
v -0.03151809549 0.1698047256 0.02229048681
v -0.03148671198 0.1697222366 0.02208800554
v -0.03145532846 0.1696397476 0.0218855238
v -0.0284150095 0.1693708649 0.02418132448
v -0.02838524818 0.1693192177 0.02396863937
v -0.03139256144 0.1694747696 0.0214805603
v -0.03136023569 0.1693632278 0.02129267263
v -0.03132791042 0.1692516861 0.02110478497
v -0.02832248116 0.1691542397 0.02356367588
v -0.02829109764 0.1690717506 0.02336119413
v -0.02821275091 0.1683312759 0.02327142429
v -0.03126325989 0.1690286026 0.02072900963
v -0.03123069477 0.1688904266 0.02055978966
v -0.0311981287 0.1687522507 0.02039057016
v -0.02814810038 0.1681081924 0.02289564896
v -0.02811577511 0.1679966507 0.02270776129
v -0.03127739143 0.161525898 0.02668382168
v -0.03119279861 0.1607932549 0.02653489447
v -0.0279141717 0.1611738625 0.02469035435
v -0.02784459734 0.1622562637 0.02486807728
v -0.02775384331 0.1614077873 0.02475688791
v -0.0277498703 0.1613739967 0.02474941397
v -0.03113299656 0.1684758987 0.02005213118
v -0.03001609135 0.1684963531 0.02010329151
v -0.02900229931 0.1685891533 0.02022261858
v -0.02897019911 0.1684273415 0.02007573652
v -0.02805064297 0.1677202988 0.0223693223
v -0.0280180769 0.1675821228 0.02220010281
v -0.02890599871 0.1681037178 0.01978197241
v -0.02887838984 0.1679543457 0.01966357279
v -0.02884745121 0.1677724037 0.01954221249
v -0.0279538765 0.1672584991 0.02190633869
v -0.02792177629 0.1670966873 0.02175945663
v -0.02797649908 0.1557480927 0.01666204643
v -0.0279491353 0.1611477242 0.02017595005
v -0.02778517008 0.1613474388 0.02023819542
v -0.02728318787 0.1548536873 0.01941290903
v -0.02706161356 0.1558318405 0.01676973152
v -0.02878557396 0.1674085197 0.01929949188
v -0.02875904655 0.1672449646 0.01920131874
v -0.02872993994 0.1670468369 0.01910811281
v -0.02785989904 0.1667328033 0.02151673603
v -0.02782896042 0.1665508614 0.02139537573
v -0.0286717267 0.1666505814 0.01892170095
v -0.02864671946 0.1664755325 0.0188453722
v -0.02862007666 0.166265522 0.01878234053
v -0.02777074718 0.1661546059 0.02120896387
v -0.02774164057 0.1659564781 0.02111575794
v -0.02856679106 0.1658455009 0.01865627718
v -0.02854371548 0.16566185 0.01860305166
v -0.02768835497 0.1655364571 0.0209896946
v -0.02766171217 0.1653264465 0.02092666292
v -0.02757711935 0.1645938034 0.02077773571
v -0.02827145338 0.1631164207 0.01826948357
v -0.02834069204 0.1620344429 0.01808857489
v -0.02818069983 0.1622679482 0.0181582942
v -0.02730485725 0.1620483742 0.02044416761
v -0.02745723963 0.1617468681 0.02036268616
v -0.02729691124 0.161980793 0.02042921972
v -0.02729293823 0.1619470024 0.02042174578
v -0.02881531525 0.1348505173 0.02329014826
v -0.0266376996 0.1414048462 0.02438788652
v -0.0264088974 0.1416917686 0.02222086668
v -0.02575017786 0.1360889626 0.020981668
v -0.02567261696 0.1354859314 0.0207916863
v -0.02546914244 0.1353158302 0.02080586123
v -0.02837231684 0.1341361618 0.02330319166
v -0.0283002162 0.1333878555 0.02327258015
v -0.0284083662 0.1345103149 0.02331849813
v -0.02820489168 0.1343402138 0.02333267307
v -0.02506219339 0.1349756279 0.02083421111
v -0.02485352039 0.1348120422 0.02079915524
v -0.02484952497 0.1347809792 0.02078936887
v -0.02482052088 0.1345180054 0.02074746323
v -0.02479490948 0.134251564 0.02073707771
v -0.02574417448 0.1446262283 0.01429133415
v -0.02530702925 0.138045269 0.01569531298
v -0.02808391428 0.1311429253 0.0231807456
v -0.02797945166 0.1301556244 0.0230610528
v -0.02457860756 0.1320066338 0.02064524317
v -0.0245567522 0.131740509 0.02066652417
v -0.02453896236 0.1314784698 0.02071917081
v -0.02452549076 0.1312242279 0.02080243635
v -0.02451763296 0.1303546066 0.02141196895
v -0.02451652765 0.1309813881 0.02091514087
v -0.02451257086 0.1305434742 0.02122208238
v -0.02451220083 0.1307533913 0.02105568695
v -0.02576765776 0.1371305809 0.01237450528
v -0.02507434654 0.1362361755 0.01512536788
v -0.02487087202 0.1360660744 0.01513954282
v -0.02766606379 0.1271937275 0.02270197439
v -0.02426900816 0.1268960514 0.02198935604
v -0.02424653959 0.1269774685 0.02173515129
v -0.02422809267 0.127088501 0.02149207687
v -0.02421392727 0.1272275715 0.02126357675
v -0.02420424509 0.1273927097 0.02105289054
v -0.02425222349 0.1267534733 0.02195763397
v -0.02763249445 0.1269085712 0.02263853025
v -0.02761570978 0.1267659931 0.02260680819
v -0.02759892511 0.126623415 0.02257508612
v -0.02421865416 0.126468317 0.02189418983
v -0.02419951391 0.1263349819 0.02183526945
v -0.02756064463 0.1263567448 0.02245724535
v -0.02754150438 0.1262234097 0.02239832497
v -0.02752236414 0.1260900745 0.02233940506
v -0.02416123343 0.1260683117 0.02171742868
v -0.02414047337 0.1259493408 0.02163357449
v -0.02748084402 0.1258521328 0.02217169666
v -0.02746008396 0.1257331619 0.02208784246
v -0.02743932343 0.1256141911 0.02200398779
v -0.02407737112 0.1256113663 0.02136030006
v -0.02739615917 0.1254141254 0.02179285574
v -0.02737457705 0.1253140926 0.02168728971
v -0.0273529954 0.1252140598 0.02158172369
v -0.02730984545 0.125059557 0.02133528185
v -0.02728827047 0.1249823055 0.02121206093
v -0.0272666955 0.1249050541 0.02108884001
v -0.0272252183 0.1248020535 0.02081655836
v -0.02720447969 0.1247505531 0.02068041754
v -0.02718374109 0.1246990528 0.02054427719
v -0.02445352602 0.135738903 0.01506943107
v -0.02424485302 0.1355753174 0.01503437519
v -0.02502487326 0.1357319832 0.0119833262
v -0.02499586916 0.1354690094 0.01194142056
v -0.02423686218 0.1355131912 0.01501480246
v -0.02423286676 0.1354821281 0.01500501609
v -0.02714553118 0.1246515141 0.02025662136
v -0.02712642622 0.1246277447 0.02011279345
v -0.02710732126 0.1246039753 0.01996896505
v -0.02707384729 0.1246137218 0.01967698812
v -0.02705711031 0.1246185951 0.01953099966
v -0.02704037333 0.1246234684 0.0193850112
v -0.02702298355 0.1344865646 0.01156686378
v -0.02699737263 0.1342201271 0.01155647802
v -0.02697176123 0.1339536858 0.01154609251
v -0.02493786097 0.1349430618 0.01185760927
v -0.02417485857 0.1349561806 0.01492120481
v -0.02414585447 0.1346932068 0.01487929916
v -0.02698803282 0.1247247639 0.0188615489
v -0.02696186256 0.1247754116 0.01859981775
v -0.02693569183 0.1248260612 0.01833808661
v -0.02390382242 0.1257122173 0.01980741215
v -0.02388135386 0.1257936344 0.0195532074
v -0.02388703775 0.1255696392 0.01977569008
v -0.02386789751 0.1254363041 0.0197167697
v -0.02692053843 0.1334208031 0.01152532148
v -0.02689868307 0.1331546745 0.01154660273
v -0.02687682772 0.1328885498 0.01156788373
v -0.02409463167 0.1341603241 0.01485852814
v -0.02406902027 0.1338938828 0.01484814262
v -0.02399691963 0.1331455727 0.01481753111
v -0.0268907547 0.1249888954 0.0178296771
v -0.02686828613 0.1250703125 0.01757547235
v -0.02684581852 0.1251517296 0.0173212676
v -0.02383641672 0.1259564686 0.0190447979
v -0.0238179698 0.1260675011 0.01880172348
v -0.02683311701 0.1323563004 0.01161044574
v -0.02681532717 0.1320942612 0.01166309214
v -0.02679753733 0.131832222 0.01171573877
v -0.02395320892 0.1326133232 0.01486009312
v -0.02393135357 0.1323471985 0.01488137412
v -0.02680892467 0.1253737946 0.01683511877
v -0.02679047775 0.125484827 0.01659204435
v -0.02677202988 0.1255958576 0.01634896994
v -0.02378107595 0.126289566 0.01831557465
v -0.02376691055 0.1264286366 0.01808707452
v -0.02676195765 0.1313081436 0.01182103205
v -0.02674848604 0.1310539017 0.01190429759
v -0.02673501444 0.1307996597 0.01198756313
v -0.02389577389 0.1318231201 0.01498666739
v -0.02387798405 0.1315610809 0.01503931403
v -0.02674369907 0.1258739986 0.01589196968
v -0.02672953367 0.1260130692 0.01566346955
v -0.02671536875 0.1261521397 0.01543496966
v -0.02373857975 0.1267067776 0.01763007426
v -0.02372889757 0.1268719158 0.01741938806
v -0.02670807123 0.1302911758 0.01215409422
v -0.0266991086 0.130048336 0.01226679873
v -0.02669014549 0.1298054962 0.01237950325
v -0.02385104084 0.131052597 0.01520584512
v -0.02383756924 0.1307983551 0.01528911066
v -0.02669600439 0.1264824162 0.01501359725
v -0.02668632221 0.1266475544 0.01480291104
v -0.02667663956 0.1268126926 0.0145922246
v -0.02381399584 0.1281894913 0.01711770844
v -0.02380893373 0.1283783588 0.01692782187
v -0.02370953321 0.1272021923 0.01699801564
v -0.02667221928 0.1293198166 0.01260491228
v -0.0266678915 0.1290918236 0.01274545836
v -0.02666356468 0.1288638268 0.01288600445
v -0.02381964302 0.1303126755 0.01551451969
v -0.02381067991 0.1300698357 0.01562722421
v -0.02666651535 0.1271904278 0.01421245146
v -0.02666145325 0.1273792953 0.01402256489
v -0.0266563921 0.1275681629 0.01383267832
v -0.02379880953 0.128756094 0.01654804873
v -0.0237984395 0.128966011 0.01638165331
v -0.02665565205 0.1279879971 0.01349988747
v -0.02665528202 0.1281979141 0.01333349204
v -0.02665491104 0.1284078331 0.01316709661
v -0.02380202627 0.129613842 0.01590831637
v -0.02379769945 0.1293858452 0.01604886246
v -0.04129659939 0.1657597923 0.02476257181
v -0.03819513559 0.1653567734 0.02664320564
v -0.04121825218 0.1650193176 0.02467280197
v -0.03811678839 0.1646162987 0.0265534358
v -0.04087163258 0.16254459 0.0236525178
v -0.03779090881 0.161670063 0.0260760417
v -0.04078703976 0.1618119469 0.02350359058
v -0.03770631599 0.1609374199 0.02592711449
v -0.03168786335 0.1652047768 0.02731014299
v -0.03160951662 0.1644643021 0.02722037315
v -0.03144657707 0.1629911842 0.0269816761
v -0.03136198425 0.1622585411 0.02683274889
v -0.04034421635 0.1625683632 0.01915313292
v -0.04025346279 0.1617198906 0.01904194307
v -0.03644501781 0.1679078674 0.01934658432
v -0.0353281126 0.1679283218 0.01939774466
v -0.03323055458 0.1682021103 0.01972493792
v -0.0390193882 0.1629893761 0.01712628603
v -0.03892863464 0.1621409035 0.01701509619
v -0.03690947151 0.1640392952 0.0174965024
v -0.036818717 0.1631908188 0.01738531256
v -0.03911504555 0.1532386818 0.02240815878
v -0.03888624287 0.1535256004 0.02024113941
v -0.03650028467 0.1532120514 0.02490987587
v -0.03844909763 0.1469446411 0.02164511824
v -0.03583433676 0.1469180107 0.02414683533
v -0.03365672112 0.1534723396 0.02524457359
v -0.03799872112 0.148209713 0.01683492136
v -0.03756157589 0.1416287537 0.01823890018
v -0.03734000206 0.1426069069 0.01559572268
v -0.03620354271 0.1436688042 0.01306023049
v -0.0366315527 0.1551746941 0.01569420409
v -0.03574212456 0.1554749718 0.01584978032
v -0.03528865719 0.1437525482 0.01316791582
v -0.03758065987 0.1323262901 0.01919305182
v -0.03472914171 0.1327993698 0.02251587296
v -0.03750855923 0.1315779839 0.0191624403
v -0.03465704107 0.1320510635 0.02248526144
v -0.03727102089 0.1281903477 0.01977886176
v -0.03440837717 0.1295671463 0.02230434561
v -0.03716655827 0.1272030468 0.01965916896
v -0.03430391455 0.1285798454 0.02218465281
v -0.03691920185 0.1271077881 0.01763173151
v -0.02822811556 0.1326395454 0.02324196863
v -0.03119391441 0.1298613853 0.0226826992
v -0.02815601492 0.1318912354 0.02321135712
v -0.03660372162 0.1364010696 0.01416654229
v -0.03652616024 0.1357980385 0.01397656059
v -0.03232482576 0.1408842621 0.02371849203
v -0.03014721012 0.147438591 0.0248162303
v -0.02948126268 0.1411445541 0.02405318928
v -0.02787498903 0.1291683254 0.02294136
v -0.02777052641 0.1281810265 0.02282166719
v -0.03350991678 0.1344240303 0.01089396787
v -0.03243858576 0.1347877274 0.01106538653
v -0.03136678553 0.1343545761 0.01110090256
v -0.0314247942 0.1348805275 0.01118471336
v -0.02928166294 0.1348110733 0.01139164805
v -0.02815232325 0.134648819 0.01147925591
v -0.03546726227 0.1374629669 0.01163105011
v -0.03319741535 0.1680415764 0.01956823206
v -0.03218362331 0.1681343765 0.01968755913
v -0.03109985733 0.1683153648 0.01989542532
v -0.03342793083 0.136001152 0.01133311605
v -0.03499493694 0.1579533806 0.01551991248
v -0.03492381668 0.156864315 0.01576263452
v -0.03423964024 0.1510449753 0.01447554493
v -0.03334745502 0.144133213 0.01227079463
v -0.0328809514 0.150041996 0.0125168283
v -0.03324267483 0.1433185616 0.01201414227
v -0.03212410307 0.1425967102 0.01187681675
v -0.03262400723 0.1575800819 0.01327616692
v -0.03161021471 0.1576728821 0.01339549398
v -0.03111031151 0.1426895103 0.01199614358
v -0.03085336733 0.1502275963 0.0127554822
v -0.03056287813 0.1637634544 0.0181216464
v -0.03047212458 0.1629149818 0.01801045704
v -0.02845296144 0.1648133736 0.0184918623
v -0.02836220741 0.1639648972 0.01838067293
v -0.03093976879 0.1583245735 0.01599722052
v -0.03086864901 0.1572355118 0.01623994255
v -0.03018447161 0.151416172 0.01495285273
v -0.02985718584 0.1560136642 0.01654245853
v -0.02891684246 0.1558808784 0.01660225248
v -0.02929228592 0.1445044136 0.01274810219
v -0.02918750668 0.1436897621 0.01249144983
v -0.02754299212 0.1365398445 0.01202579379
v -0.02757394552 0.1444587326 0.01407596397
v -0.02665906 0.1445424805 0.01418364906
v -0.02592277956 0.1383366432 0.01275446868
v -0.02774079227 0.1542798424 0.02374694872
v -0.02751199007 0.1545667648 0.02157992887
v -0.02707484484 0.1479858055 0.0229839077
v -0.02843874884 0.1669367523 0.02627598572
v -0.02836040211 0.1661962776 0.02618621588
v -0.02801378298 0.16372155 0.0251659317
v -0.02792919016 0.1629889069 0.02501700449
v -0.02748636532 0.163745327 0.02066654634
v -0.02739561129 0.1628968506 0.02055535698
v -0.02662446833 0.1492508812 0.01817371035
v -0.02618732309 0.1426699219 0.01957768917
v -0.02596574879 0.1436480751 0.01693451166
v -0.02522946835 0.1374422379 0.01550533128
v -0.02515190744 0.1368392067 0.01531534958
v -0.02472280884 0.1335032539 0.0207064662
v -0.0246507082 0.1327549438 0.02067585468
v -0.02441317034 0.1293673077 0.02129227614
v -0.02430870771 0.1283800087 0.02117258334
v -0.04001084089 0.1681592197 0.02593136048
v -0.04000975966 0.1680970268 0.02597054005
v -0.0400086782 0.1680348339 0.02600971985
v -0.04000651526 0.1679104481 0.02608807945
v -0.0400066638 0.168373064 0.02572957444
v -0.04000457525 0.1684799862 0.02562868142
v -0.04000353098 0.1685334473 0.02557823491
v -0.04000248694 0.1685869102 0.0255277884
v -0.0400021894 0.1676616764 0.02624479866
v -0.03999902439 0.1675931435 0.0262712059
v -0.03999585915 0.1675246105 0.02629761314
v -0.03998952866 0.1673875446 0.02635042763
v -0.03998997092 0.168757618 0.02528868985
v -0.03998371291 0.1688429718 0.02516914058
v -0.03998058391 0.1688856487 0.02510936594
v -0.0399774549 0.1689283257 0.0250495913
v -0.03997686768 0.1671134129 0.02645605659
v -0.03997174048 0.1670411739 0.02646867681
v -0.03996661353 0.1669689331 0.02648129678
v -0.03995635962 0.1668244514 0.02650653672
v -0.0399570787 0.1690493355 0.0247823689
v -0.03994689059 0.1691098404 0.0246487577
v -0.03994179654 0.1691400928 0.0245819521
v -0.03993670249 0.1691703453 0.02451514649
v -0.03993585181 0.1665354881 0.02655701661
v -0.03992895961 0.1664623165 0.02655536437
v -0.0399220674 0.1663891468 0.02655371213
v -0.039908283 0.1662428074 0.02655040765
v -0.03990925002 0.1692370033 0.02423006845
v -0.03989552379 0.1692703323 0.02408752942
v -0.03988866067 0.1692869968 0.02401625991
v -0.03988179731 0.1693036613 0.0239449904
v -0.03988071418 0.1659501286 0.02654379869
v -0.03984154058 0.1655798912 0.02649891376
v -0.03983253622 0.1693290596 0.02350671983
v -0.03980790567 0.1693417587 0.02328758454
v -0.0397955904 0.1693481083 0.0231780169
v -0.03978327513 0.1693544579 0.02306844926
v -0.03972828627 0.1693150902 0.02263189626
v -0.03970079184 0.1692954063 0.02241361976
v -0.03968704462 0.1692855644 0.02230448151
v -0.03967329764 0.1692757206 0.02219534326
v -0.04115723085 0.1635599766 0.02528928733
v -0.04114106798 0.1635042057 0.02519534349
v -0.04112478542 0.1634351177 0.02511073351
v -0.04110873508 0.1633542118 0.02503729248
v -0.04109326553 0.1632632408 0.02497661257
v -0.04107871246 0.1631641788 0.02493000937
v -0.04106539106 0.1630591717 0.02489849377
v -0.03960649896 0.1633584671 0.02622960424
v -0.03956732559 0.1629882298 0.02618471932
v -0.03952502918 0.1626219082 0.02611025572
v -0.04119640446 0.1639302139 0.02533417225
v -0.03948273277 0.1622555866 0.02603579211
v -0.03961377501 0.1691724186 0.02176997304
v -0.0395840137 0.1691207676 0.02155728793
v -0.03956913304 0.1690949421 0.02145094538
v -0.03955425239 0.1690691185 0.02134460282
v -0.03949148536 0.1689041405 0.02093964028
v -0.04105327559 0.1678731747 0.02105175614
v -0.03946010184 0.1688216515 0.02073715901
v -0.03944441009 0.168780407 0.02063591838
v -0.03942871833 0.1687391624 0.02053467751
v -0.03936406684 0.1685160789 0.02015890217
v -0.04094013548 0.1674827785 0.0203941493
v -0.04092385292 0.1674136906 0.02030953932
v -0.03933174109 0.1684045372 0.0199710145
v -0.03931557822 0.1683487663 0.01987707067
v -0.03929941559 0.1682929955 0.01978312683
v -0.0408912878 0.1672755146 0.02014031935
v -0.0407693162 0.1604949207 0.02437724853
v -0.04072393942 0.1600706844 0.0243216536
v -0.04072195292 0.1600537872 0.02431791663
v -0.03931110501 0.1599575901 0.02555948067
v -0.03922895432 0.1600576572 0.02558901048
v -0.03920780635 0.1598744984 0.02555177879
v -0.03900120902 0.1597083149 0.02553637505
v -0.04081161261 0.1608612423 0.02445171213
v -0.03923428535 0.1680166435 0.01944468689
v -0.04082615757 0.1669991627 0.01980187941
v -0.04081010723 0.1669182568 0.01972843838
v -0.03920172024 0.1678784676 0.01927546692
v -0.03918543768 0.1678093796 0.01919085693
v -0.03916915464 0.1677402916 0.01910624719
v -0.04077800655 0.1667564449 0.01958155632
v -0.0407138052 0.1664328213 0.01928779221
v -0.04069833565 0.1663418503 0.01922711229
v -0.04066739655 0.1661599083 0.01910575247
v -0.04060551834 0.1657960243 0.01886303282
v -0.04059096527 0.1656969624 0.01881642962
v -0.04056185913 0.1654988384 0.01872322321
v -0.04050364685 0.1651025906 0.0185368104
v -0.04049032545 0.1649975834 0.0185052948
v -0.04046368265 0.164787569 0.0184422636
v -0.04041039705 0.1643675404 0.01831620121
v -0.04036810064 0.1640012188 0.0182417376
v -0.04032272387 0.1635769825 0.01818614268
v -0.04030875826 0.1597214203 0.02428710914
v -0.04010216093 0.1595552368 0.02427170539
v -0.03999886227 0.1594721451 0.02426400352
v -0.0398953948 0.1593892632 0.02425470901
v -0.03967682219 0.1560987835 0.02495669842
v -0.03858801436 0.159375948 0.02550556755
v -0.0400504632 0.1610315647 0.01785257316
v -0.0400484767 0.1610146675 0.01784883618
v -0.04004450369 0.1609808731 0.01784136224
v -0.04003655767 0.1609132843 0.01782641435
v -0.03993325901 0.1608301926 0.01781871247
v -0.03982979155 0.1607473106 0.01780941796
v -0.03962285662 0.1605815468 0.01779082894
v -0.03920898676 0.1602500191 0.0177536509
v -0.0388760128 0.1571029987 0.01737213063
v -0.03876522589 0.1575920753 0.01605054188
v -0.03830778313 0.1576339474 0.01610438454
v -0.03786306906 0.1577840862 0.01618217266
v -0.03786353827 0.1334442539 0.02072693598
v -0.03786154079 0.1334287224 0.02072204268
v -0.03784703827 0.1332972336 0.02070108998
v -0.03783423281 0.1331640148 0.0206958971
v -0.03778242493 0.1335430202 0.02076629198
v -0.03640847373 0.1334005547 0.02235730767
v -0.03769871235 0.1336450462 0.02078103268
v -0.03753128719 0.1338490982 0.02081051409
v -0.03637242341 0.1330264015 0.02234200191
v -0.03758188057 0.1305449429 0.0205887568
v -0.03757095289 0.1304118786 0.02059939742
v -0.03756205797 0.130280859 0.02062572062
v -0.03755532217 0.130153738 0.02066735339
v -0.03755139303 0.1297189283 0.02097211969
v -0.03755084085 0.1300323181 0.02072370565
v -0.03754886246 0.1298133621 0.0208771764
v -0.03754867697 0.1299183216 0.02079397869
v -0.03615612149 0.1307814827 0.02225016737
v -0.03612007117 0.1304073277 0.02223486161
v -0.03761793089 0.130919096 0.02060406256
v -0.03607362342 0.1338086586 0.02241627049
v -0.03767897844 0.1372166615 0.02266757679
v -0.0375645771 0.1373601208 0.02158406711
v -0.03590619826 0.1340127106 0.02244575191
v -0.03723521757 0.1345587177 0.02096446776
v -0.03719643688 0.1342572021 0.02086947691
v -0.03625719666 0.1373468056 0.02283492565
v -0.03592422295 0.1341997871 0.02245340514
v -0.03582248569 0.1341147366 0.02246049261
v -0.03718577385 0.1262633753 0.02055319488
v -0.03575445199 0.1269517746 0.0218159368
v -0.03570222068 0.1264581251 0.0217560904
v -0.03569382834 0.1263868361 0.02174022937
v -0.03568543601 0.126315547 0.02172436833
v -0.03566865134 0.1261729689 0.02169264627
v -0.03563508201 0.1258878126 0.02162920213
v -0.03562551188 0.1258211451 0.02159974194
v -0.03561594176 0.1257544775 0.02157028198
v -0.03559680152 0.1256211424 0.02151136208
v -0.03555852103 0.1253544722 0.02139352226
v -0.035548141 0.1252949867 0.02135159516
v -0.03553776073 0.1252355013 0.02130966783
v -0.0355170002 0.1251165304 0.02122581315
v -0.03547547913 0.1248785887 0.0210581038
v -0.03546468806 0.1248285723 0.02100532079
v -0.03545389724 0.1247785559 0.02095253778
v -0.03543231559 0.1246785231 0.02084697175
v -0.03538915229 0.1244784575 0.0206358397
v -0.0353783648 0.1244398317 0.02057422924
v -0.03536757731 0.124401206 0.02051261878
v -0.03534600234 0.1243239546 0.02038939786
v -0.03530285239 0.1241694517 0.02014295602
v -0.03529248309 0.1241437016 0.02007488561
v -0.03528211379 0.1241179514 0.02000681543
v -0.03526137519 0.1240664511 0.01987067509
v -0.03521989799 0.1239634504 0.01959839439
v -0.03521034551 0.1239515657 0.01952648044
v -0.03520079303 0.1239396811 0.01945456624
v -0.03518168807 0.1239159117 0.01931073785
v -0.0369505372 0.1345891781 0.01207976663
v -0.03694853973 0.1345736465 0.01207487333
v -0.03694454479 0.1345425835 0.01206508672
v -0.03693655491 0.1344804573 0.01204551351
v -0.03692205238 0.1343489685 0.01202456081
v -0.03689304733 0.1340859909 0.01198265541
v -0.03514347816 0.1238683729 0.01902308106
v -0.03513510966 0.1238708096 0.01895008683
v -0.03512674117 0.1238732462 0.0188770926
v -0.03511000419 0.1238781195 0.01873110414
v -0.03507653022 0.123887866 0.01843912721
v -0.03506344509 0.1239131899 0.01830826163
v -0.03505035973 0.1239385147 0.01817739606
v -0.035024189 0.1239891644 0.01791566491
v -0.03683503723 0.1335600357 0.0118988446
v -0.03682223177 0.1334268169 0.01189365172
v -0.0356238091 0.1338320847 0.01057717645
v -0.03505913925 0.1337509575 0.01062098038
v -0.03679662085 0.1331603794 0.01188326597
v -0.03497184753 0.1240904636 0.01739220262
v -0.03496061325 0.1241311722 0.01726510024
v -0.03494937944 0.1241718807 0.01713799787
v -0.03492691183 0.1242532978 0.01688379312
v -0.0350079174 0.1332180824 0.01060020888
v -0.036745399 0.1326275043 0.01186249447
v -0.03670934868 0.1322533512 0.01184718871
v -0.036698421 0.1321202869 0.01185782933
v -0.03498230648 0.1329516449 0.01058982313
v -0.03496950102 0.1328184261 0.01058463025
v -0.03495669532 0.1326852055 0.01057943749
v -0.03667656565 0.1318541584 0.01187911057
v -0.03662544012 0.1244021358 0.01724010229
v -0.0348819766 0.124416132 0.01637538362
v -0.03487275314 0.1244716482 0.01625384641
v -0.03486352921 0.1245271635 0.0161323092
v -0.03484508133 0.1246381941 0.01588923478
v -0.03491298461 0.1321529484 0.01062199998
v -0.03663285494 0.1313219013 0.01192167306
v -0.03662396002 0.1311908817 0.01194799626
v -0.03489112926 0.1318868198 0.01064328122
v -0.03488020158 0.1317537556 0.01065392184
v -0.0348692739 0.1316206932 0.01066456234
v -0.03660617018 0.1309288425 0.01200064266
v -0.0367890687 0.1407836571 0.01233294582
v -0.03657049608 0.1374931774 0.01303493524
v -0.03653171539 0.1371916618 0.01293994439
v -0.03655484295 0.1247463226 0.01637264633
v -0.03480818558 0.1248602552 0.01540308595
v -0.03480110288 0.1249297905 0.01528883588
v -0.03479402041 0.1249993258 0.01517458594
v -0.03477985549 0.1251383963 0.01494608605
v -0.03483369422 0.1310966148 0.01076985514
v -0.0365705905 0.1304047642 0.01210593545
v -0.03656385469 0.1302776432 0.01214756823
v -0.03481590438 0.1308345757 0.01082250154
v -0.03480700946 0.1307035561 0.01084882474
v -0.03479811454 0.1305725365 0.01087514806
v -0.03655038309 0.1300234013 0.01223083377
v -0.03649884129 0.1251910095 0.01555103493
v -0.03648467636 0.12533008 0.01532253504
v -0.03475152564 0.1254165373 0.01448908627
v -0.03474668455 0.1254991064 0.01438374317
v -0.03474184322 0.1255816755 0.01427839994
v -0.03473216057 0.1257468138 0.0140677135
v -0.03477117133 0.1300640526 0.01104167914
v -0.03652343988 0.1295149174 0.01239736485
v -0.03651895857 0.1293934975 0.01245371711
v -0.03475769973 0.1298098106 0.01112494469
v -0.03475096393 0.1296826897 0.01116657746
v -0.03474422812 0.1295555687 0.01120821023
v -0.03650999594 0.1291506577 0.01256642163
v -0.03645822859 0.1257298918 0.0147869122
v -0.03649593592 0.1264712496 0.01453072894
v -0.03644854593 0.12589503 0.01457622576
v -0.03644370461 0.1259775991 0.01447088253
v -0.03471279526 0.1260770903 0.01364634061
v -0.03471026421 0.126171524 0.01355139732
v -0.03470773363 0.1262659578 0.01345645404
v -0.03470267248 0.1264548254 0.01326656747
v -0.03472630286 0.1290698891 0.01143361926
v -0.03649207067 0.128664978 0.01279183066
v -0.03648990679 0.1285509815 0.0128621037
v -0.03471734023 0.1288270493 0.01154632378
v -0.03471285892 0.1287056293 0.01160267603
v -0.03470837736 0.1285842094 0.01165902829
v -0.03648557901 0.1283229885 0.01300264978
v -0.0352599864 0.167811882 0.01928530836
v -0.03648581362 0.1268489847 0.0141509558
v -0.03648075247 0.1270378523 0.01396106923
v -0.03647822189 0.1271322861 0.01386612594
v -0.03469255018 0.1268325605 0.01288679433
v -0.03469236517 0.1269375191 0.01280359662
v -0.03469217968 0.1270424786 0.0127203989
v -0.0346918087 0.1272523975 0.01255400348
v -0.03469972181 0.1281282234 0.01194012046
v -0.03647747993 0.127552124 0.01353333509
v -0.03647710896 0.127762043 0.01336693966
v -0.03647692347 0.1278670025 0.01328374195
v -0.03469539404 0.1279002304 0.01208066654
v -0.03469323015 0.1277862339 0.01215093958
v -0.03469106674 0.1276722355 0.01222121263
v -0.03662608385 0.1349842434 0.0122371906
v -0.03646385717 0.135181776 0.01231590259
v -0.03638274384 0.1352805424 0.01235525858
v -0.03629903126 0.1353825684 0.01236999929
v -0.03544370556 0.1624966488 0.01579937422
v -0.0354297986 0.1624761581 0.01569715583
v -0.03540198469 0.1624351768 0.01549271905
v -0.03534635687 0.1623532143 0.0150838455
v -0.03533354712 0.1623472939 0.01497962081
v -0.03530792761 0.162335453 0.01477117145
v -0.03525668859 0.1623117714 0.01435427272
v -0.03525279045 0.1623083801 0.01432378972
v -0.03524499416 0.1623015976 0.0142628237
v -0.03522940159 0.1622880325 0.01414089167
v -0.03520840216 0.1621789494 0.01404731357
v -0.03516640329 0.161960783 0.01386015737
v -0.03519478464 0.1586849194 0.01664890134
v -0.03508240557 0.1615244503 0.01348584497
v -0.03503001547 0.1611171246 0.01335751879
v -0.03452311969 0.1611635246 0.01341718221
v -0.03358696938 0.1410767612 0.01270984447
v -0.03317781544 0.1417714329 0.01266627157
v -0.03316390848 0.1417509422 0.01256405318
v -0.03315109873 0.1417450218 0.0124598285
v -0.03314720058 0.1417416306 0.01242934549
v -0.03314225531 0.1412269001 0.01278763258
v -0.03312620115 0.1416325474 0.01233576739
v -0.03404441214 0.1410348892 0.01265600181
v -0.03275947046 0.1387812672 0.01143748415
v -0.03281186056 0.1391885929 0.01156581032
v -0.03138853717 0.162867836 0.01627668238
v -0.03133290839 0.1627858734 0.01586780834
v -0.031305094 0.1627448921 0.01566337132
v -0.03129118681 0.1627244015 0.01556115282
v -0.03123994875 0.1627007275 0.01514425409
v -0.03121432972 0.1626888905 0.01493580472
v -0.0312015202 0.162682972 0.01483158004
v -0.03118592668 0.1626694069 0.01470964801
v -0.03117812991 0.1626626244 0.014648682
v -0.03117423153 0.1626592331 0.01461819899
v -0.03113961792 0.1590561199 0.0171262095
v -0.03066944623 0.158989727 0.01715610647
v -0.0310902338 0.1622229004 0.01424388707
v -0.03104823494 0.162004734 0.0140567311
v -0.03102723551 0.1618956509 0.01396315312
v -0.03097484589 0.1614883251 0.01383482695
v -0.03036745119 0.1690419369 0.02706642127
v -0.03036640692 0.1690953979 0.02701597476
v -0.03036536288 0.1691488609 0.02696552825
v -0.03036327481 0.1692557869 0.02686463523
v -0.03035909867 0.1694696388 0.02666284919
v -0.03035596967 0.1695123158 0.02660307455
v -0.03035284066 0.1695549927 0.02654329991
v -0.03034658265 0.1696403465 0.02642375064
v -0.03036312628 0.1687931652 0.02722313952
v -0.03036096382 0.1686687794 0.02730149865
v -0.03035988259 0.1686065865 0.02734067822
v -0.03035880113 0.1685443935 0.02737985802
v -0.02912264562 0.1421426315 0.01314357901
v -0.02910873842 0.1421221409 0.0130413605
v -0.02909592891 0.1421162224 0.01293713582
v -0.02909203053 0.1421128311 0.01290665281
v -0.02908708572 0.1415981007 0.01326494002
v -0.02907103109 0.1420037479 0.01281307483
v -0.02861691403 0.1415317078 0.013294837
v -0.02901864147 0.1415964222 0.01268474865
v -0.03033406663 0.1698110542 0.02618465209
v -0.03032897258 0.1698413067 0.02611784649
v -0.03032387853 0.1698715591 0.02605104089
v -0.03031369042 0.1699320641 0.02591742969
v -0.0303461411 0.1682702618 0.02748548698
v -0.03033981109 0.1681331959 0.02753830147
v -0.03033664608 0.1680646629 0.02756470871
v -0.03033348083 0.16799613 0.02759111595
v -0.03029331422 0.1700530739 0.02565020728
v -0.0302864511 0.1700697384 0.02557893777
v -0.03027958775 0.1700864029 0.02550766826
v -0.03026586103 0.1701197319 0.02536512923
v -0.03031297207 0.1677071743 0.02764159679
v -0.03030271769 0.1675626965 0.02766683722
v -0.03029759049 0.1674904575 0.02767945743
v -0.03029246354 0.1674182167 0.0276920774
v -0.03016062236 0.1602399044 0.02651736259
v -0.03007847166 0.1603399715 0.0265468924
v -0.03005732369 0.1601568127 0.02650966072
v -0.02972434974 0.1570097923 0.02612814045
v -0.02852114081 0.160430418 0.02559349966
v -0.0284391582 0.1605302753 0.02562462234
v -0.0283025682 0.1571399384 0.02629548907
v -0.02991417027 0.1605401058 0.02660595202
v -0.03023840761 0.1701863899 0.02508005118
v -0.03022609234 0.1701927395 0.02497048354
v -0.03021377707 0.1701990891 0.0248609159
v -0.03018914652 0.1702117882 0.02464178061
v -0.03026489472 0.1671255302 0.02768546844
v -0.03025111032 0.166979187 0.02768216395
v -0.03024421811 0.1669060154 0.02768051171
v -0.03023732591 0.1668328457 0.02767885947
v -0.0301981523 0.1664626083 0.02763397455
v -0.03013988543 0.1702371864 0.02420351005
v -0.03012613821 0.1702273445 0.0240943718
v -0.03011239123 0.1702175007 0.02398523355
v -0.03008489728 0.170197813 0.02376695704
v -0.03002990937 0.1701584377 0.02333040404
v -0.03001502872 0.1701326122 0.02322406149
v -0.03000014806 0.1701067886 0.02311771894
v -0.02997038674 0.1700551414 0.02290503383
v -0.02936844134 0.1352015762 0.01144941294
v -0.0292112 0.1391060677 0.01185512805
v -0.02870430374 0.1391524677 0.01191479158
v -0.02992393875 0.1638709469 0.02731978011
v -0.02829938149 0.1647369347 0.02680270147
v -0.02828321886 0.1646811638 0.02670875764
v -0.02826693583 0.1646120758 0.02662414789
v -0.02825088573 0.1645311699 0.02655070686
v -0.02823541641 0.1644401989 0.02649002671
v -0.0282208631 0.164341135 0.02644342375
v -0.0282075417 0.1642361298 0.02641190791
v -0.02996311212 0.1642411842 0.02736466503
v -0.02816524529 0.1638698082 0.02633744431
v -0.02838908243 0.1697865639 0.02363776755
v -0.02991086411 0.1699518471 0.02247966361
v -0.02989517236 0.1699106026 0.02237842298
v -0.0298794806 0.1698693581 0.0222771821
v -0.02984809709 0.169786869 0.02207470036
v -0.02828167343 0.1695441151 0.0229137764
v -0.02978533006 0.169621891 0.02166973686
v -0.02976916718 0.1695661201 0.02157579303
v -0.02975300455 0.1695103493 0.02148184919
v -0.0281954248 0.1690501442 0.02256516886
v -0.02972067928 0.1693988075 0.02129396152
v -0.02813077426 0.1688270607 0.02218939352
v -0.02965602875 0.169175724 0.02091818619
v -0.02963974619 0.169106636 0.0208335762
v -0.02962346315 0.1690375481 0.02074896646
v -0.02809844899 0.168715519 0.02200150585
v -0.02808228636 0.1686597481 0.02190756202
v -0.02959089708 0.1688993721 0.02057974696
v -0.02811055541 0.1609305439 0.02574274158
v -0.02962786388 0.1613066959 0.02679853487
v -0.02958556747 0.1609403744 0.02672407126
v -0.02794625401 0.1611306782 0.0258018012
v -0.02791146684 0.1616718788 0.02589066267
v -0.02786608982 0.1612476406 0.02583506799
v -0.02786410332 0.1612307453 0.02583133101
v -0.02967016029 0.1616730175 0.02687299848
v -0.02801715422 0.1683833961 0.02156912303
v -0.02952576494 0.1686230202 0.02024130797
v -0.02896731234 0.1686332474 0.02026688814
v -0.02798458815 0.1682452202 0.02139990354
v -0.02796830511 0.1681761322 0.02131529379
v -0.02790410471 0.1678525085 0.02102152967
v -0.02787200451 0.1676906967 0.02087464762
v -0.02785595441 0.1676097908 0.02080120659
v -0.02784841609 0.1585913696 0.01733548832
v -0.0278347342 0.1612911854 0.01909244013
v -0.02775275159 0.1613910427 0.01912356281
v -0.02750176048 0.1581441669 0.01871091962
v -0.02739097333 0.1586332436 0.01738933086
v -0.02758878636 0.1615907574 0.01918580818
v -0.02779407716 0.1672459068 0.02055848598
v -0.02776313853 0.1670639648 0.02043712568
v -0.02774766922 0.1669729939 0.02037644553
v -0.02768945599 0.1665767384 0.02019003367
v -0.02766034937 0.1663786106 0.02009682775
v -0.02764579606 0.1662795467 0.02005022478
v -0.02759251046 0.1658595257 0.01992416143
v -0.02756586766 0.1656495152 0.01986112976
v -0.02755254626 0.1655445099 0.01982961392
v -0.02751024985 0.1651781883 0.01975515032
v -0.02719261074 0.1622085209 0.01936598754
v -0.02723798776 0.1626327591 0.01942158222
v -0.02718466473 0.1621409397 0.01935103965
v -0.02726085591 0.1619901867 0.01931029892
v -0.02718069172 0.1621071491 0.0193435657
v -0.02717870522 0.1620902538 0.01933982873
v -0.02739353371 0.1349806633 0.02345749688
v -0.02630472589 0.1382578278 0.02400636601
v -0.02619032478 0.138401289 0.02292285609
v -0.02586096501 0.1355998859 0.02230325675
v -0.02582218456 0.1352983704 0.0222082659
v -0.0257204473 0.1352133198 0.02221535337
v -0.02551697278 0.1350432186 0.02222952831
v -0.02698658466 0.134640461 0.02348584676
v -0.02676508546 0.1342832832 0.02349236846
v -0.02672903514 0.1339091301 0.0234770627
v -0.02678311014 0.1344703598 0.0235000217
v -0.02668137288 0.1343853092 0.02350710917
v -0.02511002374 0.1347030163 0.02225787818
v -0.02500568724 0.1346212234 0.02224035025
v -0.02500368953 0.1346056919 0.02223545706
v -0.02498918748 0.134474205 0.02221450424
v -0.02497638178 0.1343409843 0.02220931149
v -0.02494033146 0.1339668293 0.02219400573
v -0.02541481471 0.1418248253 0.01367173481
v -0.02519624209 0.1385343456 0.01437372422
v -0.02587225747 0.1417829514 0.01361789227
v -0.0264766829 0.1312900448 0.0233699224
v -0.02642445159 0.1307963943 0.023310076
v -0.02472402954 0.131721899 0.02210217118
v -0.02471310186 0.1315888367 0.02211281168
v -0.02470420694 0.1314578171 0.022139135
v -0.02469747114 0.1313306961 0.02218076777
v -0.02469354224 0.1308958855 0.02248553407
v -0.02469298959 0.1312092762 0.02223712003
v -0.02469101119 0.1309903193 0.02239059079
v -0.02469082618 0.1310952778 0.02230739307
v -0.02651273322 0.1316641998 0.02338522816
v -0.02464131093 0.130402236 0.02242568767
v -0.02492477894 0.1364237366 0.01370878828
v -0.02482304168 0.136338686 0.01371587574
v -0.02496355939 0.1367252522 0.01380377913
v -0.02605883241 0.127340848 0.02289115119
v -0.02432792306 0.1274403391 0.02206660926
v -0.02611106372 0.1278344975 0.02295099759
v -0.02602526307 0.1270556917 0.02282770705
v -0.0260084784 0.1269131136 0.02279598498
v -0.02600008607 0.1268418245 0.02278012395
v -0.02599169374 0.1267705355 0.02276426291
v -0.02595341325 0.1265038652 0.02264642215
v -0.025934273 0.1263705301 0.02258750176
v -0.02592470288 0.1263038626 0.02255804157
v -0.02591513276 0.126237195 0.02252858162
v -0.02587361264 0.1259992533 0.02236087322
v -0.02585285258 0.1258802824 0.02227701902
v -0.02584247255 0.125820797 0.02223509192
v -0.02583209229 0.1257613115 0.02219316459
v -0.02578892803 0.1255612459 0.02198203254
v -0.02576734591 0.1254612131 0.02187646651
v -0.02575655484 0.1254111967 0.0218236835
v -0.02574576402 0.1253611803 0.02177090049
v -0.02570261407 0.1252066774 0.02152445865
v -0.02568103909 0.125129426 0.02140123773
v -0.02567025161 0.1250908003 0.02133962727
v -0.02565946412 0.1250521746 0.02127801681
v -0.02561798692 0.1249491739 0.02100573516
v -0.02559724832 0.1248976736 0.02086959434
v -0.02558687901 0.1248719234 0.02080152392
v -0.02557650971 0.1248461733 0.02073345375
v -0.02440569568 0.1360115147 0.01364576399
v -0.02419702268 0.135847929 0.01361070812
v -0.02409268618 0.1357661362 0.01359318018
v -0.02408469534 0.13570401 0.01357360744
v -0.02408069992 0.1356729469 0.01356382108
v -0.02407870221 0.1356574154 0.01355892789
v -0.0255382998 0.1247986345 0.02044579792
v -0.02551919484 0.1247748652 0.02030197001
v -0.02550964236 0.1247629805 0.02023005605
v -0.02550008988 0.1247510958 0.02015814185
v -0.02546661592 0.1247608423 0.01986616492
v -0.02544987893 0.1247657156 0.01972017646
v -0.02544151044 0.1247681522 0.01964718223
v -0.02543314195 0.1247705889 0.01957418799
v -0.02402069402 0.1351314678 0.01347511661
v -0.02541575241 0.1346336861 0.01175604045
v -0.02540294695 0.1345004673 0.01175084758
v -0.02539014125 0.1343672466 0.01174565482
v -0.02399168992 0.134868494 0.01343321097
v -0.02397718787 0.1347370071 0.01341225815
v -0.02536452985 0.1341008053 0.01173526931
v -0.02538080144 0.1248718843 0.0190507257
v -0.02535463119 0.1249225321 0.01878899455
v -0.02534154606 0.1249478559 0.01865812898
v -0.02532846069 0.1249731808 0.0185272634
v -0.02392596507 0.1342041245 0.01339148712
v -0.02531330705 0.1335679226 0.01171449828
v -0.02530237937 0.1334348583 0.0117251389
v -0.02529145169 0.133301796 0.0117357794
v -0.02390035367 0.1339376831 0.01338110161
v -0.02388754797 0.1338044624 0.01337590885
v -0.02385149765 0.1334303074 0.01336060309
v -0.02526959634 0.1330356712 0.01175706041
v -0.02528352356 0.1251360149 0.0180188539
v -0.02526105499 0.125217432 0.01776464915
v -0.02524982071 0.1252581406 0.01763754678
v -0.0252385869 0.1252988491 0.0175104444
v -0.02380778694 0.1328980579 0.0134031651
v -0.02522588563 0.1325034218 0.01179962242
v -0.02521699071 0.1323724022 0.01182594562
v -0.02520809579 0.1322413826 0.01185226893
v -0.02378593159 0.1326319332 0.01342444611
v -0.02377500391 0.1324988708 0.01343508661
v -0.02519030595 0.1319793434 0.01190491557
v -0.02520169306 0.1255209141 0.01702429557
v -0.02518324614 0.1256319466 0.01678122115
v -0.02517402267 0.1256874628 0.01665968394
v -0.02516479874 0.1257429781 0.01653814673
v -0.02373942423 0.1319747925 0.01354037988
v -0.02515472627 0.131455265 0.01201020885
v -0.02514799047 0.1313281441 0.01205184162
v -0.02514125466 0.1312010231 0.01209347439
v -0.02372163439 0.1317127533 0.01359302652
v -0.02371273947 0.1315817337 0.01361934984
v -0.02512778306 0.1309467812 0.01217673993
v -0.02513646793 0.1260211191 0.01608114648
v -0.02512230253 0.1261601896 0.01585264635
v -0.02511521983 0.1262297249 0.01573839629
v -0.02510813737 0.1262992601 0.01562414634
v -0.02368579626 0.1310732498 0.01378588092
v -0.02510083985 0.1304382973 0.01234327102
v -0.02509635854 0.1303168774 0.01239962327
v -0.02509187698 0.1301954575 0.01245597553
v -0.02367232466 0.1308190079 0.01386914647
v -0.02366558886 0.1306918869 0.01391077924
v -0.02508291388 0.1299526176 0.01256868005
v -0.02508877301 0.1266295366 0.01520277393
v -0.02507909083 0.1267946749 0.01499208772
v -0.02507424974 0.126877244 0.01488674462
v -0.02506940842 0.1269598131 0.0147814014
v -0.02363808656 0.1276482124 0.01604414332
v -0.02363555551 0.1277426462 0.01594920003
v -0.02358585525 0.127154563 0.01598429692
v -0.0236304934 0.1279315138 0.01575931346
v -0.02364766264 0.1302062073 0.01413618827
v -0.02506498766 0.129466938 0.01279408908
v -0.02506282377 0.1293529415 0.01286436212
v -0.02506066036 0.1292389431 0.01293463516
v -0.02363869953 0.1299633675 0.01424889278
v -0.02363421798 0.1298419476 0.01430524504
v -0.02505633354 0.1290109463 0.01307518125
v -0.02505928421 0.1273375483 0.01440162826
v -0.02505422211 0.1275264158 0.01421174169
v -0.02505169106 0.1276208496 0.0141167984
v -0.02504916048 0.1277152834 0.01402185512
v -0.0236203692 0.1283092489 0.01537954032
v -0.02362018418 0.1284142075 0.01529634261
v -0.02361981416 0.1286241245 0.01512994719
v -0.02362556434 0.1293859539 0.01458633721
v -0.02504842043 0.1281351175 0.01368906426
v -0.0250480504 0.1283450346 0.01352266884
v -0.02504786539 0.1284499931 0.01343947113
v -0.0250476799 0.1285549526 0.01335627341
v -0.02362123752 0.1291579571 0.01472688329
v -0.02361907411 0.1290439587 0.01479715633
v -0.03679637766 0.1684534588 0.02630971408
v -0.03679428911 0.1685603809 0.02620882106
v -0.03679324484 0.168613842 0.02615837455
v -0.03358191442 0.1687476978 0.02668806767
v -0.03357975197 0.168623312 0.0267664268
v -0.03357867074 0.1685611191 0.02680560637
v -0.0367942152 0.168329073 0.02638807321
v -0.03679313397 0.16826688 0.02642725277
v -0.03357650828 0.1684367332 0.02688396549
v -0.03357542682 0.1683745403 0.02692314529
v -0.03679115629 0.1687207642 0.02605748153
v -0.03679011226 0.1687742271 0.02600703502
v -0.03357982588 0.16885462 0.02658717465
v -0.0335787816 0.1689080811 0.02653672814
v -0.03678802419 0.1688811531 0.025906142
v -0.03678176618 0.168966507 0.02578659272
v -0.03677863717 0.1690091839 0.02572681808
v -0.03357669353 0.169015007 0.02643583512
v -0.0335756495 0.16906847 0.02638538861
v -0.03357356143 0.169175396 0.02628449559
v -0.03679097104 0.1681424942 0.02650561237
v -0.03678988957 0.1680803013 0.02654479218
v -0.03678772664 0.1679559155 0.02662315178
v -0.03357326388 0.1682501545 0.0270015049
v -0.03356693387 0.1681130886 0.02705431938
v -0.03356376886 0.1680445557 0.02708072662
v -0.03678139663 0.1678188496 0.02667596626
v -0.03677823162 0.1677503166 0.0267023735
v -0.03355743885 0.1679074898 0.02713354111
v -0.03355427361 0.1678389568 0.02715994835
v -0.03677237916 0.1690945377 0.02560726881
v -0.03676925015 0.1691372147 0.02554749417
v -0.03356730342 0.1692607498 0.02616494632
v -0.03356417441 0.1693034267 0.02610517168
v -0.03676299214 0.1692225685 0.0254279449
v -0.03675280404 0.1692830734 0.0252943337
v -0.03674770999 0.1693133259 0.0252275281
v -0.0335579164 0.1693887806 0.02598562241
v -0.0335547874 0.1694314575 0.02592584777
v -0.03354852939 0.1695168114 0.02580629849
v -0.03677190113 0.1676132507 0.02675518799
v -0.03676873589 0.1675447178 0.02678159523
v -0.0367624054 0.1674076519 0.02683440971
v -0.03354794312 0.1677018909 0.02721276283
v -0.03353768873 0.1675574131 0.02723800325
v -0.03353256154 0.1674851742 0.02725062346
v -0.03675215101 0.1672631741 0.02685965014
v -0.03674702382 0.1671909351 0.02687227035
v -0.03352230716 0.1673406963 0.02727586389
v -0.0335171802 0.1672684555 0.02728848386
v -0.03673752189 0.1693738308 0.02509391689
v -0.03673242784 0.1694040833 0.02502711129
v -0.03353834128 0.1695773163 0.02567268729
v -0.03353324723 0.1696075687 0.02560588169
v -0.03672223973 0.1694645882 0.02489350009
v -0.0367085135 0.1694979172 0.02475096107
v -0.03670165038 0.1695145817 0.02467969155
v -0.03352305913 0.1696680737 0.02547227049
v -0.03351796508 0.1696983261 0.02540546489
v -0.03350777698 0.169758831 0.02527185369
v -0.03673676991 0.1670464535 0.02689751029
v -0.03673164296 0.1669742126 0.02691013026
v -0.03672138906 0.166829731 0.02693537021
v -0.0335069263 0.1671239738 0.0273137238
v -0.03349314189 0.1669776306 0.02731041932
v -0.03348624969 0.166904459 0.02730876708
v -0.03670760465 0.1666833878 0.02693206573
v -0.03670071244 0.1666102161 0.02693041348
v -0.03347246528 0.1667581158 0.0273054626
v -0.03346557307 0.1666849461 0.02730381036
v -0.03668792415 0.1695479107 0.02453715253
v -0.03668106079 0.1695645752 0.02446588302
v -0.03349405074 0.16979216 0.02512931466
v -0.03348718762 0.1698088245 0.02505804515
v -0.03666733408 0.1695979042 0.02432334399
v -0.03664270353 0.1696106033 0.02410420871
v -0.03663038826 0.1696169529 0.02399464107
v -0.03347346091 0.1698421535 0.02491550612
v -0.03346659756 0.1698588181 0.02484423661
v -0.03345287085 0.1698921471 0.02470169759
v -0.04135309887 0.1654111633 0.02551371193
v -0.03968484616 0.1640989418 0.02631937408
v -0.04131392527 0.165040926 0.02546882701
v -0.03976319337 0.1648394165 0.02640914392
v -0.03972401977 0.1644691792 0.026364259
v -0.04127927351 0.1664786587 0.02405631661
v -0.04124009991 0.1661084213 0.02401143169
v -0.03668692803 0.1664638767 0.026927109
v -0.03668003583 0.166390707 0.02692545676
v -0.03666625142 0.1662443676 0.02692215228
v -0.03345178866 0.1665386066 0.02730050588
v -0.03341261506 0.1661683693 0.02725562096
v -0.03662707782 0.1658741302 0.02687726736
v -0.03660575771 0.169629652 0.02377550578
v -0.03659344244 0.1696360016 0.02366593814
v -0.0334282403 0.1699048462 0.0244825623
v -0.03341592503 0.1699111958 0.02437299466
v -0.03656881189 0.1696487007 0.02344680285
v -0.03654131746 0.1696290169 0.02322852635
v -0.03652757025 0.169619175 0.0231193881
v -0.03339129448 0.1699238949 0.02415385938
v -0.03337897921 0.1699302444 0.02404429173
v -0.03335434866 0.1699429436 0.02382515645
v -0.03650007582 0.1695994911 0.0229011116
v -0.03648632884 0.1695896473 0.02279197335
v -0.03332685423 0.1699232597 0.02360687995
v -0.03331310701 0.1699134178 0.0234977417
v -0.03645883489 0.1695699596 0.02257369685
v -0.03642907357 0.1695183086 0.02236101174
v -0.03641419291 0.1694924831 0.02225466919
v -0.03328561306 0.1698937302 0.0232794652
v -0.03327186608 0.1698838863 0.02317032695
v -0.03324437213 0.1698641987 0.02295205045
v -0.0411225791 0.1649977093 0.02387677693
v -0.04112710094 0.1668056793 0.02250915146
v -0.04108792734 0.166435442 0.02246426654
v -0.04107409048 0.1648303967 0.02359494543
v -0.04105780792 0.1647613087 0.02351033545
v -0.04100711298 0.1661565876 0.02199454737
v -0.04098079824 0.1623265285 0.02474956656
v -0.03931354713 0.1607903004 0.02573793769
v -0.04093850183 0.161960207 0.02467510295
v -0.03939813995 0.1615229435 0.0258868649
v -0.04089620543 0.1615938854 0.02460063934
v -0.03935584354 0.1611566219 0.02581240129
v -0.04102524281 0.1646231327 0.02334111547
v -0.04100919247 0.1645422268 0.02326767445
v -0.04097454786 0.1660184116 0.0218253274
v -0.0409582653 0.1659493237 0.02174071741
v -0.04092570019 0.1658111477 0.02157149744
v -0.04097709179 0.164380415 0.02312079239
v -0.04096162224 0.164289444 0.02306011248
v -0.04089359951 0.1656493359 0.02142461538
v -0.04087754917 0.1655684299 0.02135117435
v -0.04084544849 0.1654066181 0.0212042923
v -0.04093068314 0.164107502 0.02293875265
v -0.04091613007 0.16400844 0.02289214945
v -0.04081450939 0.1652246761 0.02108293247
v -0.04079903984 0.1651337051 0.02102225256
v -0.04076810074 0.1649517632 0.02090089273
v -0.04088702393 0.1638103161 0.02279894304
v -0.04087370253 0.1637053089 0.02276742744
v -0.0407389946 0.1647536392 0.02080768633
v -0.04072444153 0.1646545773 0.02076108313
v -0.04069533539 0.1644564533 0.02066787672
v -0.04084705973 0.1634952946 0.02270439625
v -0.04066869259 0.164246439 0.02060484552
v -0.04065537119 0.1641414318 0.02057332993
v -0.04062872839 0.1639314175 0.02051029873
v -0.04080476332 0.163128973 0.02262993264
v -0.04076246691 0.1627626514 0.02255546904
v -0.03647038341 0.1643931808 0.02669772768
v -0.03333426785 0.1654278946 0.02716585112
v -0.03654873061 0.1651336555 0.02678749752
v -0.03650955701 0.1647634182 0.0267426126
v -0.03329509449 0.1650576572 0.0271209662
v -0.03325592113 0.1646874199 0.02707608128
v -0.03639203668 0.1636527061 0.02660795784
v -0.03635286331 0.1632824688 0.02656307292
v -0.03313840103 0.1635767078 0.02694142652
v -0.0331775744 0.1639469452 0.02698631144
v -0.03309610462 0.1632103863 0.02686696291
v -0.03305380821 0.1628440647 0.0267924993
v -0.03626827049 0.1625498257 0.02641414571
v -0.03622597408 0.1621835041 0.0263396821
v -0.03292691898 0.1617451 0.02656910849
v -0.03288462257 0.1613787785 0.02649464488
v -0.03618367767 0.1618171825 0.0262652185
v -0.03296921539 0.1621114216 0.02664357209
v -0.0363844316 0.1694408321 0.02204198408
v -0.03636955094 0.1694150085 0.02193564153
v -0.03321461082 0.1698125477 0.02273936534
v -0.03319973016 0.1697867222 0.02263302279
v -0.03633978963 0.1693633614 0.02172295642
v -0.03630840611 0.1692808723 0.02152047515
v -0.03629271436 0.1692396278 0.02141923451
v -0.03316996884 0.169735075 0.02242033768
v -0.03315508819 0.1697092514 0.02231399512
v -0.03312532687 0.1696576042 0.02210131001
v -0.03626133084 0.1691571388 0.02121675324
v -0.03624563909 0.1691158943 0.02111551237
v -0.03309394336 0.1695751152 0.02189882874
v -0.0330782516 0.1695338707 0.02179758811
v -0.03621425557 0.1690334053 0.02091303062
v -0.03618192983 0.1689218636 0.02072514296
v -0.03616576695 0.1688660927 0.02063119912
v -0.03304686809 0.1694513817 0.02159510636
v -0.03303117633 0.1694101372 0.02149386549
v -0.03299979281 0.1693276482 0.02129138374
v -0.03613344121 0.1687545509 0.02044331145
v -0.03611727858 0.1686987801 0.02034936762
v -0.03296746707 0.1692161064 0.02110349607
v -0.0329513042 0.1691603355 0.02100955224
v -0.03608495331 0.1685872383 0.02016147995
v -0.03605238819 0.1684490623 0.01999225998
v -0.03603610563 0.1683799744 0.01990764999
v -0.03291897893 0.1690487938 0.02082166457
v -0.0329028163 0.1689930229 0.02072772074
v -0.03287049103 0.1688814812 0.02053983307
v -0.04063557768 0.1616636868 0.02233207822
v -0.0405902009 0.1612394505 0.0222764833
v -0.04054413557 0.1631987743 0.02036137152
v -0.04050183916 0.1628324528 0.02028690791
v -0.04067787409 0.1620300083 0.02240654182
v -0.04045646238 0.1624082165 0.02023131299
v -0.04049944735 0.1603909779 0.02216529346
v -0.04049746084 0.1603740807 0.02216155648
v -0.04027495527 0.1607112713 0.02000893331
v -0.04036570883 0.1615597439 0.02012012315
v -0.04032033205 0.1611355076 0.02006452823
v -0.04049348783 0.1603402863 0.02215408254
v -0.04028689051 0.1601741028 0.02213867879
v -0.04018359184 0.160091011 0.02213097692
v -0.04027098227 0.1606774769 0.02000145936
v -0.04026899576 0.1606605797 0.01999772239
v -0.04026502275 0.1606267853 0.01999024844
v -0.03626094413 0.1600516949 0.02587877464
v -0.03617879343 0.160151762 0.02590830445
v -0.03321078324 0.1601457996 0.02619806862
v -0.03310748458 0.1600627079 0.02619036674
v -0.03601449203 0.1603518963 0.02596736407
v -0.03304648185 0.1603459339 0.02625712824
v -0.03296433115 0.1604460011 0.02628665805
v -0.03280002975 0.1606461353 0.02634571767
v -0.03609908485 0.1610845394 0.02611629128
v -0.03605678844 0.1607182178 0.02604182768
v -0.03749379683 0.1677709732 0.01918298769
v -0.03693534422 0.1677812004 0.01920856786
v -0.03600354052 0.1682417984 0.01973843002
v -0.03598725748 0.1681727104 0.01965382028
v -0.03283792591 0.1687433052 0.0203706131
v -0.03282164335 0.1686742172 0.02028600311
v -0.03595469141 0.1680345345 0.01948460078
v -0.03278907728 0.1685360413 0.02011678362
v -0.03277279425 0.1684669533 0.02003217387
v -0.03274022818 0.1683287773 0.01986295438
v -0.0353962388 0.1680447617 0.01951018095
v -0.04014121675 0.1618800373 0.017963763
v -0.04023197031 0.1627285099 0.01807495284
v -0.04018659353 0.1623042736 0.01801935792
v -0.03997699451 0.1599248276 0.02211557317
v -0.03987352705 0.1598419456 0.02210627866
v -0.04005842543 0.1604606018 0.01997484469
v -0.03995512676 0.1603775101 0.01996714282
v -0.03966659212 0.1596761818 0.02208768964
v -0.03974819183 0.1602117462 0.0199485538
v -0.03964472437 0.1601288643 0.01993925929
v -0.03943778944 0.1599631004 0.01992067027
v -0.03933361816 0.1565291615 0.02170616937
v -0.03921921682 0.1566726208 0.02062265968
v -0.03901087427 0.1498047428 0.02419365788
v -0.03834492636 0.1435107021 0.02343061733
v -0.03889647293 0.1499482021 0.02311014819
v -0.03758909249 0.1499348869 0.02436100674
v -0.03856349897 0.1468011818 0.02272862792
v -0.03725611854 0.1467878666 0.02397948647
v -0.0360543468 0.1598855114 0.0258633709
v -0.03595104814 0.1598024197 0.02585566902
v -0.03574445081 0.1596362362 0.02584026527
v -0.03290088725 0.1598965244 0.026174963
v -0.03541147685 0.1564892159 0.025458745
v -0.03398969507 0.15661936 0.02562609386
v -0.03843886757 0.1505220394 0.01877610946
v -0.03800172234 0.1439410801 0.02018008828
v -0.03855326891 0.1503785801 0.01985961914
v -0.03833469629 0.1470881004 0.02056160855
v -0.03810950804 0.1477206364 0.01815651011
v -0.03789093542 0.1444301567 0.01885849953
v -0.03810650682 0.1519892693 0.01481134319
v -0.03744778776 0.1463864632 0.01357214451
v -0.03788793421 0.1486987896 0.01551333261
v -0.03755857468 0.1458973866 0.01489373326
v -0.036990345 0.1464283352 0.01362598717
v -0.03653290224 0.1464702072 0.01367982984
v -0.03608421278 0.1583846416 0.01649332511
v -0.03697364092 0.1580843639 0.01633774889
v -0.03652892685 0.1582345028 0.016415537
v -0.0371916213 0.1520730133 0.01491902852
v -0.03673417854 0.1521148853 0.01497287118
v -0.03516057396 0.1465958233 0.01384135783
v -0.03471585989 0.1467459621 0.01391914594
v -0.03628946447 0.1522650242 0.0150506593
v -0.03561801672 0.1465539513 0.01378751516
v -0.03776213217 0.1324157085 0.02066528559
v -0.03622822213 0.131529789 0.02228077888
v -0.03772608185 0.1320415554 0.02064997983
v -0.03630032277 0.1322780952 0.0223113904
v -0.03769003153 0.1316674023 0.02063467407
v -0.03626427245 0.1319039421 0.02229608464
v -0.03755920458 0.1338258953 0.0178445462
v -0.03755720711 0.1338103638 0.0178396529
v -0.03725487089 0.1342075367 0.01496215641
v -0.03709264421 0.1344050694 0.0150408684
v -0.03701153088 0.1345038357 0.01508022439
v -0.03755321217 0.1337793007 0.01782986629
v -0.03753870964 0.1336478119 0.01780891359
v -0.03725087595 0.1341764736 0.01495236981
v -0.03724887848 0.1341609421 0.01494747651
v -0.03724488354 0.134129879 0.0149376899
v -0.03750970459 0.1333848343 0.01776700819
v -0.03749689913 0.1332516155 0.01776181531
v -0.03721587849 0.1338669014 0.0148957845
v -0.03720137596 0.1337354126 0.0148748318
v -0.03717237091 0.133472435 0.01483292639
v -0.0374712882 0.132985178 0.01775142956
v -0.03714675999 0.1332059975 0.01482254064
v -0.03713395452 0.1330727787 0.01481734776
v -0.0371083436 0.1328063412 0.01480696201
v -0.03743523788 0.1326110249 0.0177361238
v -0.03739918756 0.1322368717 0.01772081804
v -0.0373969779 0.134023428 0.01792325819
v -0.03731586456 0.1341221943 0.01796261418
v -0.0368493042 0.1347013683 0.01515893638
v -0.03676559162 0.1348033943 0.01517367709
v -0.03319401097 0.1336947975 0.02273566127
v -0.03302658582 0.1338988495 0.02276514268
v -0.03294287324 0.1340008755 0.02277988338
v -0.02997954822 0.1339890404 0.02311401486
v -0.0299434979 0.1336148872 0.02309870911
v -0.03315796065 0.1333206444 0.02272035551
v -0.0373946991 0.128237977 0.02079258049
v -0.03596337724 0.1289263763 0.02205532241
v -0.03734246778 0.1277443266 0.02073273408
v -0.03591114593 0.1284327259 0.02199547601
v -0.03729103661 0.1311144123 0.01767490077
v -0.03728010893 0.130981348 0.01768554139
v -0.03703624296 0.1320580349 0.0147763505
v -0.03700019264 0.1316838818 0.01476104474
v -0.03732708693 0.1314885654 0.01769020653
v -0.03725825357 0.1307152195 0.01770682263
v -0.03724935865 0.1305841999 0.01773314583
v -0.03697833729 0.1314177532 0.01478232598
v -0.03696740961 0.1312846889 0.0147929666
v -0.03694555426 0.1310185604 0.01481424785
v -0.03723156881 0.1303221607 0.01778579223
v -0.03722483301 0.1301950397 0.017827425
v -0.03692776442 0.1307565212 0.01486689425
v -0.0369188695 0.1306255016 0.01489321744
v -0.03690107965 0.1303634624 0.01494586384
v -0.03721136141 0.1299407978 0.01791069055
v -0.03720688009 0.1298193779 0.0179670428
v -0.03688760805 0.1301092205 0.01502912939
v -0.03688087225 0.1299820995 0.01507076216
v -0.03686740065 0.1297278576 0.0151540277
v -0.03719957399 0.1286363688 0.01882498944
v -0.03684775496 0.1275538092 0.01667785919
v -0.03684269381 0.1277426767 0.01648797262
v -0.03684016323 0.1278371105 0.01639302933
v -0.03714734268 0.1281427183 0.01876514304
v -0.03719791746 0.1295765381 0.01807974732
v -0.03719575357 0.1294625416 0.01815002036
v -0.03685843801 0.1294850178 0.01526673222
v -0.0368539567 0.1293635979 0.01532308447
v -0.03684499407 0.1291207581 0.01543578899
v -0.03719451284 0.1288252363 0.01863510287
v -0.03719198227 0.1289196701 0.01854015958
v -0.03683510208 0.1280259781 0.01620314276
v -0.0368347311 0.1282358971 0.01603674734
v -0.03683454561 0.1283408566 0.01595354962
v -0.03719161129 0.1291295891 0.01837376416
v -0.0371914258 0.1292345486 0.01829056644
v -0.03684066629 0.128892765 0.01557633507
v -0.03683850241 0.1287787685 0.01564660811
v -0.03683417463 0.1285507755 0.0157871542
v -0.03301375937 0.1318240318 0.02265913248
v -0.02987139726 0.132866581 0.02306809759
v -0.03308586001 0.1325723381 0.022689744
v -0.03304980969 0.132198185 0.02267443824
v -0.02983534694 0.1324924259 0.02305279183
v -0.02979929662 0.1321182709 0.02303748608
v -0.03294165874 0.1310757217 0.02262852097
v -0.03290560842 0.1307015667 0.02261321521
v -0.02969114566 0.1309958057 0.0229915688
v -0.0328533771 0.1302079163 0.02255336881
v -0.02972719598 0.1313699608 0.02300687456
v -0.03701364374 0.135536871 0.01832129025
v -0.03697486305 0.1352353554 0.01822629941
v -0.03679206991 0.1365150242 0.01567811275
v -0.03723221636 0.1388273506 0.01761930084
v -0.03712142944 0.1393164272 0.01629771209
v -0.03675328922 0.1362135086 0.0155831219
v -0.03714843941 0.1343262463 0.01799209559
v -0.03706472683 0.1344282722 0.0180068363
v -0.03689730167 0.1346323242 0.01803631771
v -0.03659816647 0.1350074463 0.0152031585
v -0.03667572784 0.1356104774 0.0153931402
v -0.03663694715 0.1353089619 0.01529814935
v -0.03407958102 0.1439011345 0.02393266392
v -0.03190196538 0.1504554634 0.02503040218
v -0.03441255498 0.1470481548 0.02431418419
v -0.03332374716 0.1503253193 0.02486305332
v -0.03265779948 0.1440312805 0.02410001254
v -0.03156899166 0.147308445 0.02464888167
v -0.03308065987 0.1344600792 0.02278810239
v -0.03023709679 0.1347203712 0.02312279963
v -0.03003362226 0.1345502701 0.02313697457
v -0.029931885 0.1344652195 0.02314406204
v -0.03199185205 0.1377372437 0.02333697152
v -0.03057007051 0.1378673897 0.02350432014
v -0.03287718534 0.134289978 0.02280227733
v -0.03277544808 0.1342049274 0.0228093648
v -0.02981212306 0.1341930923 0.02314349627
v -0.02972841048 0.1342951183 0.02315823698
v -0.03676912785 0.1252013054 0.01783936024
v -0.03673651505 0.1254514065 0.01736778593
v -0.03672943258 0.1255209417 0.01725353599
v -0.03696002388 0.1258508739 0.01895603704
v -0.036705585 0.1258251505 0.01681434965
v -0.03670074368 0.1259077196 0.01670900643
v -0.03694325876 0.1260855474 0.01863110065
v -0.03693841743 0.1261681166 0.01852575743
v -0.03669106102 0.1260728579 0.01649831998
v -0.03699064875 0.126661767 0.01858560383
v -0.03264445186 0.1282333145 0.0223139832
v -0.02953445172 0.1295148544 0.0228120296
v -0.03269668317 0.128726965 0.0223738296
v -0.02948222041 0.1290212049 0.0227521832
v -0.0294299891 0.1285275555 0.0226923368
v -0.03253998923 0.1272460155 0.0221942904
v -0.03248775792 0.1267523661 0.022134444
v -0.02927329516 0.127046607 0.02251279759
v -0.0292565105 0.1269040289 0.02248107553
v -0.02924811816 0.1268327398 0.02246521449
v -0.02932552648 0.1275402565 0.022572644
v -0.03247097325 0.1266097879 0.02210272193
v -0.03246258092 0.1265384989 0.0220868609
v -0.02923133349 0.1266901617 0.02243349242
v -0.02922294116 0.1266188726 0.02241763139
v -0.03244579625 0.1263959208 0.02205513883
v -0.03243740392 0.1263246317 0.02203927779
v -0.03242061925 0.1261820536 0.02200755572
v -0.02920615649 0.1264762945 0.02238590932
v -0.02918701625 0.1263429594 0.02232698894
v -0.02917744613 0.1262762918 0.02229752874
v -0.03240147901 0.1260487185 0.02194863534
v -0.03239190888 0.1259820509 0.02191917515
v -0.02915830588 0.1261429567 0.02223860836
v -0.02914873576 0.1260762892 0.02220914841
v -0.03237276864 0.1258487158 0.02186025524
v -0.03236319852 0.1257820482 0.02183079529
v -0.03234405828 0.1256487131 0.02177187538
v -0.02912959552 0.1259429541 0.0221502285
v -0.02910883546 0.1258239832 0.0220663743
v -0.02909845543 0.1257644978 0.0220244472
v -0.03232329822 0.1255297422 0.02168802118
v -0.03231291819 0.1254702568 0.02164609408
v -0.02907769537 0.1256455269 0.021940593
v -0.0290673151 0.1255860415 0.02189866567
v -0.03229215765 0.1253512859 0.02156223941
v -0.03228177738 0.1252918005 0.02152031207
v -0.03226101685 0.1251728296 0.0214364574
v -0.02904655457 0.1254670706 0.02181481099
v -0.02902497244 0.1253670378 0.02170924497
v -0.02901418138 0.1253170214 0.02165646195
v -0.03223943472 0.1250727968 0.02133089137
v -0.03222864366 0.1250227804 0.02127810836
v -0.02899259925 0.1252169886 0.02155089593
v -0.02898180842 0.1251669722 0.02149811292
v -0.03220706201 0.1249227476 0.02117254233
v -0.03219627118 0.1248727312 0.02111975932
v -0.03217468953 0.1247726984 0.0210141933
v -0.02896022677 0.1250669394 0.02139254689
v -0.0289386518 0.1249896879 0.02126932597
v -0.02892786431 0.1249510622 0.02120771551
v -0.03215311456 0.124695447 0.02089097238
v -0.03214232707 0.1246568213 0.02082936192
v -0.02890628934 0.1248738108 0.02108449459
v -0.02889550185 0.1248351851 0.02102288413
v -0.0321207521 0.1245795698 0.020706141
v -0.03210996461 0.1245409441 0.02064453053
v -0.03208838964 0.1244636927 0.02052130961
v -0.02887392688 0.1247579336 0.02089966321
v -0.02885318828 0.1247064333 0.02076352239
v -0.02884281898 0.1246806831 0.02069545197
v -0.03206765103 0.1244121923 0.02038516879
v -0.03205728173 0.1243864422 0.02031709838
v -0.02882208037 0.1246291828 0.02055931115
v -0.02881171107 0.1246034327 0.02049124098
v -0.03203654313 0.1243349419 0.02018095803
v -0.03202617383 0.1243091917 0.02011288786
v -0.03200543523 0.1242576914 0.01997674751
v -0.02879097247 0.1245519323 0.02035510063
v -0.02877186751 0.124528163 0.02021127272
v -0.02876231503 0.1245162783 0.02013935876
v -0.03198633027 0.124233922 0.0198329196
v -0.03197677779 0.1242220373 0.01976100564
v -0.02874321008 0.1244925089 0.01999553084
v -0.0287336576 0.1244806242 0.01992361665
v -0.03195767283 0.1241982679 0.01961717725
v -0.03194812036 0.1241863832 0.01954526305
v -0.0319290154 0.1241626139 0.01940143466
v -0.02871455264 0.1244568548 0.01977978826
v -0.02869781566 0.1244617281 0.01963379979
v -0.02868944716 0.1244641647 0.01956080556
v -0.03191227841 0.1241674871 0.0192554462
v -0.03190390992 0.1241699238 0.01918245196
v -0.02867271018 0.124469038 0.01941481709
v -0.02866434169 0.1244714746 0.01934182286
v -0.03188717294 0.1241747971 0.0190364635
v -0.03187880445 0.1241772337 0.01896346927
v -0.03186206746 0.124182107 0.0188174808
v -0.0286476047 0.1244763479 0.0191958344
v -0.02862143445 0.1245269957 0.01893410325
v -0.02860834932 0.1245523195 0.01880323768
v -0.03183589721 0.1242327547 0.01855574965
v -0.03182281208 0.1242580786 0.01842488408
v -0.02858217907 0.1246029673 0.01854150653
v -0.0285690937 0.1246282921 0.01841064095
v -0.03348114705 0.1345594788 0.01092001379
v -0.03353868651 0.1342885818 0.01086792195
v -0.03145356393 0.134745079 0.01115866745
v -0.03088889408 0.1346639519 0.01120247138
v -0.03184467697 0.1340452003 0.01099933374
v -0.03181906605 0.1337787628 0.01098894799
v -0.03180626059 0.1336455441 0.01098375511
v -0.02863021469 0.1343394432 0.0113776871
v -0.02919488454 0.1344205704 0.01133388317
v -0.03179664135 0.1243087282 0.01816315293
v -0.03178355598 0.124334053 0.01803228736
v -0.03175738525 0.1243847027 0.01777055621
v -0.02854292297 0.1246789417 0.01814890981
v -0.02852045441 0.1247603588 0.01789470506
v -0.02850922012 0.1248010674 0.01776760268
v -0.03173491669 0.1244661198 0.01751635146
v -0.0317236824 0.1245068283 0.01738924909
v -0.02848675156 0.1248824844 0.01751339793
v -0.02847551775 0.124923193 0.01738629556
v -0.03178064966 0.1333791065 0.01097336936
v -0.03176784396 0.1332458858 0.0109681766
v -0.02860460377 0.1340730057 0.01136730134
v -0.02859179831 0.1339397869 0.01136210847
v -0.03174223256 0.1329794445 0.01095779109
v -0.03172037721 0.132713316 0.01097907233
v -0.03170944953 0.1325802517 0.01098971295
v -0.0285661869 0.1336733456 0.01135172296
v -0.0285533812 0.1335401249 0.0113465302
v -0.0285277698 0.1332736835 0.01133614469
v -0.03170121479 0.1245882454 0.01713504434
v -0.03168998098 0.1246289539 0.01700794196
v -0.03166751337 0.124710371 0.01675373721
v -0.02845305014 0.1250046101 0.01713209081
v -0.02843460321 0.1251156425 0.01688901639
v -0.02842537975 0.1251711588 0.01676747918
v -0.03164906645 0.1248214035 0.01651066279
v -0.03163984299 0.1248769197 0.01638912559
v -0.02840693283 0.1252821913 0.01652440476
v -0.02839770889 0.1253377066 0.01640286756
v -0.03168759418 0.1323141232 0.0110109942
v -0.0316766665 0.1321810608 0.0110216347
v -0.02850591445 0.133007555 0.01135742593
v -0.02849498677 0.1328744907 0.01136806655
v -0.03165481114 0.1319149361 0.0110429157
v -0.0316370213 0.1316528969 0.0110955621
v -0.03162812638 0.1315218773 0.0111218853
v -0.02847313142 0.132608366 0.01138934755
v -0.02846220374 0.1324753036 0.01139998806
v -0.02844034839 0.1322091789 0.01142126906
v -0.03637659264 0.1359855995 0.01255998099
v -0.03645415401 0.1365886307 0.01274996269
v -0.03641537333 0.1362871151 0.01265497184
v -0.03587418318 0.1408674011 0.01244063115
v -0.03541674042 0.1409092731 0.01249447381
v -0.03495929766 0.1409511452 0.01254831648
v -0.03162139511 0.1249879503 0.01614605117
v -0.03161217117 0.1250434656 0.01602451396
v -0.0315937233 0.1251544962 0.01578143954
v -0.02837926102 0.1254487371 0.01615979314
v -0.02836509562 0.1255878077 0.01593129301
v -0.02835801291 0.1256573429 0.01581704295
v -0.0315795579 0.1252935667 0.01555293941
v -0.03157247519 0.125363102 0.01543868935
v -0.02834384751 0.1257964134 0.01558854282
v -0.02833676505 0.1258659487 0.01547429287
v -0.03161033654 0.1312598381 0.0111745317
v -0.03160144162 0.1311288185 0.01120085502
v -0.02842255855 0.1319471397 0.01147391546
v -0.02841366363 0.1318161201 0.01150023866
v -0.03158365178 0.1308667793 0.01125350165
v -0.03157018018 0.1306125374 0.0113367672
v -0.03156344438 0.1304854164 0.01137839997
v -0.02839587379 0.131554081 0.01155288529
v -0.02838697886 0.1314230614 0.01157920861
v -0.02836918902 0.1311610222 0.01163185525
v -0.03155831027 0.1255021725 0.01521018946
v -0.03155122781 0.1255717077 0.01509593952
v -0.03153706288 0.1257107782 0.01486743963
v -0.02832260013 0.1260050192 0.01524579298
v -0.02831291795 0.1261701574 0.01503510678
v -0.02830807686 0.1262527266 0.01492976367
v -0.0315273807 0.1258759165 0.01465675342
v -0.03152253962 0.1259584856 0.01455141032
v -0.02829839468 0.1264178648 0.01471907747
v -0.02829355335 0.1265004339 0.01461373425
v -0.03154997277 0.1302311745 0.01146166551
v -0.03154323697 0.1301040535 0.01150329828
v -0.02835571742 0.1309067802 0.01171512079
v -0.02834898162 0.1307796593 0.01175675356
v -0.03152976537 0.1298498116 0.01158656383
v -0.03152080274 0.1296069717 0.01169926834
v -0.03151632142 0.1294855518 0.0117556206
v -0.02833551002 0.1305254173 0.01184001911
v -0.02832877421 0.1303982964 0.01188165188
v -0.02831530261 0.1301440544 0.01196491742
v -0.03151285696 0.1261236238 0.01434072387
v -0.03150801563 0.126206193 0.01423538065
v -0.03149833298 0.1263713312 0.0140246942
v -0.0282838707 0.1266655722 0.0144030478
v -0.02827880859 0.1268544397 0.01421316123
v -0.02827627754 0.1269488735 0.01411821795
v -0.03149327087 0.1265601988 0.01383480763
v -0.03149073982 0.1266546326 0.01373986435
v -0.02827121544 0.1271377411 0.01392833138
v -0.02826868486 0.1272321749 0.01383338809
v -0.03150735879 0.129242712 0.01186832511
v -0.03150287724 0.1291212921 0.01192467737
v -0.02830633998 0.1299012146 0.01207762194
v -0.02830185866 0.1297797947 0.01213397419
v -0.03149391413 0.1288784523 0.01203738189
v -0.03148958635 0.1286504593 0.01217792797
v -0.03148742247 0.1285364628 0.01224820101
v -0.02829289556 0.1295369549 0.01224667871
v -0.028288414 0.129415535 0.01230303097
v -0.02827945089 0.1291726952 0.01241573548
v -0.03323240232 0.1679974823 0.0195239625
v -0.03316242838 0.1680856705 0.01961250162
v -0.03106487036 0.1683594589 0.01993969488
v -0.03372088099 0.1680754433 0.01958692145
v -0.03148567867 0.1268435001 0.01354997778
v -0.0314831481 0.1269379339 0.01345503449
v -0.03147808695 0.1271268015 0.01326514792
v -0.02826362371 0.1274210424 0.01364350152
v -0.02826325369 0.1276309595 0.01347710609
v -0.02826306868 0.127735918 0.01339390838
v -0.03147771692 0.1273367186 0.0130987525
v -0.03147753191 0.1274416771 0.01301555479
v -0.02826269865 0.1279458351 0.01322751296
v -0.02826251316 0.1280507946 0.01314431524
v -0.03148309469 0.1283084698 0.0123887471
v -0.03148093128 0.1281944714 0.01245902014
v -0.02827512312 0.1289447021 0.01255628157
v -0.02827295923 0.1288307056 0.01262655461
v -0.03147716093 0.1276515961 0.01284915936
v -0.03147697544 0.1277565556 0.01276596165
v -0.03147660446 0.1279664745 0.01259956622
v -0.02826863241 0.1286027088 0.01276710069
v -0.028266469 0.1284887104 0.01283737373
v -0.02826214218 0.1282607136 0.01297791982
v -0.03533702517 0.1608630505 0.01616345727
v -0.03530146503 0.1603185177 0.01628481829
v -0.03468840885 0.1555882435 0.01475500667
v -0.03393311214 0.1486798382 0.01371063912
v -0.03391920519 0.1486593475 0.01360842073
v -0.03465284872 0.1550437107 0.01487636769
v -0.03466059494 0.1555472622 0.01455056989
v -0.03464668798 0.1555267715 0.0144483515
v -0.03461887407 0.1554857903 0.01424391472
v -0.03389139128 0.1486183662 0.01340398395
v -0.03387858152 0.1486124458 0.01329975927
v -0.03459325457 0.1554739494 0.01403546536
v -0.03458044481 0.155468029 0.01393124068
v -0.03455482531 0.1554561882 0.01372279131
v -0.03385296202 0.148600605 0.01309130991
v -0.03384906387 0.1485972137 0.0130608269
v -0.03454702902 0.1554494057 0.0136618253
v -0.03454313087 0.1554460144 0.01363134229
v -0.03453533459 0.1554392319 0.01357037628
v -0.03384126759 0.1485904312 0.01299986088
v -0.03382026815 0.148481348 0.01290628278
v -0.0345106082 0.1528655796 0.01536181176
v -0.03382643175 0.1470462399 0.01407472217
v -0.03540003633 0.1525653019 0.01520623553
v -0.03495532227 0.1527154408 0.01528402364
v -0.03454616833 0.1534101124 0.01524045074
v -0.03449333572 0.1552210655 0.01338322008
v -0.03447233629 0.1551119823 0.01328964198
v -0.03443033743 0.154893816 0.01310248578
v -0.03377826929 0.1482631817 0.01271912658
v -0.03372587919 0.1478558559 0.0125908004
v -0.03367348909 0.1474485302 0.01246247423
v -0.03432555723 0.1540791645 0.01284583342
v -0.03427316713 0.1536718388 0.01271750724
v -0.0335163188 0.146226553 0.01207749569
v -0.0335687089 0.1466338787 0.01220582187
v -0.03300942302 0.146272953 0.01213715911
v -0.03300243092 0.1613027248 0.01359617281
v -0.03249553466 0.1613491249 0.01365583634
v -0.03275247979 0.153811039 0.01289649749
v -0.0309818399 0.1464585533 0.01237581277
v -0.03224558353 0.153857439 0.01295616102
v -0.03148873568 0.1464121532 0.01231614935
v -0.03302142096 0.1408178959 0.01207911503
v -0.03296903086 0.1404105701 0.01195078886
v -0.03291664076 0.1400032444 0.01182246268
v -0.03139602447 0.135015976 0.01121075928
v -0.03123878312 0.1389204674 0.01161647439
v -0.03073188734 0.1389668674 0.0116761378
v -0.0311348443 0.1682712708 0.01985115576
v -0.03128185749 0.1612342434 0.01664076543
v -0.0312462976 0.1606897125 0.01676212645
v -0.03063323998 0.1559594345 0.01523231459
v -0.0306054256 0.1559184532 0.01502787757
v -0.0305915184 0.1558979626 0.01492565906
v -0.0298779428 0.149051033 0.0141879468
v -0.03059768009 0.1554149036 0.0153536756
v -0.03056370401 0.1558569813 0.01472122204
v -0.03053808498 0.1558451443 0.01451277268
v -0.03052527547 0.1558392258 0.014408548
v -0.02985012841 0.1490100517 0.01398350978
v -0.02983622122 0.1489895611 0.01388129127
v -0.03049965644 0.1558273888 0.01420009863
v -0.03049185967 0.1558206062 0.01413913262
v -0.03048796129 0.155817215 0.01410864961
v -0.02981060219 0.1489777241 0.01367284191
v -0.02979779267 0.1489718056 0.01356861722
v -0.03048016453 0.1558104324 0.0140476836
v -0.03043816566 0.1555922661 0.01386052763
v -0.03041716623 0.1554831829 0.01376694965
v -0.02978999591 0.148965023 0.01350765121
v -0.02978609753 0.1489616318 0.0134771682
v -0.03045544052 0.1532367802 0.01583911967
v -0.02977126312 0.1474174404 0.01455202985
v -0.02930109143 0.1473510475 0.01458192682
v -0.03049100041 0.153781311 0.01571775866
v -0.02998526883 0.1531703873 0.01586901665
v -0.02878875947 0.1587241554 0.01727569437
v -0.02972910285 0.1588569412 0.01721590042
v -0.02925893116 0.1587905483 0.0172457974
v -0.03037516737 0.1552650166 0.01357979369
v -0.03032277775 0.1548576908 0.01345146751
v -0.02974409866 0.1487434654 0.01329001224
v -0.02972309923 0.1486343822 0.01319643426
v -0.02967070961 0.1482270565 0.01306810808
v -0.0302179985 0.1540430393 0.01319481516
v -0.02946115112 0.1465977535 0.01255480337
v -0.03072489476 0.1539966393 0.01313515162
v -0.02956593037 0.147412405 0.01281145573
v -0.02951354074 0.1470050793 0.01268312955
v -0.02880908298 0.1399671192 0.01217144394
v -0.02891386223 0.1407817707 0.01242809629
v -0.02886147261 0.140374445 0.01229977012
v -0.02836074805 0.1472182617 0.01464172077
v -0.02810458207 0.1529048157 0.01598860455
v -0.02904492545 0.1530376015 0.0159288106
v -0.02857475376 0.1529712086 0.01595870757
v -0.02790330529 0.1472601357 0.01469556332
v -0.02744586253 0.1473020096 0.01474940586
v -0.02770202851 0.1416154556 0.01340252209
v -0.02724458575 0.1416573296 0.01345636463
v -0.02678714299 0.1416992035 0.01351020718
v -0.02829233861 0.1607173405 0.02342647982
v -0.028210356 0.1608171978 0.0234576025
v -0.02806353641 0.1610042629 0.02125945997
v -0.02795936489 0.157570322 0.02304495931
v -0.02784496379 0.1577137833 0.02196144938
v -0.02804639077 0.1610169125 0.02351984787
v -0.02788208938 0.1612170467 0.02357890749
v -0.02779993868 0.1613171139 0.0236084373
v -0.02789957118 0.1612039776 0.02132170534
v -0.02781758857 0.1613038349 0.02135282803
v -0.02765362334 0.1615035496 0.02141507339
v -0.02763662076 0.1508459015 0.02553244805
v -0.02697067332 0.1445518646 0.02476940703
v -0.02872542858 0.147568737 0.02498357892
v -0.02839245486 0.1444217186 0.02460205841
v -0.02752221966 0.1509893627 0.02444893813
v -0.02718924594 0.1478423443 0.02406741762
v -0.03011980557 0.1657221336 0.02754420471
v -0.03008063221 0.1653518963 0.02749931979
v -0.03004145885 0.1649816589 0.02745443487
v -0.02845607495 0.1662178841 0.02698224115
v -0.02842142272 0.1676556206 0.02556973028
v -0.0276744318 0.1349581947 0.01158082473
v -0.02710976195 0.1348770676 0.01162462866
v -0.02826472926 0.1661746712 0.0253901906
v -0.02823007703 0.1676124077 0.02397767973
v -0.02819775176 0.1675008659 0.02378979206
v -0.02818158913 0.1674450951 0.02369584823
v -0.02823240399 0.1660631294 0.02520230293
v -0.02821624136 0.1660073586 0.0251083591
v -0.02814926386 0.1673335533 0.02350796056
v -0.02811669779 0.1671953773 0.02333874106
v -0.02810041475 0.1671262894 0.02325413132
v -0.02983934593 0.1631383038 0.0271708529
v -0.02799605966 0.1624045219 0.02603958988
v -0.02979704952 0.1627719822 0.02709638929
v -0.02975475311 0.1624056606 0.02702192569
v -0.02808065248 0.1631371651 0.02618851709
v -0.02803835607 0.1627708435 0.02611405349
v -0.02818367529 0.1658691826 0.0249391396
v -0.02816739225 0.1658000946 0.02485452986
v -0.02806784868 0.1669881134 0.02308491182
v -0.02803574848 0.1668263016 0.02293802977
v -0.02801969838 0.1667453957 0.02286458874
v -0.02813529205 0.1656382828 0.0247076478
v -0.02811924195 0.1655573769 0.02463420677
v -0.02798759818 0.1665835838 0.02271770668
v -0.02795665956 0.1664016418 0.02259634638
v -0.02794119024 0.1663106709 0.02253566623
v -0.02808830333 0.1653754349 0.02451284647
v -0.02807283401 0.1652844639 0.02445216632
v -0.02791025162 0.1661287289 0.02241430593
v -0.027881145 0.1659306011 0.0223211
v -0.02786659169 0.1658315372 0.02227449703
v -0.0280437274 0.1650863361 0.02435896039
v -0.02802917409 0.1649872723 0.02431235743
v -0.02783748507 0.1656334095 0.0221812911
v -0.02781084228 0.165423399 0.02211825943
v -0.02779752088 0.1653183937 0.02208674359
v -0.02800253129 0.1647772617 0.02424932575
v -0.02798920989 0.1646722565 0.02421780992
v -0.02777087808 0.1651083832 0.02202371192
v -0.02772858167 0.1647420616 0.02194924831
v -0.02794691348 0.1643059349 0.02414334631
v -0.02777772784 0.1628406487 0.02384549189
v -0.02764398885 0.1640094185 0.0218003211
v -0.02786232066 0.1635732918 0.0239944191
v -0.02782002425 0.1632069702 0.02391995549
v -0.02759861183 0.1635851803 0.02174472642
v -0.02755323482 0.1631609421 0.02168913174
v -0.02768697381 0.1619921722 0.02373430252
v -0.02764159679 0.161567934 0.02367870784
v -0.02741710377 0.1618882275 0.02152234769
v -0.02741313076 0.1618544369 0.02151487374
v -0.02741114426 0.1618375416 0.02151113677
v -0.02746248078 0.1623124657 0.02157794237
v -0.02763762379 0.1615341434 0.02367123389
v -0.02763563728 0.1615172482 0.02366749692
v -0.02748932195 0.1617036839 0.02147413301
v -0.02740717125 0.161803751 0.02150366282
v -0.02706461525 0.1515632076 0.02011489844
v -0.02662747002 0.1449822483 0.02151887727
v -0.02717901635 0.1514197464 0.02119840837
v -0.02696044374 0.1481292667 0.02190039778
v -0.02673525548 0.1487618046 0.0194952991
v -0.02651668286 0.1454713249 0.02019728851
v -0.02718969655 0.1529885635 0.01609628963
v -0.02673225379 0.1530304375 0.01615013218
v -0.02607353425 0.1474276314 0.01491093349
v -0.02653097701 0.1473857574 0.01485709095
v -0.02651368117 0.1497399578 0.01685212159
v -0.0261843214 0.1469385548 0.01623252225
v -0.02741949582 0.1643297119 0.01964396095
v -0.0273741188 0.1639054737 0.01958836627
v -0.02732874179 0.1634812355 0.01953277159
v -0.02563939071 0.1365780392 0.01966007924
v -0.0254178164 0.1375561924 0.01701690173
v -0.02585796332 0.1398685188 0.01895808983
v -0.02574717617 0.1403575954 0.01763650107
v -0.02537903595 0.1372546768 0.01692191088
v -0.0253402555 0.1369531612 0.01682692003
v -0.02556182981 0.135975008 0.01947009754
v -0.02552304935 0.1356734924 0.01937510669
v -0.02522391415 0.1360486145 0.01654194748
v -0.02512217689 0.1359635639 0.01654903495
v -0.0252626946 0.1363501301 0.01663693833
v -0.0266569345 0.13316082 0.02344645119
v -0.02479613018 0.1324702091 0.0221327827
v -0.02662088418 0.132786665 0.02343114543
v -0.02658483386 0.1324125099 0.02341583967
v -0.02486823082 0.1332185192 0.02216339421
v -0.0248321805 0.1328443642 0.02214808846
v -0.02531957483 0.1355033913 0.01938928163
v -0.02521783757 0.1354183407 0.0193963691
v -0.02501436305 0.1352482395 0.01941054404
v -0.02491870236 0.1357934628 0.01656320989
v -0.02471002936 0.1356298771 0.01652815402
v -0.02460569286 0.1355480843 0.01651062608
v -0.02480569005 0.1350846539 0.01937548816
v -0.02470135355 0.135002861 0.01935796022
v -0.02439701986 0.1353844986 0.0164755702
v -0.02439302444 0.1353534355 0.01646578383
v -0.02439102674 0.135337904 0.01646089065
v -0.02469735813 0.1349717979 0.01934817386
v -0.02469536042 0.1349562664 0.01934328067
v -0.02438703132 0.1353068409 0.01645110428
v -0.02435802722 0.1350438671 0.01640919864
v -0.02434352517 0.1349123802 0.01638824582
v -0.02466635633 0.1346932926 0.01930137503
v -0.02465185428 0.1345618057 0.01928042221
v -0.02431452107 0.1346494064 0.01634634018
v -0.02428890967 0.1343829651 0.01633595467
v -0.02427610397 0.1342497444 0.01633076191
v -0.02462624288 0.1342953644 0.0192700367
v -0.02461343718 0.1341621437 0.01926484394
v -0.02425049257 0.1339833031 0.0163203764
v -0.02421444225 0.133609148 0.01630507064
v -0.02457738686 0.1337879887 0.01924953818
v -0.02511868119 0.1379313145 0.01418374252
v -0.02507990074 0.1376297989 0.01408875167
v -0.02504112029 0.1373282833 0.01399376082
v -0.02631998897 0.1298090954 0.0231903832
v -0.02443238568 0.1284276381 0.02218630207
v -0.02626775765 0.1293154459 0.02313053679
v -0.02621552634 0.1288217964 0.02307069039
v -0.02453684831 0.129414937 0.02230599487
v -0.02448461699 0.1289212875 0.02224614847
v -0.02443318558 0.1322913685 0.01918831515
v -0.02414234161 0.1328608379 0.01627445912
v -0.02412048626 0.1325947132 0.01629574013
v -0.02410955858 0.1324616508 0.01630638063
v -0.02450528622 0.1330396786 0.01921892667
v -0.0244692359 0.1326655235 0.01920362091
v -0.02441133022 0.1320252438 0.01920959616
v -0.02440040255 0.1318921814 0.01922023666
v -0.02408770323 0.1321955261 0.01632766163
v -0.02406991339 0.1319334869 0.01638030827
v -0.02406101847 0.1318024673 0.01640663159
v -0.02438261271 0.1316301422 0.0192728833
v -0.02437371778 0.1314991226 0.01929920661
v -0.02404322863 0.1315404282 0.01645927823
v -0.02402975702 0.1312861862 0.01654254377
v -0.02402302122 0.1311590652 0.01658417654
v -0.02436024618 0.1312448807 0.01938247216
v -0.02435351038 0.1311177597 0.01942410493
v -0.02400954962 0.1309048233 0.01666744208
v -0.02400058651 0.1306619835 0.0167801466
v -0.02399610496 0.1305405636 0.01683649886
v -0.02434172368 0.1298133278 0.02033840382
v -0.02433919263 0.1299077616 0.02024346054
v -0.02398990512 0.1287307701 0.01819127357
v -0.02393767381 0.1282371206 0.01813142717
v -0.02428949237 0.1293196783 0.02027855742
v -0.02434454727 0.1308749199 0.01953680944
v -0.02434006572 0.1307535 0.0195931617
v -0.02398714185 0.1302977238 0.01694920337
v -0.02398281503 0.1300697269 0.01708974946
v -0.02398065162 0.1299557285 0.0171600225
v -0.02433413053 0.1300966291 0.02005357397
v -0.02433394551 0.1302015877 0.01997037625
v -0.02398484302 0.1289196377 0.018001387
v -0.02398231196 0.1290140715 0.01790644372
v -0.02397724986 0.129202939 0.01771655715
v -0.0243357389 0.1305255032 0.01973370779
v -0.02433357549 0.1304115047 0.01980398083
v -0.02397687984 0.1294128561 0.01755016172
v -0.02397669482 0.1295178146 0.01746696401
v -0.0239763248 0.1297277317 0.01730056858
v -0.02408056712 0.1273450804 0.02003917181
v -0.02383321118 0.1272498217 0.01801173437
v -0.02418502975 0.1283323793 0.02015886462
v -0.02413279843 0.1278387299 0.02009901822
v -0.03861070204 0.1677505188 0.01913182735
v -0.03805224943 0.167760746 0.01915740752
v -0.03956242085 0.1562422428 0.02387318873
v -0.0394480195 0.1563857021 0.02278967905
v -0.03825504041 0.1562289276 0.02512404728
v -0.03922944689 0.1530952225 0.02349166846
v -0.03792206645 0.1530819073 0.02474252701
v -0.03683325863 0.1563590717 0.02529139614
v -0.03899041414 0.1569595394 0.01845564032
v -0.03910481548 0.1568160801 0.01953915
v -0.03854665327 0.1543015957 0.01675253129
v -0.03877184153 0.1536690598 0.01915762973
v -0.03832808065 0.151011116 0.0174545207
v -0.03821729374 0.1515001926 0.01613293195
v -0.03749916172 0.1292252779 0.02091227329
v -0.03606783986 0.1299136772 0.02217501521
v -0.03744693041 0.1287316275 0.02085242689
v -0.03601560855 0.1294200268 0.02211516881
v -0.03789755106 0.1405071411 0.02196558738
v -0.03659017062 0.1404938259 0.02321644592
v -0.03823052502 0.1436541615 0.02234710765
v -0.03692314458 0.1436408463 0.02359796619
v -0.03745379019 0.1378491974 0.02026247835
v -0.03811612368 0.1437976208 0.02126359797
v -0.0376723628 0.141139677 0.01956048894
v -0.03734300327 0.138338274 0.0189408896
v -0.03483541512 0.1374769516 0.02300227427
v -0.0355013628 0.1437709904 0.02376531506
v -0.0337466073 0.1407541161 0.02355114341
v -0.03341363358 0.1376070976 0.0231696229
v -0.03723800516 0.1267570257 0.02061304128
v -0.0358066833 0.127445425 0.02187578321
v -0.03729023647 0.1272506762 0.02067288768
v -0.03585891461 0.1279390755 0.02193562961
v -0.03455247808 0.1341957817 0.01074859512
v -0.03297401667 0.1342074547 0.01091172588
v -0.03240934682 0.1341263275 0.01095552981
v -0.03689985561 0.1402945805 0.01365453458
v -0.03722921515 0.1430959835 0.01427413392
v -0.03701064253 0.1398055038 0.01497612333
v -0.03679552364 0.1270601587 0.01661801279
v -0.03674329233 0.1265665083 0.01655816638
v -0.03581843901 0.1678016548 0.01925972819
v -0.03637689161 0.1677914276 0.01923414803
v -0.03424619436 0.1679046822 0.01940463543
v -0.03540814543 0.161952116 0.01592073524
v -0.0353725853 0.1614075832 0.01604209626
v -0.03523034477 0.1592294521 0.01652754033
v -0.0352659049 0.1597739849 0.01640617931
v -0.03376627135 0.1537182388 0.01277717066
v -0.03401622343 0.1612099247 0.01347684574
v -0.03350932717 0.1612563248 0.01353650928
v -0.03325937557 0.1537646389 0.01283683407
v -0.03389755201 0.1481353054 0.01383200014
v -0.03386199188 0.1475907726 0.01395336115
v -0.03240981603 0.1349231758 0.01109143245
v -0.03225257468 0.1388276672 0.01149714756
v -0.0317456789 0.1388740673 0.01155681098
v -0.03221861029 0.1680902824 0.01964328957
v -0.03135297728 0.1623233051 0.01639804339
v -0.03131741738 0.1617787743 0.01651940441
v -0.03117517781 0.1596006508 0.01700484848
v -0.03121073771 0.1601451817 0.01688348746
v -0.03148174214 0.161441925 0.01377516341
v -0.0319886384 0.161395525 0.01371549988
v -0.02984238291 0.1485065022 0.01430930781
v -0.02980682302 0.1479619713 0.01443066883
v -0.03114613152 0.1568796482 0.02596079159
v -0.03256791329 0.1567495041 0.02579344273
v -0.02939137602 0.1538627739 0.02574661994
v -0.03223493934 0.1536024837 0.02541192245
v -0.03048018384 0.1505856094 0.02519775081
v -0.0281881671 0.1572833996 0.02521197915
v -0.02807376599 0.1574268608 0.02412846923
v -0.0290584023 0.1507157555 0.02536509943
v -0.02785519338 0.1541363811 0.02483045864
v -0.0288037715 0.1351204491 0.01149321687
v -0.02971809578 0.1390596676 0.01179546463
v -0.03047494364 0.1465049534 0.0124354763
v -0.0303822329 0.1351087761 0.01133008611
v -0.03022499156 0.1390132675 0.01173580122
v -0.02996804738 0.1465513535 0.01249513984
v -0.02823910165 0.1350393219 0.0115370208
v -0.03218177557 0.1683390045 0.01988853455
v -0.03162332296 0.1683492317 0.01991411471
v -0.03005107832 0.1684522591 0.02005902195
v -0.02761616158 0.1580007057 0.01979442954
v -0.02773056269 0.1578572445 0.02087793946
v -0.02717240071 0.1553427639 0.01809132028
v -0.02739758897 0.1547102261 0.02049641895
v -0.0269538281 0.1520522842 0.01879330969
v -0.02684304094 0.1525413609 0.01747172093
v -0.02772650743 0.1381276817 0.02383901739
v -0.02914828897 0.1379975357 0.02367166877
v -0.0265232985 0.1415483074 0.0233043766
v -0.02805948114 0.1412747002 0.0242205379
v -0.02685627222 0.1446953259 0.02368589711
v -0.02607953763 0.1388903656 0.02160126734
v -0.02674187112 0.1448387871 0.02260238719
v -0.02629811025 0.1421808453 0.02089927793
v -0.02596875048 0.1393794422 0.02027967858
v -0.02552560186 0.1413357487 0.01499332356
v -0.02585496163 0.1441371517 0.01561292291
v -0.02563638902 0.1408466721 0.01631491232
v -0.02963891435 0.1305021553 0.0229317224
v -0.02958668303 0.1300085049 0.022871876
v -0.02598042226 0.1347148132 0.01171223652
v -0.02654509211 0.1347959404 0.01166843259
v -0.0348377862 0.1680549889 0.01953576112
v -0.03427933359 0.1680652161 0.01956134129
v -0.03900064421 0.1533821411 0.0213246491
v -0.03878207159 0.1500916615 0.02202663851
v -0.03866767025 0.1502351208 0.02094312882
v -0.03616731071 0.1500650311 0.0245283556
v -0.03507850289 0.1533421955 0.02507722473
v -0.03474552894 0.1501951752 0.02469570446
v -0.03778014851 0.1449192333 0.01753691077
v -0.03766936159 0.1454083099 0.01621532202
v -0.03745078897 0.1421178303 0.01691731143
v -0.03709511137 0.1276490679 0.01870529664
v -0.03280114579 0.1297142658 0.02249352241
v -0.03704288006 0.1271554174 0.01864545023
v -0.03274891448 0.1292206154 0.022433676
v -0.03123601794 0.1441614265 0.02426736116
v -0.03090304422 0.1410144081 0.02388584065
v -0.0298142364 0.1442915726 0.02443470979
v -0.03246735549 0.1346522789 0.01103934062
v -0.03032422423 0.1345828247 0.01124627531
v -0.02975955439 0.1345016975 0.01129007924
v -0.03214863634 0.1681784706 0.01973182869
v -0.03461728859 0.1544991779 0.01499772871
v -0.03458172846 0.1539546452 0.01511908972
v -0.03250252724 0.1463193531 0.01219682252
v -0.03199563146 0.1463657532 0.01225648594
v -0.03173868728 0.1539038391 0.01301582456
v -0.03123179102 0.1539502392 0.01307548809
v -0.0305621202 0.1548703728 0.01547503662
v -0.03052656031 0.1543258419 0.01559639764
v -0.02762639117 0.1544233036 0.0226634388
v -0.02740781856 0.1511328239 0.02336542821
v -0.02729341745 0.1512762852 0.02228191829
v -0.02640589571 0.1459604015 0.01887569976
v -0.02629510856 0.1464494781 0.017554111
v -0.02607653594 0.1431589985 0.01825610042
v -0.04028634834 0.1621820269 0.02594120371
v -0.03971209991 0.1596432428 0.02545270061
v -0.04026660085 0.1636570559 0.01764705265
v -0.03984330916 0.1576722937 0.02514745855
v -0.03898529911 0.1587482386 0.01702113593
v -0.03892990565 0.1589927769 0.01636034155
v -0.03870118427 0.1590137129 0.01638726288
v -0.03847882724 0.1590887823 0.01642615694
v -0.03803411317 0.1592389212 0.01650394505
v -0.03751249146 0.1356431513 0.02247681665
v -0.03745529079 0.1357148809 0.02193506181
v -0.03680160058 0.1357082233 0.02256049109
v -0.03662438893 0.1393829556 0.01202314615
v -0.03563252974 0.1642237501 0.01606046611
v -0.03562557626 0.1642135048 0.01600935692
v -0.0356116693 0.1641930141 0.01590713853
v -0.03558385539 0.1641520329 0.01570270175
v -0.03552822757 0.1640700703 0.01529382819
v -0.03552182269 0.1640671101 0.01524171585
v -0.03550901294 0.1640611897 0.01513749117
v -0.03548339343 0.1640493488 0.0149290418
v -0.03543215442 0.1640256672 0.01451214308
v -0.03543020535 0.1640239716 0.01449690157
v -0.0354263072 0.1640205803 0.01446641856
v -0.03541851091 0.1640137978 0.01440545255
v -0.03540291834 0.1640002327 0.01428352052
v -0.03539241862 0.1639456911 0.01423673147
v -0.03537141919 0.1638366079 0.01414315337
v -0.03532942033 0.1636184416 0.01395599717
v -0.03536582875 0.1601397543 0.01697067374
v -0.03538360882 0.1604120207 0.01690999323
v -0.0352454226 0.1631821089 0.01358168477
v -0.03521922755 0.162978446 0.01351752168
v -0.03496577966 0.163001646 0.01354735339
v -0.03471233153 0.1630248461 0.01357718515
v -0.03319356823 0.1396969957 0.01242696613
v -0.03298899126 0.1400443316 0.01240517968
v -0.03298203778 0.1400340862 0.01235407048
v -0.03297563291 0.140031126 0.01230195814
v -0.03297368383 0.1400294304 0.01228671664
v -0.03297121119 0.1397720652 0.01246586019
v -0.03296318412 0.1399748888 0.01223992759
v -0.03342228961 0.1396760597 0.0124000448
v -0.03387973237 0.1396341877 0.01234620214
v -0.03257025838 0.1369199457 0.01127748126
v -0.03259645343 0.1371236086 0.01134164435
v -0.03264884353 0.1375309343 0.01146997052
v -0.03157736146 0.1645949364 0.01653777432
v -0.03155958152 0.1643226709 0.01659845483
v -0.03152173269 0.1645129738 0.01612890029
v -0.0314939183 0.1644719925 0.01592446327
v -0.03148001111 0.1644515018 0.01582224476
v -0.03147305751 0.1644412565 0.01577113551
v -0.03142181945 0.1644175825 0.01535423678
v -0.03139620042 0.1644057455 0.01514578742
v -0.0313833909 0.164399827 0.01504156274
v -0.03137698615 0.1643968678 0.0149894504
v -0.03136139262 0.1643833027 0.01486751837
v -0.03135359585 0.1643765202 0.01480655235
v -0.03134969747 0.1643731289 0.01477606934
v -0.03134774828 0.1643714333 0.01476082784
v -0.03131066227 0.1605109549 0.01744798195
v -0.03107557642 0.1604777584 0.01746293044
v -0.03060540473 0.1604113655 0.01749282742
v -0.03126375055 0.1639351006 0.01438651592
v -0.03122175169 0.1637169342 0.01419935995
v -0.03120075226 0.163607851 0.01410578197
v -0.03119025254 0.1635533094 0.01405899298
v -0.03116405773 0.1633496466 0.01399482989
v -0.02893382132 0.1404155312 0.01288248706
v -0.02892686772 0.1404052858 0.0128313778
v -0.02892046297 0.1404023266 0.01277926546
v -0.02891851377 0.140400631 0.01276402396
v -0.02891604137 0.1401432657 0.01294316757
v -0.02890801406 0.1403460894 0.01271723497
v -0.02868095553 0.1401100693 0.01295811605
v -0.02888181925 0.1401424265 0.01265307188
v -0.02882942963 0.1397351007 0.0125247457
v -0.02917994583 0.1586483746 0.02640257502
v -0.02846905506 0.1587134476 0.02648624933
v -0.02876854002 0.1372679462 0.01172495687
v -0.0285150919 0.1372911463 0.01175478864
v -0.02902198792 0.1372447462 0.01169512516
v -0.02886654472 0.1617465773 0.02696758687
v -0.02778437459 0.1600130081 0.01767220926
v -0.02761104679 0.1597894068 0.01835992491
v -0.02755565321 0.1600339451 0.01769913054
v -0.02613823903 0.1366843185 0.02381560576
v -0.02608103848 0.1367560492 0.0232738508
v -0.02627569389 0.134705534 0.02356952107
v -0.02525013483 0.1404241238 0.01336193514
v -0.02547885621 0.1404031868 0.01333501387
v -0.02593629897 0.1403613129 0.01328117132
v -0.02470314991 0.1304260507 0.02293254703
v -0.02533356369 0.1281548824 0.02307550919
v -0.0401171627 0.1607167406 0.02564334929
v -0.03385742378 0.162770505 0.0266979109
v -0.03546465492 0.1626233854 0.02650873411
v -0.03368823814 0.1613052187 0.02640005648
v -0.04053407788 0.1613195238 0.02173739326
v -0.04042183185 0.1614796705 0.02065921319
v -0.03529546928 0.1611580992 0.02621087968
v -0.04008509374 0.1619601107 0.01742467296
v -0.03944290447 0.1581744013 0.02135517466
v -0.0393857038 0.1582461309 0.02081341982
v -0.03884438729 0.1482312326 0.02400289774
v -0.03851141334 0.1450842123 0.02362137747
v -0.03878718662 0.1483029623 0.0234611429
v -0.0381334964 0.1482963047 0.02408657217
v -0.03486707294 0.1581277981 0.02573317957
v -0.03415618205 0.1581928701 0.025816854
v -0.03832958126 0.1488767996 0.01912710416
v -0.03811100864 0.1455863199 0.01982909358
v -0.03838678193 0.1488050699 0.019668859
v -0.03805561519 0.1458308582 0.0191682992
v -0.03794182706 0.1505885677 0.01450154352
v -0.03761246753 0.1477871647 0.01388194418
v -0.03766786098 0.1475426264 0.01454273856
v -0.03738374615 0.1478081007 0.01390886551
v -0.03715502477 0.1478290367 0.01393578684
v -0.03669758201 0.1478709087 0.01398962951
v -0.03625525689 0.1598394766 0.01681509751
v -0.03669997096 0.1596893377 0.0167373094
v -0.03714468503 0.1595391989 0.01665952128
v -0.036922328 0.1596142683 0.01669841534
v -0.03702694154 0.1506723118 0.01460922885
v -0.03656949878 0.1507141838 0.01466307151
v -0.0363407774 0.1507351198 0.01468999285
v -0.03555397511 0.1479755888 0.01412423617
v -0.03533161807 0.1480506582 0.01416313022
v -0.03611842036 0.1508101892 0.0147288869
v -0.03578269649 0.1479546528 0.01409731483
v -0.034886904 0.1482007971 0.01424091834
v -0.03706753659 0.1374266491 0.01730950117
v -0.03701214314 0.1376711874 0.01664870679
v -0.03353517711 0.1455397167 0.02420709848
v -0.03244636929 0.1488168812 0.02475596762
v -0.03315726018 0.1487518091 0.02467229319
v -0.03282428634 0.1456047897 0.0242907728
v -0.03182536519 0.1361637344 0.02314621127
v -0.03111447442 0.1362288074 0.02322988558
v -0.03020748913 0.1282071705 0.0225678252
v -0.0317624892 0.1275664005 0.022318802
v -0.03570950341 0.1394666996 0.01213083148
v -0.03525206065 0.1395085716 0.01218467414
v -0.03502333927 0.1395295076 0.01221159548
v -0.03479461789 0.1395504436 0.01223851681
v -0.03550806928 0.1623178854 0.01648522967
v -0.03549028921 0.162045619 0.01654591018
v -0.03552584934 0.1625901518 0.01642454916
v -0.03449958467 0.1538611422 0.01449391478
v -0.03412193632 0.1504069395 0.01397173101
v -0.03411498284 0.1503966942 0.01392062181
v -0.03448180461 0.1535888758 0.01455459529
v -0.03410107589 0.1503762035 0.01381840342
v -0.03446402454 0.1533166094 0.0146152758
v -0.03447177076 0.1538201609 0.014289478
v -0.03445786381 0.1537996702 0.01418725961
v -0.03445091033 0.1537894249 0.01413615042
v -0.03443700337 0.1537689342 0.01403393203
v -0.03407326198 0.1503352222 0.01361396664
v -0.0340668571 0.150332262 0.0135618543
v -0.03405404735 0.1503263416 0.01345762962
v -0.03441138387 0.1537570934 0.01382548267
v -0.03439857411 0.153751173 0.01372125798
v -0.03439216924 0.1537482128 0.01366914564
v -0.03437935948 0.1537422924 0.01356492096
v -0.03402842784 0.1503145008 0.01324918026
v -0.03402647877 0.1503128052 0.01323393875
v -0.03402258062 0.1503094139 0.01320345575
v -0.0343715632 0.1537355099 0.01350395495
v -0.03436766505 0.1537321186 0.01347347194
v -0.03436571598 0.153730423 0.01345823044
v -0.03436181784 0.1537270317 0.01342774743
v -0.03401478434 0.1503026314 0.01314248973
v -0.03400428462 0.1502480898 0.01309570068
v -0.03398328519 0.1501390066 0.01300212258
v -0.03522899222 0.151110467 0.01488446313
v -0.03433956409 0.1514107447 0.01504003936
v -0.03399747586 0.1485010748 0.01439649457
v -0.03478427815 0.1512606058 0.01496225125
v -0.03456192112 0.1513356752 0.0150011453
v -0.03435734415 0.1516830111 0.01497935885
v -0.03401525593 0.1487733412 0.01433581406
v -0.03431981897 0.1535088654 0.01324059123
v -0.03429881954 0.1533997822 0.01314701313
v -0.03428831983 0.1533452406 0.01310022408
v -0.03426732039 0.1532361574 0.01300664598
v -0.03394128633 0.1499208403 0.01281496638
v -0.03391509128 0.1497171774 0.01275080329
v -0.03388889623 0.1495135145 0.0126866402
v -0.03383650613 0.1491061888 0.01255831403
v -0.0341625402 0.1524215059 0.01274999362
v -0.0341101501 0.1520141802 0.01262166744
v -0.03408395505 0.1518105173 0.01255750436
v -0.03370553088 0.1480878744 0.01223749858
v -0.03373172593 0.1482915373 0.01230166167
v -0.03345208299 0.1481110744 0.01226733029
v -0.0331986351 0.1481342745 0.012297162
v -0.03319164276 0.1631640463 0.01375617576
v -0.03293819463 0.1631872463 0.01378600752
v -0.0326847465 0.1632104464 0.01381583929
v -0.03230981982 0.1519729176 0.01276632631
v -0.03142449987 0.1482966747 0.01250598395
v -0.03205637169 0.1519961176 0.01279615808
v -0.03167794776 0.1482734747 0.01247615224
v -0.03256326771 0.1519497175 0.0127364946
v -0.03117105174 0.1483198748 0.01253581572
v -0.03285840392 0.1391602373 0.01198327523
v -0.03280601382 0.1387529116 0.01185494906
v -0.03277981877 0.1385492487 0.01179078597
v -0.03275362372 0.1383455858 0.01172662288
v -0.03079612315 0.137082346 0.01148630321
v -0.03054267526 0.137105546 0.01151613492
v -0.03104957104 0.1370591459 0.0114564715
v -0.03145290184 0.1626890783 0.01696253788
v -0.03143512189 0.1624168129 0.01702321839
v -0.03141734195 0.1621445475 0.0170838989
v -0.03044441569 0.1542323341 0.01497122264
v -0.03043050849 0.1542118435 0.01486900413
v -0.0304235549 0.1542015982 0.01481789488
v -0.0300667671 0.1507781334 0.01444903874
v -0.03042663574 0.1539600687 0.01503190315
v -0.0304096477 0.1541811075 0.01471567637
v -0.03004898715 0.150505868 0.01450971925
v -0.03003895271 0.1507371521 0.01424460173
v -0.03038183331 0.1541401262 0.01451123935
v -0.0303690238 0.1541342077 0.01440701467
v -0.03036261904 0.1541312485 0.01435490233
v -0.03002504551 0.1507166615 0.01414238322
v -0.03001809192 0.1507064161 0.01409127396
v -0.03034980953 0.15412533 0.01425067765
v -0.02999247289 0.1506945791 0.0138828246
v -0.0303241905 0.154113493 0.01404222828
v -0.03032029212 0.1541101017 0.01401174527
v -0.03031834292 0.1541084061 0.01399650377
v -0.02997966337 0.1506886606 0.01377859992
v -0.02997325861 0.1506857014 0.01372648758
v -0.03031444454 0.1541050148 0.01396602076
v -0.02996546185 0.1506789188 0.01366552156
v -0.03030664778 0.1540982323 0.01390505475
v -0.03028564835 0.1539891491 0.01381147677
v -0.03027514863 0.1539346075 0.01376468778
v -0.02996156347 0.1506755276 0.01363503855
v -0.02995961428 0.1506738319 0.01361979705
v -0.0302541492 0.1538255243 0.0136711098
v -0.03028439617 0.1517819452 0.01551734722
v -0.02994230747 0.1488722754 0.0148738023
v -0.02970722163 0.1488390789 0.01488875079
v -0.03030217612 0.1520542107 0.01545666671
v -0.03004931033 0.1517487488 0.0155322957
v -0.02923704994 0.148772686 0.01491864777
v -0.03031995606 0.1523264761 0.0153959862
v -0.02872471797 0.1601457939 0.01761241531
v -0.02919488966 0.1602121868 0.01758251834
v -0.02966506135 0.1602785797 0.01755262136
v -0.02942997551 0.1602453833 0.01756756985
v -0.02991761541 0.1504556656 0.01343264109
v -0.03021215034 0.153607358 0.01348395383
v -0.03018595552 0.1534036951 0.01341979074
v -0.02989661598 0.1503465824 0.01333906311
v -0.02988611627 0.1502920408 0.01329227412
v -0.02985992146 0.150088378 0.01322811103
v -0.0301335659 0.1529963694 0.01329146457
v -0.02975514221 0.1492737265 0.01297145867
v -0.03002878666 0.1521817179 0.01303481221
v -0.02965036297 0.148459075 0.01271480632
v -0.03028223479 0.1521585178 0.01300498044
v -0.02970275259 0.1488664007 0.0128431325
v -0.02967655778 0.1486627378 0.01277896941
v -0.03053568292 0.1521353178 0.01297514868
v -0.02861987114 0.1381057978 0.01201144099
v -0.02867226076 0.1385131235 0.01213976717
v -0.02872465038 0.1389204493 0.01226809335
v -0.02869845557 0.1387167864 0.01220393026
v -0.02910896695 0.151615963 0.01559208965
v -0.02829670656 0.1486399002 0.01497844172
v -0.02816862357 0.1514831772 0.0156518836
v -0.02863879526 0.1515495701 0.01562198663
v -0.02840370941 0.1515163736 0.01563693511
v -0.02806798518 0.1486608372 0.01500536299
v -0.0278392638 0.1486817741 0.01503228426
v -0.02738182104 0.1487236481 0.0150861268
v -0.02776607001 0.1401938171 0.01306580114
v -0.02730862725 0.1402356911 0.01311964369
v -0.02707990587 0.140256628 0.01314656496
v -0.02685118449 0.140277565 0.01317348623
v -0.0280686512 0.1592155619 0.0226939646
v -0.02801145065 0.1592872925 0.02215220964
v -0.0274701339 0.1492723923 0.0253416878
v -0.02713716018 0.1461253738 0.02496016729
v -0.02784805095 0.1460603008 0.02487649298
v -0.02741293335 0.1493441229 0.02479993284
v -0.02903573036 0.1632118635 0.0272654413
v -0.02695532894 0.1499179678 0.02046589315
v -0.02673675632 0.1466274881 0.02116788256
v -0.02701252949 0.1498462372 0.02100764811
v -0.02668136275 0.1468720264 0.02050708818
v -0.02725373805 0.151566925 0.01575956869
v -0.02679629529 0.151608799 0.01581341124
v -0.0265675739 0.1516297359 0.01584033251
v -0.02623821414 0.1488283329 0.01522073317
v -0.02646693552 0.1488073959 0.01519381189
v -0.02629360771 0.1485837946 0.01588152754
v -0.02569328344 0.1384678173 0.01864829016
v -0.02563788986 0.1387123556 0.01798749578
v -0.02554248893 0.1301294804 0.0233148948
v -0.02449422467 0.1284514527 0.02269316143
v -0.02399951279 0.1282609353 0.01863828653
v -0.02412319076 0.1283085647 0.01965200526
v -0.03967170715 0.1578874826 0.02352219403
v -0.03961450648 0.1579592123 0.02298043919
v -0.03951033521 0.1545252733 0.02476593828
v -0.03917736125 0.151378253 0.02438441801
v -0.03945313454 0.154597003 0.02422418344
v -0.03879944432 0.1545903454 0.02484961271
v -0.03818701947 0.1596902952 0.0256123476
v -0.0377106365 0.1578675098 0.02539848185
v -0.03699974561 0.1579325819 0.02548215628
v -0.03915690112 0.1585330496 0.01864640045
v -0.03921410179 0.1584613199 0.01918815529
v -0.03876672649 0.1554577589 0.01772312534
v -0.03854815388 0.1521672792 0.01842511475
v -0.03882392716 0.1553860292 0.01826488018
v -0.03849276042 0.1524118176 0.01776432037
v -0.03860054612 0.1561913738 0.01574074221
v -0.03827118659 0.1533899708 0.01512114286
v -0.03781374383 0.1534318428 0.01517498553
v -0.03758502245 0.1534527788 0.01520190686
v -0.03832658005 0.1531454325 0.01578193724
v -0.03814310336 0.1562332458 0.01579458487
v -0.03791438198 0.1562541819 0.0158215062
v -0.03712757969 0.1534946508 0.01525574952
v -0.03690522265 0.1535697203 0.01529464358
v -0.03784546542 0.1387901716 0.02285833693
v -0.03817843938 0.141937192 0.0232398572
v -0.03812123871 0.1420089216 0.02269810236
v -0.03746754849 0.142002264 0.02332353163
v -0.03767386341 0.1390053606 0.0212330724
v -0.03789243603 0.1422958403 0.02053108299
v -0.03761846995 0.1392498989 0.02057227802
v -0.0379496367 0.1422241106 0.02107283783
v -0.03728911042 0.1364484959 0.01995267868
v -0.03723371696 0.1366930342 0.0192918843
v -0.03571279275 0.1389853878 0.02310936022
v -0.03462398493 0.1422625523 0.02365822935
v -0.03500190198 0.1390504608 0.02319303453
v -0.03533487582 0.1421974802 0.02357455492
v -0.03466892827 0.1359034424 0.02281151402
v -0.0339580375 0.1359685154 0.02289518833
v -0.03695374846 0.1421843586 0.01264274549
v -0.037283108 0.1449857616 0.01326234484
v -0.0364963057 0.1422262306 0.01269658816
v -0.03626758432 0.1422471666 0.01272350949
v -0.03700914192 0.1419398203 0.01330353987
v -0.03679056931 0.1386493406 0.01400552928
v -0.03684596276 0.1384048023 0.01466632366
v -0.0355969696 0.1636792173 0.01618182713
v -0.03557918954 0.163406951 0.01624250764
v -0.03556140947 0.1631346846 0.01630318815
v -0.03525488138 0.1607695475 0.01553828233
v -0.03487723303 0.1573153448 0.01501609856
v -0.03486332607 0.1572948542 0.01491388017
v -0.03485637259 0.1572846088 0.01486277097
v -0.03523710132 0.1604972811 0.01559896284
v -0.03521932125 0.1602250147 0.01565964335
v -0.03524097443 0.1607490568 0.01543606395
v -0.03523402095 0.1607388115 0.01538495475
v -0.03484246564 0.1572641182 0.01476055259
v -0.03482855868 0.1572436275 0.0146583342
v -0.03520620704 0.1606978302 0.01518051797
v -0.03519230008 0.1606773396 0.01507829958
v -0.03516448617 0.1606363583 0.0148738628
v -0.03480074477 0.1572026463 0.01445389742
v -0.03478793502 0.1571967258 0.01434967273
v -0.03478153014 0.1571937656 0.01429756039
v -0.03515167642 0.1606304379 0.01476963812
v -0.03514527154 0.1606274776 0.01471752578
v -0.03476872039 0.1571878452 0.01419333571
v -0.03475591063 0.1571819248 0.01408911103
v -0.03511965203 0.1606156368 0.01450907642
v -0.03510684228 0.1606097164 0.01440485173
v -0.03508122277 0.1605978756 0.01419640237
v -0.03473029113 0.157170084 0.01388066167
v -0.03472639298 0.1571666927 0.01385017866
v -0.03472444391 0.1571649971 0.01383493716
v -0.03507732463 0.1605944843 0.01416591936
v -0.03507537556 0.1605927887 0.01415067786
v -0.03472054577 0.1571616058 0.01380445415
v -0.03471664762 0.1571582146 0.01377397114
v -0.03506757927 0.1605860062 0.01408971184
v -0.03506368113 0.1605826149 0.01405922884
v -0.03505588484 0.1605758324 0.01399826282
v -0.03470885134 0.157151432 0.01371300513
v -0.03468785191 0.1570423489 0.01361942703
v -0.03467735219 0.1569878073 0.01357263798
v -0.03503488541 0.1604667492 0.01390468472
v -0.03502438569 0.1604122076 0.01385789567
v -0.03465635276 0.1568787241 0.01347905988
v -0.03463535333 0.1567696409 0.01338548177
v -0.03545472908 0.1615010862 0.0166672712
v -0.03541916895 0.1609565535 0.01678863221
v -0.03543694901 0.1612288198 0.01672795171
v -0.03502374053 0.1572300844 0.01632712895
v -0.0354684546 0.1570799456 0.01624934083
v -0.03569081163 0.1570048761 0.01621044677
v -0.03468165231 0.1543204145 0.01568358415
v -0.03469943237 0.1545926809 0.01562290365
v -0.0350415206 0.1575023508 0.01626644844
v -0.03498238683 0.1601940413 0.01367073947
v -0.0349613874 0.1600849581 0.01357716137
v -0.03491938853 0.1598667917 0.01339000517
v -0.03459335446 0.1565514746 0.01319832557
v -0.03454096437 0.1561441488 0.0130699994
v -0.03451476932 0.155940486 0.01300583631
v -0.03486699843 0.159459466 0.01326167899
v -0.03484080338 0.1592558031 0.0131975159
v -0.03446237922 0.1555331602 0.01287751013
v -0.03420893133 0.1555563602 0.01290734184
v -0.03395548344 0.1555795603 0.01293717355
v -0.03369853902 0.1631176462 0.01369651222
v -0.03420543528 0.1630712461 0.01363684869
v -0.03395198715 0.1630944462 0.01366668046
v -0.0343339076 0.1593022032 0.01325717932
v -0.03408045971 0.1593254032 0.01328701103
v -0.03319513977 0.1556491604 0.01302666867
v -0.03294169164 0.1556723604 0.01305650043
v -0.03382701159 0.1593486032 0.01331684279
v -0.03344858766 0.1556259604 0.01299683696
v -0.03398037052 0.1424565268 0.01299272281
v -0.03375801349 0.1425315962 0.01303161687
v -0.03476717281 0.1452160578 0.01355847949
v -0.03499589419 0.1451951218 0.01353155816
v -0.03336663961 0.1434985342 0.01292736346
v -0.03335968614 0.1434882889 0.01287625426
v -0.03374428797 0.1469527369 0.01344954723
v -0.0337265079 0.1466804705 0.01351022774
v -0.03370872784 0.1464082041 0.01357090825
v -0.03334577918 0.1434677982 0.01277403587
v -0.0333393743 0.143464838 0.01272192353
v -0.03373038101 0.1469322462 0.01334732884
v -0.03372342753 0.1469220009 0.01329621965
v -0.03370952058 0.1469015102 0.01319400126
v -0.03332656455 0.1434589176 0.01261769885
v -0.03332461548 0.143457222 0.01260245734
v -0.03369671082 0.1468955898 0.01308977658
v -0.03369030595 0.1468926296 0.01303766423
v -0.03367749619 0.1468867092 0.01293343955
v -0.03332071733 0.1434538307 0.01257197434
v -0.03331021762 0.1433992891 0.01252518529
v -0.03367359805 0.1468833179 0.01290295655
v -0.03367164898 0.1468816223 0.01288771504
v -0.03366775084 0.146878231 0.01285723203
v -0.03333107948 0.1429540014 0.01304872447
v -0.03331329942 0.142681735 0.01310940498
v -0.03432245874 0.1453661966 0.0136362676
v -0.03410010171 0.1454412661 0.01367516166
v -0.03365538764 0.1455914049 0.01375294977
v -0.03367316771 0.1458636713 0.01369226927
v -0.03328921819 0.143290206 0.01243160719
v -0.0336467514 0.1467691479 0.01276365393
v -0.03363625169 0.1467146063 0.01271686488
v -0.03361525226 0.1466055231 0.01262328678
v -0.03323682809 0.1428828802 0.01230328101
v -0.03321063304 0.1426792173 0.01223911792
v -0.03294868255 0.1406425886 0.01159748703
v -0.03332710671 0.1443652315 0.01191749281
v -0.03335330176 0.1445688944 0.0119816559
v -0.03269523466 0.1406657887 0.01162731874
v -0.03244178677 0.1406889887 0.01165715045
v -0.0320633626 0.1369663458 0.01133714467
v -0.03180991471 0.1369895458 0.01136697638
v -0.03155646682 0.1370127459 0.01139680809
v -0.03148846173 0.1632336092 0.01684117687
v -0.03152402163 0.1637781401 0.01671981585
v -0.03150624168 0.1635058746 0.01678049636
v -0.03119971287 0.1611407356 0.01601559043
v -0.03117189848 0.1610997543 0.01581115341
v -0.03115799129 0.1610792637 0.0157089349
v -0.03082206428 0.1576865349 0.01549340653
v -0.03080428433 0.1574142694 0.01555408704
v -0.03118193293 0.1608684702 0.01607627094
v -0.0311301769 0.1610382824 0.01550449789
v -0.0311232233 0.1610280371 0.01545338863
v -0.03079424989 0.1576455536 0.01528896952
v -0.0307803427 0.1576250629 0.01518675101
v -0.03110931611 0.1610075464 0.01535117012
v -0.03108369708 0.1609957094 0.01514272076
v -0.03107088757 0.1609897909 0.01503849608
v -0.0307664355 0.1576045723 0.0150845325
v -0.03075948191 0.157594327 0.01503342324
v -0.03074557471 0.1575738363 0.01493120474
v -0.03104526854 0.1609779539 0.01483004671
v -0.03103886378 0.1609749947 0.01477793437
v -0.03071995568 0.1575619993 0.01472275537
v -0.03070714617 0.1575560808 0.01461853069
v -0.03102605426 0.1609690762 0.01467370969
v -0.0310182575 0.1609622936 0.01461274368
v -0.03101435912 0.1609589024 0.01458226067
v -0.03069433665 0.1575501623 0.01451430601
v -0.0306879319 0.1575472031 0.01446219367
v -0.03067512238 0.1575412846 0.01435796899
v -0.03100656235 0.1609521198 0.01452129465
v -0.03100461316 0.1609504242 0.01450605315
v -0.03066732562 0.157534502 0.01429700297
v -0.03066342723 0.1575311108 0.01426651996
v -0.03100071478 0.1609470329 0.01447557014
v -0.03095871592 0.1607288666 0.01428841418
v -0.03093771648 0.1606197834 0.0141948362
v -0.03065952885 0.1575277195 0.01423603696
v -0.03065757966 0.1575260239 0.01422079545
v -0.03065368128 0.1575226326 0.01419031245
v -0.03134622216 0.1610554857 0.01732662094
v -0.03136400211 0.1613277512 0.01726594043
v -0.03138178205 0.1616000166 0.01720525992
v -0.03096857357 0.157601285 0.01680443704
v -0.03062648487 0.1546916151 0.01616089213
v -0.03039139903 0.1546584187 0.01617584062
v -0.03098635352 0.1578735504 0.01674375653
v -0.03100413346 0.1581458158 0.01668307602
v -0.03167095399 0.1633032465 0.01393516636
v -0.03192440212 0.1632800465 0.01390533459
v -0.03217785025 0.1632568464 0.01387550282
v -0.03089571762 0.1604016171 0.01400768024
v -0.03088521791 0.1603470755 0.01396089125
v -0.03061168242 0.1573044662 0.01400315648
v -0.03059068298 0.1571953831 0.0139095785
v -0.03086421847 0.1602379923 0.01386731327
v -0.03083802366 0.1600343294 0.01380315018
v -0.03056968355 0.1570862999 0.01381600052
v -0.03055918384 0.1570317583 0.01376921153
v -0.0305381844 0.1569226751 0.01367563355
v -0.03078563404 0.1596270037 0.013674824
v -0.03048579478 0.1565153494 0.01354730737
v -0.03045959997 0.1563116865 0.01348314428
v -0.03040721035 0.1559043608 0.01335481811
v -0.03103908217 0.1596038036 0.01364499223
v -0.0312925303 0.1595806036 0.01361516047
v -0.02931146991 0.1438697319 0.01340467095
v -0.02929368997 0.1435974665 0.01346535146
v -0.0296891185 0.1473239326 0.01392685485
v -0.02967521131 0.147303442 0.01382463634
v -0.02966825771 0.1472931967 0.01377352709
v -0.02967133856 0.1470516672 0.01398753536
v -0.02929756272 0.1438492413 0.01330245245
v -0.02929060912 0.1438389959 0.01325134319
v -0.02965435052 0.147272706 0.01367130858
v -0.029641541 0.1472667875 0.0135670839
v -0.02963513625 0.1472638283 0.01351497155
v -0.02927779961 0.1438330774 0.01314711851
v -0.02927139485 0.1438301182 0.01309500617
v -0.02962232673 0.1472579098 0.01341074687
v -0.02961842835 0.1472545185 0.01338026386
v -0.02961647916 0.1472528229 0.01336502236
v -0.02926749647 0.1438267269 0.01306452316
v -0.02926554728 0.1438250313 0.01304928166
v -0.02961258078 0.1472494316 0.01333453935
v -0.02959158134 0.1471403484 0.01324096137
v -0.02958108163 0.1470858068 0.01319417238
v -0.02925813007 0.1430529356 0.01358671248
v -0.02902304423 0.1430197392 0.01360166097
v -0.02960021877 0.1459626055 0.01423025739
v -0.02963577867 0.1465071363 0.01410889637
v -0.02961799872 0.1462348709 0.01416957688
v -0.02924454784 0.1437159481 0.01295570368
v -0.02923404813 0.1436614065 0.01290891469
v -0.0295600822 0.1469767237 0.0131005944
v -0.02953388739 0.1467730608 0.01303643131
v -0.02855287254 0.1429533463 0.01363155794
v -0.02913004708 0.1458962126 0.01426015437
v -0.02889496124 0.1458630161 0.01427510285
v -0.02842478955 0.1457966232 0.01430499983
v -0.02809542978 0.1429952202 0.01368540049
v -0.0278667084 0.1430161572 0.01371232176
v -0.03131261849 0.1584531584 0.02615155172
v -0.03202350938 0.1583880863 0.02606787729
v -0.03026875365 0.1553712101 0.02585370588
v -0.03135756147 0.1520940456 0.02530483675
v -0.03097964454 0.155306138 0.02577003145
v -0.0306466707 0.1521591187 0.02538851106
v -0.0282974534 0.1589286394 0.02486098444
v -0.02824025285 0.15900037 0.02431922948
v -0.02813608134 0.1555664291 0.02610472882
v -0.02780310762 0.1524194107 0.02572320831
v -0.02807888079 0.1556381598 0.02556297386
v -0.02851399839 0.1523543377 0.025639534
v -0.02965385997 0.1409441891 0.01198529923
v -0.02940041184 0.1409673891 0.012015131
v -0.03053917992 0.1446204319 0.01224564159
v -0.03079262781 0.1445972319 0.01221580988
v -0.02990730786 0.140920989 0.01195546752
v -0.03028573179 0.1446436319 0.01227547336
v -0.03003577948 0.1371519461 0.01157579833
v -0.0295288837 0.1371983461 0.01163546175
v -0.02978233159 0.1371751461 0.01160563004
v -0.02889351559 0.1410137892 0.01207479453
v -0.02927193928 0.1447364321 0.01239480042
v -0.02894590521 0.1414211149 0.01220312071
v -0.02897210002 0.1416247778 0.0122672838
v -0.02977883554 0.144690032 0.01233513689
v -0.02952538741 0.144713232 0.01236496866
v -0.02791245759 0.1571697311 0.01699876738
v -0.02838262928 0.157236124 0.0169688704
v -0.02861771512 0.1572693205 0.01695392191
v -0.02804054058 0.1543264542 0.01632532549
v -0.02758309782 0.1543683281 0.01637916803
v -0.02735437644 0.1543892651 0.01640608931
v -0.02778264844 0.1595742149 0.0199851898
v -0.027839849 0.1595024843 0.02052694476
v -0.02739247417 0.1564989271 0.01906191432
v -0.02717390156 0.1532084475 0.01976390374
v -0.02744967473 0.1564271965 0.01960366929
v -0.02711850798 0.1534529858 0.01910310936
v -0.02745501482 0.1572116051 0.01705260992
v -0.02722629344 0.157232542 0.01707953119
v -0.02689693367 0.154431139 0.01645993185
v -0.02695232725 0.1541866007 0.01712072623
v -0.02779921269 0.1346604385 0.02339508498
v -0.02827091134 0.1364890995 0.02356458282
v -0.02898180211 0.1364240265 0.02348090851
v -0.02647121274 0.139831337 0.02419712627
v -0.02680418646 0.1429783554 0.02457864678
v -0.02718210351 0.139766264 0.02411345196
v -0.02674698591 0.143050086 0.02403689182
v -0.02629961109 0.1400465288 0.02257186139
v -0.02651818371 0.1433370085 0.02186987197
v -0.02624421751 0.1402910671 0.02191106701
v -0.02657538426 0.1432652779 0.02241162694
v -0.02591485775 0.1374896641 0.02129146767
v -0.02585946417 0.1377342024 0.02063067329
v -0.0255794946 0.1432255268 0.01398153448
v -0.02590885437 0.1460269299 0.01460113382
v -0.02613757575 0.1460059929 0.01457421255
v -0.02563488817 0.1429809885 0.01464232886
v -0.02541631556 0.1396905088 0.01534431827
v -0.02547170913 0.1394459705 0.01600511265
v -0.03922433186 0.1548839216 0.02205716407
v -0.03900575924 0.151593442 0.02275915349
v -0.03928153253 0.154812192 0.02259891891
v -0.03894855857 0.1516651716 0.02221739864
v -0.03905272985 0.1550991106 0.02043189955
v -0.03871975589 0.1519520903 0.02005037928
v -0.03899552917 0.1551708403 0.01989014471
v -0.03877695656 0.1518803606 0.02059213412
v -0.03704468858 0.1515734692 0.0246354413
v -0.03595588076 0.1548506336 0.02518431044
v -0.03666677165 0.1547855616 0.02510063601
v -0.03633379769 0.1516385412 0.02471911573
v -0.03833981133 0.1452994013 0.02199611294
v -0.03828261065 0.1453711309 0.0214543581
v -0.03861558461 0.1485181513 0.02183587837
v -0.03855838394 0.1485898809 0.02129412353
v -0.03637874067 0.1452794285 0.02387240076
v -0.03566784978 0.1453445005 0.02395607519
v -0.03600082374 0.1484915209 0.02433759546
v -0.03528993285 0.1485565929 0.02442126989
v -0.03382320809 0.1550458498 0.02543533373
v -0.03349023414 0.1518988295 0.02505381346
v -0.0331123172 0.1551109219 0.02551900816
v -0.03420112503 0.1518337574 0.02497013903
v -0.03816340089 0.1496104145 0.01714472103
v -0.03810800743 0.1498549528 0.01648392665
v -0.03788943481 0.1465644732 0.01718591607
v -0.03783404136 0.1468090115 0.01652512169
v -0.03772625566 0.1430294552 0.01854869986
v -0.03739689612 0.1402280521 0.01792910051
v -0.03745228958 0.1399835138 0.01858989489
v -0.0376708622 0.1432739935 0.01788790548
v -0.03744928837 0.1442521467 0.01524472797
v -0.03723071575 0.1409616671 0.01594671738
v -0.03717532229 0.1412062054 0.015285923
v -0.03750468183 0.1440076084 0.01590552235
v -0.03682566524 0.1450276337 0.0133161875
v -0.03659694386 0.1450485697 0.01334310883
v -0.03581014156 0.1422890387 0.01277735215
v -0.03558142018 0.1423099747 0.01280427349
v -0.03746966791 0.1564043207 0.01589929432
v -0.03724731088 0.1564793901 0.01593818837
v -0.03680259681 0.156629529 0.01601597649
v -0.03646050858 0.1537198591 0.0153724317
v -0.03601579452 0.153869998 0.01545021981
v -0.03579343748 0.1539450674 0.01548911387
v -0.03635788274 0.1567796679 0.0160937646
v -0.0361355257 0.1568547373 0.01613265866
v -0.03512636638 0.1541702757 0.01560579604
v -0.03534872341 0.1540952063 0.01556690198
v -0.03443781328 0.1424146547 0.01293888015
v -0.03466653466 0.1423937187 0.01291195881
v -0.03613950109 0.1450904417 0.0133969515
v -0.03591077971 0.1451113777 0.01342387283
v -0.03545333695 0.1451532497 0.01347771549
v -0.03512397742 0.1423518467 0.01285811615
v -0.03249131262 0.1424577713 0.02390925229
v -0.0321583389 0.1393107529 0.02352773178
v -0.03286922967 0.1392456799 0.02344405746
v -0.03178042185 0.1425228443 0.0239929266
v -0.03031369698 0.1490121002 0.02500699055
v -0.02960280621 0.1490771732 0.02509066486
v -0.03069161403 0.1458000088 0.02454179573
v -0.02998072326 0.1458650818 0.02462547004
v -0.03002566659 0.1395059719 0.02377875471
v -0.02893685877 0.1427831364 0.02432762384
v -0.02931477582 0.1395710449 0.02386242902
v -0.02964774954 0.1427180634 0.02424394953
v -0.03516598105 0.1594082155 0.01584168488
v -0.03514820099 0.1591359491 0.01590236539
v -0.0348416729 0.156770812 0.01513745958
v -0.03482389283 0.1564985456 0.01519814008
v -0.03518376112 0.1596804819 0.01578100437
v -0.03480611277 0.1562262793 0.01525882059
v -0.03511264086 0.1585914164 0.0160237264
v -0.0347349925 0.1551372137 0.01550154263
v -0.03507708073 0.1580468836 0.01614508742
v -0.03509486079 0.15831915 0.01608440691
v -0.03477055264 0.1556817465 0.01538018161
v -0.03475277257 0.1554094801 0.01544086212
v -0.03408637619 0.1498624067 0.01409309202
v -0.03439290428 0.1522275438 0.01485799783
v -0.03406859612 0.1495901403 0.01415377253
v -0.03405081606 0.149317874 0.01421445304
v -0.03442846441 0.1527720766 0.01473663682
v -0.03441068435 0.1524998102 0.01479731733
v -0.03356286216 0.1461981974 0.01249496061
v -0.03353666711 0.1459945345 0.01243079752
v -0.03315824294 0.1422718916 0.01211079174
v -0.03313204789 0.1420682287 0.01204662865
v -0.03357705927 0.1518569174 0.01261716777
v -0.03218484354 0.1482270746 0.01241648883
v -0.03332361138 0.1518801174 0.01264699948
v -0.03307016349 0.1519033175 0.01267683119
v -0.03269173932 0.1481806746 0.01235682541
v -0.03243829143 0.1482038746 0.01238665712
v -0.03300107265 0.1410499144 0.01172581321
v -0.03302726769 0.1412535772 0.0117899763
v -0.03348427701 0.1455872087 0.01230247134
v -0.03345808196 0.1453835459 0.01223830825
v -0.03340569186 0.1449762201 0.01210998207
v -0.03307965779 0.141660903 0.01191830248
v -0.03282021093 0.1444116316 0.01197715622
v -0.03256676304 0.1444348316 0.01200698793
v -0.0316814431 0.1407585888 0.01174664557
v -0.0314279952 0.1407817888 0.01177647728
v -0.03193489099 0.1407353888 0.01171681386
v -0.03231331515 0.1444580317 0.01203681964
v -0.03281321907 0.1594414034 0.01343616986
v -0.03243479538 0.1557187605 0.01311616397
v -0.03332011533 0.1593950033 0.01337650633
v -0.0330666672 0.1594182034 0.0134063381
v -0.03218134725 0.1557419605 0.01314599574
v -0.03192789912 0.1557651606 0.0131758275
v -0.03230632281 0.1594878035 0.0134958334
v -0.03205287468 0.1595110035 0.01352566516
v -0.03091410661 0.1558579607 0.01329515457
v -0.03116755474 0.1558347607 0.0132653228
v -0.03179942656 0.1595342035 0.01355549693
v -0.03142100286 0.1558115606 0.01323549104
v -0.03129952359 0.1445508318 0.01215614647
v -0.03092109942 0.1408281889 0.01183614069
v -0.03041420364 0.140874589 0.01189580411
v -0.03066765153 0.1408513889 0.0118659724
v -0.03180641937 0.1445044317 0.01209648305
v -0.03155297148 0.1445276318 0.01212631476
v -0.03154947543 0.1520425177 0.01285582161
v -0.03015725923 0.1484126749 0.01265514278
v -0.03066415548 0.1483662748 0.01259547925
v -0.03041070735 0.1483894749 0.01262531102
v -0.0312960273 0.1520657177 0.01288565338
v -0.03104257917 0.1520889177 0.01291548514
v -0.03111081314 0.1597794085 0.01631899297
v -0.03076872444 0.1568697386 0.01567544806
v -0.03114637303 0.1603239393 0.01619763196
v -0.03112859309 0.1600516739 0.01625831246
v -0.0307509445 0.1565974731 0.01573612857
v -0.03073316455 0.1563252077 0.01579680908
v -0.03107525325 0.1592348776 0.01644035399
v -0.0310574733 0.1589626122 0.0165010345
v -0.03066204476 0.155236146 0.01603953111
v -0.03067982471 0.1555084114 0.0159788506
v -0.03103969336 0.1586903467 0.01656171501
v -0.03069760466 0.1557806768 0.01591817009
v -0.03039107585 0.1534155378 0.01515326416
v -0.02997786736 0.1494168062 0.01475244129
v -0.03001342726 0.1499613371 0.01463108027
v -0.02999564731 0.1496890717 0.01469176078
v -0.0303732959 0.1531432724 0.01521394467
v -0.03035551596 0.152871007 0.01527462518
v -0.03049840188 0.1575348921 0.01683433402
v -0.03026331604 0.1575016956 0.0168492825
v -0.02992122734 0.1545920258 0.01620573759
v -0.02979314435 0.1574353027 0.01687917948
v -0.02945105565 0.1545256329 0.01623563457
v -0.0292159698 0.1544924364 0.01625058305
v -0.02932297266 0.1573689098 0.01690907645
v -0.02908788681 0.1573357134 0.01692402494
v -0.02851071227 0.1543928471 0.01629542851
v -0.02874579811 0.1544260435 0.01628048003
v -0.02918165851 0.1432540808 0.01278058851
v -0.0291554637 0.1430504179 0.01271642542
v -0.02948149776 0.1463657351 0.01290810513
v -0.02942910814 0.1459584093 0.01277977896
v -0.02940291333 0.1457547464 0.01271561587
v -0.02910307407 0.1426430922 0.01258809924
v -0.0293243289 0.1451437578 0.0125231266
v -0.02935052371 0.1453474207 0.01258728969
v -0.02905068445 0.1422357664 0.01245977306
v -0.02902448964 0.1420321035 0.01239560997
v -0.02796734679 0.1458384972 0.01435884237
v -0.02773862541 0.1458594341 0.01438576365
v -0.02740926564 0.1430580311 0.0137661643
v -0.02718054426 0.143078968 0.01379308558
v -0.02603693736 0.1431836529 0.01392769194
v -0.02626565874 0.1431627159 0.01390077066
v -0.02728118265 0.1459013081 0.01443960619
v -0.02705246127 0.145922245 0.01446652746
v -0.0267231015 0.143120842 0.01384692812
v -0.02659501851 0.145964119 0.01452037001
v -0.02785007858 0.1559250822 0.02339595401
v -0.02763150597 0.1526346025 0.02409794343
v -0.02790727913 0.1558533516 0.02393770897
v -0.02757430542 0.1527063332 0.02355618846
v -0.02767847693 0.156140274 0.02177068913
v -0.02734550321 0.1529932556 0.02138916862
v -0.02762127638 0.1562120047 0.02122893417
v -0.02740270376 0.152921525 0.02193092358
v -0.02696555853 0.1463405657 0.02333490241
v -0.02690835798 0.1464122963 0.02279314744
v -0.0272413317 0.1495593147 0.02317466795
v -0.02718413115 0.1496310453 0.02263291299
v -0.02678914821 0.1506515827 0.01848351002
v -0.02673375463 0.150896121 0.01782271564
v -0.02651518202 0.1476056414 0.01852470505
v -0.02645978844 0.1478501797 0.01786391068
v -0.02635200298 0.1440706234 0.01988748884
v -0.02602264321 0.1412692204 0.0192678895
v -0.02607803679 0.141024682 0.01992868388
v -0.0262966094 0.1443151617 0.01922669446
v -0.0260750351 0.1452933149 0.01658351696
v -0.02585646248 0.1420028353 0.01728550637
v -0.0258010689 0.1422473736 0.01662471199
v -0.02613042867 0.1450487766 0.01724431133
v -0.03978610849 0.1577440233 0.02460570371
v -0.03972890782 0.157815753 0.02406394887
v -0.03913241827 0.1577373657 0.02523113298
v -0.03842152739 0.1578024378 0.02531480742
v -0.03904249978 0.1586765089 0.01756289077
v -0.03909970045 0.1586047792 0.01810464561
v -0.03871133304 0.1557022972 0.01706233096
v -0.03865593958 0.1559468355 0.01640153658
v -0.03778826475 0.1388619013 0.02231658208
v -0.03713457453 0.1388552437 0.02294201136
v -0.03739989734 0.1359594193 0.02127426744
v -0.03773106408 0.1389336309 0.02177482724
v -0.03734450388 0.1362039576 0.02061347306
v -0.03609070981 0.1357732964 0.0226441654
v -0.03642368364 0.1389203157 0.02302568579
v -0.03537981904 0.1358383694 0.02272783971
v -0.03667978239 0.1391384172 0.01268394053
v -0.03673517585 0.1388938789 0.01334473491
v -0.02989083672 0.1585833025 0.02631890059
v -0.0306017276 0.1585182304 0.02623522615
v -0.02955786288 0.1554362831 0.02593738019
v -0.02841185451 0.1587851782 0.02594449437
v -0.02835465395 0.1588569088 0.02540273941
v -0.02884697211 0.1555013561 0.02602105451
v -0.02766824734 0.1597176762 0.01890167987
v -0.02772544789 0.1596459455 0.01944343483
v -0.0273370806 0.1567434654 0.01840111995
v -0.02728168702 0.1569880037 0.01774032557
v -0.0268491298 0.1366192455 0.02373193145
v -0.02756002057 0.1365541725 0.02364825714
v -0.02641401219 0.1399030676 0.02365537131
v -0.0260256449 0.1370005875 0.02261305642
v -0.02635681164 0.1399747982 0.02311361635
v -0.02597025132 0.1372451258 0.02195226204
v -0.0253055284 0.1401795855 0.01402272952
v -0.02536092198 0.1399350471 0.01468352389
v -0.03950010514 0.1581026716 0.0218969295
v -0.03955730581 0.158030942 0.02243868434
v -0.03932850313 0.1583178606 0.02027166498
v -0.03927130246 0.1583895903 0.01972991014
v -0.03916713119 0.1549556513 0.02151540923
v -0.03910993052 0.1550273809 0.02097365439
v -0.03912016058 0.1514499826 0.02384266317
v -0.03846647036 0.151443325 0.02446809244
v -0.03845421267 0.145155942 0.02307962263
v -0.03780052245 0.1451492844 0.0237050519
v -0.03872998595 0.148374692 0.02291938806
v -0.03906295991 0.1515217123 0.02330090833
v -0.03742260551 0.1483613768 0.0241702466
v -0.03775557947 0.1515083971 0.02455176687
v -0.038397012 0.1452276716 0.02253786778
v -0.03867278528 0.1484464216 0.02237763321
v -0.03708963156 0.1452143564 0.02378872633
v -0.03671171463 0.1484264488 0.02425392103
v -0.03557796383 0.158062726 0.02564950514
v -0.03628885472 0.157997654 0.02556583071
v -0.03344529116 0.1582579422 0.02590052843
v -0.03273440027 0.1583230143 0.02598420286
v -0.03524498987 0.1549157057 0.02526798487
v -0.03453409898 0.1549807777 0.0253516593
v -0.0382741878 0.1491213379 0.01846630979
v -0.03860535455 0.1520955496 0.01896686959
v -0.03816820931 0.1455145903 0.02037084842
v -0.03783704257 0.1425403786 0.01987028861
v -0.0384439826 0.1487333403 0.02021061385
v -0.03866255522 0.1520238199 0.01950862443
v -0.03822540998 0.1454428606 0.02091260326
v -0.03850118327 0.1486616106 0.02075236869
v -0.03800022173 0.1460753965 0.01850750482
v -0.03821879435 0.1493658762 0.01780551541
v -0.03794482827 0.1463199348 0.01784671044
v -0.03778164911 0.1427849169 0.01920949423
v -0.03799722052 0.1503440294 0.0151623379
v -0.03733850145 0.1447412233 0.01392313921
v -0.03772325444 0.1472980881 0.01520353293
v -0.03805261397 0.1500994911 0.01582313228
v -0.0377786479 0.1470535498 0.01586432731
v -0.03739389491 0.144496685 0.01458393359
v -0.03712293005 0.1371821108 0.01797029555
v -0.03717832351 0.1369375725 0.01863108993
v -0.03695674968 0.1379157257 0.01598791242
v -0.03690135622 0.138160264 0.01532711804
v -0.03734150267 0.1404725904 0.01726830614
v -0.03728610921 0.1407171288 0.01660751176
v -0.034246068 0.1454746447 0.02412342405
v -0.03391309416 0.1423276253 0.02374190366
v -0.03173547852 0.1488819542 0.02483964193
v -0.03206845236 0.1520289736 0.02522116232
v -0.03386815107 0.1486867371 0.02458861876
v -0.03495695889 0.1454095726 0.02403974962
v -0.03457904196 0.148621665 0.02450494432
v -0.03277934325 0.1519639015 0.02513748789
v -0.03211339557 0.1456698627 0.02437444711
v -0.03320220339 0.1423926983 0.02382557797
v -0.03102458775 0.1489470272 0.02492331624
v -0.0314025048 0.1457349358 0.02445812142
v -0.03253625596 0.1360986614 0.02306253695
v -0.03324714673 0.1360335884 0.02297886264
v -0.03040358365 0.1362938805 0.02331355989
v -0.02969269288 0.1363589535 0.0233972342
v -0.03144744813 0.1393758259 0.02361140609
v -0.03073655736 0.1394408989 0.0236950804
v -0.02812585175 0.1591438313 0.02323571956
v -0.0281830523 0.1590721006 0.02377747452
v -0.0279542501 0.1593590231 0.02161045468
v -0.02789704955 0.1594307537 0.02106869972
v -0.02779287803 0.1559968128 0.02285419905
v -0.02773567748 0.1560685434 0.02231244409
v -0.02818102467 0.1492073193 0.02525801349
v -0.02774590707 0.1524911413 0.02518145335
v -0.02707995963 0.1461971045 0.02441841233
v -0.02751507723 0.1429132824 0.02449497247
v -0.02855894172 0.1459952278 0.02479281867
v -0.02889191544 0.1491422462 0.02517433918
v -0.02926983249 0.1459301548 0.02470914435
v -0.028225968 0.1428482094 0.02441129816
v -0.0273557328 0.1494158535 0.02425817788
v -0.02768870652 0.1525628719 0.02463969839
v -0.02702275908 0.1462688351 0.02387665737
v -0.02729853225 0.1494875841 0.02371642292
v -0.02689993536 0.1501625061 0.01980509877
v -0.02723110211 0.1531367168 0.0203056587
v -0.02679395688 0.1465557575 0.02170963752
v -0.02646279013 0.1435815468 0.0212090776
v -0.02706973004 0.1497745066 0.02154940307
v -0.02728830266 0.1530649862 0.02084741366
v -0.02685115743 0.1464840269 0.02225139248
v -0.02712693059 0.149702776 0.02209115803
v -0.02662596917 0.1471165648 0.01984629381
v -0.02684454179 0.1504070444 0.01914430439
v -0.02657057559 0.1473611031 0.01918549943
v -0.02640739655 0.1438260851 0.02054828322
v -0.02662296748 0.1513851976 0.01650112689
v -0.02596424794 0.1457823915 0.0152619282
v -0.02634900129 0.1483392563 0.01654232192
v -0.02667836106 0.1511406593 0.01716192126
v -0.02640439487 0.148094718 0.0172031163
v -0.02601964152 0.1455378532 0.01592272258
v -0.02574867702 0.138223279 0.01930908453
v -0.02580407059 0.1379787407 0.01996987891
v -0.02558249629 0.1389568939 0.0173267014
v -0.02552710271 0.1392014322 0.01666590703
v -0.02596724963 0.1415137587 0.01860709512
v -0.02591185606 0.141758297 0.01794630075
v -0.03939593387 0.1546687326 0.0236824286
v -0.0393387332 0.1547404623 0.02314067376
v -0.03808855343 0.1546554174 0.02493328714
v -0.03737766254 0.1547204895 0.02501696157
v -0.03888112783 0.1553142996 0.01880663502
v -0.0389383285 0.1552425699 0.01934838986
v -0.03843736696 0.1526563559 0.017103526
v -0.03838197351 0.1529008942 0.01644273162
v -0.03806403804 0.1420806513 0.02215634751
v -0.03800683737 0.1421523809 0.02161459267
v -0.0367566576 0.1420673361 0.02340720606
v -0.03604576671 0.1421324081 0.02349088049
v -0.0375630765 0.1394944372 0.01991148365
v -0.03750768304 0.1397389755 0.01925068927
v -0.03429101121 0.1391155338 0.02327670884
v -0.03358012044 0.1391806068 0.02336038315
v -0.03706453538 0.141695282 0.01396433425
v -0.03711992884 0.1414507437 0.01462512863
v -0.03169053543 0.155241066 0.02568635702
v -0.03240142632 0.1551759939 0.02560268259
v -0.02993577993 0.1522241917 0.02547218537
v -0.02922488916 0.1522892647 0.02555585968
v -0.02802168024 0.1557098904 0.0250212189
v -0.02796447968 0.155781621 0.02447946393
v -0.02750687528 0.1563554659 0.02014542425
v -0.02756407583 0.1562837353 0.02068717921
v -0.0270631144 0.1536975241 0.01844231498
v -0.02700772083 0.1539420624 0.01778152061
v -0.02789299428 0.1397011909 0.02402977765
v -0.02860388505 0.1396361179 0.02394610333
v -0.02668978536 0.1431218166 0.02349513686
v -0.02663258481 0.1431935472 0.0229533819
v -0.02618882394 0.1405356054 0.02125027263
v -0.02613343036 0.1407801437 0.02058947825
v -0.02569028175 0.1427364502 0.01530312324
v -0.02574567533 0.1424919119 0.01596391761
v -0.0388913579 0.1517369013 0.0216756438
v -0.03883415723 0.1518086309 0.02113388896
v -0.0356229068 0.1517036133 0.02480279016
v -0.03491201591 0.1517686853 0.0248864646
v -0.03761546874 0.1435185318 0.0172271111
v -0.03756007528 0.1437630701 0.01656631672
v -0.03106953108 0.1425879173 0.02407660091
v -0.03035864031 0.1426529903 0.02416027522
v -0.02751710486 0.1527780638 0.0230144335
v -0.02745990431 0.1528497944 0.02247267854
v -0.02624121583 0.1445597 0.01856590009
v -0.02618582225 0.1448042383 0.01790510571
v -0.03811963522 0.1599663386 0.01666483125
v -0.03671835715 0.1349214687 0.02246511096
v -0.03567479074 0.1650104609 0.01580769309
v -0.03557112634 0.1649062967 0.01500797698
v -0.03545292771 0.1646654372 0.01419107327
v -0.03541092885 0.1644472709 0.01400391707
v -0.03480693746 0.1639555068 0.01365718663
v -0.03379739249 0.1389338369 0.0121913023
v -0.03248874986 0.1360911164 0.01122956136
v -0.03251494491 0.1362947793 0.01129372445
v -0.03256733501 0.136702105 0.01142205063
v -0.03166288364 0.1653223538 0.01669866055
v -0.03164510369 0.1650500884 0.01675934106
v -0.03057338399 0.1611221848 0.01766118789
v -0.02926318932 0.1594351296 0.02649795508
v -0.02892738187 0.1363140855 0.01161512372
v -0.02599869853 0.1360556984 0.02311895096
v -0.02596831971 0.1396504936 0.01311281085
v -0.03805025291 0.1475095496 0.0239911921
v -0.03495031643 0.1589145532 0.02582855964
v -0.03677992189 0.1485712595 0.01414452934
v -0.03634077895 0.1605668941 0.01697598371
v -0.03694460166 0.149971961 0.01445432901
v -0.03497242606 0.1489282146 0.01440180454
v -0.0336184206 0.1463264718 0.02430247855
v -0.03236312586 0.1480301266 0.02466058749
v -0.03103123099 0.1354420528 0.02313450545
v -0.03562716353 0.1387663488 0.01197593164
v -0.03406479371 0.1509678359 0.01305004248
v -0.03514347017 0.1503830495 0.01472357693
v -0.0342330606 0.1526527653 0.0131692768
v -0.03399659979 0.1505460067 0.01279872319
v -0.03397040474 0.1503423438 0.0127345601
v -0.03391801465 0.1499350181 0.01260623392
v -0.03408103168 0.1515926766 0.01270207372
v -0.03402864158 0.1511853509 0.01257374755
v -0.03400244653 0.150981688 0.01250958446
v -0.03329324114 0.1490649352 0.01237716344
v -0.03277935243 0.1641411071 0.01389584076
v -0.03246866167 0.1510190568 0.01265649316
v -0.03126565766 0.1492505355 0.01261581719
v -0.0327768954 0.138331408 0.01193535534
v -0.03272450531 0.1379240823 0.01180702916
v -0.03269831026 0.1377204194 0.01174286607
v -0.030954965 0.1361284852 0.01137647006
v -0.03152064407 0.1631442304 0.01718410462
v -0.03150286412 0.1628719649 0.01724478513
v -0.03015228927 0.1515055509 0.01460992497
v -0.03013450933 0.1512332854 0.01467060548
v -0.03021665394 0.1513267932 0.01529578048
v -0.02920502919 0.1494835052 0.01508700824
v -0.03023443389 0.1515990586 0.01523509997
v -0.02869269723 0.1608566132 0.01778077579
v -0.03044107699 0.1512046571 0.0128951472
v -0.02914098769 0.1509051437 0.01542372918
v -0.02734980029 0.1494344673 0.01525448728
v -0.02779809076 0.1394829979 0.01289744067
v -0.02793129438 0.1468470554 0.0249718731
v -0.026872989 0.149217617 0.02031099331
v -0.02728575879 0.1508561058 0.01559120822
v -0.02637594765 0.1492841454 0.01603642738
v -0.02555554992 0.1380120049 0.01783259594
v -0.03871620083 0.1538035903 0.02475423265
v -0.03779387999 0.1586542649 0.02549386191
v -0.037384305 0.1412155089 0.02322815156
v -0.03579603624 0.1397721429 0.02320474029
v -0.0345407415 0.1414757977 0.02356284922
v -0.03387479407 0.1351817608 0.0227998082
v -0.03476936042 0.1578711782 0.01366734692
v -0.03471686184 0.1575984702 0.01343340167
v -0.03489037859 0.1593106704 0.01357603052
v -0.03486937916 0.1592015872 0.01348245242
v -0.03464866793 0.157176641 0.01318208238
v -0.03463557041 0.1570748096 0.01315000084
v -0.03460937536 0.1568711467 0.01308583775
v -0.03478548992 0.1586306367 0.01321375909
v -0.03475929487 0.1584269738 0.01314959601
v -0.03405008948 0.156510221 0.01301717499
v -0.03379314494 0.1640483069 0.0137765137
v -0.03423930156 0.1583715425 0.01317717788
v -0.03303629756 0.1566030211 0.01313650191
v -0.03334453166 0.1439153724 0.012415364
v -0.03333143413 0.1438135409 0.01238328245
v -0.03330523908 0.1436098781 0.01231911936
v -0.0332455982 0.1435364022 0.01186957291
v -0.03327179325 0.1437400651 0.011933736
v -0.03253639281 0.1416196494 0.01173715189
v -0.03196875656 0.1360356851 0.01125714323
v -0.03157398391 0.1639610267 0.0170020631
v -0.03159176385 0.1642332921 0.01694138259
v -0.03090758646 0.1584139524 0.01565429276
v -0.03088980651 0.1581416869 0.01571497327
v -0.03143174434 0.1617829032 0.01748750716
v -0.03144952428 0.1620551686 0.01742682666
v -0.03090083134 0.1571461329 0.0165828703
v -0.03091861129 0.1574183984 0.0165221898
v -0.03176555991 0.1642339072 0.01401516783
v -0.03119792438 0.1586499429 0.01353515899
v -0.02939699209 0.1445971494 0.01356555718
v -0.02937921214 0.1443248839 0.01362623769
v -0.02955025649 0.1457797189 0.01394801015
v -0.02953247654 0.1455074534 0.01400869066
v -0.03210675287 0.1591748414 0.02616325736
v -0.03018551022 0.1545844555 0.02575832576
v -0.03144080496 0.1528808007 0.02540021682
v -0.02859724182 0.1531410923 0.02573491412
v -0.02949501777 0.1418980498 0.01209513247
v -0.03069802177 0.1436665711 0.01213580844
v -0.02994117343 0.1362212853 0.01149579689
v -0.02968422961 0.1437593713 0.01225513542
v -0.02731013423 0.1557985764 0.01890701449
v -0.02703466719 0.1548869514 0.01727562606
v -0.02818766791 0.1357023449 0.0234692027
v -0.02726534694 0.1405530186 0.02420883209
v -0.02643584377 0.1426366577 0.02171497214
v -0.02577712423 0.1370338516 0.02047577345
v -0.02571722811 0.1436813393 0.01479722869
v -0.02533397561 0.1389901581 0.01518941844
v -0.03712793207 0.1523602242 0.02473082137
v -0.03587263727 0.1540638785 0.02508893037
v -0.03646198416 0.1460661836 0.02396778083
v -0.03520668936 0.1477698379 0.02432588983
v -0.03302907372 0.1543241668 0.02542362809
v -0.03428436852 0.1526205125 0.02506551909
v -0.0329524731 0.1400324345 0.02353943759
v -0.03169717842 0.1417360897 0.02389754647
v -0.03077485746 0.1465867634 0.02463717586
v -0.02951956278 0.1482904186 0.02499528474
v -0.03010891002 0.1402927265 0.02387413484
v -0.02885361534 0.1419963818 0.02423224372
v -0.03348135364 0.1453693681 0.01244704071
v -0.03345515859 0.1451657052 0.01238287762
v -0.03323975146 0.1431007209 0.01215871164
v -0.03321355641 0.142897058 0.01209454855
v -0.03348245323 0.1509262567 0.01253716633
v -0.03227944958 0.1491577353 0.01249649027
v -0.03309567869 0.1419805751 0.01180581465
v -0.03338967097 0.144656548 0.0122224699
v -0.03312187374 0.142184238 0.01186997774
v -0.03313497126 0.1422860694 0.01190205929
v -0.03336347592 0.1444528852 0.01215830681
v -0.03335037839 0.1443510537 0.01212622526
v -0.03272560489 0.1434809709 0.01189715478
v -0.03152260125 0.1417124496 0.01185647872
v -0.03322550941 0.1584643426 0.01329650486
v -0.03202250504 0.1566958213 0.01325582898
v -0.03100871253 0.1567886214 0.01337515604
v -0.03221171689 0.1585571427 0.01341583192
v -0.03050880969 0.1418052497 0.01197580555
v -0.03171181333 0.143573771 0.01201648161
v -0.03145486951 0.1511118569 0.01277582014
v -0.03025186515 0.1493433356 0.01273514426
v -0.03106085086 0.1595965219 0.01603674573
v -0.03104307091 0.1593242564 0.01609742624
v -0.03083646667 0.1573248906 0.0158970148
v -0.03081868672 0.1570526252 0.01595769531
v -0.03074756694 0.1559635634 0.01620041734
v -0.03098973107 0.1585074601 0.01627946776
v -0.03097195113 0.1582351947 0.01634014827
v -0.03076534688 0.1562358289 0.01613973683
v -0.03030555367 0.1526881204 0.01499237794
v -0.03006338954 0.1501442237 0.01491332752
v -0.03028777373 0.1524158549 0.01505305845
v -0.03008116949 0.1504164891 0.01485264701
v -0.02659752196 0.1483059921 0.01867960489
v -0.02665141469 0.1501957703 0.0176678158
v -0.02616037673 0.1417250328 0.02008358371
v -0.02621426946 0.1436148109 0.01907179463
v -0.02599269515 0.1445929642 0.01642861712
v -0.02593880242 0.142703186 0.0174404062
v -0.03904917479 0.1569506106 0.02513575292
v -0.03921566176 0.1585241208 0.02532651305
v -0.03705133104 0.1380684886 0.02284663129
v -0.03688484406 0.1364949784 0.02265587115
v -0.03562954932 0.1381986332 0.02301398009
v -0.03529657561 0.1350516148 0.02263245958
v -0.03602056468 0.1401461143 0.01225880998
v -0.03547901309 0.1632731142 0.01549549201
v -0.03509539449 0.1611864953 0.01385902652
v -0.03508489478 0.1611319537 0.01381223747
v -0.03527941096 0.1629532371 0.01404844442
v -0.03504289591 0.1609137874 0.01362508127
v -0.03522691238 0.1626805291 0.01381449917
v -0.03520591295 0.1625714459 0.01372092107
v -0.034974702 0.1604919581 0.01337376198
v -0.03496160448 0.1603901267 0.01334168044
v -0.03513771904 0.1621496167 0.01346960178
v -0.03455523759 0.1602212639 0.01332226491
v -0.03299230254 0.1403963923 0.01215952131
v -0.03296610749 0.1401927295 0.01209535822
v -0.03228469259 0.1378854065 0.01140223026
v -0.03288027155 0.1399155908 0.01158164868
v -0.03289336908 0.1400174222 0.01161373022
v -0.03269105947 0.1380542693 0.01142164579
v -0.03270415699 0.1381561007 0.01145372733
v -0.03291956413 0.1402210851 0.01167789331
v -0.03294575918 0.1404247479 0.0117420564
v -0.03128523505 0.1618681531 0.01617647666
v -0.03124292004 0.1600558028 0.01722641522
v -0.03125181001 0.1601919355 0.01719607496
v -0.031449624 0.1623841858 0.01387008077
v -0.0290193435 0.1411429486 0.01304337329
v -0.02919927782 0.1427339163 0.01333480549
v -0.02919038785 0.1425977836 0.01336514574
v -0.03068497109 0.1593049855 0.02633060622
v -0.0290967024 0.1578616199 0.02630719489
v -0.03035199714 0.1561579652 0.02594908595
v -0.02893021554 0.1562881107 0.02611643463
v -0.02917908186 0.1400483284 0.01195004541
v -0.02852165288 0.1594017782 0.01745900333
v -0.02752870685 0.159089056 0.01820502508
v -0.02736402696 0.1576883545 0.01789522541
v -0.02676588637 0.1358324909 0.02363655132
v -0.02693237323 0.1374060001 0.02382731158
v -0.02621727115 0.1393461781 0.02241696155
v -0.02588791138 0.136544775 0.02179736221
v -0.02538786834 0.1408799362 0.01417762935
v -0.02522318846 0.1394792347 0.01386782968
v -0.03838322687 0.15065657 0.02437271237
v -0.03771727896 0.1443625293 0.02360967183
v -0.03821673989 0.1490830598 0.02418195224
v -0.03696144509 0.1507867141 0.02454006124
v -0.03788376594 0.1459360394 0.02380043197
v -0.03662847114 0.1476396937 0.02415854096
v -0.03637209821 0.158784409 0.02566121078
v -0.03352853465 0.1590446973 0.0259959085
v -0.03478382945 0.157341043 0.0256377995
v -0.03603912425 0.1556373887 0.0252796905
v -0.03336204767 0.1574711871 0.02580514836
v -0.03461734247 0.1557675328 0.02544703937
v -0.0373380028 0.1513517265 0.01473720735
v -0.03638652074 0.147191494 0.013861651
v -0.03345193368 0.1447529621 0.02411171836
v -0.03470722842 0.1430493073 0.02375360942
v -0.03252961278 0.1496036363 0.02485134768
v -0.03127431804 0.151307291 0.02520945662
v -0.03378490758 0.147899982 0.02449323869
v -0.03504020238 0.1461963277 0.02413512969
v -0.03269609976 0.1511771464 0.02504210782
v -0.03395139456 0.1494734921 0.02468399882
v -0.03328544682 0.1431794529 0.0239209581
v -0.03203015214 0.1448831081 0.02427906698
v -0.032196639 0.1464566174 0.02446982723
v -0.03094134432 0.1481602726 0.02482793611
v -0.03245301253 0.1353119068 0.02296715683
v -0.02960944945 0.1355721989 0.02330185407
v -0.03261949939 0.136885416 0.02315791708
v -0.0313642047 0.1385890713 0.02351602596
v -0.03119771785 0.1370155621 0.02332526571
v -0.02994242316 0.1387192173 0.02368337458
v -0.03419079363 0.1403136024 0.01247418064
v -0.03441707706 0.154419507 0.0133586947
v -0.03429643881 0.153657661 0.0129262397
v -0.03427024376 0.1534539981 0.01286207661
v -0.03454334509 0.15588627 0.01329077283
v -0.03389127696 0.1492556357 0.01290741363
v -0.03367056572 0.1472306895 0.01260704359
v -0.0336574682 0.1471288581 0.01257496205
v -0.03383358276 0.1488883481 0.01270288339
v -0.0336050781 0.1467215323 0.01244663587
v -0.03359198058 0.1466197009 0.01241455433
v -0.03379429018 0.1485828538 0.01260663876
v -0.03378119266 0.1484810224 0.01257455721
v -0.03356578553 0.146416038 0.01235039124
v -0.03353959048 0.1462123752 0.01228622815
v -0.03421785367 0.1530466723 0.01273375043
v -0.03420475614 0.1529448409 0.01270166889
v -0.03445945585 0.1553153195 0.0130220795
v -0.0344332608 0.1551116567 0.01295791641
v -0.03440706575 0.1549079938 0.01289375332
v -0.03439396822 0.1548061624 0.01286167178
v -0.03379838926 0.1527759781 0.01268225336
v -0.03362402236 0.1472590451 0.01218957868
v -0.03304154092 0.1453306923 0.01204224181
v -0.03372880256 0.1480736966 0.01244623104
v -0.03370260751 0.1478700337 0.01238206795
v -0.03344790781 0.1454995551 0.01206165734
v -0.03346100533 0.1456013865 0.01209373888
v -0.03347720903 0.1621985855 0.01363142663
v -0.0325276528 0.1604068642 0.01356091899
v -0.03272036165 0.1547532997 0.01299141484
v -0.03177080542 0.1529615784 0.0129209072
v -0.0310139578 0.1455162926 0.01228089547
v -0.03196351355 0.1473080139 0.01235140324
v -0.03291371739 0.1397854037 0.01196703205
v -0.03290061986 0.1396835723 0.0119349505
v -0.03315531957 0.1420540509 0.01225536111
v -0.03312912452 0.1418503881 0.01219119802
v -0.03286132729 0.139378078 0.01183870587
v -0.03310292947 0.1416467252 0.01212703493
v -0.03308983195 0.1415448937 0.01209495339
v -0.03275654709 0.1385634265 0.01158205351
v -0.03278274214 0.1387670894 0.0116462166
v -0.03303744185 0.141137568 0.01196662721
v -0.03302434433 0.1410357366 0.01193454567
v -0.03025710946 0.1380710068 0.01164088392
v -0.03120666522 0.1398627281 0.01171139169
v -0.03138515961 0.1622339263 0.01674097115
v -0.03139404958 0.162370059 0.01671063089
v -0.03117855537 0.1602345605 0.01654055971
v -0.0311696654 0.1600984278 0.01657089996
v -0.03134959972 0.1616893954 0.01686233217
v -0.03114299548 0.1596900296 0.01666192073
v -0.03052993786 0.1549597516 0.01513210887
v -0.02977464068 0.1480513501 0.01408774108
v -0.03070987219 0.1565507193 0.01542354107
v -0.03070098221 0.1564145865 0.01545388132
v -0.03049437797 0.1544152207 0.01525346988
v -0.030485488 0.154279088 0.01528381014
v -0.03055874264 0.1542364631 0.01593932539
v -0.03056763262 0.1543725958 0.01590898514
v -0.02987456524 0.1484171233 0.01465223557
v -0.02988345522 0.148553256 0.01462189531
v -0.03038769829 0.1527816281 0.01561755294
v -0.03059430254 0.1547809939 0.01581796438
v -0.02931203204 0.1523599787 0.01574550164
v -0.03040233964 0.1596673498 0.01733941543
v -0.03069277662 0.1549389 0.01323006898
v -0.02993592924 0.1474936142 0.01259005719
v -0.02903398484 0.1480286703 0.01476523578
v -0.0282642681 0.1499940739 0.02535339361
v -0.02759832066 0.143700037 0.02459035259
v -0.02809778124 0.1484205647 0.02516263336
v -0.02935307592 0.1467169094 0.02480452448
v -0.02776480752 0.1452735462 0.02478111285
v -0.0290201022 0.143569891 0.02442300397
v -0.02709156162 0.1525080967 0.0196090039
v -0.02665441638 0.1459271374 0.02101298273
v -0.02670830911 0.1478169155 0.02000119364
v -0.02676220185 0.1497066936 0.01898940456
v -0.0264897365 0.1445264359 0.02070318305
v -0.02654362923 0.146416214 0.01969139397
v -0.02670530742 0.1520855484 0.01665602672
v -0.02604658788 0.1464827423 0.01541682804
v -0.02654062754 0.1506848469 0.01634622705
v -0.02648673481 0.1487950687 0.01735801613
v -0.02621126777 0.1478834438 0.01572662771
v -0.02615737504 0.1459936657 0.01673841679
v -0.02566633707 0.1375229282 0.0191541847
v -0.02544476277 0.1385010815 0.01651100719
v -0.02583101696 0.1389236298 0.01946398437
v -0.02588490969 0.1408134079 0.01845219529
v -0.0257202298 0.1394127064 0.01814239562
v -0.02577412254 0.1413024845 0.01713060653
v -0.03888268781 0.1553771005 0.02494499278
v -0.03762739301 0.1570807548 0.02530310178
v -0.03854971385 0.1522300801 0.02456347251
v -0.03729441905 0.1539337344 0.02492158151
v -0.03620561123 0.1572108989 0.02547045064
v -0.03746090603 0.1555072446 0.02511234164
v -0.03721781802 0.1396419988 0.02303739142
v -0.03596252322 0.1413456531 0.02339550042
v -0.03755079198 0.1427890191 0.0234189117
v -0.03629549718 0.1444926734 0.02377702069
v -0.03546306247 0.136625124 0.02282321984
v -0.03420776778 0.1383287792 0.02318132871
v -0.0348737154 0.1446228175 0.02394436955
v -0.0361290102 0.1429191632 0.02358626056
v -0.03437425464 0.1399022884 0.02337208897
v -0.03311895996 0.1416059437 0.02373019785
v -0.03404128093 0.13675527 0.02299056846
v -0.03278598624 0.1384589252 0.02334867734
v -0.03449100155 0.1621057854 0.01351209956
v -0.03354144531 0.160314064 0.01344159192
v -0.03278459769 0.1528687782 0.01280158019
v -0.03373415345 0.1546604996 0.01287208796
v -0.03127090102 0.1379782066 0.01152155709
v -0.03222045678 0.139769928 0.01159206486
v -0.03146516937 0.1634591208 0.01646790886
v -0.0314562794 0.163322988 0.01649824911
v -0.03124967515 0.1613236222 0.01629783767
v -0.03124078518 0.1611874895 0.01632817793
v -0.0314207195 0.1627784572 0.01661961013
v -0.03121411526 0.1607790914 0.01641919869
v -0.03127847993 0.1606003337 0.0171050542
v -0.03107187569 0.1586009679 0.01690464276
v -0.0313229298 0.1612809973 0.01695335293
v -0.03131403983 0.1611448646 0.01698369318
v -0.03109854561 0.159009366 0.016813622
v -0.03110743558 0.1591454988 0.01678328174
v -0.03246341652 0.1622913857 0.0137507537
v -0.03151386029 0.1604996643 0.01368024606
v -0.029954575 0.1496423178 0.01437917328
v -0.02994568503 0.1495061851 0.01440951353
v -0.02973908079 0.1475068192 0.01420910209
v -0.02973019081 0.1473706865 0.01423944235
v -0.02970352089 0.1469622884 0.01433046311
v -0.02991012514 0.1489616542 0.01453087455
v -0.03051848412 0.1577314754 0.02613984609
v -0.03177377892 0.1560278211 0.02578173709
v -0.03194026589 0.1576013312 0.02597249722
v -0.03319556069 0.1558976769 0.02561438823
v -0.03001902336 0.1530109463 0.0255675655
v -0.02876372868 0.1547146015 0.02592567438
v -0.03160729194 0.1544543109 0.02559097695
v -0.03286258674 0.1527506566 0.02523286796
v -0.03110783118 0.1497337818 0.02501869637
v -0.0298525365 0.1514374371 0.02537680525
v -0.02843075496 0.1515675831 0.02554415387
v -0.02968604964 0.1498639278 0.02518604499
v -0.0292433179 0.1381638069 0.01176021075
v -0.03019287366 0.1399555283 0.01183071852
v -0.03094972175 0.1474008141 0.01247073013
v -0.03000016552 0.1456090927 0.01240022248
v -0.02714545435 0.1543978748 0.01859721482
v -0.02719934708 0.156287653 0.01758542573
v -0.02692688173 0.1511073952 0.01929920423
v -0.02698077446 0.1529971733 0.01828741515
v -0.02686998731 0.1534862499 0.01696582639
v -0.02681609458 0.1515964718 0.01797761548
v -0.02835415477 0.1372758541 0.02365996295
v -0.02709886009 0.1389795094 0.02401807183
v -0.02977593631 0.1371457081 0.02349261433
v -0.02852064162 0.1388493633 0.02385072321
v -0.0274318338 0.1421265278 0.02439959234
v -0.02868712848 0.1404228725 0.02404148346
v -0.02605259126 0.1379454765 0.02210716188
v -0.026106484 0.1398352547 0.0210953728
v -0.02627116388 0.1412359562 0.02140517247
v -0.02632505661 0.1431257343 0.02039338338
v -0.02594180411 0.1384345531 0.02078557312
v -0.02599569684 0.1403243313 0.01977378404
v -0.02555254823 0.1422806377 0.01448742902
v -0.0254986555 0.1403908596 0.01549921811
v -0.025881908 0.1450820408 0.01510702837
v -0.02582801527 0.1431922626 0.01611881745
v -0.02560944265 0.139901783 0.01682080686
v -0.02566333538 0.1417915611 0.01580901778
v -0.03679495811 0.1492132039 0.0243493011
v -0.03553966331 0.1509168582 0.0247074101
v -0.03570615029 0.1524903684 0.02489817023
v -0.03445085549 0.1541940227 0.02525627923
v -0.03537317634 0.149343348 0.02451664996
v -0.03411788154 0.1510470023 0.02487475896
v -0.03186366528 0.1433095989 0.02408830673
v -0.0306083706 0.1450132542 0.0244464156
v -0.03153069156 0.1401625805 0.02370678622
v -0.03027539688 0.1418662357 0.02406489509
v -0.02918658906 0.1451434002 0.02461376423
v -0.03044188374 0.1434397449 0.02425565535
v -0.03297730511 0.1472152138 0.01223207641
v -0.03202774936 0.1454234924 0.01216156864
v -0.0307570129 0.1530543785 0.01304023427
v -0.03170656914 0.1548460999 0.01311074191
v -0.03066542232 0.1558700557 0.01557524234
v -0.03045881808 0.1538706899 0.0153748309
v -0.03041436821 0.1531900263 0.01552653217
v -0.03042325819 0.153326159 0.01549619192
v -0.0306387524 0.1554616575 0.0156662631
v -0.03062986243 0.1553255248 0.01569660336
v -0.02643284208 0.1469052906 0.01836980522
v -0.02637894934 0.1450155125 0.0193815943
v -0.02632205492 0.1473943672 0.01704821646
v -0.02626816219 0.1455045891 0.01806000555
v -0.02604958957 0.1422141094 0.01876199496
v -0.02610348231 0.1441038876 0.01775020587
v -0.03284384471 0.1389494855 0.01202347837
v -0.03414798099 0.1522107542 0.01279019676
v -0.03385106534 0.1493169405 0.01251811089
v -0.03263428432 0.1373201826 0.01151017366
f 404 2688 2690
f 1005 1222 2690
f 1005 2690 2688
f 1222 1713 2725
f 124 411 2725
f 124 2725 1713
f 124 1713 1711
f 1222 1005 1711
f 1222 1711 1713
f 403 2684 2681
f 1221 993 2681
f 1221 2681 2684
f 993 2723 1697
f 411 122 1697
f 411 1697 2723
f 411 2723 2724
f 993 1221 2724
f 993 2724 2723
f 120 1682 1681
f 981 980 1681
f 981 1681 1682
f 980 2686 2680
f 404 403 2680
f 404 2680 2686
f 404 2686 2687
f 980 981 2687
f 980 2687 2686
f 411 2724 2725
f 1221 1222 2725
f 1221 2725 2724
f 1222 2685 2690
f 403 404 2690
f 403 2690 2685
f 403 2685 2684
f 1222 1221 2684
f 1222 2684 2685
f 1680 3009 3792
f 3792 3969 1681
f 3969 120 1681
f 120 3969 3009
f 3969 3792 3009
f 2874 3794 3549
f 3549 4168 980
f 4168 1681 980
f 1681 4168 3794
f 4168 3549 3794
f 979 3545 3547
f 3547 4167 2874
f 4167 1680 2874
f 1680 4167 3545
f 4167 3547 3545
f 1681 3794 3792
f 3792 4369 1680
f 4369 2874 1680
f 2874 4369 3794
f 4369 3792 3794
f 2877 3550 3900
f 3900 4068 2680
f 4068 980 2680
f 980 4068 3550
f 4068 3900 3550
f 2682 3899 3225
f 3225 4291 403
f 4291 2680 403
f 2680 4291 3899
f 4291 3225 3899
f 1219 3755 3754
f 3754 4374 2682
f 4374 2877 2682
f 2877 4374 3755
f 4374 3754 3755
f 2680 3899 3900
f 3900 4293 2877
f 4293 2682 2877
f 2682 4293 3899
f 4293 3900 3899
f 2666 3546 3884
f 3884 4067 2876
f 4067 979 2876
f 979 4067 3546
f 4067 3884 3546
f 2670 3892 3753
f 3753 4372 1219
f 4372 2876 1219
f 2876 4372 3892
f 4372 3753 3892
f 400 3216 3218
f 3218 4280 2670
f 4280 2666 2670
f 2666 4280 3216
f 4280 3218 3216
f 2876 3892 3884
f 3884 4283 2666
f 4283 2670 2666
f 2670 4283 3892
f 4283 3884 3892
f 980 3550 3549
f 3549 4373 2874
f 4373 2877 2874
f 2877 4373 3550
f 4373 3549 3550
f 2877 3755 3938
f 3938 4119 2876
f 4119 1219 2876
f 1219 4119 3755
f 4119 3938 3755
f 2874 3937 3547
f 3547 4371 979
f 4371 2876 979
f 2876 4371 3937
f 4371 3547 3937
f 2876 3937 3938
f 3938 4370 2877
f 4370 2874 2877
f 2874 4370 3937
f 4370 3938 3937
f 2683 3226 3901
f 3901 4014 2681
f 4014 403 2681
f 403 4014 3226
f 4014 3901 3226
f 2880 3902 3556
f 3556 4292 993
f 4292 2681 993
f 2681 4292 3902
f 4292 3556 3902
f 1220 3758 3759
f 3759 4296 2880
f 4296 2683 2880
f 2683 4296 3758
f 4296 3759 3758
f 2681 3902 3901
f 3901 4379 2683
f 4379 2880 2683
f 2880 4379 3902
f 4379 3901 3902
f 2878 3555 3796
f 3796 4070 1697
f 4070 993 1697
f 993 4070 3555
f 4070 3796 3555
f 1696 3795 3011
f 3011 4170 122
f 4170 1697 122
f 1697 4170 3795
f 4170 3011 3795
f 992 3554 3551
f 3551 4375 1696
f 4375 2878 1696
f 2878 4375 3554
f 4375 3551 3554
f 1697 3795 3796
f 3796 4169 2878
f 4169 1696 2878
f 1696 4169 3795
f 4169 3796 3795
f 2676 3757 3898
f 3898 4121 2879
f 4121 1220 2879
f 1220 4121 3757
f 4121 3898 3757
f 2673 3894 3552
f 3552 4377 992
f 4377 2879 992
f 2879 4377 3894
f 4377 3552 3894
f 401 3224 3222
f 3222 4289 2673
f 4289 2676 2673
f 2676 4289 3224
f 4289 3222 3224
f 2879 3894 3898
f 3898 4286 2676
f 4286 2673 2676
f 2673 4286 3894
f 4286 3898 3894
f 993 3555 3556
f 3556 4376 2880
f 4376 2878 2880
f 2878 4376 3555
f 4376 3556 3555
f 2878 3554 3939
f 3939 4069 2879
f 4069 992 2879
f 992 4069 3554
f 4069 3939 3554
f 2880 3940 3759
f 3759 4378 1220
f 4378 2879 1220
f 2879 4378 3940
f 4378 3759 3940
f 2879 3940 3939
f 3939 4380 2878
f 4380 2880 2878
f 2880 4380 3940
f 4380 3939 3940
f 2665 3215 3881
f 3881 4011 2669
f 4011 400 2669
f 400 4011 3215
f 4011 3881 3215
f 2867 3890 3749
f 3749 4282 1218
f 4282 2669 1218
f 2669 4282 3890
f 4282 3749 3890
f 953 3531 3533
f 3533 4279 2867
f 4279 2665 2867
f 2665 4279 3531
f 4279 3533 3531
f 2669 3890 3881
f 3881 4359 2665
f 4359 2867 2665
f 2867 4359 3890
f 4359 3881 3890
f 2868 3750 3896
f 3896 4118 2675
f 4118 1218 2675
f 1218 4118 3750
f 4118 3896 3750
f 2672 3893 3221
f 3221 4287 401
f 4287 2675 401
f 2675 4287 3893
f 4287 3221 3893
f 954 3537 3536
f 3536 4361 2672
f 4361 2868 2672
f 2868 4361 3537
f 4361 3536 3537
f 2675 3893 3896
f 3896 4285 2868
f 4285 2672 2868
f 2672 4285 3893
f 4285 3896 3893
f 1659 3530 3787
f 3787 4063 2865
f 4063 953 2865
f 953 4063 3530
f 4063 3787 3530
f 1660 3788 3535
f 3535 4358 954
f 4358 2865 954
f 2865 4358 3788
f 4358 3535 3788
f 114 3006 3007
f 3007 4163 1660
f 4163 1659 1660
f 1659 4163 3006
f 4163 3007 3006
f 2865 3788 3787
f 3787 4164 1659
f 4164 1660 1659
f 1660 4164 3788
f 4164 3787 3788
f 1218 3750 3749
f 3749 4362 2867
f 4362 2868 2867
f 2868 4362 3750
f 4362 3749 3750
f 2868 3537 3932
f 3932 4064 2865
f 4064 954 2865
f 954 4064 3537
f 4064 3932 3537
f 2867 3931 3533
f 3533 4357 953
f 4357 2865 953
f 2865 4357 3931
f 4357 3533 3931
f 2865 3931 3932
f 3932 4360 2868
f 4360 2867 2868
f 2867 4360 3931
f 4360 3932 3931
f 403 3226 3225
f 3225 4295 2682
f 4295 2683 2682
f 2683 4295 3226
f 4295 3225 3226
f 2683 3758 3904
f 3904 4122 2920
f 4122 1220 2920
f 1220 4122 3758
f 4122 3904 3758
f 2682 3903 3754
f 3754 4407 1219
f 4407 2920 1219
f 2920 4407 3903
f 4407 3754 3903
f 2920 3903 3904
f 3904 4294 2683
f 4294 2682 2683
f 2682 4294 3903
f 4294 3904 3903
f 1220 3757 3760
f 3760 4290 2919
f 4290 2676 2919
f 2676 4290 3757
f 4290 3760 3757
f 2676 3224 3895
f 3895 4013 2675
f 4013 401 2675
f 401 4013 3224
f 4013 3895 3224
f 2919 3897 3752
f 3752 4288 1218
f 4288 2675 1218
f 2675 4288 3897
f 4288 3752 3897
f 2675 3897 3895
f 3895 4405 2676
f 4405 2919 2676
f 2919 4405 3897
f 4405 3895 3897
f 1219 3756 3753
f 3753 4404 2670
f 4404 2918 2670
f 2918 4404 3756
f 4404 3753 3756
f 2918 3751 3891
f 3891 4117 2669
f 4117 1218 2669
f 1218 4117 3751
f 4117 3891 3751
f 2670 3889 3218
f 3218 4281 400
f 4281 2669 400
f 2669 4281 3889
f 4281 3218 3889
f 2669 3889 3891
f 3891 4284 2918
f 4284 2670 2918
f 2670 4284 3889
f 4284 3891 3889
f 2919 3952 3760
f 3760 4408 1220
f 4408 2920 1220
f 2920 4408 3952
f 4408 3760 3952
f 1218 3751 3752
f 3752 4403 2919
f 4403 2918 2919
f 2918 4403 3751
f 4403 3752 3751
f 2918 3756 3951
f 3951 4120 2920
f 4120 1219 2920
f 1219 4120 3756
f 4120 3951 3756
f 2920 3952 3951
f 3951 4406 2918
f 4406 2919 2918
f 2919 4406 3952
f 4406 3951 3952
f 120 3009 3008
f 1680 1679 3008
f 1680 3008 3009
f 1680 3545 3793
f 979 2871 3793
f 979 3793 3545
f 1679 3791 3541
f 2871 978 3541
f 2871 3541 3791
f 2871 3791 3793
f 1679 1680 3793
f 1679 3793 3791
f 979 3546 3548
f 2666 2875 3548
f 2666 3548 3546
f 2666 3216 3883
f 400 2668 3883
f 400 3883 3216
f 2875 3887 3746
f 2668 1211 3746
f 2668 3746 3887
f 2668 3887 3883
f 2875 2666 3883
f 2875 3883 3887
f 978 3544 3542
f 2873 2597 3542
f 2873 3542 3544
f 2873 3745 3879
f 1211 2601 3879
f 1211 3879 3745
f 2597 3871 3211
f 2601 379 3211
f 2601 3211 3871
f 2601 3871 3879
f 2597 2873 3879
f 2597 3879 3871
f 2875 3936 3548
f 2871 979 3548
f 2871 3548 3936
f 1211 3745 3746
f 2873 2875 3746
f 2873 3746 3745
f 2873 3544 3935
f 978 2871 3935
f 978 3935 3544
f 2871 3936 3935
f 2875 2873 3935
f 2875 3935 3936
f 400 3215 3217
f 2665 2667 3217
f 2665 3217 3215
f 2665 3531 3882
f 953 2866 3882
f 953 3882 3531
f 2667 3886 3742
f 2866 1210 3742
f 2866 3742 3886
f 2866 3886 3882
f 2667 2665 3882
f 2667 3882 3886
f 953 3530 3532
f 1659 2863 3532
f 1659 3532 3530
f 1659 3006 3785
f 114 1657 3785
f 114 3785 3006
f 2863 3786 3528
f 1657 951 3528
f 1657 3528 3786
f 1657 3786 3785
f 2863 1659 3785
f 2863 3785 3786
f 1210 3743 3741
f 2864 2589 3741
f 2864 3741 3743
f 2864 3529 3866
f 951 2587 3866
f 951 3866 3529
f 2589 3865 3209
f 2587 377 3209
f 2587 3209 3865
f 2587 3865 3866
f 2589 2864 3866
f 2589 3866 3865
f 2863 3929 3532
f 2866 953 3532
f 2866 3532 3929
f 951 3529 3528
f 2864 2863 3528
f 2864 3528 3529
f 2864 3743 3930
f 1210 2866 3930
f 1210 3930 3743
f 2866 3929 3930
f 2863 2864 3930
f 2863 3930 3929
f 379 3213 3210
f 2600 2596 3210
f 2600 3210 3213
f 2600 3738 3878
f 1209 2852 3878
f 1209 3878 3738
f 2596 3870 3504
f 2852 879 3504
f 2852 3504 3870
f 2852 3870 3878
f 2596 2600 3878
f 2596 3878 3870
f 1209 3737 3739
f 2588 2850 3739
f 2588 3739 3737
f 2588 3208 3863
f 377 2585 3863
f 377 3863 3208
f 2850 3864 3502
f 2585 877 3502
f 2585 3502 3864
f 2585 3864 3863
f 2850 2588 3863
f 2850 3863 3864
f 879 3505 3503
f 2849 1590 3503
f 2849 3503 3505
f 2849 3501 3783
f 877 1588 3783
f 877 3783 3501
f 1590 3782 3000
f 1588 101 3000
f 1588 3000 3782
f 1588 3782 3783
f 1590 2849 3783
f 1590 3783 3782
f 2850 3928 3739
f 2852 1209 3739
f 2852 3739 3928
f 877 3501 3502
f 2849 2850 3502
f 2849 3502 3501
f 2849 3505 3927
f 879 2852 3927
f 879 3927 3505
f 2852 3928 3927
f 2850 2849 3927
f 2850 3927 3928
f 2667 3885 3217
f 2668 400 3217
f 2668 3217 3885
f 1210 3744 3742
f 2917 2667 3742
f 2917 3742 3744
f 2917 3748 3888
f 1211 2668 3888
f 1211 3888 3748
f 2668 3885 3888
f 2667 2917 3888
f 2667 3888 3885
f 2589 3868 3741
f 2915 1210 3741
f 2915 3741 3868
f 377 3208 3209
f 2588 2589 3209
f 2588 3209 3208
f 2588 3737 3867
f 1209 2915 3867
f 1209 3867 3737
f 2915 3868 3867
f 2589 2588 3867
f 2589 3867 3868
f 2916 3880 3747
f 2601 1211 3747
f 2601 3747 3880
f 1209 3738 3740
f 2600 2916 3740
f 2600 3740 3738
f 2600 3213 3877
f 379 2601 3877
f 379 3877 3213
f 2601 3880 3877
f 2916 2600 3877
f 2916 3877 3880
f 2917 3744 3950
f 1210 2915 3950
f 1210 3950 3744
f 2916 3949 3740
f 2915 1209 3740
f 2915 3740 3949
f 1211 3748 3747
f 2917 2916 3747
f 2917 3747 3748
f 2915 3949 3950
f 2916 2917 3950
f 2916 3950 3949
f 121 1691 1690
f 988 987 1690
f 988 1690 1691
f 987 2703 2699
f 407 406 2699
f 407 2699 2703
f 407 2703 2704
f 987 988 2704
f 987 2704 2703
f 406 2701 2700
f 1037 1006 2700
f 1037 2700 2701
f 1006 1741 1712
f 132 124 1712
f 132 1712 1741
f 132 1741 1742
f 1006 1037 1742
f 1006 1742 1741
f 132 1742 1743
f 1037 1038 1743
f 1037 1743 1742
f 1038 2702 2705
f 406 407 2705
f 406 2705 2702
f 406 2702 2701
f 1038 1037 2701
f 1038 2701 2702
f 124 1711 1712
f 1005 1006 1712
f 1005 1712 1711
f 1006 2689 2700
f 404 406 2700
f 404 2700 2689
f 404 2689 2688
f 1006 1005 2688
f 1006 2688 2689
f 406 2698 2699
f 982 987 2699
f 982 2699 2698
f 987 1684 1690
f 120 121 1690
f 120 1690 1684
f 120 1684 1683
f 987 982 1683
f 987 1683 1684
f 120 1683 1682
f 982 981 1682
f 982 1682 1683
f 981 2697 2687
f 406 404 2687
f 406 2687 2697
f 406 2697 2698
f 981 982 2698
f 981 2698 2697
f 101 1588 1589
f 877 878 1589
f 877 1589 1588
f 878 2586 2590
f 377 378 2590
f 377 2590 2586
f 377 2586 2585
f 878 877 2585
f 878 2585 2586
f 378 2594 2595
f 952 974 2595
f 952 2595 2594
f 974 1661 1675
f 114 119 1675
f 114 1675 1661
f 114 1661 1658
f 974 952 1658
f 974 1658 1661
f 114 1658 1657
f 952 951 1657
f 952 1657 1658
f 951 2593 2587
f 378 377 2587
f 378 2587 2593
f 378 2593 2594
f 951 952 2594
f 951 2594 2593
f 119 1677 1675
f 976 974 1675
f 976 1675 1677
f 974 2663 2595
f 399 378 2595
f 399 2595 2663
f 399 2663 2664
f 974 976 2664
f 974 2664 2663
f 378 2591 2590
f 935 878 2590
f 935 2590 2591
f 878 1640 1589
f 111 101 1589
f 111 1589 1640
f 111 1640 1643
f 878 935 1643
f 878 1643 1640
f 111 1643 1646
f 935 938 1646
f 935 1646 1643
f 938 2592 2662
f 378 399 2662
f 378 2662 2592
f 378 2592 2591
f 938 935 2591
f 938 2591 2592
f 411 1208 122
f 1208 373 122
f 124 1004 411
f 1004 374 411
f 374 860 373
f 860 96 373
f 373 1208 374
f 1208 411 374
f 96 860 371
f 860 374 371
f 374 1004 386
f 1004 124 386
f 371 1205 106
f 1205 386 106
f 386 1205 374
f 1205 371 374
f 387 907 386
f 907 106 386
f 133 1039 124
f 1039 387 124
f 124 387 386
f 133 124 132
f 201 2061 2056
f 1126 504 2056
f 1126 2056 2061
f 504 1956 1301
f 1301 3016 16
f 3016 182 16
f 182 3016 1956
f 3016 1301 1956
f 182 1956 1960
f 504 1126 1960
f 504 1960 1956
f 111 1641 1642
f 933 934 1642
f 933 1642 1641
f 934 2002 2059
f 2059 3019 201
f 3019 190 201
f 190 3019 2002
f 3019 2059 2002
f 190 2002 2001
f 934 933 2001
f 934 2001 2002
f 190 2000 2003
f 483 1124 2003
f 483 2003 2000
f 1124 1280 1958
f 1958 2921 182
f 2921 12 182
f 12 2921 1280
f 2921 1958 1280
f 12 1280 1278
f 1124 483 1278
f 1124 1278 1280
f 182 1960 1958
f 1126 1124 1958
f 1126 1958 1960
f 1124 2060 2003
f 2003 3022 190
f 3022 201 190
f 201 3022 2060
f 3022 2003 2060
f 201 2060 2061
f 1124 1126 2061
f 1124 2061 2060
f 12 1278 1277
f 483 482 1277
f 483 1277 1278
f 482 1999 1994
f 1994 3018 189
f 3018 190 189
f 190 3018 1999
f 3018 1994 1999
f 190 1999 2000
f 482 483 2000
f 482 2000 1999
f 190 2001 2004
f 933 1130 2004
f 933 2004 2001
f 1130 1647 2621
f 2621 3004 391
f 3004 111 391
f 111 3004 1647
f 3004 2621 1647
f 111 1647 1641
f 1130 933 1641
f 1130 1641 1647
f 189 1997 1995
f 1129 909 1995
f 1129 1995 1997
f 909 2618 1612
f 1612 3214 107
f 3214 391 107
f 391 3214 2618
f 3214 1612 2618
f 391 2618 2620
f 909 1129 2620
f 909 2620 2618
f 391 2620 2621
f 1129 1130 2621
f 1129 2621 2620
f 1130 1998 2004
f 2004 3017 190
f 3017 189 190
f 189 3017 1998
f 3017 2004 1998
f 189 1998 1997
f 1130 1129 1997
f 1130 1997 1998
f 121 1692 1691
f 989 988 1691
f 989 1691 1692
f 988 2708 2704
f 408 407 2704
f 408 2704 2708
f 408 2708 2709
f 988 989 2709
f 988 2709 2708
f 407 2706 2705
f 1041 1038 2705
f 1041 2705 2706
f 1038 1744 1743
f 133 132 1743
f 133 1743 1744
f 133 1744 1745
f 1038 1041 1745
f 1038 1745 1744
f 133 1745 1746
f 1041 1042 1746
f 1041 1746 1745
f 1042 2707 2710
f 407 408 2710
f 407 2710 2707
f 407 2707 2706
f 1042 1041 2706
f 1042 2706 2707
f 121 1693 1692
f 990 989 1692
f 990 1692 1693
f 989 2713 2709
f 409 408 2709
f 409 2709 2713
f 409 2713 2714
f 989 990 2714
f 989 2714 2713
f 408 2711 2710
f 1053 1042 2710
f 1053 2710 2711
f 1042 1755 1746
f 136 133 1746
f 136 1746 1755
f 136 1755 1759
f 1042 1053 1759
f 1042 1759 1755
f 136 1759 1760
f 1053 1054 1760
f 1053 1760 1759
f 1054 2712 2715
f 408 409 2715
f 408 2715 2712
f 408 2712 2711
f 1054 1053 2711
f 1054 2711 2712
f 121 1694 1693
f 991 990 1693
f 991 1693 1694
f 990 2718 2714
f 410 409 2714
f 410 2714 2718
f 410 2718 2719
f 990 991 2719
f 990 2719 2718
f 409 2716 2715
f 1065 1054 2715
f 1065 2715 2716
f 1054 1766 1760
f 138 136 1760
f 138 1760 1766
f 138 1766 1770
f 1054 1065 1770
f 1054 1770 1766
f 138 1770 1771
f 1065 1066 1771
f 1065 1771 1770
f 1066 2717 2720
f 409 410 2720
f 409 2720 2717
f 409 2717 2716
f 1066 1065 2716
f 1066 2716 2717
f 138 1771 1772
f 1066 1067 1772
f 1066 1772 1771
f 1067 2721 2733
f 410 413 2733
f 410 2733 2721
f 410 2721 2720
f 1067 1066 2720
f 1067 2720 2721
f 410 2719 2722
f 991 1223 2722
f 991 2722 2719
f 1223 1695 2695
f 121 405 2695
f 121 2695 1695
f 121 1695 1694
f 1223 991 1694
f 1223 1694 1695
f 413 2737 2732
f 1224 996 2732
f 1224 2732 2737
f 996 2692 1701
f 405 123 1701
f 405 1701 2692
f 405 2692 2696
f 996 1224 2696
f 996 2696 2692
f 405 2696 2695
f 1224 1223 2695
f 1224 2695 2696
f 1223 2736 2722
f 413 410 2722
f 413 2722 2736
f 413 2736 2737
f 1223 1224 2737
f 1223 2737 2736
f 123 1702 1701
f 997 996 1701
f 997 1701 1702
f 996 2738 2732
f 414 413 2732
f 414 2732 2738
f 414 2738 2739
f 996 997 2739
f 996 2739 2738
f 413 2734 2733
f 1076 1067 2733
f 1076 2733 2734
f 1067 1778 1772
f 140 138 1772
f 140 1772 1778
f 140 1778 1782
f 1067 1076 1782
f 1067 1782 1778
f 140 1782 1783
f 1076 1077 1783
f 1076 1783 1782
f 1077 2735 2740
f 413 414 2740
f 413 2740 2735
f 413 2735 2734
f 1077 1076 2734
f 1077 2734 2735
f 123 1703 1702
f 998 997 1702
f 998 1702 1703
f 997 2743 2739
f 415 414 2739
f 415 2739 2743
f 415 2743 2744
f 997 998 2744
f 997 2744 2743
f 414 2741 2740
f 1086 1077 2740
f 1086 2740 2741
f 1077 1789 1783
f 142 140 1783
f 142 1783 1789
f 142 1789 1793
f 1077 1086 1793
f 1077 1793 1789
f 142 1793 1794
f 1086 1087 1794
f 1086 1794 1793
f 1087 2742 2745
f 414 415 2745
f 414 2745 2742
f 414 2742 2741
f 1087 1086 2741
f 1087 2741 2742
f 123 1704 1703
f 999 998 1703
f 999 1703 1704
f 998 2748 2744
f 416 415 2744
f 416 2744 2748
f 416 2748 2749
f 998 999 2749
f 998 2749 2748
f 415 2746 2745
f 1096 1087 2745
f 1096 2745 2746
f 1087 1800 1794
f 144 142 1794
f 144 1794 1800
f 144 1800 1804
f 1087 1096 1804
f 1087 1804 1800
f 144 1804 1805
f 1096 1097 1805
f 1096 1805 1804
f 1097 2747 2750
f 415 416 2750
f 415 2750 2747
f 415 2747 2746
f 1097 1096 2746
f 1097 2746 2747
f 123 1706 1704
f 1001 999 1704
f 1001 1704 1706
f 999 2758 2749
f 418 416 2749
f 418 2749 2758
f 418 2758 2759
f 999 1001 2759
f 999 2759 2758
f 416 2751 2750
f 1107 1097 2750
f 1107 2750 2751
f 1097 1815 1805
f 146 144 1805
f 146 1805 1815
f 146 1815 1819
f 1097 1107 1819
f 1097 1819 1815
f 146 1819 1820
f 1107 1108 1820
f 1107 1820 1819
f 1108 2752 2760
f 416 418 2760
f 416 2760 2752
f 416 2752 2751
f 1108 1107 2751
f 1108 2751 2752
f 123 1708 1706
f 1003 1001 1706
f 1003 1706 1708
f 1001 2768 2759
f 420 418 2759
f 420 2759 2768
f 420 2768 2769
f 1001 1003 2769
f 1001 2769 2768
f 418 2761 2760
f 1117 1108 2760
f 1117 2760 2761
f 1108 1829 1820
f 148 146 1820
f 148 1820 1829
f 148 1829 1834
f 1108 1117 1834
f 1108 1834 1829
f 148 1834 1835
f 1117 1118 1835
f 1117 1835 1834
f 1118 2762 2772
f 418 420 2772
f 418 2772 2762
f 418 2762 2761
f 1118 1117 2761
f 1118 2761 2762
f 123 1707 1708
f 1002 1003 1708
f 1002 1708 1707
f 1003 2764 2769
f 419 420 2769
f 419 2769 2764
f 419 2764 2763
f 1003 1002 2763
f 1003 2763 2764
f 420 2771 2772
f 1113 1118 2772
f 1113 2772 2771
f 1118 1828 1835
f 147 148 1835
f 147 1835 1828
f 147 1828 1827
f 1118 1113 1827
f 1118 1827 1828
f 147 1827 1826
f 1113 1112 1826
f 1113 1826 1827
f 1112 2770 2767
f 420 419 2767
f 420 2767 2770
f 420 2770 2771
f 1112 1113 2771
f 1112 2771 2770
f 123 1705 1707
f 1000 1002 1707
f 1000 1707 1705
f 1002 2754 2763
f 417 419 2763
f 417 2763 2754
f 417 2754 2753
f 1002 1000 2753
f 1002 2753 2754
f 419 2766 2767
f 1102 1112 2767
f 1102 2767 2766
f 1112 1814 1826
f 145 147 1826
f 145 1826 1814
f 145 1814 1812
f 1112 1102 1812
f 1112 1812 1814
f 145 1812 1811
f 1102 1101 1811
f 1102 1811 1812
f 1101 2765 2755
f 419 417 2755
f 419 2755 2765
f 419 2765 2766
f 1101 1102 2766
f 1101 2766 2765
f 145 1811 1813
f 1101 1103 1813
f 1101 1813 1811
f 1103 2756 2774
f 2774 3229 425
f 3229 417 425
f 417 3229 2756
f 3229 2774 2756
f 417 2756 2755
f 1103 1101 2755
f 1103 2755 2756
f 417 2753 2757
f 1000 1225 2757
f 1000 2757 2753
f 1225 1710 2730
f 2730 3014 412
f 3014 123 412
f 123 3014 1710
f 3014 2730 1710
f 123 1710 1705
f 1225 1000 1705
f 1225 1705 1710
f 425 2776 2773
f 1226 1012 2773
f 1226 2773 2776
f 1012 2727 1715
f 1715 3228 125
f 3228 412 125
f 412 3228 2727
f 3228 1715 2727
f 412 2727 2731
f 1012 1226 2731
f 1012 2731 2727
f 412 2731 2730
f 1226 1225 2730
f 1226 2730 2731
f 1225 2775 2757
f 2757 3230 417
f 3230 425 417
f 425 3230 2775
f 3230 2757 2775
f 425 2775 2776
f 1225 1226 2776
f 1225 2776 2775
f 1012 1715 1011
f 1715 125 1011
f 425 2773 424
f 2773 1012 424
f 424 1012 1011
f 1103 2774 1092
f 2774 425 1092
f 145 1813 143
f 1813 1103 143
f 143 1103 1092
f 143 1092 1091
f 425 424 1091
f 425 1091 1092
f 125 1010 1011
f 423 424 1011
f 423 1011 1010
f 424 1082 1091
f 141 143 1091
f 141 1091 1082
f 141 1082 1081
f 424 423 1081
f 424 1081 1082
f 125 1009 1010
f 422 423 1010
f 422 1010 1009
f 423 1072 1081
f 139 141 1081
f 139 1081 1072
f 139 1072 1071
f 423 422 1071
f 423 1071 1072
f 125 1008 1009
f 421 422 1009
f 421 1009 1008
f 422 1059 1071
f 137 139 1071
f 137 1071 1059
f 137 1059 1058
f 422 421 1058
f 422 1058 1059
f 137 1058 1060
f 421 426 1060
f 421 1060 1058
f 426 1013 1017
f 125 126 1017
f 125 1017 1013
f 125 1013 1008
f 426 421 1008
f 426 1008 1013
f 137 1060 1061
f 426 427 1061
f 426 1061 1060
f 427 1018 1022
f 126 127 1022
f 126 1022 1018
f 126 1018 1017
f 427 426 1017
f 427 1017 1018
f 137 1061 428
f 1061 427 428
f 428 1023 128
f 1023 127 128
f 127 1023 1022
f 428 427 1022
f 428 1022 1023
f 137 428 430
f 430 1027 129
f 1027 128 129
f 128 1027 428
f 1027 430 428
f 129 429 430
f 135 137 430
f 135 430 429
f 135 429 130
f 429 129 130
f 135 130 131
f 131 134 135
f 22 1326 1327
f 534 535 1327
f 534 1327 1326
f 535 2077 2080
f 215 216 2080
f 215 2080 2077
f 215 2077 2076
f 535 534 2076
f 535 2076 2077
f 216 2082 2083
f 543 544 2083
f 543 2083 2082
f 544 1336 1337
f 24 25 1337
f 24 1337 1336
f 24 1336 1335
f 544 543 1335
f 544 1335 1336
f 24 1335 1334
f 543 542 1334
f 543 1334 1335
f 542 2081 2079
f 216 215 2079
f 216 2079 2081
f 216 2081 2082
f 542 543 2082
f 542 2082 2081
f 24 1334 1333
f 542 541 1333
f 542 1333 1334
f 541 2078 2051
f 215 199 2051
f 215 2051 2078
f 215 2078 2079
f 541 542 2079
f 541 2079 2078
f 199 2047 2046
f 533 502 2046
f 533 2046 2047
f 502 1324 1299
f 22 16 1299
f 22 1299 1324
f 22 1324 1325
f 502 533 1325
f 502 1325 1324
f 22 1325 1326
f 533 534 1326
f 533 1326 1325
f 534 2048 2076
f 199 215 2076
f 199 2076 2048
f 199 2048 2047
f 534 533 2047
f 534 2047 2048
f 1328 2924 3761
f 22 1327 3761
f 22 3761 2924
f 2779 3762 3231
f 1327 535 3231
f 1327 3231 3762
f 536 3233 3235
f 1328 2779 3235
f 1328 3235 3233
f 1327 3762 3761
f 2779 1328 3761
f 2779 3761 3762
f 2780 3232 3798
f 535 2080 3798
f 535 3798 3232
f 2084 3797 3024
f 2080 216 3024
f 2080 3024 3797
f 1140 3559 3557
f 2780 2084 3557
f 2780 3557 3559
f 2080 3797 3798
f 2084 2780 3798
f 2084 3798 3797
f 2086 3234 3803
f 536 2782 3803
f 536 3803 3234
f 2088 3808 3558
f 2782 1140 3558
f 2782 3558 3808
f 217 3026 3028
f 2086 2088 3028
f 2086 3028 3026
f 2782 3808 3803
f 2088 2086 3803
f 2088 3803 3808
f 535 3232 3231
f 2780 2779 3231
f 2780 3231 3232
f 2780 3559 3906
f 1140 2782 3906
f 1140 3906 3559
f 2779 3905 3235
f 2782 536 3235
f 2782 3235 3905
f 2782 3905 3906
f 2779 2780 3906
f 2779 3906 3905
f 2085 3025 3799
f 216 2083 3799
f 216 3799 3025
f 2786 3800 3241
f 2083 544 3241
f 2083 3241 3800
f 1141 3561 3563
f 2085 2786 3563
f 2085 3563 3561
f 2083 3800 3799
f 2786 2085 3799
f 2786 3799 3800
f 2785 3240 3766
f 544 1337 3766
f 544 3766 3240
f 1338 3765 2925
f 1337 25 2925
f 1337 2925 3765
f 545 3244 3242
f 2785 1338 3242
f 2785 3242 3244
f 1337 3765 3766
f 1338 2785 3766
f 1338 3766 3765
f 2100 3562 3826
f 1141 2788 3826
f 1141 3826 3562
f 2098 3822 3243
f 2788 545 3243
f 2788 3243 3822
f 220 3034 3032
f 2100 2098 3032
f 2100 3032 3034
f 2788 3822 3826
f 2098 2100 3826
f 2098 3826 3822
f 544 3240 3241
f 2785 2786 3241
f 2785 3241 3240
f 2785 3244 3909
f 545 2788 3909
f 545 3909 3244
f 2786 3910 3563
f 2788 1141 3563
f 2788 3563 3910
f 2788 3910 3909
f 2786 2785 3909
f 2786 3909 3910
f 2087 3027 3805
f 217 2090 3805
f 217 3805 3027
f 2797 3811 3569
f 2090 1143 3569
f 2090 3569 3811
f 566 3256 3257
f 2087 2797 3257
f 2087 3257 3256
f 2090 3811 3805
f 2797 2087 3805
f 2797 3805 3811
f 2800 3570 3827
f 1143 2101 3827
f 1143 3827 3570
f 2099 3823 3033
f 2101 220 3033
f 2101 3033 3823
f 567 3262 3260
f 2800 2099 3260
f 2800 3260 3262
f 2101 3823 3827
f 2099 2800 3827
f 2099 3827 3823
f 1363 3255 3769
f 566 2795 3769
f 566 3769 3255
f 1364 3772 3259
f 2795 567 3259
f 2795 3259 3772
f 28 2930 2931
f 1363 1364 2931
f 1363 2931 2930
f 2795 3772 3769
f 1364 1363 3769
f 1364 3769 3772
f 1143 3570 3569
f 2800 2797 3569
f 2800 3569 3570
f 2800 3262 3914
f 567 2795 3914
f 567 3914 3262
f 2797 3913 3257
f 2795 566 3257
f 2795 3257 3913
f 2795 3913 3914
f 2797 2800 3914
f 2797 3914 3913
f 216 3025 3024
f 2085 2084 3024
f 2085 3024 3025
f 2085 3561 3802
f 1141 2887 3802
f 1141 3802 3561
f 2084 3801 3557
f 2887 1140 3557
f 2887 3557 3801
f 2887 3801 3802
f 2084 2085 3802
f 2084 3802 3801
f 1141 3562 3564
f 2100 2889 3564
f 2100 3564 3562
f 2100 3034 3825
f 220 2101 3825
f 220 3825 3034
f 2889 3828 3572
f 2101 1143 3572
f 2101 3572 3828
f 2101 3828 3825
f 2889 2100 3825
f 2889 3825 3828
f 1140 3560 3558
f 2888 2088 3558
f 2888 3558 3560
f 2888 3571 3812
f 1143 2090 3812
f 1143 3812 3571
f 2088 3807 3028
f 2090 217 3028
f 2090 3028 3807
f 2090 3807 3812
f 2088 2888 3812
f 2088 3812 3807
f 2889 3942 3564
f 2887 1141 3564
f 2887 3564 3942
f 1143 3571 3572
f 2888 2889 3572
f 2888 3572 3571
f 2888 3560 3941
f 1140 2887 3941
f 1140 3941 3560
f 2887 3942 3941
f 2889 2888 3941
f 2889 3941 3942
f 1364 3771 2931
f 1366 28 2931
f 1366 2931 3771
f 567 3261 3259
f 2799 1364 3259
f 2799 3259 3261
f 2799 3263 3773
f 569 1366 3773
f 569 3773 3263
f 1366 3771 3773
f 1364 2799 3773
f 1364 3773 3771
f 2099 3824 3260
f 2801 567 3260
f 2801 3260 3824
f 220 3035 3033
f 2103 2099 3033
f 2103 3033 3035
f 2103 3585 3832
f 1147 2801 3832
f 1147 3832 3585
f 2801 3824 3832
f 2099 2103 3832
f 2099 3832 3824
f 2802 3840 3264
f 2211 569 3264
f 2211 3264 3840
f 1147 3586 3587
f 2214 2802 3587
f 2214 3587 3586
f 2214 3054 3839
f 242 2211 3839
f 242 3839 3054
f 2211 3840 3839
f 2802 2214 3839
f 2802 3839 3840
f 2799 3261 3917
f 567 2801 3917
f 567 3917 3261
f 2802 3918 3587
f 2801 1147 3587
f 2801 3587 3918
f 569 3263 3264
f 2799 2802 3264
f 2799 3264 3263
f 2801 3918 3917
f 2802 2799 3917
f 2802 3917 3918
f 2098 3821 3032
f 2102 220 3032
f 2102 3032 3821
f 545 3245 3243
f 2789 2098 3243
f 2789 3243 3245
f 2789 3581 3830
f 1146 2102 3830
f 1146 3830 3581
f 2102 3821 3830
f 2098 2789 3830
f 2098 3830 3821
f 1338 3767 3242
f 2787 545 3242
f 2787 3242 3767
f 25 2926 2925
f 1339 1338 2925
f 1339 2925 2926
f 1339 3246 3768
f 546 2787 3768
f 546 3768 3246
f 2787 3767 3768
f 1338 1339 3768
f 1338 3768 3767
f 2790 3836 3582
f 2106 1146 3582
f 2106 3582 3836
f 546 3247 3250
f 2104 2790 3250
f 2104 3250 3247
f 2104 3036 3833
f 221 2106 3833
f 221 3833 3036
f 2106 3836 3833
f 2790 2104 3833
f 2790 3833 3836
f 2789 3245 3911
f 545 2787 3911
f 545 3911 3245
f 2790 3912 3250
f 2787 546 3250
f 2787 3250 3912
f 1146 3581 3582
f 2789 2790 3582
f 2789 3582 3581
f 2787 3912 3911
f 2790 2789 3911
f 2790 3911 3912
f 2215 3841 3055
f 2213 242 3055
f 2213 3055 3841
f 1148 3591 3590
f 2816 2215 3590
f 2816 3590 3591
f 2816 3277 3842
f 647 2213 3842
f 647 3842 3277
f 2213 3841 3842
f 2215 2816 3842
f 2215 3842 3841
f 2107 3838 3589
f 2815 1148 3589
f 2815 3589 3838
f 221 3037 3038
f 2105 2107 3038
f 2105 3038 3037
f 2105 3272 3834
f 646 2815 3834
f 646 3834 3272
f 2815 3838 3834
f 2107 2105 3834
f 2107 3834 3838
f 2814 3778 3276
f 1445 647 3276
f 1445 3276 3778
f 646 3271 3275
f 1444 2814 3275
f 1444 3275 3271
f 1444 2933 3777
f 45 1445 3777
f 45 3777 2933
f 1445 3778 3777
f 2814 1444 3777
f 2814 3777 3778
f 2816 3591 3922
f 1148 2815 3922
f 1148 3922 3591
f 2814 3921 3275
f 2815 646 3275
f 2815 3275 3921
f 647 3277 3276
f 2816 2814 3276
f 2816 3276 3277
f 2815 3921 3922
f 2814 2816 3922
f 2814 3922 3921
f 2103 3035 3829
f 220 2102 3829
f 220 3829 3035
f 2893 3831 3583
f 2102 1146 3583
f 2102 3583 3831
f 1147 3585 3588
f 2103 2893 3588
f 2103 3588 3585
f 2102 3831 3829
f 2893 2103 3829
f 2893 3829 3831
f 2894 3584 3837
f 1146 2106 3837
f 1146 3837 3584
f 2107 3835 3038
f 2106 221 3038
f 2106 3038 3835
f 1148 3592 3589
f 2894 2107 3589
f 2894 3589 3592
f 2106 3835 3837
f 2107 2894 3837
f 2107 3837 3835
f 2214 3586 3843
f 1147 2895 3843
f 1147 3843 3586
f 2215 3844 3590
f 2895 1148 3590
f 2895 3590 3844
f 242 3054 3055
f 2214 2215 3055
f 2214 3055 3054
f 2895 3844 3843
f 2215 2214 3843
f 2215 3843 3844
f 1146 3584 3583
f 2894 2893 3583
f 2894 3583 3584
f 2894 3592 3946
f 1148 2895 3946
f 1148 3946 3592
f 2893 3945 3588
f 2895 1147 3588
f 2895 3588 3945
f 2895 3945 3946
f 2893 2894 3946
f 2893 3946 3945
f 28 1366 1367
f 569 570 1367
f 569 1367 1366
f 570 2212 2219
f 242 243 2219
f 242 2219 2212
f 242 2212 2211
f 570 569 2211
f 570 2211 2212
f 242 2213 2216
f 647 1165 2216
f 647 2216 2213
f 1165 1446 2394
f 45 288 2394
f 45 2394 1446
f 45 1446 1445
f 1165 647 1445
f 1165 1445 1446
f 243 2222 2220
f 1166 702 2220
f 1166 2220 2222
f 702 2393 1505
f 288 57 1505
f 288 1505 2393
f 288 2393 2395
f 702 1166 2395
f 702 2395 2393
f 288 2395 2394
f 1166 1165 2394
f 1166 2394 2395
f 1165 2221 2216
f 243 242 2216
f 243 2216 2221
f 243 2221 2222
f 1165 1166 2222
f 1165 2222 2221
f 26 1346 1342
f 552 548 1342
f 552 1342 1346
f 548 2146 2125
f 229 225 2125
f 229 2125 2146
f 229 2146 2147
f 548 552 2147
f 548 2147 2146
f 225 2128 2127
f 700 605 2127
f 700 2127 2128
f 605 1502 1401
f 57 36 1401
f 57 1401 1502
f 57 1502 1503
f 605 700 1503
f 605 1503 1502
f 57 1503 1504
f 700 701 1504
f 700 1504 1503
f 701 2129 2148
f 225 229 2148
f 225 2148 2129
f 225 2129 2128
f 701 700 2128
f 701 2128 2129
f 57 1504 1505
f 701 702 1505
f 701 1505 1504
f 702 2149 2220
f 229 243 2220
f 229 2220 2149
f 229 2149 2148
f 702 701 2148
f 702 2148 2149
f 243 2218 2219
f 554 570 2219
f 554 2219 2218
f 570 1349 1367
f 26 28 1367
f 26 1367 1349
f 26 1349 1348
f 570 554 1348
f 570 1348 1349
f 26 1348 1346
f 554 552 1346
f 554 1346 1348
f 552 2217 2147
f 243 229 2147
f 243 2147 2217
f 243 2217 2218
f 552 554 2218
f 552 2218 2217
f 221 3039 3037
f 2108 2105 3037
f 2108 3037 3039
f 2105 3593 3272
f 1149 646 3272
f 1149 3272 3593
f 1149 3593 3594
f 2105 2108 3594
f 2105 3594 3593
f 646 3273 3271
f 2396 1444 3271
f 2396 3271 3273
f 1444 3064 2933
f 2933 3980 45
f 3980 289 45
f 289 3980 3064
f 3980 2933 3064
f 289 3064 3065
f 3065 4129 2396
f 4129 1444 2396
f 1444 4129 3064
f 4129 3065 3064
f 289 3065 3066
f 2396 2397 3066
f 2396 3066 3065
f 2397 3274 3595
f 646 1149 3595
f 646 3595 3274
f 646 3274 3273
f 2397 2396 3273
f 2397 3273 3274
f 25 2927 2926
f 1340 1339 2926
f 1340 2926 2927
f 1339 3251 3246
f 547 546 3246
f 547 3246 3251
f 547 3251 3252
f 1339 1340 3252
f 1339 3252 3251
f 546 3248 3247
f 2113 2104 3247
f 2113 3247 3248
f 2104 3046 3036
f 3036 3975 221
f 3975 223 221
f 223 3975 3046
f 3975 3036 3046
f 223 3046 3047
f 3047 4183 2113
f 4183 2104 2113
f 2104 4183 3046
f 4183 3047 3046
f 223 3047 3048
f 2113 2114 3048
f 2113 3048 3047
f 2114 3249 3253
f 546 547 3253
f 546 3253 3249
f 546 3249 3248
f 2114 2113 3248
f 2114 3248 3249
f 223 3049 3052
f 2115 2118 3052
f 2115 3052 3049
f 2118 3353 3611
f 763 1152 3611
f 763 3611 3353
f 763 3353 3352
f 2118 2115 3352
f 2118 3352 3353
f 1152 3608 3612
f 1529 2398 3612
f 1529 3612 3608
f 2398 2964 3067
f 3067 3960 289
f 3960 73 289
f 73 3960 2964
f 3960 3067 2964
f 73 2964 2963
f 2963 4203 1529
f 4203 2398 1529
f 2398 4203 2964
f 4203 2963 2964
f 73 2963 2956
f 1529 1522 2956
f 1529 2956 2963
f 1522 3607 3350
f 1152 763 3350
f 1152 3350 3607
f 1152 3607 3608
f 1522 1529 3608
f 1522 3608 3607
f 289 3066 3067
f 2397 2398 3067
f 2397 3067 3066
f 2398 3596 3612
f 1149 1152 3612
f 1149 3612 3596
f 1149 3596 3595
f 2398 2397 3595
f 2398 3595 3596
f 1152 3610 3611
f 2109 2118 3611
f 2109 3611 3610
f 2118 3041 3052
f 3052 3973 223
f 3973 221 223
f 221 3973 3041
f 3973 3052 3041
f 221 3041 3040
f 3040 4184 2109
f 4184 2118 2109
f 2118 4184 3041
f 4184 3040 3041
f 221 3040 3039
f 2109 2108 3039
f 2109 3039 3040
f 2108 3609 3594
f 1152 1149 3594
f 1152 3594 3609
f 1152 3609 3610
f 2108 2109 3610
f 2108 3610 3609
f 73 2956 2961
f 1522 1527 2961
f 1522 2961 2956
f 1527 3351 3375
f 763 769 3375
f 763 3375 3351
f 763 3351 3350
f 1527 1522 3350
f 1527 3350 3351
f 769 3377 3378
f 2116 2505 3378
f 2116 3378 3377
f 2505 3053 3100
f 3100 3976 333
f 3976 223 333
f 223 3976 3053
f 3976 3100 3053
f 223 3053 3050
f 2505 2116 3050
f 2505 3050 3053
f 223 3050 3049
f 2116 2115 3049
f 2116 3049 3050
f 2115 3376 3352
f 769 763 3352
f 769 3352 3376
f 769 3376 3377
f 2115 2116 3377
f 2115 3377 3376
f 223 3048 3051
f 2114 2117 3051
f 2114 3051 3048
f 2117 3254 3600
f 547 1150 3600
f 547 3600 3254
f 547 3254 3253
f 2117 2114 3253
f 2117 3253 3254
f 1150 3598 3599
f 1341 2111 3599
f 1341 3599 3598
f 2111 2929 3044
f 3044 3953 222
f 3953 25 222
f 25 3953 2929
f 3953 3044 2929
f 25 2929 2928
f 2111 1341 2928
f 2111 2928 2929
f 25 2928 2927
f 1341 1340 2927
f 1341 2927 2928
f 1340 3597 3252
f 1150 547 3252
f 1150 3252 3597
f 1150 3597 3598
f 1340 1341 3598
f 1340 3598 3597
f 333 3102 3099
f 2507 2504 3099
f 2507 3099 3102
f 2504 3605 3327
f 1151 747 3327
f 1151 3327 3605
f 1151 3605 3606
f 2504 2507 3606
f 2504 3606 3605
f 747 3325 3324
f 2110 1518 3324
f 2110 3324 3325
f 1518 3042 2950
f 2950 3974 68
f 3974 222 68
f 222 3974 3042
f 3974 2950 3042
f 222 3042 3043
f 1518 2110 3043
f 1518 3043 3042
f 222 3043 3045
f 2110 2112 3045
f 2110 3045 3043
f 2112 3326 3604
f 747 1151 3604
f 747 3604 3326
f 747 3326 3325
f 2112 2110 3325
f 2112 3325 3326
f 222 3045 3044
f 2112 2111 3044
f 2112 3044 3045
f 2111 3603 3599
f 1151 1150 3599
f 1151 3599 3603
f 1151 3603 3604
f 2111 2112 3604
f 2111 3604 3603
f 1150 3601 3600
f 2506 2117 3600
f 2506 3600 3601
f 2117 3098 3051
f 3051 3982 223
f 3982 333 223
f 333 3982 3098
f 3982 3051 3098
f 333 3098 3101
f 2117 2506 3101
f 2117 3101 3098
f 333 3101 3102
f 2506 2507 3102
f 2506 3102 3101
f 2507 3602 3606
f 1150 1151 3606
f 1150 3606 3602
f 1150 3602 3601
f 2507 2506 3601
f 2507 3601 3602
f 219 744 222
f 744 68 222
f 23 540 25
f 540 219 25
f 25 219 222
f 23 25 24
f 1679 3789 3008
f 3008 4165 120
f 4165 1678 120
f 1678 4165 3789
f 4165 3008 3789
f 978 3543 3541
f 3541 4364 1679
f 4364 2869 1679
f 2869 4364 3543
f 4364 3541 3543
f 2869 3539 3790
f 3790 4065 1678
f 4065 977 1678
f 977 4065 3539
f 4065 3790 3539
f 1678 3789 3790
f 3790 4166 2869
f 4166 1679 2869
f 1679 4166 3789
f 4166 3790 3789
f 2597 3872 3542
f 3542 4367 978
f 4367 2872 978
f 2872 4367 3872
f 4367 3542 3872
f 379 3212 3211
f 3211 4277 2597
f 4277 2599 2597
f 2599 4277 3212
f 4277 3211 3212
f 2599 3622 3876
f 3876 4082 2872
f 4082 1169 2872
f 1169 4082 3622
f 4082 3876 3622
f 2872 3872 3876
f 3876 4274 2599
f 4274 2597 2599
f 2597 4274 3872
f 4274 3876 3872
f 2870 3860 3540
f 3540 4198 977
f 4198 2230 977
f 2230 4198 3860
f 4198 3540 3860
f 1169 3621 3623
f 3623 4202 2870
f 4202 2234 2870
f 2234 4202 3621
f 4202 3623 3621
f 2234 3061 3859
f 3859 3979 2230
f 3979 245 2230
f 245 3979 3061
f 3979 3859 3061
f 2230 3860 3859
f 3859 4365 2234
f 4365 2870 2234
f 2870 4365 3860
f 4365 3859 3860
f 2869 3543 3933
f 3933 4066 2872
f 4066 978 2872
f 978 4066 3543
f 4066 3933 3543
f 2870 3934 3623
f 3623 4368 1169
f 4368 2872 1169
f 2872 4368 3934
f 4368 3623 3934
f 977 3539 3540
f 3540 4363 2870
f 4363 2869 2870
f 2869 4363 3539
f 4363 3540 3539
f 2872 3934 3933
f 3933 4366 2869
f 4366 2870 2869
f 2870 4366 3934
f 4366 3933 3934
f 2596 3869 3210
f 3210 4275 379
f 4275 2598 379
f 2598 4275 3869
f 4275 3210 3869
f 879 3506 3504
f 3504 4351 2596
f 4351 2851 2596
f 2851 4351 3506
f 4351 3504 3506
f 2851 3618 3874
f 3874 4080 2598
f 4080 1168 2598
f 1168 4080 3618
f 4080 3874 3618
f 2598 3869 3874
f 3874 4273 2851
f 4273 2596 2851
f 2596 4273 3869
f 4273 3874 3869
f 1590 3784 3503
f 3503 4346 879
f 4346 2846 879
f 2846 4346 3784
f 4346 3503 3784
f 101 2999 3000
f 3000 4158 1590
f 4158 1587 1590
f 1587 4158 2999
f 4158 3000 2999
f 1587 3497 3781
f 3781 4056 2846
f 4056 876 2846
f 876 4056 3497
f 4056 3781 3497
f 2846 3784 3781
f 3781 4160 1587
f 4160 1590 1587
f 1590 4160 3784
f 4160 3781 3784
f 2848 3855 3617
f 3617 4196 1168
f 4196 2228 1168
f 2228 4196 3855
f 4196 3617 3855
f 876 3498 3500
f 3500 4188 2848
f 4188 2224 2848
f 2224 4188 3498
f 4188 3500 3498
f 2224 3057 3847
f 3847 3978 2228
f 3978 244 2228
f 244 3978 3057
f 3978 3847 3057
f 2228 3855 3847
f 3847 4349 2224
f 4349 2848 2224
f 2848 4349 3855
f 4349 3847 3855
f 2851 3506 3926
f 3926 4058 2846
f 4058 879 2846
f 879 4058 3506
f 4058 3926 3506
f 2848 3925 3500
f 3500 4345 876
f 4345 2846 876
f 2846 4345 3925
f 4345 3500 3925
f 1168 3618 3617
f 3617 4352 2848
f 4352 2851 2848
f 2851 4352 3618
f 4352 3617 3618
f 2846 3925 3926
f 3926 4350 2851
f 4350 2848 2851
f 2848 4350 3925
f 4350 3926 3925
f 2233 3857 3060
f 3060 4197 245
f 4197 2229 245
f 2229 4197 3857
f 4197 3060 3857
f 1167 3615 3614
f 3614 4314 2233
f 4314 2806 2233
f 2806 4314 3615
f 4314 3614 3615
f 2806 3270 3858
f 3858 4020 2229
f 4020 572 2229
f 572 4020 3270
f 4020 3858 3270
f 2229 3857 3858
f 3858 4199 2806
f 4199 2233 2806
f 2233 4199 3857
f 4199 3858 3857
f 2227 3854 3613
f 3613 4312 1167
f 4312 2805 1167
f 2805 4312 3854
f 4312 3613 3854
f 244 3056 3059
f 3059 4185 2227
f 4185 2223 2227
f 2223 4185 3056
f 4185 3059 3056
f 2223 3266 3846
f 3846 4019 2805
f 4019 571 2805
f 571 4019 3266
f 4019 3846 3266
f 2805 3854 3846
f 3846 4193 2223
f 4193 2227 2223
f 2227 4193 3854
f 4193 3846 3854
f 2803 3776 3269
f 3269 4128 572
f 4128 1369 572
f 1369 4128 3776
f 4128 3269 3776
f 571 3265 3267
f 3267 4127 2803
f 4127 1368 2803
f 1368 4127 3265
f 4127 3267 3265
f 1368 2932 3774
f 3774 3954 1369
f 3954 28 1369
f 28 3954 2932
f 3954 3774 2932
f 1369 3776 3774
f 3774 4307 1368
f 4307 2803 1368
f 2803 4307 3776
f 4307 3774 3776
f 2806 3615 3920
f 3920 4077 2805
f 4077 1167 2805
f 1167 4077 3615
f 4077 3920 3615
f 2803 3919 3267
f 3267 4311 571
f 4311 2805 571
f 2805 4311 3919
f 4311 3267 3919
f 572 3270 3269
f 3269 4313 2803
f 4313 2806 2803
f 2806 4313 3270
f 4313 3269 3270
f 2805 3919 3920
f 3920 4308 2806
f 4308 2803 2806
f 2803 4308 3919
f 4308 3920 3919
f 2599 3212 3873
f 3873 4010 2598
f 4010 379 2598
f 379 4010 3212
f 4010 3873 3212
f 2902 3875 3620
f 3620 4276 1168
f 4276 2598 1168
f 2598 4276 3875
f 4276 3620 3875
f 1169 3622 3624
f 3624 4278 2902
f 4278 2599 2902
f 2599 4278 3622
f 4278 3624 3622
f 2598 3875 3873
f 3873 4391 2599
f 4391 2902 2599
f 2902 4391 3875
f 4391 3873 3875
f 2900 3619 3856
f 3856 4079 2228
f 4079 1168 2228
f 1168 4079 3619
f 4079 3856 3619
f 2227 3853 3059
f 3059 4195 244
f 4195 2228 244
f 2228 4195 3853
f 4195 3059 3853
f 1167 3616 3613
f 3613 4387 2227
f 4387 2900 2227
f 2900 4387 3616
f 4387 3613 3616
f 2228 3853 3856
f 3856 4194 2900
f 4194 2227 2900
f 2227 4194 3853
f 4194 3856 3853
f 2234 3621 3862
f 3862 4081 2901
f 4081 1169 2901
f 1169 4081 3621
f 4081 3862 3621
f 2233 3861 3614
f 3614 4389 1167
f 4389 2901 1167
f 2901 4389 3861
f 4389 3614 3861
f 245 3061 3060
f 3060 4201 2233
f 4201 2234 2233
f 2234 4201 3061
f 4201 3060 3061
f 2901 3861 3862
f 3862 4200 2234
f 4200 2233 2234
f 2233 4200 3861
f 4200 3862 3861
f 1168 3619 3620
f 3620 4388 2902
f 4388 2900 2902
f 2900 4388 3619
f 4388 3620 3619
f 2900 3616 3947
f 3947 4078 2901
f 4078 1167 2901
f 1167 4078 3616
f 4078 3947 3616
f 2902 3948 3624
f 3624 4390 1169
f 4390 2901 1169
f 2901 4390 3948
f 4390 3624 3948
f 2901 3948 3947
f 3947 4392 2900
f 4392 2902 2900
f 2902 4392 3948
f 4392 3947 3948
f 28 2932 2930
f 2930 4126 1363
f 4126 1368 1363
f 1368 4126 2932
f 4126 2930 2932
f 1368 3265 3775
f 3775 4018 2796
f 4018 571 2796
f 571 4018 3265
f 4018 3775 3265
f 1363 3770 3255
f 3255 4303 566
f 4303 2796 566
f 2796 4303 3770
f 4303 3255 3770
f 2796 3770 3775
f 3775 4125 1368
f 4125 1363 1368
f 1363 4125 3770
f 4125 3775 3770
f 571 3266 3268
f 3268 4186 2804
f 4186 2223 2804
f 2223 4186 3266
f 4186 3268 3266
f 2223 3056 3845
f 3845 3977 2225
f 3977 244 2225
f 244 3977 3056
f 3977 3845 3056
f 2804 3850 3574
f 3574 4190 1144
f 4190 2225 1144
f 2225 4190 3850
f 4190 3574 3850
f 2225 3850 3845
f 3845 4309 2223
f 4309 2804 2223
f 2804 4309 3850
f 4309 3845 3850
f 566 3258 3256
f 3256 4305 2087
f 4305 2798 2087
f 2798 4305 3258
f 4305 3256 3258
f 2798 3573 3813
f 3813 4073 2091
f 4073 1144 2091
f 1144 4073 3573
f 4073 3813 3573
f 2087 3806 3027
f 3027 4175 217
f 4175 2091 217
f 2091 4175 3806
f 4175 3027 3806
f 2091 3806 3813
f 3813 4172 2798
f 4172 2087 2798
f 2087 4172 3806
f 4172 3813 3806
f 2804 3916 3268
f 3268 4304 571
f 4304 2796 571
f 2796 4304 3916
f 4304 3268 3916
f 1144 3573 3574
f 3574 4306 2804
f 4306 2798 2804
f 2798 4306 3573
f 4306 3574 3573
f 2798 3258 3915
f 3915 4017 2796
f 4017 566 2796
f 566 4017 3258
f 4017 3915 3258
f 2796 3916 3915
f 3915 4310 2798
f 4310 2804 2798
f 2804 4310 3916
f 4310 3915 3916
f 244 3057 3058
f 3058 4187 2226
f 4187 2224 2226
f 2224 4187 3057
f 4187 3058 3057
f 2224 3498 3848
f 3848 4057 2847
f 4057 876 2847
f 876 4057 3498
f 4057 3848 3498
f 2226 3852 3578
f 3578 4348 1145
f 4348 2847 1145
f 2847 4348 3852
f 4348 3578 3852
f 2847 3852 3848
f 3848 4191 2224
f 4191 2226 2224
f 2226 4191 3852
f 4191 3848 3852
f 876 3497 3499
f 3499 4159 2844
f 4159 1587 2844
f 1587 4159 3497
f 4159 3499 3497
f 1587 2999 3779
f 3779 3967 1586
f 3967 101 1586
f 101 3967 2999
f 3967 3779 2999
f 2844 3780 3495
f 3495 4157 875
f 4157 1586 875
f 1586 4157 3780
f 4157 3495 3780
f 1586 3780 3779
f 3779 4341 1587
f 4341 2844 1587
f 2844 4341 3780
f 4341 3779 3780
f 1145 3579 3577
f 3577 4344 2097
f 4344 2845 2097
f 2845 4344 3579
f 4344 3577 3579
f 2845 3496 3818
f 3818 4055 2095
f 4055 875 2095
f 875 4055 3496
f 4055 3818 3496
f 2097 3817 3031
f 3031 4178 218
f 4178 2095 218
f 2095 4178 3817
f 4178 3031 3817
f 2095 3817 3818
f 3818 4181 2845
f 4181 2097 2845
f 2097 4181 3817
f 4181 3818 3817
f 2844 3923 3499
f 3499 4347 876
f 4347 2847 876
f 2847 4347 3923
f 4347 3499 3923
f 875 3496 3495
f 3495 4343 2844
f 4343 2845 2844
f 2845 4343 3496
f 4343 3495 3496
f 2845 3579 3924
f 3924 4075 2847
f 4075 1145 2847
f 1145 4075 3579
f 4075 3924 3579
f 2847 3923 3924
f 3924 4342 2845
f 4342 2844 2845
f 2844 4342 3923
f 4342 3924 3923
f 217 3029 3026
f 3026 4173 2086
f 4173 2089 2086
f 2089 4173 3029
f 4173 3026 3029
f 2089 3565 3810
f 3810 4071 2783
f 4071 1142 2783
f 1142 4071 3565
f 4071 3810 3565
f 2086 3804 3234
f 3234 4299 536
f 4299 2783 536
f 2783 4299 3804
f 4299 3234 3804
f 2783 3804 3810
f 3810 4171 2089
f 4171 2086 2089
f 2086 4171 3804
f 4171 3810 3804
f 1142 3566 3567
f 3567 4180 2784
f 4180 2096 2784
f 2096 4180 3566
f 4180 3567 3566
f 2096 3030 3815
f 3815 3972 2094
f 3972 218 2094
f 218 3972 3030
f 3972 3815 3030
f 2784 3816 3239
f 3239 4177 537
f 4177 2094 537
f 2094 4177 3816
f 4177 3239 3816
f 2094 3816 3815
f 3815 4301 2096
f 4301 2784 2096
f 2784 4301 3816
f 4301 3815 3816
f 536 3236 3233
f 3233 4297 1328
f 4297 2781 1328
f 2781 4297 3236
f 4297 3233 3236
f 2781 3238 3764
f 3764 4016 1329
f 4016 537 1329
f 537 4016 3238
f 4016 3764 3238
f 1328 3763 2924
f 2924 4124 22
f 4124 1329 22
f 1329 4124 3763
f 4124 2924 3763
f 1329 3763 3764
f 3764 4123 2781
f 4123 1328 2781
f 1328 4123 3763
f 4123 3764 3763
f 2784 3908 3567
f 3567 4300 1142
f 4300 2783 1142
f 2783 4300 3908
f 4300 3567 3908
f 537 3238 3239
f 3239 4298 2784
f 4298 2781 2784
f 2781 4298 3238
f 4298 3239 3238
f 2781 3236 3907
f 3907 4015 2783
f 4015 536 2783
f 536 4015 3236
f 4015 3907 3236
f 2783 3908 3907
f 3907 4302 2781
f 4302 2784 2781
f 2784 4302 3908
f 4302 3907 3908
f 2226 3849 3058
f 3058 4189 244
f 4189 2225 244
f 2225 4189 3849
f 4189 3058 3849
f 1145 3580 3578
f 3578 4386 2226
f 4386 2892 2226
f 2892 4386 3580
f 4386 3578 3580
f 2892 3576 3851
f 3851 4074 2225
f 4074 1144 2225
f 1144 4074 3576
f 4074 3851 3576
f 2225 3849 3851
f 3851 4192 2892
f 4192 2226 2892
f 2226 4192 3849
f 4192 3851 3849
f 2097 3820 3577
f 3577 4384 1145
f 4384 2891 1145
f 2891 4384 3820
f 4384 3577 3820
f 218 3030 3031
f 3031 4179 2097
f 4179 2096 2097
f 2096 4179 3030
f 4179 3031 3030
f 2096 3566 3819
f 3819 4072 2891
f 4072 1142 2891
f 1142 4072 3566
f 4072 3819 3566
f 2891 3820 3819
f 3819 4182 2096
f 4182 2097 2096
f 2097 4182 3820
f 4182 3819 3820
f 2890 3814 3575
f 3575 4176 1144
f 4176 2091 1144
f 2091 4176 3814
f 4176 3575 3814
f 1142 3565 3568
f 3568 4174 2890
f 4174 2089 2890
f 2089 4174 3565
f 4174 3568 3565
f 2089 3029 3809
f 3809 3971 2091
f 3971 217 2091
f 217 3971 3029
f 3971 3809 3029
f 2091 3814 3809
f 3809 4381 2089
f 4381 2890 2089
f 2890 4381 3814
f 4381 3809 3814
f 2892 3580 3944
f 3944 4076 2891
f 4076 1145 2891
f 1145 4076 3580
f 4076 3944 3580
f 2890 3943 3568
f 3568 4383 1142
f 4383 2891 1142
f 2891 4383 3943
f 4383 3568 3943
f 1144 3576 3575
f 3575 4385 2890
f 4385 2892 2890
f 2892 4385 3576
f 4385 3575 3576
f 2891 3943 3944
f 3944 4382 2892
f 4382 2890 2892
f 2890 4382 3943
f 4382 3944 3943
f 28 1370 1369
f 573 572 1369
f 573 1369 1370
f 572 2235 2229
f 246 245 2229
f 246 2229 2235
f 246 2235 2236
f 572 573 2236
f 572 2236 2235
f 245 2231 2230
f 985 977 2230
f 985 2230 2231
f 977 1685 1678
f 1678 3010 120
f 3010 121 120
f 121 3010 1685
f 3010 1678 1685
f 121 1685 1688
f 1688 3538 985
f 3538 977 985
f 977 3538 1685
f 3538 1688 1685
f 121 1688 1689
f 985 986 1689
f 985 1689 1688
f 986 2232 2238
f 245 246 2238
f 245 2238 2232
f 245 2232 2231
f 986 985 2231
f 986 2231 2232
f 121 1689 1686
f 986 983 1686
f 986 1686 1689
f 983 2237 2153
f 246 230 2153
f 246 2153 2237
f 246 2237 2238
f 983 986 2238
f 983 2238 2237
f 230 2151 2150
f 568 553 2150
f 568 2150 2151
f 553 1362 1347
f 28 26 1347
f 28 1347 1362
f 28 1362 1365
f 553 568 1365
f 553 1365 1362
f 28 1365 1370
f 568 573 1370
f 568 1370 1365
f 573 2152 2236
f 230 246 2236
f 230 2236 2152
f 230 2152 2151
f 573 568 2151
f 573 2151 2152
f 121 1686 1687
f 983 984 1687
f 983 1687 1686
f 984 2154 2201
f 230 240 2201
f 230 2201 2154
f 230 2154 2153
f 984 983 2153
f 984 2153 2154
f 230 2150 2155
f 553 1154 2155
f 553 2155 2150
f 1154 1350 2122
f 26 224 2122
f 26 2122 1350
f 26 1350 1347
f 1154 553 1347
f 1154 1347 1350
f 240 2203 2200
f 1156 564 2200
f 1156 2200 2203
f 564 2120 1359
f 224 27 1359
f 224 1359 2120
f 224 2120 2124
f 564 1156 2124
f 564 2124 2120
f 224 2124 2122
f 1156 1154 2122
f 1156 2122 2124
f 1154 2202 2155
f 240 230 2155
f 240 2155 2202
f 240 2202 2203
f 1154 1156 2203
f 1154 2203 2202
f 27 1360 1359
f 565 564 1359
f 565 1359 1360
f 564 2206 2200
f 241 240 2200
f 241 2200 2206
f 241 2206 2207
f 564 565 2207
f 564 2207 2206
f 241 2208 2210
f 994 1164 2210
f 994 2210 2208
f 1164 1709 2694
f 123 405 2694
f 123 2694 1709
f 123 1709 1699
f 1164 994 1699
f 1164 1699 1709
f 240 2204 2201
f 1162 984 2201
f 1162 2201 2204
f 984 2691 1687
f 405 121 1687
f 405 1687 2691
f 405 2691 2693
f 984 1162 2693
f 984 2693 2691
f 405 2693 2694
f 1162 1164 2694
f 1162 2694 2693
f 1164 2205 2210
f 240 241 2210
f 240 2210 2205
f 240 2205 2204
f 1164 1162 2204
f 1164 2204 2205
f 26 1342 1343
f 548 549 1343
f 548 1343 1342
f 549 2126 2130
f 225 226 2130
f 225 2130 2126
f 225 2126 2125
f 549 548 2125
f 549 2125 2126
f 226 2133 2134
f 606 607 2134
f 606 2134 2133
f 607 1403 1404
f 36 37 1404
f 36 1404 1403
f 36 1403 1402
f 607 606 1402
f 607 1402 1403
f 36 1402 1401
f 606 605 1401
f 606 1401 1402
f 605 2132 2127
f 226 225 2127
f 226 2127 2132
f 226 2132 2133
f 605 606 2133
f 605 2133 2132
f 26 1343 1344
f 549 550 1344
f 549 1344 1343
f 550 2131 2135
f 226 227 2135
f 226 2135 2131
f 226 2131 2130
f 550 549 2130
f 550 2130 2131
f 227 2138 2139
f 608 617 2139
f 608 2139 2138
f 617 1406 1415
f 37 40 1415
f 37 1415 1406
f 37 1406 1405
f 617 608 1405
f 617 1405 1406
f 37 1405 1404
f 608 607 1404
f 608 1404 1405
f 607 2137 2134
f 227 226 2134
f 227 2134 2137
f 227 2137 2138
f 607 608 2138
f 607 2138 2137
f 26 1344 1345
f 550 551 1345
f 550 1345 1344
f 551 2136 2140
f 227 228 2140
f 227 2140 2136
f 227 2136 2135
f 551 550 2135
f 551 2135 2136
f 228 2142 2143
f 618 630 2143
f 618 2143 2142
f 630 1419 1425
f 40 42 1425
f 40 1425 1419
f 40 1419 1416
f 630 618 1416
f 630 1416 1419
f 40 1416 1415
f 618 617 1415
f 618 1415 1416
f 617 2141 2139
f 228 227 2139
f 228 2139 2141
f 228 2141 2142
f 617 618 2142
f 617 2142 2141
f 228 2144 2140
f 1153 551 2140
f 1153 2140 2144
f 551 2119 1345
f 224 26 1345
f 224 1345 2119
f 224 2119 2121
f 551 1153 2121
f 551 2121 2119
f 42 1426 1425
f 631 630 1425
f 631 1425 1426
f 630 2162 2143
f 232 228 2143
f 232 2143 2162
f 232 2162 2163
f 630 631 2163
f 630 2163 2162
f 232 2160 2164
f 556 1155 2164
f 556 2164 2160
f 1155 1361 2123
f 27 224 2123
f 27 2123 1361
f 27 1361 1351
f 1155 556 1351
f 1155 1351 1361
f 224 2121 2123
f 1153 1155 2123
f 1153 2123 2121
f 1155 2145 2164
f 228 232 2164
f 228 2164 2145
f 228 2145 2144
f 1155 1153 2144
f 1155 2144 2145
f 27 1351 1352
f 556 557 1352
f 556 1352 1351
f 557 2161 2165
f 232 233 2165
f 232 2165 2161
f 232 2161 2160
f 557 556 2160
f 557 2160 2161
f 233 2168 2169
f 632 641 2169
f 632 2169 2168
f 641 1431 1438
f 42 44 1438
f 42 1438 1431
f 42 1431 1427
f 641 632 1427
f 641 1427 1431
f 42 1427 1426
f 632 631 1426
f 632 1426 1427
f 631 2167 2163
f 233 232 2163
f 233 2163 2167
f 233 2167 2168
f 631 632 2168
f 631 2168 2167
f 27 1352 1353
f 557 558 1353
f 557 1353 1352
f 558 2166 2170
f 233 234 2170
f 233 2170 2166
f 233 2166 2165
f 558 557 2165
f 558 2165 2166
f 234 2173 2174
f 642 653 2174
f 642 2174 2173
f 653 1443 1453
f 44 47 1453
f 44 1453 1443
f 44 1443 1439
f 653 642 1439
f 653 1439 1443
f 44 1439 1438
f 642 641 1438
f 642 1438 1439
f 641 2172 2169
f 234 233 2169
f 234 2169 2172
f 234 2172 2173
f 641 642 2173
f 641 2173 2172
f 27 1353 1354
f 558 559 1354
f 558 1354 1353
f 559 2171 2175
f 234 235 2175
f 234 2175 2171
f 234 2171 2170
f 559 558 2170
f 559 2170 2171
f 235 2178 2179
f 654 663 2179
f 654 2179 2178
f 663 1458 1466
f 47 49 1466
f 47 1466 1458
f 47 1458 1454
f 663 654 1454
f 663 1454 1458
f 47 1454 1453
f 654 653 1453
f 654 1453 1454
f 653 2177 2174
f 235 234 2174
f 235 2174 2177
f 235 2177 2178
f 653 654 2178
f 653 2178 2177
f 27 1354 1356
f 559 561 1356
f 559 1356 1354
f 561 2176 2185
f 235 237 2185
f 235 2185 2176
f 235 2176 2175
f 561 559 2175
f 561 2175 2176
f 237 2188 2189
f 664 674 2189
f 664 2189 2188
f 674 1471 1481
f 49 51 1481
f 49 1481 1471
f 49 1471 1467
f 674 664 1467
f 674 1467 1471
f 49 1467 1466
f 664 663 1466
f 664 1466 1467
f 663 2187 2179
f 237 235 2179
f 237 2179 2187
f 237 2187 2188
f 663 664 2188
f 663 2188 2187
f 27 1356 1358
f 561 563 1358
f 561 1358 1356
f 563 2186 2196
f 237 239 2196
f 237 2196 2186
f 237 2186 2185
f 563 561 2185
f 563 2185 2186
f 239 2198 2199
f 675 690 2199
f 675 2199 2198
f 690 1486 1498
f 51 54 1498
f 51 1498 1486
f 51 1486 1482
f 690 675 1482
f 690 1482 1486
f 51 1482 1481
f 675 674 1481
f 675 1481 1482
f 674 2197 2189
f 239 237 2189
f 239 2189 2197
f 239 2197 2198
f 674 675 2198
f 674 2198 2197
f 27 1358 1357
f 563 562 1357
f 563 1357 1358
f 562 2195 2191
f 239 238 2191
f 239 2191 2195
f 239 2195 2196
f 562 563 2196
f 562 2196 2195
f 238 2193 2192
f 689 685 2192
f 689 2192 2193
f 685 1496 1490
f 54 53 1490
f 54 1490 1496
f 54 1496 1497
f 685 689 1497
f 685 1497 1496
f 54 1497 1498
f 689 690 1498
f 689 1498 1497
f 690 2194 2199
f 238 239 2199
f 238 2199 2194
f 238 2194 2193
f 690 689 2193
f 690 2193 2194
f 27 1357 1355
f 562 560 1355
f 562 1355 1357
f 560 2190 2180
f 238 236 2180
f 238 2180 2190
f 238 2190 2191
f 560 562 2191
f 560 2191 2190
f 236 2182 2181
f 684 668 2181
f 684 2181 2182
f 668 1488 1473
f 53 50 1473
f 53 1473 1488
f 53 1488 1489
f 668 684 1489
f 668 1489 1488
f 53 1489 1490
f 684 685 1490
f 684 1490 1489
f 685 2183 2192
f 236 238 2192
f 236 2192 2183
f 236 2183 2182
f 685 684 2182
f 685 2182 2183
f 560 2791 1355
f 555 27 1355
f 555 1355 2791
f 236 2184 2180
f 1157 560 2180
f 1157 2180 2184
f 1157 2156 2793
f 231 555 2793
f 231 2793 2156
f 555 2791 2793
f 560 1157 2793
f 560 2793 2791
f 668 2817 2181
f 1161 236 2181
f 1161 2181 2817
f 50 1475 1473
f 670 668 1473
f 670 1473 1475
f 670 2247 2818
f 251 1161 2818
f 251 2818 2247
f 1161 2817 2818
f 668 670 2818
f 668 2818 2817
f 1159 2809 2158
f 574 231 2158
f 574 2158 2809
f 251 2246 2248
f 579 1159 2248
f 579 2248 2246
f 579 1371 2807
f 29 574 2807
f 29 2807 1371
f 574 2809 2807
f 1159 579 2807
f 1159 2807 2809
f 1157 2184 2896
f 236 1161 2896
f 236 2896 2184
f 1159 2898 2248
f 1161 251 2248
f 1161 2248 2898
f 231 2156 2158
f 1157 1159 2158
f 1157 2158 2156
f 1161 2898 2896
f 1159 1157 2896
f 1159 2896 2898
f 29 1371 578
f 1371 579 578
f 578 2245 250
f 2245 251 250
f 251 2245 2246
f 578 579 2246
f 578 2246 2245
f 250 2243 659
f 2243 669 659
f 659 1472 48
f 1472 50 48
f 50 1472 1474
f 659 669 1474
f 659 1474 1472
f 50 1474 1475
f 669 670 1475
f 669 1475 1474
f 670 2244 2247
f 250 251 2247
f 250 2247 2244
f 250 2244 2243
f 670 669 2243
f 670 2243 2244
f 29 578 577
f 577 2242 249
f 2242 250 249
f 250 2242 578
f 2242 577 578
f 249 2240 649
f 2240 658 649
f 649 1459 46
f 1459 48 46
f 48 1459 1460
f 649 658 1460
f 649 1460 1459
f 48 1460 659
f 1460 658 659
f 659 2241 250
f 2241 249 250
f 249 2241 2240
f 659 658 2240
f 659 2240 2241
f 29 577 576
f 249 248 576
f 249 576 577
f 248 648 637
f 637 1447 43
f 1447 46 43
f 46 1447 648
f 1447 637 648
f 46 648 649
f 649 2239 249
f 2239 248 249
f 248 2239 648
f 2239 649 648
f 29 576 575
f 248 247 575
f 248 575 576
f 247 636 623
f 623 1432 41
f 1432 43 41
f 43 1432 636
f 1432 623 636
f 43 636 637
f 247 248 637
f 247 637 636
f 41 624 623
f 255 247 623
f 255 623 624
f 247 584 575
f 30 29 575
f 30 575 584
f 30 584 585
f 247 255 585
f 247 585 584
f 41 625 624
f 258 255 624
f 258 624 625
f 30 585 31
f 585 255 31
f 258 589 255
f 589 31 255
f 258 625 261
f 625 41 261
f 31 589 32
f 589 258 32
f 32 258 261
f 41 265 261
f 33 32 261
f 33 261 265
f 33 265 264
f 264 626 39
f 626 41 39
f 41 626 265
f 626 264 265
f 33 264 34
f 264 39 34
f 34 39 35
f 35 39 38
f 16 1298 1299
f 501 502 1299
f 501 1299 1298
f 502 2042 2046
f 198 199 2046
f 198 2046 2042
f 198 2042 2041
f 502 501 2041
f 502 2041 2042
f 199 2050 2051
f 539 541 2051
f 539 2051 2050
f 541 1332 1333
f 23 24 1333
f 23 1333 1332
f 23 1332 1331
f 541 539 1331
f 541 1331 1332
f 23 1331 1330
f 539 538 1330
f 539 1330 1331
f 538 2049 2043
f 199 198 2043
f 199 2043 2049
f 199 2049 2050
f 538 539 2050
f 538 2050 2049
f 198 2045 2043
f 1132 538 2043
f 1132 2043 2045
f 538 2073 1330
f 1330 3023 23
f 3023 211 23
f 211 3023 2073
f 3023 1330 2073
f 211 2073 2075
f 538 1132 2075
f 538 2075 2073
f 16 1297 1298
f 500 501 1298
f 500 1298 1297
f 501 2036 2041
f 2041 3020 198
f 3020 197 198
f 197 3020 2036
f 3020 2041 2036
f 197 2036 2035
f 501 500 2035
f 501 2035 2036
f 197 2038 2040
f 528 1131 2040
f 528 2040 2038
f 1131 1323 2074
f 2074 2923 211
f 2923 21 211
f 21 2923 1323
f 2923 2074 1323
f 21 1323 1322
f 1131 528 1322
f 1131 1322 1323
f 211 2075 2074
f 1132 1131 2074
f 1132 2074 2075
f 1131 2044 2040
f 2040 3021 197
f 3021 198 197
f 198 3021 2044
f 3021 2040 2044
f 198 2044 2045
f 1131 1132 2045
f 1131 2045 2044
f 21 1322 1321
f 528 527 1321
f 528 1321 1322
f 527 2037 1984
f 197 187 1984
f 197 1984 2037
f 197 2037 2038
f 527 528 2038
f 527 2038 2037
f 197 2035 2039
f 500 1125 2039
f 500 2039 2035
f 1125 1304 1959
f 16 182 1959
f 16 1959 1304
f 16 1304 1297
f 1125 500 1297
f 1125 1297 1304
f 187 1985 1981
f 1123 480 1981
f 1123 1981 1985
f 480 1955 1275
f 182 12 1275
f 182 1275 1955
f 182 1955 1957
f 480 1123 1957
f 480 1957 1955
f 182 1957 1959
f 1123 1125 1959
f 1123 1959 1957
f 1125 1986 2039
f 187 197 2039
f 187 2039 1986
f 187 1986 1985
f 1125 1123 1985
f 1125 1985 1986
f 12 1274 1275
f 479 480 1275
f 479 1275 1274
f 480 1977 1981
f 186 187 1981
f 186 1981 1977
f 186 1977 1976
f 480 479 1976
f 480 1976 1977
f 187 1983 1984
f 523 527 1984
f 523 1984 1983
f 527 1320 1321
f 20 21 1321
f 20 1321 1320
f 20 1320 1319
f 527 523 1319
f 527 1319 1320
f 20 1319 1318
f 523 522 1318
f 523 1318 1319
f 522 1982 1980
f 187 186 1980
f 187 1980 1982
f 187 1982 1983
f 522 523 1983
f 522 1983 1982
f 12 1273 1274
f 478 479 1274
f 478 1274 1273
f 479 1972 1976
f 185 186 1976
f 185 1976 1972
f 185 1972 1971
f 479 478 1971
f 479 1971 1972
f 186 1979 1980
f 518 522 1980
f 518 1980 1979
f 522 1317 1318
f 19 20 1318
f 19 1318 1317
f 19 1317 1316
f 522 518 1316
f 522 1316 1317
f 19 1316 1315
f 518 517 1315
f 518 1315 1316
f 517 1978 1975
f 186 185 1975
f 186 1975 1978
f 186 1978 1979
f 517 518 1979
f 517 1979 1978
f 12 1272 1273
f 477 478 1273
f 477 1273 1272
f 478 1967 1971
f 184 185 1971
f 184 1971 1967
f 184 1967 1966
f 478 477 1966
f 478 1966 1967
f 185 1974 1975
f 513 517 1975
f 513 1975 1974
f 517 1314 1315
f 18 19 1315
f 18 1315 1314
f 18 1314 1313
f 517 513 1313
f 517 1313 1314
f 18 1313 1312
f 513 512 1312
f 513 1312 1313
f 512 1973 1970
f 185 184 1970
f 185 1970 1973
f 185 1973 1974
f 512 513 1974
f 512 1974 1973
f 12 1271 1272
f 476 477 1272
f 476 1272 1271
f 477 1962 1966
f 183 184 1966
f 183 1966 1962
f 183 1962 1961
f 477 476 1961
f 477 1961 1962
f 184 1969 1970
f 507 512 1970
f 507 1970 1969
f 512 1311 1312
f 17 18 1312
f 17 1312 1311
f 17 1311 1307
f 512 507 1307
f 512 1307 1311
f 17 1307 1306
f 507 506 1306
f 507 1306 1307
f 506 1968 1965
f 184 183 1965
f 184 1965 1968
f 184 1968 1969
f 506 507 1969
f 506 1969 1968
f 12 1270 1271
f 475 476 1271
f 475 1271 1270
f 476 1953 1961
f 181 183 1961
f 181 1961 1953
f 181 1953 1952
f 476 475 1952
f 476 1952 1953
f 183 1964 1965
f 496 506 1965
f 496 1965 1964
f 506 1296 1306
f 15 17 1306
f 15 1306 1296
f 15 1296 1292
f 506 496 1292
f 506 1292 1296
f 15 1292 1291
f 496 495 1291
f 496 1291 1292
f 495 1963 1954
f 183 181 1954
f 183 1954 1963
f 183 1963 1964
f 495 496 1964
f 495 1964 1963
f 12 1269 1270
f 474 475 1270
f 474 1270 1269
f 181 1952 180
f 1952 475 180
f 474 1949 475
f 1949 180 475
f 495 1954 491
f 1954 181 491
f 15 1291 14
f 1291 495 14
f 14 495 491
f 490 1286 491
f 1286 14 491
f 180 1951 181
f 1951 490 181
f 181 490 491
f 14 1286 489
f 1286 490 489
f 489 1950 174
f 1950 180 174
f 180 1950 1951
f 489 490 1951
f 489 1951 1950
f 180 1949 1121
f 1949 474 1121
f 1121 1279 172
f 1279 12 172
f 12 1279 1269
f 1121 474 1269
f 1121 1269 1279
f 174 1921 462
f 1921 1119 462
f 462 1916 9
f 1916 172 9
f 172 1916 1918
f 462 1119 1918
f 462 1918 1916
f 172 1918 1121
f 1918 1119 1121
f 1121 1922 180
f 1922 174 180
f 174 1922 1921
f 1121 1119 1921
f 1121 1921 1922
f 9 461 462
f 173 174 462
f 173 462 461
f 174 485 489
f 13 14 489
f 13 489 485
f 13 485 484
f 174 173 484
f 174 484 485
f 9 460 461
f 171 173 461
f 171 461 460
f 173 470 484
f 11 13 484
f 11 484 470
f 11 470 469
f 173 171 469
f 173 469 470
f 9 459 460
f 170 171 460
f 170 460 459
f 171 466 469
f 10 11 469
f 10 469 466
f 10 466 465
f 171 170 465
f 171 465 466
f 9 458 459
f 167 170 459
f 167 459 458
f 10 465 8
f 465 170 8
f 167 454 170
f 454 8 170
f 8 454 164
f 454 167 164
f 164 457 7
f 457 9 7
f 9 457 458
f 164 167 458
f 164 458 457
f 8 164 159
f 159 449 5
f 449 7 5
f 7 449 164
f 449 159 164
f 8 159 154
f 5 3 154
f 5 154 159
f 8 154 149
f 3 1 149
f 3 149 154
f 8 149 2
f 149 1 2
f 2 4 8
f 8 4 6
f 289 1178 45
f 1178 288 45
f 73 764 289
f 764 310 289
f 310 703 288
f 703 57 288
f 288 1178 310
f 1178 289 310
f 57 703 311
f 703 310 311
f 310 764 345
f 764 73 345
f 311 1182 74
f 1182 345 74
f 345 1182 310
f 1182 311 310
f 74 771 311
f 771 272 311
f 311 610 57
f 610 37 57
f 37 610 609
f 311 272 609
f 311 609 610
f 37 36 57
f 213 718 1138
f 62 317 1138
f 62 1138 718
f 214 1139 743
f 317 68 743
f 317 743 1139
f 21 531 532
f 213 214 532
f 213 532 531
f 317 1139 1138
f 214 213 1138
f 214 1138 1139
f 214 1136 532
f 211 21 532
f 211 532 1136
f 68 744 743
f 219 214 743
f 219 743 744
f 219 540 1137
f 23 211 1137
f 23 1137 540
f 211 1136 1137
f 214 219 1137
f 214 1137 1136
f 341 3116 3117
f 3117 4225 2518
f 4225 2517 2518
f 2517 4225 3116
f 4225 3117 3116
f 2518 4230 3657
f 4230 3388 3657
f 3657 4038 1188
f 4038 773 1188
f 773 4038 4037
f 3657 3388 4037
f 3657 4037 4038
f 773 4037 3387
f 4037 3388 3387
f 3387 4229 2517
f 4229 2518 2517
f 2518 4229 4230
f 3387 3388 4230
f 3387 4230 4229
f 1188 4092 3658
f 4092 3654 3658
f 3658 4149 2528
f 4149 1531 2528
f 1531 4149 4148
f 3658 3654 4148
f 3658 4148 4149
f 2528 4245 3132
f 4245 2967 3132
f 3132 3963 345
f 3963 74 345
f 74 3963 3962
f 3962 4412 2967
f 4412 3132 2967
f 3132 4412 3963
f 4412 3962 3963
f 74 3962 3961
f 2967 2966 3961
f 2967 3961 3962
f 2966 4244 4147
f 2528 1531 4147
f 2528 4147 4244
f 2528 4244 4245
f 2966 2967 4245
f 2966 4245 4244
f 74 3961 2965
f 3961 2966 2965
f 2965 4146 1530
f 4146 1531 1530
f 1531 4146 4147
f 2965 2966 4147
f 2965 4147 4146
f 1530 4144 3386
f 4144 3653 3386
f 3386 4089 773
f 4089 1188 773
f 1188 4089 4091
f 3386 3653 4091
f 3386 4091 4089
f 1188 4091 4092
f 3653 3654 4092
f 3653 4092 4091
f 3654 4145 4148
f 1530 1531 4148
f 1530 4148 4145
f 1530 4145 4144
f 3654 3653 4144
f 3654 4144 4145
f 340 3110 3109
f 3109 4211 2512
f 4211 2513 2512
f 2513 4211 3110
f 4211 3109 3110
f 2512 4209 3383
f 4209 3643 3383
f 3383 4083 770
f 4083 1186 770
f 1186 4083 4084
f 3383 3643 4084
f 3383 4084 4083
f 1186 4084 3644
f 4084 3643 3644
f 3644 4210 2513
f 4210 2512 2513
f 2512 4210 4209
f 3644 3643 4209
f 3644 4209 4210
f 770 4034 3380
f 4034 3384 3380
f 3380 4239 1528
f 4239 2526 1528
f 2526 4239 4240
f 3380 3384 4240
f 3380 4240 4239
f 1528 4141 2962
f 4141 3129 2962
f 2962 3994 73
f 3994 345 73
f 345 3994 3995
f 3995 4409 3129
f 4409 2962 3129
f 2962 4409 3994
f 4409 3995 3994
f 345 3995 3996
f 3129 3130 3996
f 3129 3996 3995
f 3130 4142 4237
f 1528 2526 4237
f 1528 4237 4142
f 1528 4142 4141
f 3130 3129 4141
f 3130 4141 4142
f 345 3996 3131
f 3996 3130 3131
f 3131 4238 2527
f 4238 2526 2527
f 2526 4238 4237
f 3131 3130 4237
f 3131 4237 4238
f 2527 4243 3645
f 4243 3385 3645
f 3645 4036 1186
f 4036 770 1186
f 770 4036 4035
f 3645 3385 4035
f 3645 4035 4036
f 770 4035 4034
f 3385 3384 4034
f 3385 4034 4035
f 3384 4242 4240
f 2527 2526 4240
f 2527 4240 4242
f 2527 4242 4243
f 3384 3385 4243
f 3384 4243 4242
f 72 2953 2952
f 2952 4139 1519
f 4139 1520 1519
f 1520 4139 2953
f 4139 2952 2953
f 1519 4137 3332
f 4137 3336 3332
f 3332 4028 758
f 4028 759 758
f 759 4028 4029
f 3332 3336 4029
f 3332 4029 4028
f 759 4029 3337
f 4029 3336 3337
f 3337 4138 1520
f 4138 1519 1520
f 1519 4138 4137
f 3337 3336 4137
f 3337 4137 4138
f 758 4025 3333
f 4025 3334 3333
f 3333 4220 2511
f 4220 2515 2511
f 2515 4220 4221
f 3333 3334 4221
f 3333 4221 4220
f 2511 4205 3108
f 4205 3113 3108
f 3108 3987 340
f 3987 341 340
f 341 3987 3988
f 3988 4410 3113
f 4410 3108 3113
f 3108 4410 3987
f 4410 3988 3987
f 341 3988 3989
f 3113 3114 3989
f 3113 3989 3988
f 3114 4206 4218
f 2511 2515 4218
f 2511 4218 4206
f 2511 4206 4205
f 3114 3113 4205
f 3114 4205 4206
f 341 3989 3115
f 3989 3114 3115
f 3115 4219 2516
f 4219 2515 2516
f 2515 4219 4218
f 3115 3114 4218
f 3115 4218 4219
f 2516 4223 3338
f 4223 3335 3338
f 3338 4027 759
f 4027 758 759
f 758 4027 4026
f 3338 3335 4026
f 3338 4026 4027
f 758 4026 4025
f 3335 3334 4025
f 3335 4025 4026
f 3334 4222 4221
f 2516 2515 4221
f 2516 4221 4222
f 2516 4222 4223
f 3334 3335 4223
f 3334 4223 4222
f 345 3131 3132
f 3132 4241 2528
f 4241 2527 2528
f 2527 4241 3131
f 4241 3132 3131
f 2528 4247 3658
f 4247 3646 3658
f 3658 4086 1188
f 4086 1186 1188
f 1186 4086 4085
f 3658 3646 4085
f 3658 4085 4086
f 1186 4085 3645
f 4085 3646 3645
f 3645 4246 2527
f 4246 2528 2527
f 2528 4246 4247
f 3645 3646 4247
f 3645 4247 4246
f 1188 4094 3657
f 4094 3656 3657
f 3657 4217 2518
f 4217 2514 2518
f 2514 4217 4216
f 3657 3656 4216
f 3657 4216 4217
f 2518 4228 3117
f 4228 3112 3117
f 3117 3986 341
f 3986 340 341
f 340 3986 3985
f 3985 4411 3112
f 4411 3117 3112
f 3117 4411 3986
f 4411 3985 3986
f 340 3985 3984
f 3112 3111 3984
f 3112 3984 3985
f 3111 4227 4215
f 2518 2514 4215
f 2518 4215 4227
f 2518 4227 4228
f 3111 3112 4228
f 3111 4228 4227
f 340 3984 3110
f 3984 3111 3110
f 3110 4214 2513
f 4214 2514 2513
f 2514 4214 4215
f 3110 3111 4215
f 3110 4215 4214
f 2513 4212 3644
f 4212 3655 3644
f 3644 4090 1186
f 4090 1188 1186
f 1188 4090 4093
f 3644 3655 4093
f 3644 4093 4090
f 1188 4093 4094
f 3655 3656 4094
f 3655 4094 4093
f 3656 4213 4216
f 2513 2514 4216
f 2513 4216 4213
f 2513 4213 4212
f 3656 3655 4212
f 3656 4212 4213
f 73 2960 2962
f 1526 1528 2962
f 1526 2962 2960
f 1528 3370 3380
f 768 770 3380
f 768 3380 3370
f 768 3370 3369
f 1528 1526 3369
f 1528 3369 3370
f 770 3382 3383
f 2503 2512 3383
f 2503 3383 3382
f 2512 3097 3109
f 3109 3981 340
f 3981 328 340
f 328 3981 3097
f 3981 3109 3097
f 328 3097 3096
f 3096 4208 2503
f 4208 2512 2503
f 2512 4208 3097
f 4208 3096 3097
f 328 3096 3095
f 2503 2502 3095
f 2503 3095 3096
f 2502 3381 3373
f 770 768 3373
f 770 3373 3381
f 770 3381 3382
f 2502 2503 3382
f 2502 3382 3381
f 340 3107 3108
f 2510 2511 3108
f 2510 3108 3107
f 2511 3320 3333
f 3333 4022 758
f 4022 739 758
f 739 4022 3320
f 4022 3333 3320
f 739 3320 3319
f 3319 4207 2510
f 4207 2511 2510
f 2511 4207 3320
f 4207 3319 3320
f 758 3331 3332
f 3332 4134 1519
f 4134 1517 1519
f 1517 4134 3331
f 4134 3332 3331
f 1519 4136 2952
f 4136 2949 2952
f 2952 3958 72
f 3958 66 72
f 66 3958 3957
f 2952 2949 3957
f 2952 3957 3958
f 66 3957 2948
f 3957 2949 2948
f 2948 4135 1517
f 4135 1519 1517
f 1519 4135 4136
f 2948 2949 4136
f 2948 4136 4135
f 66 2948 2947
f 2947 4133 1516
f 4133 1517 1516
f 1517 4133 2948
f 4133 2947 2948
f 1516 4131 3318
f 4131 3330 3318
f 3318 4023 739
f 4023 758 739
f 758 4023 4024
f 3318 3330 4024
f 3318 4024 4023
f 758 4024 3331
f 4024 3330 3331
f 3331 4132 1517
f 4132 1516 1517
f 1516 4132 4131
f 3331 3330 4131
f 3331 4131 4132
f 66 2947 2946
f 1516 1515 2946
f 1516 2946 2947
f 1515 3317 3313
f 739 736 3313
f 739 3313 3317
f 739 3317 3318
f 1515 1516 3318
f 1515 3318 3317
f 736 3315 3314
f 2509 2501 3314
f 2509 3314 3315
f 2501 3105 3094
f 3094 3983 328
f 3983 340 328
f 340 3983 3105
f 3983 3094 3105
f 340 3105 3106
f 3106 4204 2509
f 4204 2501 2509
f 2501 4204 3105
f 4204 3106 3105
f 340 3106 3107
f 2509 2510 3107
f 2509 3107 3106
f 2510 3316 3319
f 3319 4021 739
f 4021 736 739
f 736 4021 3316
f 4021 3319 3316
f 736 3316 3315
f 2510 2509 3315
f 2510 3315 3316
f 72 66 67
f 747 3324 3329
f 1518 2824 3329
f 1518 3329 3324
f 2824 2951 3322
f 68 746 3322
f 68 3322 2951
f 68 2951 2950
f 2824 1518 2950
f 2824 2950 2951
f 1184 3634 3631
f 2825 2484 3631
f 2825 3631 3634
f 2484 3321 3069
f 746 318 3069
f 746 3069 3321
f 746 3321 3323
f 2484 2825 3323
f 2484 3323 3321
f 333 3099 3103
f 2504 2508 3103
f 2504 3103 3099
f 2508 3328 3632
f 747 1184 3632
f 747 3632 3328
f 747 3328 3327
f 2508 2504 3327
f 2508 3327 3328
f 746 3323 3322
f 2825 2824 3322
f 2825 3322 3323
f 2824 3633 3329
f 1184 747 3329
f 1184 3329 3633
f 1184 3633 3634
f 2824 2825 3634
f 2824 3634 3633
f 1183 3625 3629
f 2483 2823 3629
f 2483 3629 3625
f 2823 3070 3280
f 318 720 3280
f 318 3280 3070
f 318 3070 3068
f 2823 2483 3068
f 2823 3068 3070
f 721 3285 3281
f 2822 1506 3281
f 2822 3281 3285
f 1506 3278 2934
f 720 63 2934
f 720 2934 3278
f 720 3278 3279
f 1506 2822 3279
f 1506 3279 3278
f 319 3074 3071
f 2488 2485 3071
f 2488 3071 3074
f 2485 3627 3282
f 1183 721 3282
f 1183 3282 3627
f 1183 3627 3628
f 2485 2488 3628
f 2485 3628 3627
f 720 3279 3280
f 2822 2823 3280
f 2822 3280 3279
f 2823 3286 3629
f 721 1183 3629
f 721 3629 3286
f 721 3286 3285
f 2823 2822 3285
f 2823 3285 3286
f 769 3378 3379
f 2505 2831 3379
f 2505 3379 3378
f 2831 3104 3640
f 333 1185 3640
f 333 3640 3104
f 333 3104 3100
f 2831 2505 3100
f 2831 3100 3104
f 765 3357 3356
f 2830 2486 3356
f 2830 3356 3357
f 2486 3637 3072
f 1185 319 3072
f 1185 3072 3637
f 1185 3637 3639
f 2486 2830 3639
f 2486 3639 3637
f 73 2961 2957
f 1527 1523 2957
f 1527 2957 2961
f 1523 3374 3354
f 769 765 3354
f 769 3354 3374
f 769 3374 3375
f 1523 1527 3375
f 1523 3375 3374
f 1185 3639 3640
f 2830 2831 3640
f 2830 3640 3639
f 2831 3358 3379
f 765 769 3379
f 765 3379 3358
f 765 3358 3357
f 2831 2830 3357
f 2831 3357 3358
f 318 3068 3069
f 2483 2484 3069
f 2483 3069 3068
f 2484 3626 3631
f 1183 1184 3631
f 1183 3631 3626
f 1183 3626 3625
f 2484 2483 3625
f 2484 3625 3626
f 1183 3628 3630
f 2488 2907 3630
f 2488 3630 3628
f 2907 3076 3641
f 319 1185 3641
f 319 3641 3076
f 319 3076 3074
f 2907 2488 3074
f 2907 3074 3076
f 1184 3636 3632
f 2908 2508 3632
f 2908 3632 3636
f 2508 3638 3103
f 1185 333 3103
f 1185 3103 3638
f 1185 3638 3642
f 2508 2908 3642
f 2508 3642 3638
f 1185 3642 3641
f 2908 2907 3641
f 2908 3641 3642
f 2907 3635 3630
f 1184 1183 3630
f 1184 3630 3635
f 1184 3635 3636
f 2907 2908 3636
f 2907 3636 3635
f 73 2957 2958
f 1523 1524 2958
f 1523 2958 2957
f 1524 3355 3359
f 765 766 3359
f 765 3359 3355
f 765 3355 3354
f 1524 1523 3354
f 1524 3354 3355
f 766 3362 3363
f 2487 2492 3363
f 2487 3363 3362
f 2492 3075 3081
f 319 322 3081
f 319 3081 3075
f 319 3075 3073
f 2492 2487 3073
f 2492 3073 3075
f 319 3073 3072
f 2487 2486 3072
f 2487 3072 3073
f 2486 3361 3356
f 766 765 3356
f 766 3356 3361
f 766 3361 3362
f 2486 2487 3362
f 2486 3362 3361
f 322 3079 3080
f 2490 2491 3080
f 2490 3080 3079
f 2491 3290 3294
f 724 726 3294
f 724 3294 3290
f 724 3290 3289
f 2491 2490 3289
f 2491 3289 3290
f 726 3292 3293
f 1508 1509 3293
f 1508 3293 3292
f 1509 2937 2938
f 2938 3955 64
f 3955 63 64
f 63 3955 2937
f 3955 2938 2937
f 63 2937 2936
f 2936 4130 1508
f 4130 1509 1508
f 1509 4130 2937
f 4130 2936 2937
f 63 2936 2935
f 1508 1507 2935
f 1508 2935 2936
f 1507 3291 3288
f 726 724 3288
f 726 3288 3291
f 726 3291 3292
f 1507 1508 3292
f 1507 3292 3291
f 63 2935 2934
f 1507 1506 2934
f 1507 2934 2935
f 1506 3287 3281
f 724 721 3281
f 724 3281 3287
f 724 3287 3288
f 1506 1507 3288
f 1506 3288 3287
f 721 3283 3282
f 2489 2485 3282
f 2489 3282 3283
f 2485 3077 3071
f 322 319 3071
f 322 3071 3077
f 322 3077 3078
f 2485 2489 3078
f 2485 3078 3077
f 322 3078 3079
f 2489 2490 3079
f 2489 3079 3078
f 2490 3284 3289
f 721 724 3289
f 721 3289 3284
f 721 3284 3283
f 2490 2489 3283
f 2490 3283 3284
f 73 2958 2959
f 1524 1525 2959
f 1524 2959 2958
f 1525 3360 3364
f 766 767 3364
f 766 3364 3360
f 766 3360 3359
f 1525 1524 3359
f 1525 3359 3360
f 767 3367 3368
f 2493 2497 3368
f 2493 3368 3367
f 2497 3083 3088
f 322 325 3088
f 322 3088 3083
f 322 3083 3082
f 2497 2493 3082
f 2497 3082 3083
f 322 3082 3081
f 2493 2492 3081
f 2493 3081 3082
f 2492 3366 3363
f 767 766 3363
f 767 3363 3366
f 767 3366 3367
f 2492 2493 3367
f 2492 3367 3366
f 325 3086 3087
f 2495 2496 3087
f 2495 3087 3086
f 2496 3300 3304
f 729 731 3304
f 729 3304 3300
f 729 3300 3299
f 2496 2495 3299
f 2496 3299 3300
f 731 3302 3303
f 1511 1512 3303
f 1511 3303 3302
f 1512 2941 2942
f 2942 3956 65
f 3956 64 65
f 64 3956 2941
f 3956 2942 2941
f 64 2941 2940
f 1512 1511 2940
f 1512 2940 2941
f 64 2940 2939
f 1511 1510 2939
f 1511 2939 2940
f 1510 3301 3298
f 731 729 3298
f 731 3298 3301
f 731 3301 3302
f 1510 1511 3302
f 1510 3302 3301
f 64 2939 2938
f 1510 1509 2938
f 1510 2938 2939
f 1509 3297 3293
f 729 726 3293
f 729 3293 3297
f 729 3297 3298
f 1509 1510 3298
f 1509 3298 3297
f 726 3295 3294
f 2494 2491 3294
f 2494 3294 3295
f 2491 3084 3080
f 325 322 3080
f 325 3080 3084
f 325 3084 3085
f 2491 2494 3085
f 2491 3085 3084
f 325 3085 3086
f 2494 2495 3086
f 2494 3086 3085
f 2495 3296 3299
f 726 729 3299
f 726 3299 3296
f 726 3296 3295
f 2495 2494 3295
f 2495 3295 3296
f 68 745 746
f 314 318 746
f 314 746 745
f 318 717 720
f 61 63 720
f 61 720 717
f 61 717 714
f 318 314 714
f 318 714 717
f 314 745 317
f 745 68 317
f 61 714 62
f 714 314 62
f 62 314 317
f 61 62 59
f 59 62 60
f 59 60 58
f 59 58 56
f 56 58 55
f 56 55 52
f 73 2959 2960
f 1525 1526 2960
f 1525 2960 2959
f 1526 3365 3369
f 767 768 3369
f 767 3369 3365
f 767 3365 3364
f 1526 1525 3364
f 1526 3364 3365
f 768 3372 3373
f 2498 2502 3373
f 2498 3373 3372
f 2502 3090 3095
f 325 328 3095
f 325 3095 3090
f 325 3090 3089
f 2502 2498 3089
f 2502 3089 3090
f 325 3089 3088
f 2498 2497 3088
f 2498 3088 3089
f 2497 3371 3368
f 768 767 3368
f 768 3368 3371
f 768 3371 3372
f 2497 2498 3372
f 2497 3372 3371
f 328 3093 3094
f 2500 2501 3094
f 2500 3094 3093
f 2501 3310 3314
f 734 736 3314
f 734 3314 3310
f 734 3310 3309
f 2501 2500 3309
f 2501 3309 3310
f 736 3312 3313
f 1514 1515 3313
f 1514 3313 3312
f 1515 2945 2946
f 65 66 2946
f 65 2946 2945
f 65 2945 2944
f 1515 1514 2944
f 1515 2944 2945
f 65 2944 2943
f 1514 1513 2943
f 1514 2943 2944
f 1513 3311 3308
f 736 734 3308
f 736 3308 3311
f 736 3311 3312
f 1513 1514 3312
f 1513 3312 3311
f 65 2943 2942
f 1513 1512 2942
f 1513 2942 2943
f 1512 3307 3303
f 734 731 3303
f 734 3303 3307
f 734 3307 3308
f 1512 1513 3308
f 1512 3308 3307
f 731 3305 3304
f 2499 2496 3304
f 2499 3304 3305
f 2496 3091 3087
f 328 325 3087
f 328 3087 3091
f 328 3091 3092
f 2496 2499 3092
f 2496 3092 3091
f 328 3092 3093
f 2499 2500 3093
f 2499 3093 3092
f 2500 3306 3309
f 731 734 3309
f 731 3309 3306
f 731 3306 3305
f 2500 2499 3305
f 2500 3305 3306
f 67 69 72
f 72 69 70
f 72 70 71
f 75 776 775
f 308 302 775
f 308 775 776
f 302 697 682
f 56 52 682
f 56 682 697
f 56 697 698
f 302 308 698
f 302 698 697
f 56 698 699
f 308 309 699
f 308 699 698
f 309 777 783
f 75 77 783
f 75 783 777
f 75 777 776
f 309 308 776
f 309 776 777
f 77 784 783
f 312 309 783
f 312 783 784
f 309 707 699
f 59 56 699
f 59 699 707
f 59 707 708
f 309 312 708
f 309 708 707
f 59 708 709
f 312 313 709
f 312 709 708
f 313 785 789
f 77 79 789
f 77 789 785
f 77 785 784
f 313 312 784
f 313 784 785
f 79 790 789
f 315 313 789
f 315 789 790
f 313 713 709
f 61 59 709
f 61 709 713
f 61 713 715
f 313 315 715
f 313 715 713
f 61 715 716
f 315 316 716
f 315 716 715
f 316 791 795
f 79 81 795
f 79 795 791
f 79 791 790
f 316 315 790
f 316 790 791
f 81 796 795
f 320 316 795
f 320 795 796
f 316 719 716
f 63 61 716
f 63 716 719
f 63 719 722
f 316 320 722
f 316 722 719
f 63 722 723
f 320 321 723
f 320 723 722
f 321 797 803
f 81 83 803
f 81 803 797
f 81 797 796
f 321 320 796
f 321 796 797
f 83 804 803
f 323 321 803
f 323 803 804
f 321 725 723
f 64 63 723
f 64 723 725
f 64 725 727
f 321 323 727
f 321 727 725
f 64 727 728
f 323 324 728
f 323 728 727
f 324 805 809
f 83 84 809
f 83 809 805
f 83 805 804
f 324 323 804
f 324 804 805
f 84 810 809
f 326 324 809
f 326 809 810
f 324 730 728
f 65 64 728
f 65 728 730
f 65 730 732
f 324 326 732
f 324 732 730
f 65 732 733
f 326 327 733
f 326 733 732
f 327 811 814
f 84 85 814
f 84 814 811
f 84 811 810
f 327 326 810
f 327 810 811
f 85 815 814
f 329 327 814
f 329 814 815
f 327 735 733
f 66 65 733
f 66 733 735
f 66 735 737
f 327 329 737
f 327 737 735
f 66 737 738
f 329 330 738
f 329 738 737
f 330 816 819
f 85 86 819
f 85 819 816
f 85 816 815
f 330 329 815
f 330 815 816
f 86 820 819
f 331 330 819
f 331 819 820
f 330 740 738
f 67 66 738
f 67 738 740
f 67 740 741
f 330 331 741
f 330 741 740
f 67 741 742
f 331 332 742
f 331 742 741
f 332 821 824
f 86 87 824
f 86 824 821
f 86 821 820
f 332 331 820
f 332 820 821
f 87 825 824
f 334 332 824
f 334 824 825
f 332 748 742
f 69 67 742
f 69 742 748
f 69 748 749
f 332 334 749
f 332 749 748
f 69 749 750
f 334 335 750
f 334 750 749
f 335 826 831
f 87 89 831
f 87 831 826
f 87 826 825
f 335 334 825
f 335 825 826
f 89 832 831
f 336 335 831
f 336 831 832
f 335 751 750
f 70 69 750
f 70 750 751
f 70 751 752
f 335 336 752
f 335 752 751
f 70 752 753
f 336 337 753
f 336 753 752
f 337 833 834
f 89 90 834
f 89 834 833
f 89 833 832
f 337 336 832
f 337 832 833
f 90 835 834
f 338 337 834
f 338 834 835
f 337 754 753
f 71 70 753
f 71 753 754
f 71 754 755
f 337 338 755
f 337 755 754
f 71 755 756
f 338 339 756
f 338 756 755
f 339 836 837
f 90 91 837
f 90 837 836
f 90 836 835
f 339 338 835
f 339 835 836
f 91 838 837
f 342 339 837
f 342 837 838
f 339 757 756
f 72 71 756
f 72 756 757
f 72 757 760
f 339 342 760
f 339 760 757
f 72 760 761
f 342 343 761
f 342 761 760
f 343 839 840
f 91 92 840
f 91 840 839
f 91 839 838
f 343 342 838
f 343 838 839
f 843 3457 3453
f 2840 1547 3453
f 2840 3453 3457
f 1547 3441 2989
f 2989 4049 92
f 4049 840 92
f 840 4049 3441
f 4049 2989 3441
f 840 3441 3442
f 3442 4153 2840
f 4153 1547 2840
f 1547 4153 3441
f 4153 3442 3441
f 368 3188 3186
f 2570 2568 3186
f 2570 3186 3188
f 2568 3673 3456
f 3456 4099 843
f 4099 1191 843
f 1191 4099 3673
f 4099 3456 3673
f 1191 3673 3674
f 3674 4270 2570
f 4270 2568 2570
f 2568 4270 3673
f 4270 3674 3673
f 1191 3672 3675
f 2521 2841 3675
f 2521 3675 3672
f 2841 3122 3443
f 3443 3991 840
f 3991 343 840
f 343 3991 3122
f 3991 3443 3122
f 343 3122 3121
f 3121 4333 2521
f 4333 2841 2521
f 2841 4333 3122
f 4333 3121 3122
f 840 3442 3443
f 2840 2841 3443
f 2840 3443 3442
f 2841 3458 3675
f 3675 4050 1191
f 4050 843 1191
f 843 4050 3458
f 4050 3675 3458
f 843 3458 3457
f 3457 4334 2840
f 4334 2841 2840
f 2841 4334 3458
f 4334 3457 3458
f 906 3521 3517
f 2858 2569 3517
f 2858 3517 3521
f 2569 3684 3187
f 3187 4104 368
f 4104 1193 368
f 1193 4104 3684
f 4104 3187 3684
f 1193 3684 3686
f 3686 4271 2858
f 4271 2569 2858
f 2569 4271 3684
f 4271 3686 3684
f 106 3001 3002
f 1610 1611 3002
f 1610 3002 3001
f 1611 3508 3516
f 3516 4059 906
f 4059 904 906
f 904 4059 3508
f 4059 3516 3508
f 904 3508 3507
f 3507 4161 1610
f 4161 1611 1610
f 1611 4161 3508
f 4161 3507 3508
f 904 3509 3512
f 2523 2855 3512
f 2523 3512 3509
f 2855 3128 3685
f 3685 3993 1193
f 3993 344 1193
f 344 3993 3128
f 3993 3685 3128
f 344 3128 3124
f 3124 4355 2523
f 4355 2855 2523
f 2855 4355 3128
f 4355 3124 3128
f 1193 3686 3685
f 2858 2855 3685
f 2858 3685 3686
f 2855 3520 3512
f 3512 4062 904
f 4062 906 904
f 906 4062 3520
f 4062 3512 3520
f 906 3520 3521
f 3521 4356 2858
f 4356 2855 2858
f 2855 4356 3520
f 4356 3521 3520
f 1190 3668 3665
f 2828 2520 3665
f 2828 3665 3668
f 2520 3341 3120
f 3120 4031 343
f 4031 761 343
f 761 4031 3341
f 4031 3120 3341
f 761 3341 3343
f 3343 4231 2828
f 4231 2520 2828
f 2520 4231 3341
f 4231 3343 3341
f 344 3123 3125
f 2522 2524 3125
f 2522 3125 3123
f 2524 3347 3666
f 3666 4033 1190
f 4033 762 1190
f 762 4033 3347
f 4033 3666 3347
f 762 3347 3346
f 3346 4233 2522
f 4233 2524 2522
f 2524 4233 3347
f 4233 3346 3347
f 762 3345 3348
f 1521 2827 3348
f 1521 3348 3345
f 2827 2955 3342
f 3342 3959 761
f 3959 72 761
f 72 3959 2955
f 3959 3342 2955
f 72 2955 2954
f 2954 4315 1521
f 4315 2827 1521
f 2827 4315 2955
f 4315 2954 2955
f 761 3343 3342
f 2828 2827 3342
f 2828 3342 3343
f 2827 3667 3348
f 3348 4097 762
f 4097 1190 762
f 1190 4097 3667
f 4097 3348 3667
f 1190 3667 3668
f 3668 4316 2828
f 4316 2827 2828
f 2827 4316 3667
f 4316 3668 3667
f 1191 3674 3676
f 2570 2912 3676
f 2570 3676 3674
f 2912 3191 3688
f 3688 4006 1193
f 4006 368 1193
f 368 4006 3191
f 4006 3688 3191
f 368 3191 3188
f 3188 4395 2570
f 4395 2912 2570
f 2912 4395 3191
f 4395 3188 3191
f 1190 3669 3666
f 2911 2524 3666
f 2911 3666 3669
f 2524 3683 3125
f 3125 4103 344
f 4103 1193 344
f 1193 4103 3683
f 4103 3125 3683
f 1193 3683 3687
f 3687 4234 2911
f 4234 2524 2911
f 2524 4234 3683
f 4234 3687 3683
f 343 3121 3120
f 2521 2520 3120
f 2521 3120 3121
f 2520 3671 3665
f 3665 4100 1190
f 4100 1191 1190
f 1191 4100 3671
f 4100 3665 3671
f 1191 3671 3672
f 3672 4232 2521
f 4232 2520 2521
f 2520 4232 3671
f 4232 3672 3671
f 1193 3687 3688
f 2911 2912 3688
f 2911 3688 3687
f 2912 3670 3676
f 3676 4098 1191
f 4098 1190 1191
f 1190 4098 3670
f 4098 3676 3670
f 1190 3670 3669
f 3669 4396 2911
f 4396 2912 2911
f 2912 4396 3670
f 4396 3669 3670
f 72 2954 2953
f 1521 1520 2953
f 1521 2953 2954
f 1520 3344 3337
f 3337 4032 759
f 4032 762 759
f 762 4032 3344
f 4032 3337 3344
f 762 3344 3345
f 3345 4140 1521
f 4140 1520 1521
f 1520 4140 3344
f 4140 3345 3344
f 762 3346 3349
f 2522 2829 3349
f 2522 3349 3346
f 2829 3127 3650
f 3650 3992 1187
f 3992 344 1187
f 344 3992 3127
f 3992 3650 3127
f 344 3127 3123
f 3123 4317 2522
f 4317 2829 2522
f 2829 4317 3127
f 4317 3123 3127
f 759 3339 3338
f 2826 2516 3338
f 2826 3338 3339
f 2516 3647 3115
f 3115 4087 341
f 4087 1187 341
f 1187 4087 3647
f 4087 3115 3647
f 1187 3647 3649
f 3649 4224 2826
f 4224 2516 2826
f 2516 4224 3647
f 4224 3649 3647
f 1187 3649 3650
f 2826 2829 3650
f 2826 3650 3649
f 2829 3340 3349
f 3349 4030 762
f 4030 759 762
f 759 4030 3340
f 4030 3349 3340
f 759 3340 3339
f 3339 4318 2826
f 4318 2829 2826
f 2829 4318 3340
f 4318 3339 3340
f 344 3124 3126
f 2523 2525 3126
f 2523 3126 3124
f 2525 3510 3677
f 3677 4060 1192
f 4060 904 1192
f 904 4060 3510
f 4060 3677 3510
f 904 3510 3509
f 3509 4235 2523
f 4235 2525 2523
f 2525 4235 3510
f 4235 3509 3510
f 904 3507 3511
f 1610 2854 3511
f 1610 3511 3507
f 2854 3003 3514
f 3514 3968 905
f 3968 106 905
f 106 3968 3003
f 3968 3514 3003
f 106 3003 3001
f 3001 4353 1610
f 4353 2854 1610
f 2854 4353 3003
f 4353 3001 3003
f 1192 3680 3678
f 2857 2531 3678
f 2857 3678 3680
f 2531 3513 3134
f 3134 4061 346
f 4061 905 346
f 905 4061 3513
f 4061 3134 3513
f 905 3513 3515
f 3515 4248 2857
f 4248 2531 2857
f 2531 4248 3513
f 4248 3515 3513
f 905 3515 3514
f 2857 2854 3514
f 2857 3514 3515
f 2854 3679 3511
f 3511 4101 904
f 4101 1192 904
f 1192 4101 3679
f 4101 3511 3679
f 1192 3679 3680
f 3680 4354 2857
f 4354 2854 2857
f 2854 4354 3679
f 4354 3680 3679
f 341 3118 3116
f 2519 2517 3116
f 2519 3116 3118
f 2517 3659 3387
f 3387 4095 773
f 4095 1189 773
f 1189 4095 3659
f 4095 3387 3659
f 1189 3659 3660
f 3660 4226 2519
f 4226 2517 2519
f 2517 4226 3659
f 4226 3660 3659
f 1189 3661 3663
f 2530 2834 3663
f 2530 3663 3661
f 2834 3135 3393
f 3393 3997 774
f 3997 346 774
f 346 3997 3135
f 3997 3393 3135
f 346 3135 3133
f 3133 4319 2530
f 4319 2834 2530
f 2834 4319 3135
f 4319 3133 3135
f 773 3389 3386
f 2833 1530 3386
f 2833 3386 3389
f 1530 3391 2965
f 2965 4040 74
f 4040 774 74
f 774 4040 3391
f 4040 2965 3391
f 774 3391 3392
f 3392 4143 2833
f 4143 1530 2833
f 1530 4143 3391
f 4143 3392 3391
f 774 3392 3393
f 2833 2834 3393
f 2833 3393 3392
f 2834 3390 3663
f 3663 4039 1189
f 4039 773 1189
f 773 4039 3390
f 4039 3663 3390
f 773 3390 3389
f 3389 4320 2833
f 4320 2834 2833
f 2834 4320 3390
f 4320 3389 3390
f 1192 3682 3677
f 2910 2525 3677
f 2910 3677 3682
f 2525 3648 3126
f 3126 4088 344
f 4088 1187 344
f 1187 4088 3648
f 4088 3126 3648
f 1187 3648 3652
f 3652 4236 2910
f 4236 2525 2910
f 2525 4236 3648
f 4236 3652 3648
f 346 3133 3134
f 2530 2531 3134
f 2530 3134 3133
f 2531 3662 3678
f 3678 4096 1192
f 4096 1189 1192
f 1189 4096 3662
f 4096 3678 3662
f 1189 3662 3661
f 3661 4249 2530
f 4249 2531 2530
f 2531 4249 3662
f 4249 3661 3662
f 1189 3660 3664
f 2519 2909 3664
f 2519 3664 3660
f 2909 3119 3651
f 3651 3990 1187
f 3990 341 1187
f 341 3990 3119
f 3990 3651 3119
f 341 3119 3118
f 3118 4393 2519
f 4393 2909 2519
f 2909 4393 3119
f 4393 3118 3119
f 1187 3652 3651
f 2910 2909 3651
f 2910 3651 3652
f 2909 3681 3664
f 3664 4102 1189
f 4102 1192 1189
f 1192 4102 3681
f 4102 3664 3681
f 1192 3681 3682
f 3682 4394 2910
f 4394 2909 2910
f 2909 4394 3681
f 4394 3682 3681
f 368 3190 3187
f 2572 2569 3187
f 2572 3187 3190
f 2569 3723 3517
f 1204 906 3517
f 1204 3517 3723
f 1204 3723 3724
f 2569 2572 3724
f 2569 3724 3723
f 906 3518 3516
f 2573 1611 3516
f 2573 3516 3518
f 1611 3192 3002
f 371 106 3002
f 371 3002 3192
f 371 3192 3193
f 1611 2573 3193
f 1611 3193 3192
f 371 3193 3195
f 2573 2575 3195
f 2573 3195 3193
f 2575 3519 3726
f 906 1204 3726
f 906 3726 3519
f 906 3519 3518
f 2575 2573 3518
f 2575 3518 3519
f 92 2988 2989
f 1546 1547 2989
f 1546 2989 2988
f 1547 3449 3453
f 842 843 3453
f 842 3453 3449
f 842 3449 3448
f 1547 1546 3448
f 1547 3448 3449
f 843 3455 3456
f 2564 2568 3456
f 2564 3456 3455
f 2568 3184 3186
f 367 368 3186
f 367 3186 3184
f 367 3184 3180
f 2568 2564 3180
f 2568 3180 3184
f 367 3180 3179
f 2564 2563 3179
f 2564 3179 3180
f 2563 3454 3452
f 843 842 3452
f 843 3452 3454
f 843 3454 3455
f 2563 2564 3455
f 2563 3455 3454
f 367 3182 3183
f 2566 2567 3183
f 2566 3183 3182
f 2567 3488 3719
f 858 1203 3719
f 858 3719 3488
f 858 3488 3487
f 2567 2566 3487
f 2567 3487 3488
f 1203 3718 3722
f 1567 2574 3722
f 1567 3722 3718
f 2574 2998 3194
f 96 371 3194
f 96 3194 2998
f 96 2998 2997
f 2574 1567 2997
f 2574 2997 2998
f 96 2997 2995
f 1567 1565 2995
f 1567 2995 2997
f 1565 3717 3486
f 1203 858 3486
f 1203 3486 3717
f 1203 3717 3718
f 1565 1567 3718
f 1565 3718 3717
f 371 3195 3194
f 2575 2574 3194
f 2575 3194 3195
f 2574 3725 3722
f 1204 1203 3722
f 1204 3722 3725
f 1204 3725 3726
f 2574 2575 3726
f 2574 3726 3725
f 1203 3720 3719
f 2571 2567 3719
f 2571 3719 3720
f 2567 3185 3183
f 368 367 3183
f 368 3183 3185
f 368 3185 3189
f 2567 2571 3189
f 2567 3189 3185
f 368 3189 3190
f 2571 2572 3190
f 2571 3190 3189
f 2572 3721 3724
f 1203 1204 3724
f 1203 3724 3721
f 1203 3721 3720
f 2572 2571 3720
f 2572 3720 3721
f 96 2995 2993
f 1565 1563 2993
f 1565 2993 2995
f 1563 3485 3476
f 858 856 3476
f 858 3476 3485
f 858 3485 3486
f 1563 1565 3486
f 1563 3486 3485
f 856 3478 3477
f 2565 2554 3477
f 2565 3477 3478
f 2554 3178 3165
f 367 363 3165
f 367 3165 3178
f 367 3178 3181
f 2554 2565 3181
f 2554 3181 3178
f 367 3181 3182
f 2565 2566 3182
f 2565 3182 3181
f 2566 3479 3487
f 856 858 3487
f 856 3487 3479
f 856 3479 3478
f 2566 2565 3478
f 2566 3478 3479
f 363 3162 3161
f 2551 2550 3161
f 2551 3161 3162
f 2550 3446 3432
f 841 823 3432
f 841 3432 3446
f 841 3446 3447
f 2550 2551 3447
f 2550 3447 3446
f 823 3428 3427
f 1544 1541 3427
f 1544 3427 3428
f 1541 2985 2981
f 92 86 2981
f 92 2981 2985
f 92 2985 2986
f 1541 1544 2986
f 1541 2986 2985
f 92 2986 2987
f 1544 1545 2987
f 1544 2987 2986
f 1545 3429 3444
f 823 841 3444
f 823 3444 3429
f 823 3429 3428
f 1545 1544 3428
f 1545 3428 3429
f 92 2987 2988
f 1545 1546 2988
f 1545 2988 2987
f 1546 3445 3448
f 841 842 3448
f 841 3448 3445
f 841 3445 3444
f 1546 1545 3444
f 1546 3444 3445
f 842 3451 3452
f 2552 2563 3452
f 2552 3452 3451
f 2563 3166 3179
f 363 367 3179
f 363 3179 3166
f 363 3166 3163
f 2563 2552 3163
f 2563 3163 3166
f 363 3163 3162
f 2552 2551 3162
f 2552 3162 3163
f 2551 3450 3447
f 842 841 3447
f 842 3447 3450
f 842 3450 3451
f 2551 2552 3451
f 2551 3451 3450
f 96 2993 2992
f 1563 1562 2992
f 1563 2992 2993
f 1562 3475 3471
f 856 855 3471
f 856 3471 3475
f 856 3475 3476
f 1562 1563 3476
f 1562 3476 3475
f 855 3473 3472
f 2553 2549 3472
f 2553 3472 3473
f 2549 3160 3158
f 363 362 3158
f 363 3158 3160
f 363 3160 3164
f 2549 2553 3164
f 2549 3164 3160
f 363 3164 3165
f 2553 2554 3165
f 2553 3165 3164
f 2554 3474 3477
f 855 856 3477
f 855 3477 3474
f 855 3474 3473
f 2554 2553 3473
f 2554 3473 3474
f 362 3155 3154
f 2546 2545 3154
f 2546 3154 3155
f 2545 3425 3422
f 822 818 3422
f 822 3422 3425
f 822 3425 3426
f 2545 2546 3426
f 2545 3426 3425
f 818 3418 3417
f 1539 1538 3417
f 1539 3417 3418
f 1538 2978 2977
f 86 85 2977
f 86 2977 2978
f 86 2978 2979
f 1538 1539 2979
f 1538 2979 2978
f 86 2979 2980
f 1539 1540 2980
f 1539 2980 2979
f 1540 3419 3423
f 818 822 3423
f 818 3423 3419
f 818 3419 3418
f 1540 1539 3418
f 1540 3418 3419
f 86 2980 2981
f 1540 1541 2981
f 1540 2981 2980
f 1541 3424 3427
f 822 823 3427
f 822 3427 3424
f 822 3424 3423
f 1541 1540 3423
f 1541 3423 3424
f 823 3431 3432
f 2547 2550 3432
f 2547 3432 3431
f 2550 3159 3161
f 362 363 3161
f 362 3161 3159
f 362 3159 3156
f 2550 2547 3156
f 2550 3156 3159
f 362 3156 3155
f 2547 2546 3155
f 2547 3155 3156
f 2546 3430 3426
f 823 822 3426
f 823 3426 3430
f 823 3430 3431
f 2546 2547 3431
f 2546 3431 3430
f 91 90 92
f 92 90 89
f 92 89 87
f 87 86 92
f 96 2992 2991
f 1562 1561 2991
f 1562 2991 2992
f 1561 3470 3466
f 855 854 3466
f 855 3466 3470
f 855 3470 3471
f 1561 1562 3471
f 1561 3471 3470
f 854 3468 3467
f 2548 2544 3467
f 2548 3467 3468
f 2544 3153 3151
f 362 361 3151
f 362 3151 3153
f 362 3153 3157
f 2544 2548 3157
f 2544 3157 3153
f 362 3157 3158
f 2548 2549 3158
f 2548 3158 3157
f 2549 3469 3472
f 854 855 3472
f 854 3472 3469
f 854 3469 3468
f 2549 2548 3468
f 2549 3468 3469
f 361 3148 3147
f 2541 2540 3147
f 2541 3147 3148
f 2540 3415 3412
f 817 813 3412
f 817 3412 3415
f 817 3415 3416
f 2540 2541 3416
f 2540 3416 3415
f 813 3408 3407
f 1536 1535 3407
f 1536 3407 3408
f 1535 2974 2973
f 85 84 2973
f 85 2973 2974
f 85 2974 2975
f 1535 1536 2975
f 1535 2975 2974
f 85 2975 2976
f 1536 1537 2976
f 1536 2976 2975
f 1537 3409 3413
f 813 817 3413
f 813 3413 3409
f 813 3409 3408
f 1537 1536 3408
f 1537 3408 3409
f 85 2976 2977
f 1537 1538 2977
f 1537 2977 2976
f 1538 3414 3417
f 817 818 3417
f 817 3417 3414
f 817 3414 3413
f 1538 1537 3413
f 1538 3413 3414
f 818 3421 3422
f 2542 2545 3422
f 2542 3422 3421
f 2545 3152 3154
f 361 362 3154
f 361 3154 3152
f 361 3152 3149
f 2545 2542 3149
f 2545 3149 3152
f 361 3149 3148
f 2542 2541 3148
f 2542 3148 3149
f 2541 3420 3416
f 818 817 3416
f 818 3416 3420
f 818 3420 3421
f 2541 2542 3421
f 2541 3421 3420
f 96 2991 2990
f 1561 1560 2990
f 1561 2990 2991
f 1560 3465 3459
f 854 853 3459
f 854 3459 3465
f 854 3465 3466
f 1560 1561 3466
f 1560 3466 3465
f 853 3462 3461
f 2543 2538 3461
f 2543 3461 3462
f 2538 3146 3142
f 361 360 3142
f 361 3142 3146
f 361 3146 3150
f 2538 2543 3150
f 2538 3150 3146
f 361 3150 3151
f 2543 2544 3151
f 2543 3151 3150
f 2544 3463 3467
f 853 854 3467
f 853 3467 3463
f 853 3463 3462
f 2544 2543 3462
f 2544 3462 3463
f 360 3140 3139
f 2536 2535 3139
f 2536 3139 3140
f 2535 3405 3400
f 812 808 3400
f 812 3400 3405
f 812 3405 3406
f 2535 2536 3406
f 2535 3406 3405
f 808 3398 3397
f 1533 1532 3397
f 1533 3397 3398
f 1532 2970 2968
f 84 83 2968
f 84 2968 2970
f 84 2970 2971
f 1532 1533 2971
f 1532 2971 2970
f 84 2971 2972
f 1533 1534 2972
f 1533 2972 2971
f 1534 3399 3403
f 808 812 3403
f 808 3403 3399
f 808 3399 3398
f 1534 1533 3398
f 1534 3398 3399
f 84 2972 2973
f 1534 1535 2973
f 1534 2973 2972
f 1535 3404 3407
f 812 813 3407
f 812 3407 3404
f 812 3404 3403
f 1535 1534 3403
f 1535 3403 3404
f 813 3411 3412
f 2537 2540 3412
f 2537 3412 3411
f 2540 3144 3147
f 360 361 3147
f 360 3147 3144
f 360 3144 3141
f 2540 2537 3141
f 2540 3141 3144
f 360 3141 3140
f 2537 2536 3140
f 2537 3140 3141
f 2536 3410 3406
f 813 812 3406
f 813 3406 3410
f 813 3410 3411
f 2536 2537 3411
f 2536 3411 3410
f 96 2990 2994
f 2994 4154 1564
f 4154 1560 1564
f 1560 4154 2990
f 4154 2994 2990
f 1564 4156 3480
f 4156 3460 3480
f 3480 4052 857
f 4052 853 857
f 853 4052 4051
f 3480 3460 4051
f 3480 4051 4052
f 853 4051 3459
f 4051 3460 3459
f 3459 4155 1560
f 4155 1564 1560
f 1564 4155 4156
f 3459 3460 4156
f 3459 4156 4155
f 853 3461 3464
f 3464 4257 2842
f 4257 2538 2842
f 2538 4257 3461
f 4257 3464 3461
f 2842 4336 3703
f 4336 3145 3703
f 3703 4001 1200
f 4001 360 1200
f 360 4001 4000
f 3703 3145 4000
f 3703 4000 4001
f 360 4000 3142
f 4000 3145 3142
f 3142 4335 2538
f 4335 2842 2538
f 2842 4335 4336
f 3142 3145 4336
f 3142 4336 4335
f 857 3484 3482
f 3482 4339 2556
f 4339 2843 2556
f 2843 4339 3484
f 4339 3482 3484
f 2556 4264 3168
f 4264 3702 3168
f 3168 4114 364
f 4114 1200 364
f 1200 4114 4116
f 3168 3702 4116
f 3168 4116 4114
f 1200 4116 3704
f 4116 3702 3704
f 3704 4265 2843
f 4265 2556 2843
f 2556 4265 4264
f 3704 3702 4264
f 3704 4264 4265
f 1200 3704 3703
f 3703 4340 2842
f 4340 2843 2842
f 2843 4340 3704
f 4340 3703 3704
f 2842 4337 3464
f 4337 3483 3464
f 3464 4053 853
f 4053 857 853
f 857 4053 4054
f 3464 3483 4054
f 3464 4054 4053
f 857 4054 3484
f 4054 3483 3484
f 3484 4338 2843
f 4338 2842 2843
f 2842 4338 4337
f 3484 3483 4337
f 3484 4337 4338
f 360 3139 3143
f 3143 4256 2539
f 4256 2535 2539
f 2535 4256 3139
f 4256 3143 3139
f 2539 4259 3690
f 4259 3401 3690
f 3690 4044 1198
f 4044 808 1198
f 808 4044 4043
f 3690 3401 4043
f 3690 4043 4044
f 808 4043 3400
f 4043 3401 3400
f 3400 4258 2535
f 4258 2539 2535
f 2539 4258 4259
f 3400 3401 4259
f 3400 4259 4258
f 808 3397 3402
f 3402 4150 2836
f 4150 1532 2836
f 1532 4150 3397
f 4150 3402 3397
f 2836 4322 3395
f 4322 2969 3395
f 3395 3965 807
f 3965 83 807
f 83 3965 3964
f 3395 2969 3964
f 3395 3964 3965
f 83 3964 2968
f 3964 2969 2968
f 2968 4321 1532
f 4321 2836 1532
f 2836 4321 4322
f 2968 2969 4322
f 2968 4322 4321
f 1198 3692 3689
f 3689 4326 2533
f 4326 2837 2533
f 2837 4326 3692
f 4326 3689 3692
f 2533 4250 3136
f 4250 3394 3136
f 3136 4041 359
f 4041 807 359
f 807 4041 4042
f 3136 3394 4042
f 3136 4042 4041
f 807 4042 3396
f 4042 3394 3396
f 3396 4251 2837
f 4251 2533 2837
f 2533 4251 4250
f 3396 3394 4250
f 3396 4250 4251
f 807 3396 3395
f 3395 4325 2836
f 4325 2837 2836
f 2837 4325 3396
f 4325 3395 3396
f 2836 4323 3402
f 4323 3691 3402
f 3402 4105 808
f 4105 1198 808
f 1198 4105 4106
f 3402 3691 4106
f 3402 4106 4105
f 1198 4106 3692
f 4106 3691 3692
f 3692 4324 2837
f 4324 2836 2837
f 2836 4324 4323
f 3692 3691 4323
f 3692 4323 4324
f 364 3170 3167
f 3167 4266 2555
f 4266 2558 2555
f 2558 4266 3170
f 4266 3167 3170
f 2555 4262 3437
f 4262 3697 3437
f 3437 4109 829
f 4109 1199 829
f 1199 4109 4112
f 3437 3697 4112
f 3437 4112 4109
f 1199 4112 3698
f 4112 3697 3698
f 3698 4263 2558
f 4263 2555 2558
f 2555 4263 4262
f 3698 3697 4262
f 3698 4262 4263
f 1199 3696 3699
f 3699 4255 2839
f 4255 2534 2839
f 2534 4255 3696
f 4255 3699 3696
f 2839 4330 3435
f 4330 3138 3435
f 3435 3999 828
f 3999 359 828
f 359 3999 3998
f 3435 3138 3998
f 3435 3998 3999
f 359 3998 3137
f 3998 3138 3137
f 3137 4329 2534
f 4329 2839 2534
f 2839 4329 4330
f 3137 3138 4330
f 3137 4330 4329
f 829 3439 3436
f 3436 4328 1542
f 4328 2838 1542
f 2838 4328 3439
f 4328 3436 3439
f 1542 4151 2982
f 4151 3433 2982
f 2982 4045 88
f 4045 828 88
f 828 4045 4046
f 2982 3433 4046
f 2982 4046 4045
f 828 4046 3434
f 4046 3433 3434
f 3434 4152 2838
f 4152 1542 2838
f 1542 4152 4151
f 3434 3433 4151
f 3434 4151 4152
f 828 3434 3435
f 3435 4327 2839
f 4327 2838 2839
f 2838 4327 3434
f 4327 3435 3434
f 2839 4332 3699
f 4332 3440 3699
f 3699 4048 1199
f 4048 829 1199
f 829 4048 4047
f 3699 3440 4047
f 3699 4047 4048
f 829 4047 3439
f 4047 3440 3439
f 3439 4331 2838
f 4331 2839 2838
f 2839 4331 4332
f 3439 3440 4332
f 3439 4332 4331
f 1198 3693 3690
f 3690 4397 2539
f 4397 2913 2539
f 2913 4397 3693
f 4397 3690 3693
f 2539 4260 3143
f 4260 3701 3143
f 3143 4113 360
f 4113 1200 360
f 1200 4113 4115
f 3143 3701 4115
f 3143 4115 4113
f 1200 4115 3705
f 4115 3701 3705
f 3705 4261 2913
f 4261 2539 2913
f 2539 4261 4260
f 3705 3701 4260
f 3705 4260 4261
f 359 3137 3136
f 3136 4254 2533
f 4254 2534 2533
f 2534 4254 3137
f 4254 3136 3137
f 2533 4252 3689
f 4252 3695 3689
f 3689 4110 1198
f 4110 1199 1198
f 1199 4110 4111
f 3689 3695 4111
f 3689 4111 4110
f 1199 4111 3696
f 4111 3695 3696
f 3696 4253 2534
f 4253 2533 2534
f 2533 4253 4252
f 3696 3695 4252
f 3696 4252 4253
f 1199 3698 3700
f 3700 4267 2914
f 4267 2558 2914
f 2558 4267 3698
f 4267 3700 3698
f 2914 4400 3706
f 4400 3173 3706
f 3706 4004 1200
f 4004 364 1200
f 364 4004 4002
f 3706 3173 4002
f 3706 4002 4004
f 364 4002 3170
f 4002 3173 3170
f 3170 4399 2558
f 4399 2914 2558
f 2914 4399 4400
f 3170 3173 4400
f 3170 4400 4399
f 1200 3705 3706
f 3706 4398 2914
f 4398 2913 2914
f 2913 4398 3705
f 4398 3706 3705
f 2914 4402 3700
f 4402 3694 3700
f 3700 4108 1199
f 4108 1198 1199
f 1198 4108 4107
f 3700 3694 4107
f 3700 4107 4108
f 1198 4107 3693
f 4107 3694 3693
f 3693 4401 2913
f 4401 2914 2913
f 2914 4401 4402
f 3693 3694 4402
f 3693 4402 4401
f 88 828 827
f 359 355 827
f 359 827 828
f 355 806 798
f 83 81 798
f 83 798 806
f 83 806 807
f 355 359 807
f 355 807 806
f 88 827 356
f 827 355 356
f 356 799 82
f 799 81 82
f 81 799 798
f 356 355 798
f 356 798 799
f 82 81 79
f 82 79 80
f 80 79 78
f 78 79 77
f 78 77 76
f 76 77 75
f 401 3222 3223
f 2673 2674 3223
f 2673 3223 3222
f 2674 3553 3736
f 992 1207 3736
f 992 3736 3553
f 992 3553 3552
f 2674 2673 3552
f 2674 3552 3553
f 1207 3732 3735
f 1698 2584 3735
f 1698 3735 3732
f 2584 3013 3207
f 3207 3970 373
f 3970 122 373
f 122 3970 3013
f 3970 3207 3013
f 122 3013 3012
f 2584 1698 3012
f 2584 3012 3013
f 122 3012 3011
f 1698 1696 3011
f 1698 3011 3012
f 1696 3731 3551
f 1207 992 3551
f 1207 3551 3731
f 1207 3731 3732
f 1696 1698 3732
f 1696 3732 3731
f 372 3201 3197
f 2580 2576 3197
f 2580 3197 3201
f 2576 3727 3492
f 1206 859 3492
f 1206 3492 3727
f 1206 3727 3728
f 2576 2580 3728
f 2576 3728 3727
f 859 3493 3489
f 2582 1566 3489
f 2582 3489 3493
f 1566 3204 2996
f 2996 4009 96
f 4009 373 96
f 373 4009 3204
f 4009 2996 3204
f 373 3204 3205
f 1566 2582 3205
f 1566 3205 3204
f 373 3205 3206
f 2582 2583 3206
f 2582 3206 3205
f 2583 3494 3729
f 859 1206 3729
f 859 3729 3494
f 859 3494 3493
f 2583 2582 3493
f 2583 3493 3494
f 114 3007 3005
f 1660 1656 3005
f 1660 3005 3007
f 1656 3534 3522
f 954 950 3522
f 954 3522 3534
f 954 3534 3535
f 1656 1660 3535
f 1656 3535 3534
f 950 3526 3525
f 2671 2577 3525
f 2671 3525 3526
f 2577 3219 3198
f 3198 4012 372
f 4012 401 372
f 401 4012 3219
f 4012 3198 3219
f 401 3219 3220
f 2577 2671 3220
f 2577 3220 3219
f 401 3220 3221
f 2671 2672 3221
f 2671 3221 3220
f 2672 3527 3536
f 950 954 3536
f 950 3536 3527
f 950 3527 3526
f 2672 2671 3526
f 2672 3526 3527
f 373 3206 3207
f 2583 2584 3207
f 2583 3207 3206
f 2584 3730 3735
f 1206 1207 3735
f 1206 3735 3730
f 1206 3730 3729
f 2584 2583 3729
f 2584 3729 3730
f 1207 3734 3736
f 2581 2674 3736
f 2581 3736 3734
f 2674 3203 3223
f 3223 4008 401
f 4008 372 401
f 372 4008 3203
f 4008 3223 3203
f 372 3203 3202
f 2674 2581 3202
f 2674 3202 3203
f 372 3202 3201
f 2581 2580 3201
f 2581 3201 3202
f 2580 3733 3728
f 1207 1206 3728
f 1207 3728 3733
f 1207 3733 3734
f 2580 2581 3734
f 2580 3734 3733
f 372 3200 3198
f 2579 2577 3198
f 2579 3198 3200
f 2577 3715 3525
f 1202 950 3525
f 1202 3525 3715
f 1202 3715 3716
f 2577 2579 3716
f 2577 3716 3715
f 950 3523 3522
f 2560 1656 3522
f 2560 3522 3523
f 1656 3174 3005
f 3005 4005 114
f 4005 365 114
f 365 4005 3174
f 4005 3005 3174
f 365 3174 3175
f 3175 4162 2560
f 4162 1656 2560
f 1656 4162 3174
f 4162 3175 3174
f 365 3175 3177
f 2560 2562 3177
f 2560 3177 3175
f 2562 3524 3714
f 950 1202 3714
f 950 3714 3524
f 950 3524 3523
f 2562 2560 3523
f 2562 3523 3524
f 96 2994 2996
f 1564 1566 2996
f 1564 2996 2994
f 1566 3481 3489
f 857 859 3489
f 857 3489 3481
f 857 3481 3480
f 1566 1564 3480
f 1566 3480 3481
f 859 3491 3492
f 2557 2576 3492
f 2557 3492 3491
f 2576 3172 3197
f 3197 4003 372
f 4003 364 372
f 364 4003 3172
f 4003 3197 3172
f 364 3172 3169
f 3169 4272 2557
f 4272 2576 2557
f 2576 4272 3172
f 4272 3169 3172
f 364 3169 3168
f 2557 2556 3168
f 2557 3168 3169
f 2556 3490 3482
f 859 857 3482
f 859 3482 3490
f 859 3490 3491
f 2556 2557 3491
f 2556 3491 3490
f 364 3167 3171
f 2555 2559 3171
f 2555 3171 3167
f 2559 3438 3709
f 829 1201 3709
f 829 3709 3438
f 829 3438 3437
f 2559 2555 3437
f 2559 3437 3438
f 1201 3708 3710
f 1543 2561 3710
f 1543 3710 3708
f 2561 2984 3176
f 3176 3966 365
f 3966 88 365
f 88 3966 2984
f 3966 3176 2984
f 88 2984 2983
f 2983 4269 1543
f 4269 2561 1543
f 2561 4269 2984
f 4269 2983 2984
f 88 2983 2982
f 1543 1542 2982
f 1543 2982 2983
f 1542 3707 3436
f 1201 829 3436
f 1201 3436 3707
f 1201 3707 3708
f 1542 1543 3708
f 1542 3708 3707
f 365 3177 3176
f 2562 2561 3176
f 2562 3176 3177
f 2561 3713 3710
f 1202 1201 3710
f 1202 3710 3713
f 1202 3713 3714
f 2561 2562 3714
f 2561 3714 3713
f 1201 3711 3709
f 2578 2559 3709
f 2578 3709 3711
f 2559 3196 3171
f 3171 4007 364
f 4007 372 364
f 372 4007 3196
f 4007 3171 3196
f 372 3196 3199
f 3199 4268 2578
f 4268 2559 2578
f 2559 4268 3196
f 4268 3199 3196
f 372 3199 3200
f 2578 2579 3200
f 2578 3200 3199
f 2579 3712 3716
f 1201 1202 3716
f 1201 3716 3712
f 1201 3712 3711
f 2579 2578 3711
f 2579 3711 3712
f 88 830 365
f 830 366 365
f 365 971 114
f 971 118 114
f 118 971 972
f 365 366 972
f 365 972 971
f 118 119 114
f 366 830 1195
f 88 356 1195
f 88 1195 830
f 358 1194 802
f 356 82 802
f 356 802 1194
f 118 972 970
f 366 358 970
f 366 970 972
f 356 1194 1195
f 358 366 1195
f 358 1195 1194
f 358 1197 970
f 402 118 970
f 402 970 1197
f 82 801 802
f 357 358 802
f 357 802 801
f 357 966 1196
f 117 402 1196
f 117 1196 966
f 402 1197 1196
f 358 357 1196
f 358 1196 1197
f 189 1995 1996
f 909 1128 1996
f 909 1996 1995
f 1128 1620 2604
f 107 383 2604
f 107 2604 1620
f 107 1620 1612
f 1128 909 1612
f 1128 1612 1620
f 188 1991 1988
f 1127 887 1988
f 1127 1988 1991
f 887 2602 1600
f 383 103 1600
f 383 1600 2602
f 383 2602 2603
f 887 1127 2603
f 887 2603 2602
f 12 1277 1276
f 482 481 1276
f 482 1276 1277
f 481 1993 1987
f 189 188 1987
f 189 1987 1993
f 189 1993 1994
f 481 482 1994
f 481 1994 1993
f 383 2603 2604
f 1127 1128 2604
f 1127 2604 2603
f 1128 1992 1996
f 188 189 1996
f 188 1996 1992
f 188 1992 1991
f 1128 1127 1991
f 1128 1991 1992
f 188 1990 1987
f 1122 481 1987
f 1122 1987 1990
f 481 1917 1276
f 172 12 1276
f 172 1276 1917
f 172 1917 1920
f 481 1122 1920
f 481 1920 1917
f 103 1599 1600
f 886 887 1600
f 886 1600 1599
f 887 1927 1988
f 175 188 1988
f 175 1988 1927
f 175 1927 1926
f 887 886 1926
f 887 1926 1927
f 175 1925 1928
f 463 1120 1928
f 463 1928 1925
f 1120 1260 1919
f 9 172 1919
f 9 1919 1260
f 9 1260 1259
f 1120 463 1259
f 1120 1259 1260
f 172 1920 1919
f 1122 1120 1919
f 1122 1919 1920
f 1120 1989 1928
f 188 175 1928
f 188 1928 1989
f 188 1989 1990
f 1120 1122 1990
f 1120 1990 1989
f 103 1598 1599
f 885 886 1599
f 885 1599 1598
f 886 1905 1926
f 166 175 1926
f 166 1926 1905
f 166 1905 1904
f 886 885 1904
f 886 1904 1905
f 175 1924 1925
f 452 463 1925
f 452 1925 1924
f 463 1254 1259
f 7 9 1259
f 7 1259 1254
f 7 1254 1253
f 463 452 1253
f 463 1253 1254
f 7 1253 1252
f 452 451 1252
f 452 1252 1253
f 451 1923 1903
f 175 166 1903
f 175 1903 1923
f 175 1923 1924
f 451 452 1924
f 451 1924 1923
f 7 1252 1251
f 451 450 1251
f 451 1251 1252
f 450 1902 1898
f 166 165 1898
f 166 1898 1902
f 166 1902 1903
f 450 451 1903
f 450 1903 1902
f 165 1900 1899
f 884 872 1899
f 884 1899 1900
f 872 1596 1583
f 103 100 1583
f 103 1583 1596
f 103 1596 1597
f 872 884 1597
f 872 1597 1596
f 103 1597 1598
f 884 885 1598
f 884 1598 1597
f 885 1901 1904
f 165 166 1904
f 165 1904 1901
f 165 1901 1900
f 885 884 1900
f 885 1900 1901
f 100 1582 1583
f 871 872 1583
f 871 1583 1582
f 872 1885 1899
f 161 165 1899
f 161 1899 1885
f 161 1885 1884
f 872 871 1884
f 872 1884 1885
f 165 1897 1898
f 445 450 1898
f 445 1898 1897
f 450 1246 1251
f 5 7 1251
f 5 1251 1246
f 5 1246 1245
f 450 445 1245
f 450 1245 1246
f 5 1245 1244
f 445 444 1244
f 445 1244 1245
f 444 1896 1883
f 165 161 1883
f 165 1883 1896
f 165 1896 1897
f 444 445 1897
f 444 1897 1896
f 5 1244 1243
f 444 443 1243
f 444 1243 1244
f 443 1882 1878
f 161 160 1878
f 161 1878 1882
f 161 1882 1883
f 443 444 1883
f 443 1883 1882
f 160 1880 1879
f 870 866 1879
f 870 1879 1880
f 866 1580 1575
f 100 98 1575
f 100 1575 1580
f 100 1580 1581
f 866 870 1581
f 866 1581 1580
f 100 1581 1582
f 870 871 1582
f 870 1582 1581
f 871 1881 1884
f 160 161 1884
f 160 1884 1881
f 160 1881 1880
f 871 870 1880
f 871 1880 1881
f 98 1574 1575
f 865 866 1575
f 865 1575 1574
f 866 1865 1879
f 156 160 1879
f 156 1879 1865
f 156 1865 1864
f 866 865 1864
f 866 1864 1865
f 160 1877 1878
f 439 443 1878
f 439 1878 1877
f 443 1238 1243
f 3 5 1243
f 3 1243 1238
f 3 1238 1237
f 443 439 1237
f 443 1237 1238
f 3 1237 1236
f 439 438 1236
f 439 1236 1237
f 438 1876 1863
f 160 156 1863
f 160 1863 1876
f 160 1876 1877
f 438 439 1877
f 438 1877 1876
f 3 1236 1235
f 438 437 1235
f 438 1235 1236
f 437 1862 1858
f 156 155 1858
f 156 1858 1862
f 156 1862 1863
f 437 438 1863
f 437 1863 1862
f 155 1860 1859
f 864 852 1859
f 864 1859 1860
f 852 1572 1559
f 98 95 1559
f 98 1559 1572
f 98 1572 1573
f 852 864 1573
f 852 1573 1572
f 98 1573 1574
f 864 865 1574
f 864 1574 1573
f 865 1861 1864
f 155 156 1864
f 155 1864 1861
f 155 1861 1860
f 865 864 1860
f 865 1860 1861
f 95 1558 1559
f 851 852 1559
f 851 1559 1558
f 852 1845 1859
f 151 155 1859
f 151 1859 1845
f 151 1845 1844
f 852 851 1844
f 852 1844 1845
f 155 1857 1858
f 433 437 1858
f 433 1858 1857
f 437 1230 1235
f 1 3 1235
f 1 1235 1230
f 1 1230 1229
f 437 433 1229
f 437 1229 1230
f 1 1229 1228
f 433 432 1228
f 433 1228 1229
f 432 1856 1843
f 155 151 1843
f 155 1843 1856
f 155 1856 1857
f 432 433 1857
f 432 1857 1856
f 1 1228 1227
f 432 431 1227
f 432 1227 1228
f 431 1842 1836
f 151 150 1836
f 151 1836 1842
f 151 1842 1843
f 431 432 1843
f 431 1843 1842
f 150 1840 1839
f 850 844 1839
f 850 1839 1840
f 844 1556 1548
f 95 93 1548
f 95 1548 1556
f 95 1556 1557
f 844 850 1557
f 844 1557 1556
f 95 1557 1558
f 850 851 1558
f 850 1558 1557
f 851 1841 1844
f 150 151 1844
f 150 1844 1841
f 150 1841 1840
f 851 850 1840
f 851 1840 1841
f 93 1549 1548
f 845 844 1548
f 845 1548 1549
f 844 1848 1839
f 152 150 1839
f 152 1839 1848
f 152 1848 1849
f 844 845 1849
f 844 1849 1848
f 150 1837 1836
f 434 431 1836
f 434 1836 1837
f 431 1231 1227
f 2 1 1227
f 2 1227 1231
f 2 1231 1232
f 431 434 1232
f 431 1232 1231
f 2 1232 1233
f 434 435 1233
f 434 1233 1232
f 435 1838 1846
f 150 152 1846
f 150 1846 1838
f 150 1838 1837
f 435 434 1837
f 435 1837 1838
f 2 1233 1234
f 435 436 1234
f 435 1234 1233
f 436 1847 1850
f 152 153 1850
f 152 1850 1847
f 152 1847 1846
f 436 435 1846
f 436 1846 1847
f 153 1854 1855
f 846 847 1855
f 846 1855 1854
f 847 1551 1552
f 93 94 1552
f 93 1552 1551
f 93 1551 1550
f 847 846 1550
f 847 1550 1551
f 93 1550 1549
f 846 845 1549
f 846 1549 1550
f 845 1853 1849
f 153 152 1849
f 153 1849 1853
f 153 1853 1854
f 845 846 1854
f 845 1854 1853
f 94 1553 1552
f 848 847 1552
f 848 1552 1553
f 847 1868 1855
f 157 153 1855
f 157 1855 1868
f 157 1868 1869
f 847 848 1869
f 847 1869 1868
f 153 1851 1850
f 440 436 1850
f 440 1850 1851
f 436 1239 1234
f 4 2 1234
f 4 1234 1239
f 4 1239 1240
f 436 440 1240
f 436 1240 1239
f 4 1240 1241
f 440 441 1241
f 440 1241 1240
f 441 1852 1866
f 153 157 1866
f 153 1866 1852
f 153 1852 1851
f 441 440 1851
f 441 1851 1852
f 4 1241 1242
f 441 442 1242
f 441 1242 1241
f 442 1867 1870
f 157 158 1870
f 157 1870 1867
f 157 1867 1866
f 442 441 1866
f 442 1866 1867
f 158 1874 1875
f 849 861 1875
f 849 1875 1874
f 861 1555 1568
f 94 97 1568
f 94 1568 1555
f 94 1555 1554
f 861 849 1554
f 861 1554 1555
f 94 1554 1553
f 849 848 1553
f 849 1553 1554
f 848 1873 1869
f 158 157 1869
f 158 1869 1873
f 158 1873 1874
f 848 849 1874
f 848 1874 1873
f 97 1569 1568
f 862 861 1568
f 862 1568 1569
f 861 1888 1875
f 162 158 1875
f 162 1875 1888
f 162 1888 1889
f 861 862 1889
f 861 1889 1888
f 158 1871 1870
f 446 442 1870
f 446 1870 1871
f 442 1247 1242
f 6 4 1242
f 6 1242 1247
f 6 1247 1248
f 442 446 1248
f 442 1248 1247
f 6 1248 1249
f 446 447 1249
f 446 1249 1248
f 447 1872 1886
f 158 162 1886
f 158 1886 1872
f 158 1872 1871
f 447 446 1871
f 447 1871 1872
f 6 1249 1250
f 447 448 1250
f 447 1250 1249
f 448 1887 1890
f 162 163 1890
f 162 1890 1887
f 162 1887 1886
f 448 447 1886
f 448 1886 1887
f 163 1894 1895
f 863 867 1895
f 863 1895 1894
f 867 1571 1576
f 97 99 1576
f 97 1576 1571
f 97 1571 1570
f 867 863 1570
f 867 1570 1571
f 97 1570 1569
f 863 862 1569
f 863 1569 1570
f 862 1893 1889
f 163 162 1889
f 163 1889 1893
f 163 1893 1894
f 862 863 1894
f 862 1894 1893
f 99 1577 1576
f 868 867 1576
f 868 1576 1577
f 867 1908 1895
f 168 163 1895
f 168 1895 1908
f 168 1908 1909
f 867 868 1909
f 867 1909 1908
f 163 1891 1890
f 453 448 1890
f 453 1890 1891
f 448 1255 1250
f 8 6 1250
f 8 1250 1255
f 8 1255 1256
f 448 453 1256
f 448 1256 1255
f 8 1256 1257
f 453 455 1257
f 453 1257 1256
f 455 1892 1906
f 163 168 1906
f 163 1906 1892
f 163 1892 1891
f 455 453 1891
f 455 1891 1892
f 8 1257 1258
f 455 456 1258
f 455 1258 1257
f 456 1907 1910
f 168 169 1910
f 168 1910 1907
f 168 1907 1906
f 456 455 1906
f 456 1906 1907
f 169 1914 1915
f 869 880 1915
f 869 1915 1914
f 880 1579 1592
f 99 102 1592
f 99 1592 1579
f 99 1579 1578
f 880 869 1578
f 880 1578 1579
f 99 1578 1577
f 869 868 1577
f 869 1577 1578
f 868 1913 1909
f 169 168 1909
f 169 1909 1913
f 169 1913 1914
f 868 869 1914
f 868 1914 1913
f 52 1487 682
f 1487 683 682
f 683 2460 1179
f 2460 303 1179
f 682 2821 302
f 2821 1179 302
f 1179 2821 683
f 2821 682 683
f 303 2461 1181
f 2461 940 1181
f 940 1650 941
f 1650 112 941
f 1181 2862 347
f 2862 941 347
f 941 2862 940
f 2862 1181 940
f 302 2459 775
f 2459 1180 775
f 1180 2532 778
f 2532 347 778
f 775 2835 75
f 2835 778 75
f 778 2835 1180
f 2835 775 1180
f 1181 2906 303
f 2906 1179 303
f 347 2532 1181
f 2532 1180 1181
f 1180 2459 1179
f 2459 302 1179
f 1179 2906 1180
f 2906 1181 1180
f 75 778 779
f 347 348 779
f 347 779 778
f 348 942 945
f 112 113 945
f 112 945 942
f 112 942 941
f 348 347 941
f 348 941 942
f 113 946 945
f 349 348 945
f 349 945 946
f 348 780 779
f 76 75 779
f 76 779 780
f 76 780 781
f 348 349 781
f 348 781 780
f 76 781 782
f 349 350 782
f 349 782 781
f 350 947 955
f 113 115 955
f 113 955 947
f 113 947 946
f 350 349 946
f 350 946 947
f 115 956 955
f 351 350 955
f 351 955 956
f 350 786 782
f 78 76 782
f 78 782 786
f 78 786 787
f 350 351 787
f 350 787 786
f 78 787 788
f 351 352 788
f 351 788 787
f 352 957 960
f 115 116 960
f 115 960 957
f 115 957 956
f 352 351 956
f 352 956 957
f 116 961 960
f 353 352 960
f 353 960 961
f 352 792 788
f 80 78 788
f 80 788 792
f 80 792 793
f 352 353 793
f 352 793 792
f 80 793 794
f 353 354 794
f 353 794 793
f 354 962 965
f 116 117 965
f 116 965 962
f 116 962 961
f 354 353 961
f 354 961 962
f 117 966 965
f 357 354 965
f 357 965 966
f 354 800 794
f 82 80 794
f 82 794 800
f 82 800 801
f 354 357 801
f 354 801 800
f 18 515 516
f 205 206 516
f 205 516 515
f 206 681 694
f 52 55 694
f 52 694 681
f 52 681 680
f 206 205 680
f 206 680 681
f 52 680 679
f 205 202 679
f 205 679 680
f 202 514 509
f 18 17 509
f 18 509 514
f 18 514 515
f 202 205 515
f 202 515 514
f 683 1487 2819
f 52 679 2819
f 52 2819 1487
f 1134 2820 2063
f 679 202 2063
f 679 2063 2820
f 303 2460 2462
f 683 1134 2462
f 683 2462 2460
f 679 2820 2819
f 1134 683 2819
f 1134 2819 2820
f 1133 2062 2778
f 202 509 2778
f 202 2778 2062
f 511 2777 1310
f 509 17 1310
f 509 1310 2777
f 204 2072 2068
f 1133 511 2068
f 1133 2068 2072
f 509 2777 2778
f 511 1133 2778
f 511 2778 2777
f 940 2461 2861
f 303 1135 2861
f 303 2861 2461
f 939 2860 2071
f 1135 204 2071
f 1135 2071 2860
f 112 1650 1649
f 940 939 1649
f 940 1649 1650
f 1135 2860 2861
f 939 940 2861
f 939 2861 2860
f 202 2062 2063
f 1133 1134 2063
f 1133 2063 2062
f 1133 2072 2885
f 204 1135 2885
f 204 2885 2072
f 1134 2886 2462
f 1135 303 2462
f 1135 2462 2886
f 1135 2886 2885
f 1134 1133 2885
f 1134 2885 2886
f 17 1309 1310
f 510 511 1310
f 510 1310 1309
f 511 2065 2068
f 203 204 2068
f 203 2068 2065
f 203 2065 2064
f 511 510 2064
f 511 2064 2065
f 204 2070 2071
f 930 939 2071
f 930 2071 2070
f 939 1639 1649
f 110 112 1649
f 110 1649 1639
f 110 1639 1636
f 939 930 1636
f 939 1636 1639
f 110 1636 1635
f 930 929 1635
f 930 1635 1636
f 929 2069 2067
f 204 203 2067
f 204 2067 2069
f 204 2069 2070
f 929 930 2070
f 929 2070 2069
f 110 1635 1634
f 929 928 1634
f 929 1634 1635
f 928 2066 2034
f 203 196 2034
f 203 2034 2066
f 203 2066 2067
f 928 929 2067
f 928 2067 2066
f 196 2030 2029
f 508 499 2029
f 508 2029 2030
f 499 1305 1295
f 17 15 1295
f 17 1295 1305
f 17 1305 1308
f 499 508 1308
f 499 1308 1305
f 17 1308 1309
f 508 510 1309
f 508 1309 1308
f 510 2031 2064
f 196 203 2064
f 196 2064 2031
f 196 2031 2030
f 510 508 2030
f 510 2030 2031
f 15 1294 1295
f 498 499 1295
f 498 1295 1294
f 499 2026 2029
f 195 196 2029
f 195 2029 2026
f 195 2026 2025
f 499 498 2025
f 499 2025 2026
f 196 2033 2034
f 924 928 2034
f 924 2034 2033
f 928 1632 1634
f 109 110 1634
f 109 1634 1632
f 109 1632 1630
f 928 924 1630
f 928 1630 1632
f 109 1630 1629
f 924 923 1629
f 924 1629 1630
f 923 2032 2028
f 196 195 2028
f 196 2028 2032
f 196 2032 2033
f 923 924 2033
f 923 2033 2032
f 109 1629 1628
f 923 922 1628
f 923 1628 1629
f 922 2027 2024
f 195 194 2024
f 195 2024 2027
f 195 2027 2028
f 922 923 2028
f 922 2028 2027
f 194 2020 2019
f 497 494 2019
f 497 2019 2020
f 494 1290 1289
f 15 14 1289
f 15 1289 1290
f 15 1290 1293
f 494 497 1293
f 494 1293 1290
f 15 1293 1294
f 497 498 1294
f 497 1294 1293
f 498 2021 2025
f 194 195 2025
f 194 2025 2021
f 194 2021 2020
f 498 497 2020
f 498 2020 2021
f 14 1288 1289
f 493 494 1289
f 493 1289 1288
f 494 2016 2019
f 193 194 2019
f 193 2019 2016
f 193 2016 2015
f 494 493 2015
f 494 2015 2016
f 194 2023 2024
f 919 922 2024
f 919 2024 2023
f 922 1626 1628
f 108 109 1628
f 108 1628 1626
f 108 1626 1625
f 922 919 1625
f 922 1625 1626
f 108 1625 1624
f 919 918 1624
f 919 1624 1625
f 918 2022 2018
f 194 193 2018
f 194 2018 2022
f 194 2022 2023
f 918 919 2023
f 918 2023 2022
f 108 1624 1623
f 918 917 1623
f 918 1623 1624
f 917 2017 2014
f 193 192 2014
f 193 2014 2017
f 193 2017 2018
f 917 918 2018
f 917 2018 2017
f 192 2010 2009
f 492 488 2009
f 492 2009 2010
f 488 1285 1284
f 14 13 1284
f 14 1284 1285
f 14 1285 1287
f 488 492 1287
f 488 1287 1285
f 14 1287 1288
f 492 493 1288
f 492 1288 1287
f 493 2011 2015
f 192 193 2015
f 192 2015 2011
f 192 2011 2010
f 493 492 2010
f 493 2010 2011
f 13 1283 1284
f 487 488 1284
f 487 1284 1283
f 488 2006 2009
f 191 192 2009
f 191 2009 2006
f 191 2006 2005
f 488 487 2005
f 488 2005 2006
f 192 2013 2014
f 900 917 2014
f 900 2014 2013
f 917 1608 1623
f 105 108 1623
f 105 1623 1608
f 105 1608 1607
f 917 900 1607
f 917 1607 1608
f 105 1607 1606
f 900 899 1606
f 900 1606 1607
f 899 2012 2008
f 192 191 2008
f 192 2008 2012
f 192 2012 2013
f 899 900 2013
f 899 2013 2012
f 105 1606 1605
f 899 898 1605
f 899 1605 1606
f 898 2007 1948
f 191 179 1948
f 191 1948 2007
f 191 2007 2008
f 898 899 2008
f 898 2008 2007
f 179 1944 1943
f 486 473 1943
f 486 1943 1944
f 473 1281 1268
f 13 11 1268
f 13 1268 1281
f 13 1281 1282
f 473 486 1282
f 473 1282 1281
f 13 1282 1283
f 486 487 1283
f 486 1283 1282
f 487 1945 2005
f 179 191 2005
f 179 2005 1945
f 179 1945 1944
f 487 486 1944
f 487 1944 1945
f 11 1267 1268
f 472 473 1268
f 472 1268 1267
f 473 1940 1943
f 178 179 1943
f 178 1943 1940
f 178 1940 1939
f 473 472 1939
f 473 1939 1940
f 179 1947 1948
f 895 898 1948
f 895 1948 1947
f 898 1604 1605
f 104 105 1605
f 104 1605 1604
f 104 1604 1603
f 898 895 1603
f 898 1603 1604
f 104 1603 1602
f 895 894 1602
f 895 1602 1603
f 894 1946 1942
f 179 178 1942
f 179 1942 1946
f 179 1946 1947
f 894 895 1947
f 894 1947 1946
f 104 1602 1601
f 894 893 1601
f 894 1601 1602
f 893 1941 1938
f 178 177 1938
f 178 1938 1941
f 178 1941 1942
f 893 894 1942
f 893 1942 1941
f 177 1934 1933
f 471 468 1933
f 471 1933 1934
f 468 1265 1264
f 11 10 1264
f 11 1264 1265
f 11 1265 1266
f 468 471 1266
f 468 1266 1265
f 11 1266 1267
f 471 472 1267
f 471 1267 1266
f 472 1935 1939
f 177 178 1939
f 177 1939 1935
f 177 1935 1934
f 472 471 1934
f 472 1934 1935
f 10 1263 1264
f 467 468 1264
f 467 1264 1263
f 468 1930 1933
f 176 177 1933
f 176 1933 1930
f 176 1930 1929
f 468 467 1929
f 468 1929 1930
f 177 1937 1938
f 882 893 1938
f 882 1938 1937
f 893 1595 1601
f 102 104 1601
f 102 1601 1595
f 102 1595 1594
f 893 882 1594
f 893 1594 1595
f 102 1594 1593
f 882 881 1593
f 882 1593 1594
f 881 1936 1932
f 177 176 1932
f 177 1932 1936
f 177 1936 1937
f 881 882 1937
f 881 1937 1936
f 102 1593 1592
f 881 880 1592
f 881 1592 1593
f 880 1931 1915
f 176 169 1915
f 176 1915 1931
f 176 1931 1932
f 880 881 1932
f 880 1932 1931
f 169 1911 1910
f 464 456 1910
f 464 1910 1911
f 456 1261 1258
f 10 8 1258
f 10 1258 1261
f 10 1261 1262
f 456 464 1262
f 456 1262 1261
f 10 1262 1263
f 464 467 1263
f 464 1263 1262
f 467 1912 1929
f 169 176 1929
f 169 1929 1912
f 169 1912 1911
f 467 464 1911
f 467 1911 1912
f 55 695 694
f 207 206 694
f 207 694 695
f 206 519 516
f 19 18 516
f 19 516 519
f 19 519 520
f 206 207 520
f 206 520 519
f 19 520 521
f 207 208 521
f 207 521 520
f 208 696 704
f 55 58 704
f 55 704 696
f 55 696 695
f 208 207 695
f 208 695 696
f 58 705 704
f 209 208 704
f 209 704 705
f 208 524 521
f 20 19 521
f 20 521 524
f 20 524 525
f 208 209 525
f 208 525 524
f 20 525 526
f 209 210 526
f 209 526 525
f 210 706 710
f 58 60 710
f 58 710 706
f 58 706 705
f 210 209 705
f 210 705 706
f 60 711 710
f 212 210 710
f 212 710 711
f 210 529 526
f 21 20 526
f 21 526 529
f 21 529 530
f 210 212 530
f 210 530 529
f 21 530 531
f 212 213 531
f 212 531 530
f 213 712 718
f 60 62 718
f 60 718 712
f 60 712 711
f 213 212 711
f 213 711 712
f 74 772 771
f 277 272 771
f 277 771 772
f 272 619 609
f 40 37 609
f 40 609 619
f 40 619 620
f 272 277 620
f 272 620 619
f 621 1417 620
f 1417 40 620
f 1172 2811 277
f 2811 620 277
f 278 2345 1172
f 2345 621 1172
f 620 2811 621
f 2811 1172 621
f 1173 2344 772
f 2344 277 772
f 774 2832 74
f 2832 772 74
f 346 2529 774
f 2529 1173 774
f 772 2832 1173
f 2832 774 1173
f 903 2346 1175
f 2346 278 1175
f 905 2856 346
f 2856 1175 346
f 106 1609 905
f 1609 903 905
f 1175 2856 903
f 2856 905 903
f 277 2344 1172
f 2344 1173 1172
f 1173 2529 1175
f 2529 346 1175
f 1172 2903 278
f 2903 1175 278
f 1175 2903 1173
f 2903 1172 1173
f 40 1417 1418
f 621 622 1418
f 621 1418 1417
f 621 2345 2812
f 278 1174 2812
f 278 2812 2345
f 622 2813 2348
f 1174 279 2348
f 1174 2348 2813
f 1174 2813 2812
f 622 621 2812
f 622 2812 2813
f 278 2346 2347
f 903 1176 2347
f 903 2347 2346
f 903 1609 2853
f 106 908 2853
f 106 2853 1609
f 1176 2859 2607
f 908 388 2607
f 908 2607 2859
f 908 2859 2853
f 1176 903 2853
f 1176 2853 2859
f 279 2352 2351
f 1177 1049 2351
f 1177 2351 2352
f 1177 2608 2884
f 388 1052 2884
f 388 2884 2608
f 1049 2883 1756
f 1052 136 1756
f 1052 1756 2883
f 1052 2883 2884
f 1049 1177 2884
f 1049 2884 2883
f 1176 2904 2347
f 1174 278 2347
f 1174 2347 2904
f 388 2608 2607
f 1177 1176 2607
f 1177 2607 2608
f 1177 2352 2905
f 279 1174 2905
f 279 2905 2352
f 1174 2904 2905
f 1176 1177 2905
f 1176 2905 2904
f 106 907 908
f 387 388 908
f 387 908 907
f 388 1040 1052
f 133 136 1052
f 133 1052 1040
f 133 1040 1039
f 388 387 1039
f 388 1039 1040
f 136 1757 1756
f 1050 1049 1756
f 1050 1756 1757
f 1049 2365 2351
f 282 279 2351
f 282 2351 2365
f 282 2365 2366
f 1049 1050 2366
f 1049 2366 2365
f 279 2349 2348
f 633 622 2348
f 633 2348 2349
f 622 1424 1418
f 42 40 1418
f 42 1418 1424
f 42 1424 1428
f 622 633 1428
f 622 1428 1424
f 42 1428 1429
f 633 634 1429
f 633 1429 1428
f 634 2350 2363
f 279 282 2363
f 279 2363 2350
f 279 2350 2349
f 634 633 2349
f 634 2349 2350
f 42 1429 1430
f 634 635 1430
f 634 1430 1429
f 635 2364 2367
f 282 283 2367
f 282 2367 2364
f 282 2364 2363
f 635 634 2363
f 635 2363 2364
f 283 2371 2372
f 1051 1062 2372
f 1051 2372 2371
f 1062 1761 1767
f 136 138 1767
f 136 1767 1761
f 136 1761 1758
f 1062 1051 1758
f 1062 1758 1761
f 136 1758 1757
f 1051 1050 1757
f 1051 1757 1758
f 1050 2370 2366
f 283 282 2366
f 283 2366 2370
f 283 2370 2371
f 1050 1051 2371
f 1050 2371 2370
f 138 1768 1767
f 1063 1062 1767
f 1063 1767 1768
f 1062 2385 2372
f 286 283 2372
f 286 2372 2385
f 286 2385 2386
f 1062 1063 2386
f 1062 2386 2385
f 283 2368 2367
f 643 635 2367
f 643 2367 2368
f 635 1437 1430
f 44 42 1430
f 44 1430 1437
f 44 1437 1440
f 635 643 1440
f 635 1440 1437
f 44 1440 1441
f 643 644 1441
f 643 1441 1440
f 644 2369 2383
f 283 286 2383
f 283 2383 2369
f 283 2369 2368
f 644 643 2368
f 644 2368 2369
f 44 1441 1442
f 644 645 1442
f 644 1442 1441
f 645 2384 2387
f 286 287 2387
f 286 2387 2384
f 286 2384 2383
f 645 644 2383
f 645 2383 2384
f 287 2391 2392
f 1064 1073 2392
f 1064 2392 2391
f 1073 1773 1779
f 138 140 1779
f 138 1779 1773
f 138 1773 1769
f 1073 1064 1769
f 1073 1769 1773
f 138 1769 1768
f 1064 1063 1768
f 1064 1768 1769
f 1063 2390 2386
f 287 286 2386
f 287 2386 2390
f 287 2390 2391
f 1063 1064 2391
f 1063 2391 2390
f 140 1780 1779
f 1074 1073 1779
f 1074 1779 1780
f 1073 2411 2392
f 292 287 2392
f 292 2392 2411
f 292 2411 2412
f 1073 1074 2412
f 1073 2412 2411
f 287 2388 2387
f 655 645 2387
f 655 2387 2388
f 645 1452 1442
f 47 44 1442
f 47 1442 1452
f 47 1452 1455
f 645 655 1455
f 645 1455 1452
f 47 1455 1456
f 655 656 1456
f 655 1456 1455
f 656 2389 2409
f 287 292 2409
f 287 2409 2389
f 287 2389 2388
f 656 655 2388
f 656 2388 2389
f 47 1456 1457
f 656 657 1457
f 656 1457 1456
f 657 2410 2413
f 292 293 2413
f 292 2413 2410
f 292 2410 2409
f 657 656 2409
f 657 2409 2410
f 293 2417 2418
f 1075 1083 2418
f 1075 2418 2417
f 1083 1784 1790
f 140 142 1790
f 140 1790 1784
f 140 1784 1781
f 1083 1075 1781
f 1083 1781 1784
f 140 1781 1780
f 1075 1074 1780
f 1075 1780 1781
f 1074 2416 2412
f 293 292 2412
f 293 2412 2416
f 293 2416 2417
f 1074 1075 2417
f 1074 2417 2416
f 142 1791 1790
f 1084 1083 1790
f 1084 1790 1791
f 1083 2431 2418
f 296 293 2418
f 296 2418 2431
f 296 2431 2432
f 1083 1084 2432
f 1083 2432 2431
f 293 2414 2413
f 665 657 2413
f 665 2413 2414
f 657 1465 1457
f 49 47 1457
f 49 1457 1465
f 49 1465 1468
f 657 665 1468
f 657 1468 1465
f 49 1468 1469
f 665 666 1469
f 665 1469 1468
f 666 2415 2429
f 293 296 2429
f 293 2429 2415
f 293 2415 2414
f 666 665 2414
f 666 2414 2415
f 49 1469 1470
f 666 667 1470
f 666 1470 1469
f 667 2430 2433
f 296 297 2433
f 296 2433 2430
f 296 2430 2429
f 667 666 2429
f 667 2429 2430
f 297 2437 2438
f 1085 1093 2438
f 1085 2438 2437
f 1093 1795 1801
f 142 144 1801
f 142 1801 1795
f 142 1795 1792
f 1093 1085 1792
f 1093 1792 1795
f 142 1792 1791
f 1085 1084 1791
f 1085 1791 1792
f 1084 2436 2432
f 297 296 2432
f 297 2432 2436
f 297 2436 2437
f 1084 1085 2437
f 1084 2437 2436
f 144 1802 1801
f 1094 1093 1801
f 1094 1801 1802
f 1093 2451 2438
f 300 297 2438
f 300 2438 2451
f 300 2451 2452
f 1093 1094 2452
f 1093 2452 2451
f 297 2434 2433
f 676 667 2433
f 676 2433 2434
f 667 1480 1470
f 51 49 1470
f 51 1470 1480
f 51 1480 1483
f 667 676 1483
f 667 1483 1480
f 51 1483 1484
f 676 677 1484
f 676 1484 1483
f 677 2435 2449
f 297 300 2449
f 297 2449 2435
f 297 2435 2434
f 677 676 2434
f 677 2434 2435
f 51 1484 1485
f 677 678 1485
f 677 1485 1484
f 678 2450 2453
f 300 301 2453
f 300 2453 2450
f 300 2450 2449
f 678 677 2449
f 678 2449 2450
f 301 2457 2458
f 1095 1104 2458
f 1095 2458 2457
f 1104 1806 1816
f 144 146 1816
f 144 1816 1806
f 144 1806 1803
f 1104 1095 1803
f 1104 1803 1806
f 144 1803 1802
f 1095 1094 1802
f 1095 1802 1803
f 1094 2456 2452
f 301 300 2452
f 301 2452 2456
f 301 2456 2457
f 1094 1095 2457
f 1094 2457 2456
f 146 1817 1816
f 1105 1104 1816
f 1105 1816 1817
f 1104 2475 2458
f 306 301 2458
f 306 2458 2475
f 306 2475 2476
f 1104 1105 2476
f 1104 2476 2475
f 301 2454 2453
f 691 678 2453
f 691 2453 2454
f 678 1495 1485
f 54 51 1485
f 54 1485 1495
f 54 1495 1499
f 678 691 1499
f 678 1499 1495
f 54 1499 1500
f 691 692 1500
f 691 1500 1499
f 692 2455 2473
f 301 306 2473
f 301 2473 2455
f 301 2455 2454
f 692 691 2454
f 692 2454 2455
f 54 1500 1501
f 692 693 1501
f 692 1501 1500
f 693 2474 2479
f 306 307 2479
f 306 2479 2474
f 306 2474 2473
f 693 692 2473
f 693 2473 2474
f 307 2481 2482
f 1106 1116 2482
f 1106 2482 2481
f 1116 1821 1833
f 146 148 1833
f 146 1833 1821
f 146 1821 1818
f 1116 1106 1818
f 1116 1818 1821
f 146 1818 1817
f 1106 1105 1817
f 1106 1817 1818
f 1105 2480 2476
f 307 306 2476
f 307 2476 2480
f 307 2480 2481
f 1105 1106 2481
f 1105 2481 2480
f 148 1832 1833
f 1115 1116 1833
f 1115 1833 1832
f 1116 2472 2482
f 305 307 2482
f 305 2482 2472
f 305 2472 2471
f 1116 1115 2471
f 1116 2471 2472
f 307 2478 2479
f 688 693 2479
f 688 2479 2478
f 693 1494 1501
f 53 54 1501
f 53 1501 1494
f 53 1494 1493
f 693 688 1493
f 693 1493 1494
f 53 1493 1492
f 688 687 1492
f 688 1492 1493
f 687 2477 2470
f 307 305 2470
f 307 2470 2477
f 307 2477 2478
f 687 688 2478
f 687 2478 2477
f 53 1492 1491
f 687 686 1491
f 687 1491 1492
f 686 2469 2465
f 305 304 2465
f 305 2465 2469
f 305 2469 2470
f 686 687 2470
f 686 2470 2469
f 304 2467 2466
f 1114 1111 2466
f 1114 2466 2467
f 1111 1830 1825
f 148 147 1825
f 148 1825 1830
f 148 1830 1831
f 1111 1114 1831
f 1111 1831 1830
f 148 1831 1832
f 1114 1115 1832
f 1114 1832 1831
f 1115 2468 2471
f 304 305 2471
f 304 2471 2468
f 304 2468 2467
f 1115 1114 2467
f 1115 2467 2468
f 147 1824 1825
f 1110 1111 1825
f 1110 1825 1824
f 1111 2448 2466
f 299 304 2466
f 299 2466 2448
f 299 2448 2447
f 1111 1110 2447
f 1111 2447 2448
f 304 2464 2465
f 673 686 2465
f 673 2465 2464
f 686 1479 1491
f 50 53 1491
f 50 1491 1479
f 50 1479 1478
f 686 673 1478
f 686 1478 1479
f 50 1478 1477
f 673 672 1477
f 673 1477 1478
f 672 2463 2446
f 304 299 2446
f 304 2446 2463
f 304 2463 2464
f 672 673 2464
f 672 2464 2463
f 50 1477 1476
f 672 671 1476
f 672 1476 1477
f 671 2445 2441
f 299 298 2441
f 299 2441 2445
f 299 2445 2446
f 671 672 2446
f 671 2446 2445
f 298 2443 2442
f 1109 1100 2442
f 1109 2442 2443
f 1100 1822 1810
f 147 145 1810
f 147 1810 1822
f 147 1822 1823
f 1100 1109 1823
f 1100 1823 1822
f 147 1823 1824
f 1109 1110 1824
f 1109 1824 1823
f 1110 2444 2447
f 298 299 2447
f 298 2447 2444
f 298 2444 2443
f 1110 1109 2443
f 1110 2443 2444
f 145 1809 1810
f 1099 1100 1810
f 1099 1810 1809
f 1100 2428 2442
f 295 298 2442
f 295 2442 2428
f 295 2428 2427
f 1100 1099 2427
f 1100 2427 2428
f 298 2440 2441
f 662 671 2441
f 662 2441 2440
f 671 1464 1476
f 48 50 1476
f 48 1476 1464
f 48 1464 1463
f 671 662 1463
f 671 1463 1464
f 48 1463 1462
f 662 661 1462
f 662 1462 1463
f 661 2439 2426
f 298 295 2426
f 298 2426 2439
f 298 2439 2440
f 661 662 2440
f 661 2440 2439
f 48 1462 1461
f 661 660 1461
f 661 1461 1462
f 660 2425 2421
f 295 294 2421
f 295 2421 2425
f 295 2425 2426
f 660 661 2426
f 660 2426 2425
f 294 2423 2422
f 1098 1090 2422
f 1098 2422 2423
f 1090 1807 1799
f 145 143 1799
f 145 1799 1807
f 145 1807 1808
f 1090 1098 1808
f 1090 1808 1807
f 145 1808 1809
f 1098 1099 1809
f 1098 1809 1808
f 1099 2424 2427
f 294 295 2427
f 294 2427 2424
f 294 2424 2423
f 1099 1098 2423
f 1099 2423 2424
f 143 1798 1799
f 1089 1090 1799
f 1089 1799 1798
f 1090 2408 2422
f 291 294 2422
f 291 2422 2408
f 291 2408 2407
f 1090 1089 2407
f 1090 2407 2408
f 294 2420 2421
f 652 660 2421
f 652 2421 2420
f 660 1451 1461
f 46 48 1461
f 46 1461 1451
f 46 1451 1450
f 660 652 1450
f 660 1450 1451
f 46 1450 1449
f 652 651 1449
f 652 1449 1450
f 651 2419 2406
f 294 291 2406
f 294 2406 2419
f 294 2419 2420
f 651 652 2420
f 651 2420 2419
f 46 1449 1448
f 651 650 1448
f 651 1448 1449
f 650 2405 2401
f 291 290 2401
f 291 2401 2405
f 291 2405 2406
f 650 651 2406
f 650 2406 2405
f 290 2403 2402
f 1088 1080 2402
f 1088 2402 2403
f 1080 1796 1788
f 143 141 1788
f 143 1788 1796
f 143 1796 1797
f 1080 1088 1797
f 1080 1797 1796
f 143 1797 1798
f 1088 1089 1798
f 1088 1798 1797
f 1089 2404 2407
f 290 291 2407
f 290 2407 2404
f 290 2404 2403
f 1089 1088 2403
f 1089 2403 2404
f 141 1787 1788
f 1079 1080 1788
f 1079 1788 1787
f 1080 2382 2402
f 285 290 2402
f 285 2402 2382
f 285 2382 2381
f 1080 1079 2381
f 1080 2381 2382
f 290 2400 2401
f 640 650 2401
f 640 2401 2400
f 650 1436 1448
f 43 46 1448
f 43 1448 1436
f 43 1436 1435
f 650 640 1435
f 650 1435 1436
f 43 1435 1434
f 640 639 1434
f 640 1434 1435
f 639 2399 2380
f 290 285 2380
f 290 2380 2399
f 290 2399 2400
f 639 640 2400
f 639 2400 2399
f 43 1434 1433
f 639 638 1433
f 639 1433 1434
f 638 2379 2375
f 285 284 2375
f 285 2375 2379
f 285 2379 2380
f 638 639 2380
f 638 2380 2379
f 284 2377 2376
f 1078 1070 2376
f 1078 2376 2377
f 1070 1785 1777
f 141 139 1777
f 141 1777 1785
f 141 1785 1786
f 1070 1078 1786
f 1070 1786 1785
f 141 1786 1787
f 1078 1079 1787
f 1078 1787 1786
f 1079 2378 2381
f 284 285 2381
f 284 2381 2378
f 284 2378 2377
f 1079 1078 2377
f 1079 2377 2378
f 139 1776 1777
f 1069 1070 1777
f 1069 1777 1776
f 1070 2362 2376
f 281 284 2376
f 281 2376 2362
f 281 2362 2361
f 1070 1069 2361
f 1070 2361 2362
f 284 2374 2375
f 629 638 2375
f 629 2375 2374
f 638 1423 1433
f 41 43 1433
f 41 1433 1423
f 41 1423 1422
f 638 629 1422
f 638 1422 1423
f 41 1422 1421
f 629 628 1421
f 629 1421 1422
f 628 2373 2360
f 284 281 2360
f 284 2360 2373
f 284 2373 2374
f 628 629 2374
f 628 2374 2373
f 41 1421 1420
f 628 627 1420
f 628 1420 1421
f 627 2359 2355
f 281 280 2355
f 281 2355 2359
f 281 2359 2360
f 627 628 2360
f 627 2360 2359
f 280 2357 2356
f 1068 1057 2356
f 1068 2356 2357
f 1057 1774 1765
f 139 137 1765
f 139 1765 1774
f 139 1774 1775
f 1057 1068 1775
f 1057 1775 1774
f 139 1775 1776
f 1068 1069 1776
f 1068 1776 1775
f 1069 2358 2361
f 280 281 2361
f 280 2361 2358
f 280 2358 2357
f 1069 1068 2357
f 1069 2357 2358
f 137 1764 1765
f 1056 1057 1765
f 1056 1765 1764
f 1057 2343 2356
f 276 280 2356
f 276 2356 2343
f 276 2343 2342
f 1057 1056 2342
f 1057 2342 2343
f 280 2354 2355
f 616 627 2355
f 616 2355 2354
f 627 1414 1420
f 39 41 1420
f 39 1420 1414
f 39 1414 1413
f 627 616 1413
f 627 1413 1414
f 39 1413 1412
f 616 615 1412
f 616 1412 1413
f 615 2353 2341
f 280 276 2341
f 280 2341 2353
f 280 2353 2354
f 615 616 2354
f 615 2354 2353
f 39 1412 1411
f 615 614 1411
f 615 1411 1412
f 614 2340 2336
f 276 275 2336
f 276 2336 2340
f 276 2340 2341
f 614 615 2341
f 614 2341 2340
f 275 2338 2337
f 1055 1048 2337
f 1055 2337 2338
f 1048 1762 1754
f 137 135 1754
f 137 1754 1762
f 137 1762 1763
f 1048 1055 1763
f 1048 1763 1762
f 137 1763 1764
f 1055 1056 1764
f 1055 1764 1763
f 1056 2339 2342
f 275 276 2342
f 275 2342 2339
f 275 2339 2338
f 1056 1055 2338
f 1056 2338 2339
f 135 1753 1754
f 1047 1048 1754
f 1047 1754 1753
f 1048 2333 2337
f 274 275 2337
f 274 2337 2333
f 274 2333 2332
f 1048 1047 2332
f 1048 2332 2333
f 275 2335 2336
f 613 614 2336
f 613 2336 2335
f 614 1410 1411
f 38 39 1411
f 38 1411 1410
f 38 1410 1409
f 614 613 1409
f 614 1409 1410
f 38 1409 1408
f 613 612 1408
f 613 1408 1409
f 612 2334 2331
f 275 274 2331
f 275 2331 2334
f 275 2334 2335
f 612 613 2335
f 612 2335 2334
f 38 1408 1407
f 612 611 1407
f 612 1407 1408
f 611 2330 2326
f 274 273 2326
f 274 2326 2330
f 274 2330 2331
f 611 612 2331
f 611 2331 2330
f 273 2328 2327
f 1046 1045 2327
f 1046 2327 2328
f 1045 1751 1750
f 135 134 1750
f 135 1750 1751
f 135 1751 1752
f 1045 1046 1752
f 1045 1752 1751
f 135 1752 1753
f 1046 1047 1753
f 1046 1753 1752
f 1047 2329 2332
f 273 274 2332
f 273 2332 2329
f 273 2329 2328
f 1047 1046 2328
f 1047 2328 2329
f 134 1749 1750
f 1044 1045 1750
f 1044 1750 1749
f 1045 2323 2327
f 271 273 2327
f 271 2327 2323
f 271 2323 2322
f 1045 1044 2322
f 1045 2322 2323
f 273 2325 2326
f 604 611 2326
f 604 2326 2325
f 611 1400 1407
f 35 38 1407
f 35 1407 1400
f 35 1400 1399
f 611 604 1399
f 611 1399 1400
f 35 1399 1398
f 604 603 1398
f 604 1398 1399
f 603 2324 2321
f 273 271 2321
f 273 2321 2324
f 273 2324 2325
f 603 604 2325
f 603 2325 2324
f 35 1398 1397
f 603 602 1397
f 603 1397 1398
f 602 2320 2316
f 271 270 2316
f 271 2316 2320
f 271 2320 2321
f 602 603 2321
f 602 2321 2320
f 270 2318 2317
f 1043 1036 2317
f 1043 2317 2318
f 1036 1747 1740
f 134 131 1740
f 134 1740 1747
f 134 1747 1748
f 1036 1043 1748
f 1036 1748 1747
f 134 1748 1749
f 1043 1044 1749
f 1043 1749 1748
f 1044 2319 2322
f 270 271 2322
f 270 2322 2319
f 270 2319 2318
f 1044 1043 2318
f 1044 2318 2319
f 131 1739 1740
f 1035 1036 1740
f 1035 1740 1739
f 1036 2313 2317
f 269 270 2317
f 269 2317 2313
f 269 2313 2312
f 1036 1035 2312
f 1036 2312 2313
f 270 2315 2316
f 601 602 2316
f 601 2316 2315
f 602 1396 1397
f 34 35 1397
f 34 1397 1396
f 34 1396 1395
f 602 601 1395
f 602 1395 1396
f 34 1395 1394
f 601 600 1394
f 601 1394 1395
f 600 2314 2311
f 270 269 2311
f 270 2311 2314
f 270 2314 2315
f 600 601 2315
f 600 2315 2314
f 34 1394 1393
f 600 599 1393
f 600 1393 1394
f 599 2310 2306
f 269 268 2306
f 269 2306 2310
f 269 2310 2311
f 599 600 2311
f 599 2311 2310
f 268 2308 2307
f 1034 1033 2307
f 1034 2307 2308
f 1033 1737 1736
f 131 130 1736
f 131 1736 1737
f 131 1737 1738
f 1033 1034 1738
f 1033 1738 1737
f 131 1738 1739
f 1034 1035 1739
f 1034 1739 1738
f 1035 2309 2312
f 268 269 2312
f 268 2312 2309
f 268 2309 2308
f 1035 1034 2308
f 1035 2308 2309
f 130 1735 1736
f 1032 1033 1736
f 1032 1736 1735
f 1033 2303 2307
f 267 268 2307
f 267 2307 2303
f 267 2303 2302
f 1033 1032 2302
f 1033 2302 2303
f 268 2305 2306
f 598 599 2306
f 598 2306 2305
f 599 1392 1393
f 33 34 1393
f 33 1393 1392
f 33 1392 1391
f 599 598 1391
f 599 1391 1392
f 33 1391 1390
f 598 597 1390
f 598 1390 1391
f 597 2304 2301
f 268 267 2301
f 268 2301 2304
f 268 2304 2305
f 597 598 2305
f 597 2305 2304
f 33 1390 1389
f 597 596 1389
f 597 1389 1390
f 596 2300 2296
f 267 266 2296
f 267 2296 2300
f 267 2300 2301
f 596 597 2301
f 596 2301 2300
f 266 2298 2297
f 1031 1030 2297
f 1031 2297 2298
f 1030 1733 1732
f 130 129 1732
f 130 1732 1733
f 130 1733 1734
f 1030 1031 1734
f 1030 1734 1733
f 130 1734 1735
f 1031 1032 1735
f 1031 1735 1734
f 1032 2299 2302
f 266 267 2302
f 266 2302 2299
f 266 2299 2298
f 1032 1031 2298
f 1032 2298 2299
f 129 1731 1732
f 1029 1030 1732
f 1029 1732 1731
f 1030 2293 2297
f 263 266 2297
f 263 2297 2293
f 263 2293 2292
f 1030 1029 2292
f 1030 2292 2293
f 266 2295 2296
f 595 596 2296
f 595 2296 2295
f 596 1388 1389
f 32 33 1389
f 32 1389 1388
f 32 1388 1387
f 596 595 1387
f 596 1387 1388
f 32 1387 1386
f 595 594 1386
f 595 1386 1387
f 594 2294 2291
f 266 263 2291
f 266 2291 2294
f 266 2294 2295
f 594 595 2295
f 594 2295 2294
f 32 1386 1385
f 594 593 1385
f 594 1385 1386
f 593 2290 2286
f 263 262 2286
f 263 2286 2290
f 263 2290 2291
f 593 594 2291
f 593 2291 2290
f 262 2288 2287
f 1028 1026 2287
f 1028 2287 2288
f 1026 1729 1728
f 129 128 1728
f 129 1728 1729
f 129 1729 1730
f 1026 1028 1730
f 1026 1730 1729
f 129 1730 1731
f 1028 1029 1731
f 1028 1731 1730
f 1029 2289 2292
f 262 263 2292
f 262 2292 2289
f 262 2289 2288
f 1029 1028 2288
f 1029 2288 2289
f 128 1727 1728
f 1025 1026 1728
f 1025 1728 1727
f 1026 2283 2287
f 260 262 2287
f 260 2287 2283
f 260 2283 2282
f 1026 1025 2282
f 1026 2282 2283
f 262 2285 2286
f 592 593 2286
f 592 2286 2285
f 593 1384 1385
f 31 32 1385
f 31 1385 1384
f 31 1384 1383
f 593 592 1383
f 593 1383 1384
f 31 1383 1382
f 592 591 1382
f 592 1382 1383
f 591 2284 2281
f 262 260 2281
f 262 2281 2284
f 262 2284 2285
f 591 592 2285
f 591 2285 2284
f 31 1382 1381
f 591 590 1381
f 591 1381 1382
f 590 2280 2276
f 260 259 2276
f 260 2276 2280
f 260 2280 2281
f 590 591 2281
f 590 2281 2280
f 259 2278 2277
f 1024 1021 2277
f 1024 2277 2278
f 1021 1725 1724
f 128 127 1724
f 128 1724 1725
f 128 1725 1726
f 1021 1024 1726
f 1021 1726 1725
f 128 1726 1727
f 1024 1025 1727
f 1024 1727 1726
f 1025 2279 2282
f 259 260 2282
f 259 2282 2279
f 259 2279 2278
f 1025 1024 2278
f 1025 2278 2279
f 127 1723 1724
f 1020 1021 1724
f 1020 1724 1723
f 1021 2273 2277
f 257 259 2277
f 257 2277 2273
f 257 2273 2272
f 1021 1020 2272
f 1021 2272 2273
f 259 2275 2276
f 588 590 2276
f 588 2276 2275
f 590 1380 1381
f 30 31 1381
f 30 1381 1380
f 30 1380 1379
f 590 588 1379
f 590 1379 1380
f 30 1379 1378
f 588 587 1378
f 588 1378 1379
f 587 2274 2271
f 259 257 2271
f 259 2271 2274
f 259 2274 2275
f 587 588 2275
f 587 2275 2274
f 30 1378 1377
f 587 586 1377
f 587 1377 1378
f 586 2270 2266
f 257 256 2266
f 257 2266 2270
f 257 2270 2271
f 586 587 2271
f 586 2271 2270
f 256 2268 2267
f 1019 1016 2267
f 1019 2267 2268
f 1016 1721 1720
f 127 126 1720
f 127 1720 1721
f 127 1721 1722
f 1016 1019 1722
f 1016 1722 1721
f 127 1722 1723
f 1019 1020 1723
f 1019 1723 1722
f 1020 2269 2272
f 256 257 2272
f 256 2272 2269
f 256 2269 2268
f 1020 1019 2268
f 1020 2268 2269
f 126 1719 1720
f 1015 1016 1720
f 1015 1720 1719
f 1016 2263 2267
f 254 256 2267
f 254 2267 2263
f 254 2263 2262
f 1016 1015 2262
f 1016 2262 2263
f 256 2265 2266
f 583 586 2266
f 583 2266 2265
f 586 1376 1377
f 29 30 1377
f 29 1377 1376
f 29 1376 1375
f 586 583 1375
f 586 1375 1376
f 29 1375 1374
f 583 582 1374
f 583 1374 1375
f 582 2264 2261
f 256 254 2261
f 256 2261 2264
f 256 2264 2265
f 582 583 2265
f 582 2265 2264
f 29 1374 1373
f 582 581 1373
f 582 1373 1374
f 581 2260 2255
f 254 253 2255
f 254 2255 2260
f 254 2260 2261
f 581 582 2261
f 581 2261 2260
f 253 2257 2256
f 1014 1007 2256
f 1014 2256 2257
f 1007 1717 1714
f 126 125 1714
f 126 1714 1717
f 126 1717 1718
f 1007 1014 1718
f 1007 1718 1717
f 126 1718 1719
f 1014 1015 1719
f 1014 1719 1718
f 1015 2258 2262
f 253 254 2262
f 253 2262 2258
f 253 2258 2257
f 1015 1014 2257
f 1015 2257 2258
f 253 2256 2259
f 1007 1171 2259
f 1007 2259 2256
f 1171 1716 2729
f 2729 3015 412
f 3015 125 412
f 125 3015 1716
f 3015 2729 1716
f 125 1716 1714
f 1171 1007 1714
f 1171 1714 1716
f 252 2252 2250
f 1170 995 2250
f 1170 2250 2252
f 995 2726 1700
f 1700 3227 123
f 3227 412 123
f 412 3227 2726
f 3227 1700 2726
f 412 2726 2728
f 995 1170 2728
f 995 2728 2726
f 29 1373 1372
f 581 580 1372
f 581 1372 1373
f 580 2254 2249
f 2249 3063 252
f 3063 253 252
f 253 3063 2254
f 3063 2249 2254
f 253 2254 2255
f 580 581 2255
f 580 2255 2254
f 412 2728 2729
f 1170 1171 2729
f 1170 2729 2728
f 1171 2253 2259
f 2259 3062 253
f 3062 252 253
f 252 3062 2253
f 3062 2259 2253
f 252 2253 2252
f 1171 1170 2252
f 1171 2252 2253
f 580 2808 1372
f 574 29 1372
f 574 1372 2808
f 252 2251 2249
f 1160 580 2249
f 1160 2249 2251
f 1160 2159 2810
f 231 574 2810
f 231 2810 2159
f 574 2808 2810
f 580 1160 2810
f 580 2810 2808
f 995 2882 2250
f 1163 252 2250
f 1163 2250 2882
f 123 1699 1700
f 994 995 1700
f 994 1700 1699
f 994 2208 2881
f 241 1163 2881
f 241 2881 2208
f 1163 2882 2881
f 995 994 2881
f 995 2881 2882
f 1158 2794 2157
f 555 231 2157
f 555 2157 2794
f 241 2207 2209
f 565 1158 2209
f 565 2209 2207
f 565 1360 2792
f 27 555 2792
f 27 2792 1360
f 555 2794 2792
f 1158 565 2792
f 1158 2792 2794
f 1160 2251 2899
f 252 1163 2899
f 252 2899 2251
f 1158 2897 2209
f 1163 241 2209
f 1163 2209 2897
f 231 2159 2157
f 1160 1158 2157
f 1160 2157 2159
f 1163 2897 2899
f 1158 1160 2899
f 1158 2899 2897
f 111 1646 1645
f 938 937 1645
f 938 1645 1646
f 937 2661 2656
f 399 398 2656
f 399 2656 2661
f 399 2661 2662
f 937 938 2662
f 937 2662 2661
f 398 2658 2657
f 975 973 2657
f 975 2657 2658
f 973 1674 1672
f 119 118 1672
f 119 1672 1674
f 119 1674 1676
f 973 975 1676
f 973 1676 1674
f 119 1676 1677
f 975 976 1677
f 975 1677 1676
f 976 2659 2664
f 398 399 2664
f 398 2664 2659
f 398 2659 2658
f 976 975 2658
f 976 2658 2659
f 111 1645 1644
f 937 936 1644
f 937 1644 1645
f 936 2655 2649
f 398 397 2649
f 398 2649 2655
f 398 2655 2656
f 936 937 2656
f 936 2656 2655
f 398 2657 2660
f 973 1217 2660
f 973 2660 2657
f 1217 1673 2679
f 118 402 2679
f 118 2679 1673
f 118 1673 1672
f 1217 973 1672
f 1217 1672 1673
f 397 2653 2650
f 1216 969 2650
f 1216 2650 2653
f 969 2677 1671
f 402 117 1671
f 402 1671 2677
f 402 2677 2678
f 969 1216 2678
f 969 2678 2677
f 402 2678 2679
f 1216 1217 2679
f 1216 2679 2678
f 1217 2654 2660
f 397 398 2660
f 397 2660 2654
f 397 2654 2653
f 1217 1216 2653
f 1217 2653 2654
f 397 2652 2649
f 1215 936 2649
f 1215 2649 2652
f 936 2619 1644
f 391 111 1644
f 391 1644 2619
f 391 2619 2623
f 936 1215 2623
f 936 2623 2619
f 117 1670 1671
f 968 969 1671
f 968 1671 1670
f 969 2647 2650
f 396 397 2650
f 396 2650 2647
f 396 2647 2646
f 969 968 2646
f 969 2646 2647
f 396 2645 2648
f 916 1214 2648
f 916 2648 2645
f 1214 1621 2622
f 107 391 2622
f 107 2622 1621
f 107 1621 1619
f 1214 916 1619
f 1214 1619 1621
f 391 2623 2622
f 1215 1214 2622
f 1215 2622 2623
f 1214 2651 2648
f 397 396 2648
f 397 2648 2651
f 397 2651 2652
f 1214 1215 2652
f 1214 2652 2651
f 107 1619 1618
f 916 915 1618
f 916 1618 1619
f 915 2644 2640
f 396 395 2640
f 396 2640 2644
f 396 2644 2645
f 915 916 2645
f 915 2645 2644
f 395 2642 2641
f 967 964 2641
f 967 2641 2642
f 964 1668 1667
f 117 116 1667
f 117 1667 1668
f 117 1668 1669
f 964 967 1669
f 964 1669 1668
f 117 1669 1670
f 967 968 1670
f 967 1670 1669
f 968 2643 2646
f 395 396 2646
f 395 2646 2643
f 395 2643 2642
f 968 967 2642
f 968 2642 2643
f 107 1618 1617
f 915 914 1617
f 915 1617 1618
f 914 2639 2635
f 395 394 2635
f 395 2635 2639
f 395 2639 2640
f 914 915 2640
f 914 2640 2639
f 394 2637 2636
f 963 959 2636
f 963 2636 2637
f 959 1665 1664
f 116 115 1664
f 116 1664 1665
f 116 1665 1666
f 959 963 1666
f 959 1666 1665
f 116 1666 1667
f 963 964 1667
f 963 1667 1666
f 964 2638 2641
f 394 395 2641
f 394 2641 2638
f 394 2638 2637
f 964 963 2637
f 964 2637 2638
f 107 1617 1616
f 914 913 1616
f 914 1616 1617
f 913 2634 2630
f 394 393 2630
f 394 2630 2634
f 394 2634 2635
f 913 914 2635
f 913 2635 2634
f 393 2632 2631
f 958 949 2631
f 958 2631 2632
f 949 1662 1655
f 115 113 1655
f 115 1655 1662
f 115 1662 1663
f 949 958 1663
f 949 1663 1662
f 115 1663 1664
f 958 959 1664
f 958 1664 1663
f 959 2633 2636
f 393 394 2636
f 393 2636 2633
f 393 2633 2632
f 959 958 2632
f 959 2632 2633
f 107 1616 1615
f 913 912 1615
f 913 1615 1616
f 912 2629 2625
f 393 392 2625
f 393 2625 2629
f 393 2629 2630
f 912 913 2630
f 912 2630 2629
f 392 2627 2626
f 948 944 2626
f 948 2626 2627
f 944 1653 1652
f 113 112 1652
f 113 1652 1653
f 113 1653 1654
f 944 948 1654
f 944 1654 1653
f 113 1654 1655
f 948 949 1655
f 948 1655 1654
f 949 2628 2631
f 392 393 2631
f 392 2631 2628
f 392 2628 2627
f 949 948 2627
f 949 2627 2628
f 107 1615 1614
f 912 911 1614
f 912 1614 1615
f 911 2624 2614
f 392 390 2614
f 392 2614 2624
f 392 2624 2625
f 911 912 2625
f 911 2625 2624
f 390 2616 2615
f 943 932 2615
f 943 2615 2616
f 932 1648 1638
f 112 110 1638
f 112 1638 1648
f 112 1648 1651
f 932 943 1651
f 932 1651 1648
f 112 1651 1652
f 943 944 1652
f 943 1652 1651
f 944 2617 2626
f 390 392 2626
f 390 2626 2617
f 390 2617 2616
f 944 943 2616
f 944 2616 2617
f 107 1614 1613
f 911 910 1613
f 911 1613 1614
f 910 2613 2609
f 390 389 2609
f 390 2609 2613
f 390 2613 2614
f 910 911 2614
f 910 2614 2613
f 389 2611 2610
f 931 927 2610
f 931 2610 2611
f 927 1633 1631
f 110 109 1631
f 110 1631 1633
f 110 1633 1637
f 927 931 1637
f 927 1637 1633
f 110 1637 1638
f 931 932 1638
f 931 1638 1637
f 932 2612 2615
f 389 390 2615
f 389 2615 2612
f 389 2612 2611
f 932 931 2611
f 932 2611 2612
f 910 2609 1213
f 2609 389 1213
f 107 1613 383
f 1613 910 383
f 383 910 1213
f 927 1631 926
f 1631 109 926
f 389 2610 385
f 2610 927 385
f 385 927 926
f 1212 2606 892
f 2606 385 892
f 383 2605 103
f 2605 1212 103
f 103 1212 892
f 1212 2605 1213
f 2605 383 1213
f 385 2606 389
f 2606 1212 389
f 389 1212 1213
f 103 892 891
f 385 384 891
f 385 891 892
f 384 925 921
f 921 1627 108
f 1627 109 108
f 109 1627 925
f 1627 921 925
f 109 925 926
f 384 385 926
f 384 926 925
f 103 891 890
f 384 382 890
f 384 890 891
f 382 920 902
f 902 1622 105
f 1622 108 105
f 108 1622 920
f 1622 902 920
f 108 920 921
f 382 384 921
f 382 921 920
f 103 890 889
f 382 381 889
f 382 889 890
f 381 901 897
f 105 104 897
f 105 897 901
f 105 901 902
f 381 382 902
f 381 902 901
f 103 889 888
f 381 380 888
f 381 888 889
f 380 896 883
f 104 102 883
f 104 883 896
f 104 896 897
f 380 381 897
f 380 897 896
f 380 883 376
f 883 102 376
f 103 888 100
f 888 380 100
f 100 380 376
f 102 375 376
f 98 100 376
f 98 376 375
f 102 370 375
f 95 98 375
f 95 375 370
f 102 369 370
f 93 95 370
f 93 370 369
f 93 369 94
f 369 102 94
f 94 102 97
f 97 102 99
f 16 1300 1301
f 503 504 1301
f 503 1301 1300
f 504 2053 2056
f 200 201 2056
f 200 2056 2053
f 200 2053 2052
f 504 503 2052
f 504 2052 2053
f 201 2058 2059
f 874 934 2059
f 874 2059 2058
f 934 1591 1642
f 101 111 1642
f 101 1642 1591
f 101 1591 1585
f 934 874 1585
f 934 1585 1591
f 101 1585 1584
f 874 873 1584
f 874 1584 1585
f 873 2057 2054
f 201 200 2054
f 201 2054 2057
f 201 2057 2058
f 873 874 2058
f 873 2058 2057
f 101 1584 1586
f 873 875 1586
f 873 1586 1584
f 875 2055 2095
f 200 218 2095
f 200 2095 2055
f 200 2055 2054
f 875 873 2054
f 875 2054 2055
f 218 2093 2094
f 505 537 2094
f 505 2094 2093
f 537 1303 1329
f 1329 2922 22
f 2922 16 22
f 16 2922 1303
f 2922 1329 1303
f 16 1303 1302
f 1302 3237 505
f 3237 537 505
f 537 3237 1303
f 3237 1302 1303
f 16 1302 1300
f 505 503 1300
f 505 1300 1302
f 503 2092 2052
f 218 200 2052
f 218 2052 2092
f 218 2092 2093
f 503 505 2093
f 503 2093 2092
