# Generated by scripts/prepare_faive_pip_outer_surfaces.py
v -0.04516978836 0.2015802917 0.02981173515
v -0.04516143799 0.2020079956 0.02940816307
v -0.04516114044 0.2010827484 0.03012517166
v -0.04513640594 0.202349411 0.02892996597
v -0.04513581848 0.2005344849 0.0303364315
v -0.04509564972 0.2025914307 0.02839552116
v -0.04509480286 0.1999565735 0.03043739128
v -0.04504074478 0.2027247467 0.02782536507
v -0.04503966141 0.1993712006 0.03042417336
v -0.04495610046 0.2027605133 0.02707840919
v -0.04486067581 0.2026710205 0.02633728027
v -0.0447571373 0.2024587555 0.02562270737
v -0.0447262764 0.1964093018 0.0300650959
v -0.04464838409 0.2021296692 0.02495467758
v -0.04453746033 0.2016929626 0.02435187531
v -0.04449464035 0.1944631958 0.02961059189
v -0.04442745972 0.2011608582 0.0238311615
v -0.04432146835 0.2005482178 0.02340709877
v -0.04422244644 0.1998721924 0.02309154892
v -0.04413316345 0.1991516876 0.02289333725
v -0.04378207779 0.1957436981 0.02256087685
v -0.04374362564 0.1954049683 0.02249764633
v -0.04366597748 0.1938013 0.02952746582
v -0.04291848755 0.1947386627 0.02244790077
v -0.04271650696 0.1776819305 0.02755430603
v -0.04242810822 0.1746887054 0.02743185997
v -0.04211471939 0.1717268066 0.02707278252
v -0.04204758072 0.1711564941 0.02694589615
v -0.04204681015 0.1784981537 0.02767222977
v -0.04197101974 0.1706231537 0.02671021461
v -0.0418879776 0.1701472626 0.02637479591
v -0.04184685516 0.1787724915 0.01931766891
v -0.041801651 0.1697471313 0.02595252991
v -0.0417153511 0.1694381256 0.02545964622
v -0.0416323967 0.169232132 0.02491508293
v -0.04155597687 0.1691370544 0.02433976936
v -0.04153872681 0.1762949677 0.01862660408
v -0.04148902893 0.1691565399 0.0237558136
v -0.04144527817 0.1754102478 0.01852068901
v -0.04140300751 0.1693392181 0.02288295174
v -0.04136677933 0.1745181885 0.01854750824
v -0.04133288193 0.1696498871 0.02204556274
v -0.04130497742 0.1736386719 0.01870646286
v -0.0412802124 0.1700816345 0.02126231766
v -0.04126125717 0.172791275 0.01899401093
v -0.04124617386 0.1706248322 0.02055067825
v -0.04123659134 0.1719949341 0.01940373993
v -0.04123152542 0.1712673798 0.01992651367
v -0.04120634842 0.1796548767 0.019632164
v -0.04119529343 0.1795659637 0.01960736465
v -0.04014152145 0.2021194305 0.02489751244
v -0.04004161835 0.2017260132 0.02435467339
v -0.04003008652 0.2015846863 0.0243666153
v -0.03994334793 0.2014194489 0.02375818634
v -0.03992263794 0.2009668427 0.0239342308
v -0.0398489418 0.2012066956 0.02312158966
v -0.039822258 0.2002836151 0.02361275291
v -0.03976054382 0.2010925751 0.02245932388
v -0.03973182297 0.1995545654 0.02341139221
v -0.03968016052 0.2010796661 0.0217864151
v -0.03964848328 0.2010610504 0.02153177261
v -0.03961252594 0.2009778595 0.02129098892
v -0.03957466888 0.2008355713 0.02107999992
v -0.03953741455 0.200643631 0.02091277122
v -0.03950323486 0.2004147491 0.02080037498
v -0.03947438812 0.2001640472 0.02075024986
v -0.03938073349 0.1961465759 0.02307893181
v -0.03754680634 0.1799898529 0.02006290627
v -0.03713738632 0.1766978455 0.01914465714
v -0.0360863533 0.2024906311 0.02537482071
v -0.03598644638 0.2020972137 0.02483197975
v -0.03597491837 0.2019558868 0.02484392166
v -0.03588817978 0.2017906494 0.02423549461
v -0.03586746979 0.2013380432 0.02441153908
v -0.03579377365 0.2015778961 0.02359889793
v -0.03576708984 0.2006548004 0.02409006119
v -0.03570537567 0.2014637756 0.02293663216
v -0.03567665482 0.199925766 0.02388869858
v -0.03562499237 0.2014508667 0.02226372337
v -0.03559331512 0.201432251 0.02200908089
v -0.03555735779 0.2013490448 0.02176829529
v -0.03551950073 0.2012067719 0.02155730629
v -0.0354822464 0.2010148315 0.0213900795
v -0.03544806671 0.2007859497 0.02127768326
v -0.03541921616 0.2005352478 0.02122755814
v -0.03532556534 0.1965177765 0.02355623817
v -0.03349163818 0.1803610535 0.02054021263
v -0.03308221817 0.177069046 0.01962196541
v -0.03231193924 0.2027572632 0.03132514954
v -0.03230358505 0.2031849518 0.03092157745
v -0.03230328751 0.2022597198 0.03163858604
v -0.03229172134 0.194842453 0.03086625671
v -0.03227855301 0.2035263672 0.03044338036
v -0.03227796555 0.2017114563 0.03184984398
v -0.0322378006 0.2037683868 0.02990893555
v -0.03223694992 0.2011335297 0.03195080566
v -0.03218289566 0.2039017029 0.02933877945
v -0.03218181229 0.200548172 0.03193758774
v -0.03209824753 0.2039374695 0.02859182358
v -0.03200282288 0.2038479767 0.02785069466
v -0.03189928627 0.2036357269 0.02713612175
v -0.03186842537 0.1975862732 0.03157850838
v -0.03179053307 0.2033066406 0.02646809196
v -0.03167960739 0.2028699341 0.02586528969
v -0.03163678741 0.195640152 0.03112400627
v -0.03156960869 0.2023378143 0.02534457588
v -0.03154423523 0.1957798157 0.02378668976
v -0.03146361732 0.201725174 0.02492051315
v -0.03136459541 0.2010491486 0.0246049633
v -0.03127531242 0.2003286438 0.02440675163
v -0.03092422485 0.1969206696 0.02407429123
v -0.03088577652 0.1965819397 0.02401106071
v -0.03067255783 0.1795393066 0.02901101875
v -0.02985865784 0.178858902 0.02906772041
v -0.0298320961 0.1806960297 0.0209709549
v -0.0298210392 0.180607132 0.02094615364
v -0.02957025528 0.1758656769 0.02894527435
v -0.02925686836 0.1729037781 0.0285861969
v -0.02918972969 0.1723334656 0.02845930862
v -0.02911316681 0.1718001099 0.02822362709
v -0.02903012657 0.171324234 0.0278882103
v -0.02898900223 0.1799494629 0.0208310833
v -0.02894379807 0.1709241028 0.02746594429
v -0.02885749817 0.170615097 0.02697306061
v -0.02877454567 0.1704090881 0.02642849731
v -0.02869812584 0.1703140106 0.02585318375
v -0.02868087578 0.1774719238 0.02014001846
v -0.02863117599 0.1703335114 0.02526922798
v -0.02858742714 0.1765872192 0.02003410339
v -0.02854515839 0.1705161743 0.02439636612
v -0.0285089283 0.1756951599 0.02006092262
v -0.02847503281 0.1708268433 0.02355897713
v -0.0284471283 0.1748156281 0.02021987724
v -0.02842236328 0.1712585907 0.02277573204
v -0.02840340614 0.1739682465 0.02050742531
v -0.02838832283 0.1718018036 0.02206409264
v -0.0283787384 0.1731718903 0.02091715431
v -0.02837367249 0.1724443359 0.02143992805
v -0.04510472488 0.2004757462 0.03011795425
v -0.0387408638 0.2021687775 0.03056844234
v -0.03873653793 0.2019200058 0.0307251606
v -0.0451005497 0.2006895981 0.02991616821
v -0.03873668861 0.2023826294 0.0303666563
v -0.03873251152 0.2025964737 0.03016487026
v -0.03873221397 0.2016712341 0.03088187885
v -0.03871955299 0.2013971024 0.03098750782
v -0.04508803368 0.2008603058 0.02967706966
v -0.0387199955 0.2027671814 0.02992577171
v -0.03870747948 0.2029378891 0.02968667316
v -0.03870689201 0.2011229706 0.03109313774
v -0.0386863842 0.2008340073 0.03114361858
v -0.04506765556 0.2009813156 0.02940984726
v -0.03868710136 0.2030588989 0.02941945076
v -0.03866672516 0.2031799088 0.02915222836
v -0.03866587639 0.2005450516 0.03119409847
v -0.03863830757 0.2002523727 0.03118748951
v -0.04504020309 0.2010479736 0.02912476921
v -0.03863927269 0.2032465668 0.02886715031
v -0.03861182022 0.2033132248 0.02858207226
v -0.04499788094 0.2010658569 0.02875129128
v -0.04495016861 0.2010211105 0.02838072681
v -0.04489839935 0.200914978 0.02802344036
v -0.0448829689 0.1978902512 0.03024463463
v -0.04484402275 0.2007504349 0.02768942547
v -0.04478856087 0.2005320816 0.02738802433
v -0.04473356056 0.2002660294 0.02712766743
v -0.04468056488 0.1999597092 0.02691563606
v -0.04463105392 0.1996216965 0.02675786114
v -0.04458641243 0.1992614441 0.0266587553
v -0.03861073685 0.1999596863 0.03118088055
v -0.03856949806 0.2033311081 0.02820859432
v -0.038527174 0.2033489914 0.02783511639
v -0.03847946167 0.203304245 0.02746455193
v -0.03843174934 0.2032594986 0.02709398746
v -0.03837998009 0.2031533661 0.02673670101
v -0.03832821178 0.2030472412 0.02637941456
v -0.04461045837 0.1954362488 0.02983784389
v -0.04442971992 0.1977804947 0.02647921658
v -0.04425417709 0.1960764999 0.02631298637
v -0.03845404434 0.1984787369 0.03100134182
v -0.03829735088 0.1969977875 0.03082180214
v -0.03818153191 0.1960247269 0.03059455109
v -0.04239495277 0.2021245499 0.02492609501
v -0.03827383518 0.2028826981 0.02604539967
v -0.03821945858 0.2027181549 0.02571138477
v -0.04233949089 0.2019061966 0.02462469387
v -0.04228377342 0.2016388245 0.0243592453
v -0.04413835907 0.195103447 0.02608573437
v -0.044119133 0.194934082 0.02605411911
v -0.03839318085 0.1946528244 0.0302384243
v -0.03806571388 0.1950516739 0.03036729908
v -0.04222877312 0.2013727722 0.0240988884
v -0.04217504883 0.2010638504 0.02388269615
v -0.04212205315 0.2007575302 0.02367066479
v -0.04207186317 0.2004159164 0.02350992584
v -0.04202235222 0.2000779037 0.02335215092
v -0.0419771347 0.1997133789 0.02325147057
v -0.04395762062 0.1974476929 0.02272710705
v -0.04193249321 0.1993531265 0.02315236473
v -0.04175694847 0.1976491318 0.02298613453
v -0.04158140564 0.195945137 0.02281990433
v -0.04370480156 0.1946031342 0.02601255608
v -0.04329223251 0.1942699814 0.0259876833
v -0.04285639381 0.1861497269 0.02859984779
v -0.03797884941 0.1943218765 0.03019686127
v -0.03716926765 0.1866703033 0.02926924229
v -0.04248264885 0.1866184082 0.02506006527
v -0.04206241798 0.1871967697 0.02104003239
v -0.04114961052 0.1954426193 0.02276341629
v -0.04023264694 0.1873642578 0.02125540352
v -0.04257230759 0.176185318 0.027493083
v -0.04228168106 0.178227211 0.02343598747
v -0.04195590019 0.1786239471 0.02358083534
v -0.0362875824 0.1782704163 0.02831101322
v -0.0422714138 0.173207756 0.02725232124
v -0.04213748169 0.1767305984 0.02337476444
v -0.04198341751 0.1754918365 0.02302923203
v -0.04193669319 0.1750494766 0.02297627449
v -0.04189744377 0.174603447 0.0229896841
v -0.04186654282 0.1741636887 0.02306916142
v -0.04184468269 0.1737399902 0.02321293545
v -0.04183714104 0.1726567688 0.02399126911
v -0.04183234978 0.1733418198 0.02341779995
v -0.04182981682 0.1729780426 0.02367918682
v -0.03614338303 0.1767738037 0.02824979019
v -0.03599918175 0.1752771912 0.02818856716
v -0.0419581852 0.170736969 0.02651265621
v -0.04191503525 0.1705824661 0.02626621437
v -0.04187355804 0.1704794693 0.02599393272
v -0.04183534813 0.1704319305 0.02570627594
v -0.04180187416 0.1704416733 0.02541429806
v -0.04175886345 0.1705330124 0.02497786713
v -0.04172380066 0.1706883469 0.02455917263
v -0.0416974659 0.1709042206 0.02416755009
v -0.04168044662 0.1711758194 0.02381173038
v -0.03584248734 0.1737962418 0.02800902843
v -0.03568579388 0.1723152924 0.02782948971
v -0.03565222454 0.1720301361 0.02776604557
v -0.0356186552 0.1717449799 0.02770260239
v -0.03558037376 0.171478302 0.02758476162
v -0.04162657928 0.1790765152 0.02365219688
v -0.04162105179 0.1790320587 0.02363979721
v -0.03635968399 0.1790187302 0.02834162426
v -0.03595273399 0.1786785278 0.02836997509
v -0.03554209328 0.1712116318 0.02746692085
v -0.03550057316 0.1709736938 0.02729921246
v -0.03545905209 0.1707357483 0.02713150311
v -0.03541588783 0.1705356827 0.0269203701
v -0.04169279099 0.1775337296 0.0189721365
v -0.03949212074 0.1777351685 0.01923116302
v -0.03537272453 0.1703356171 0.0267092371
v -0.03532957458 0.1701811142 0.02646279526
v -0.03528642464 0.1700266113 0.02621635342
v -0.03524494839 0.1699236069 0.02594407177
v -0.03520347118 0.16982061 0.02567179012
v -0.03516526127 0.1697730713 0.02538413334
v -0.03512705135 0.1697255325 0.02509647655
v -0.03509357643 0.1697352829 0.02480449867
v -0.03933805656 0.1764964066 0.01888563061
v -0.03506010246 0.1697450256 0.02451252079
v -0.03501709366 0.1698363571 0.02407608986
v -0.03929133224 0.1760540466 0.01883267307
v -0.03726374817 0.1762396469 0.01907132721
v -0.03501635265 0.1759987335 0.0192773962
v -0.03497408295 0.1699276962 0.02363965893
v -0.03493902016 0.1700830307 0.02322096443
v -0.03497710323 0.1755527039 0.01929080582
v -0.03493785381 0.1751066742 0.01930421543
v -0.03490395737 0.1702383652 0.02280226994
v -0.0348776226 0.1704542389 0.02241064739
v -0.03490695286 0.1746669159 0.01938369274
v -0.03487605286 0.17422715 0.01946317005
v -0.03485128784 0.1706701126 0.02201902485
v -0.03483426762 0.1709417191 0.02166320515
v -0.03485419273 0.1738034515 0.01960694408
v -0.03483233166 0.1733797607 0.01975071812
v -0.03481724834 0.1712133179 0.02130738544
v -0.03480992317 0.171534584 0.02099530315
v -0.03481999874 0.1729815903 0.01995558262
v -0.03480766487 0.1725834122 0.02016044712
v -0.03480513191 0.172219635 0.02042183399
v -0.03480259895 0.1718558578 0.02068322086
v -0.03937657738 0.1798223648 0.01984753513
v -0.03937104988 0.1797779083 0.01983513546
v -0.03916633987 0.1781319046 0.01937601089
v -0.03811393738 0.2023050308 0.02513616657
v -0.03596602726 0.2027130356 0.0256828022
v -0.03806398582 0.2021083221 0.02486474705
v -0.03801403236 0.2019116135 0.02459332657
v -0.03796489716 0.2017583313 0.02429508305
v -0.03791576385 0.2016050491 0.02399684048
v -0.03961483765 0.1986766357 0.02310026073
v -0.03786856079 0.2014986725 0.02367854214
v -0.03782135773 0.2013922958 0.0233602438
v -0.03957063866 0.1986195755 0.02276912785
v -0.03865367508 0.190541214 0.02126111507
v -0.03777715874 0.2013352356 0.02302911091
v -0.03773295975 0.2012781754 0.02269797802
v -0.03955627823 0.1978505707 0.02324516201
v -0.03861348343 0.1905347595 0.02092466068
v -0.0376927681 0.2012717209 0.02236152363
v -0.03765257645 0.2012652664 0.02202506924
v -0.03859764481 0.1905254517 0.02079733944
v -0.03763673782 0.2012559586 0.02189774799
v -0.0376208992 0.2012466507 0.02177042675
v -0.03857966614 0.1904838562 0.02067694759
v -0.03760292053 0.2012050552 0.0216500349
v -0.03758494186 0.2011634521 0.02152964211
v -0.03756601334 0.201092308 0.02142414761
v -0.03754708481 0.2010211716 0.02131865311
v -0.03752845764 0.2009252014 0.02123503876
v -0.03750983047 0.2008292313 0.02115142536
v -0.03749274063 0.2007147903 0.02109522724
v -0.03747565079 0.2006003494 0.02103902912
v -0.03851059723 0.1900769501 0.02040657806
v -0.03830588722 0.1884309464 0.0199474535
v -0.03746122742 0.2004749985 0.02101396656
v -0.03744680214 0.2003496475 0.020988904
v -0.03627830315 0.1886165466 0.02018610764
v -0.03846376991 0.1880682144 0.02157091904
v -0.03734209633 0.1783438492 0.0196037817
v -0.03510980225 0.1768834457 0.01938331127
v -0.03393844318 0.2028986359 0.02592145634
v -0.03388298035 0.2026802826 0.0256200552
v -0.03382726288 0.2024129105 0.02535460567
v -0.03377226353 0.2021468506 0.02509424877
v -0.03371853924 0.2018379288 0.02487805748
v -0.03366554356 0.2015316086 0.02466602612
v -0.03555966949 0.1990478363 0.02357756805
v -0.03361535358 0.2011899872 0.02450528717
v -0.03356584263 0.2008519745 0.02434751225
v -0.0355154705 0.1989907761 0.02324643517
v -0.03459850693 0.1909124146 0.02173842239
v -0.03550111008 0.1982217712 0.02372246838
v -0.03352062511 0.2004874573 0.02424683094
v -0.03347598362 0.2001272049 0.02414772511
v -0.03330043983 0.1984232178 0.0239814949
v -0.03455831528 0.1909059601 0.021401968
v -0.03454247665 0.1908966522 0.02127464676
v -0.03452449799 0.1908550491 0.02115425396
v -0.03445542717 0.1904481506 0.02088388538
v -0.03425071716 0.1888021469 0.02042476177
v -0.03440860176 0.188439415 0.0220482254
v -0.03343490028 0.1961487961 0.02367146397
v -0.0331248951 0.196719223 0.0238152647
v -0.03328692818 0.1787150497 0.02008108902
v -0.03251793671 0.1880704346 0.02216345119
v -0.03166186714 0.1805285416 0.02075558376
v -0.03165633869 0.1804840927 0.02074318314
v -0.03145162868 0.178838089 0.02028405952
v -0.0310356102 0.1785092545 0.02022652435
v -0.03088154697 0.1772704849 0.01988099194
v -0.03083482265 0.1768281326 0.0198280344
v -0.03224687576 0.2016527176 0.03163136864
v -0.03224269867 0.2018665619 0.0314295826
v -0.03191797829 0.1953111343 0.02732647324
v -0.03158874893 0.1957121964 0.02743865871
v -0.03148213959 0.1871908798 0.02993863773
v -0.03223018265 0.2020372696 0.03119048405
v -0.03220980644 0.2021582794 0.03092326164
v -0.03218235397 0.2022249374 0.03063818359
v -0.03214002991 0.2022428207 0.03026470566
v -0.03209231758 0.2021980743 0.0298941412
v -0.03204054928 0.2020919495 0.02953685474
v -0.03202511883 0.1990672226 0.03175804806
v -0.03198617268 0.2019274063 0.02920283985
v -0.03193070984 0.201709053 0.02890143871
v -0.03187571049 0.2014429932 0.02864108181
v -0.03182271481 0.201136673 0.02842905045
v -0.03177320385 0.2007986603 0.02827127552
v -0.03172856236 0.2004384079 0.02817216969
v -0.03175260639 0.1966132126 0.03135125732
v -0.0315718689 0.1989574585 0.02799263
v -0.03139632511 0.1972534714 0.0278263998
v -0.03128050613 0.1962804108 0.02759914875
v -0.03126128197 0.1961110458 0.02756753349
v -0.03110839653 0.1876595612 0.02639885426
v -0.03068816566 0.1882379227 0.02237882233
v -0.03109976864 0.1986246567 0.02424052143
v -0.03025232697 0.1801176682 0.02499098682
v -0.03024679852 0.1800732193 0.0249785862
v -0.02983984852 0.179733017 0.02500693703
v -0.02971445656 0.1773622894 0.02900649738
v -0.02942383003 0.1794041824 0.02494940186
v -0.02941356182 0.1743847275 0.02876573563
v -0.02927962875 0.1779075699 0.02488817883
v -0.02912556553 0.1766688004 0.02454264641
v -0.02907884121 0.1762264481 0.02448968887
v -0.02903959179 0.1757804184 0.02450309849
v -0.02900869179 0.1753406525 0.0245825758
v -0.02898683071 0.1749169617 0.02472634983
v -0.02897928905 0.1738337402 0.02550468349
v -0.02897449684 0.1745187836 0.02493121433
v -0.02897196388 0.1741550064 0.0251926012
v -0.02910033321 0.1719139404 0.02802607059
v -0.02905718327 0.1717594376 0.02777962875
v -0.02901570702 0.1716564331 0.02750734711
v -0.0289774971 0.1716088943 0.02721969032
v -0.02894402218 0.1716186447 0.02692771244
v -0.02890101337 0.1717099762 0.02649128151
v -0.02886595058 0.1718653107 0.02607258701
v -0.02883961582 0.1720811844 0.02568096447
v -0.0288225956 0.1723527908 0.02532514477
v -0.028834939 0.1787106934 0.02048555088
v -0.04195532608 0.2018745346 0.03019008875
v -0.04195316315 0.2017501488 0.03026844788
v -0.04195100117 0.2016257629 0.030346807
v -0.04195115089 0.2020883865 0.02998830271
v -0.0419490633 0.2021953125 0.02988740969
v -0.04194697475 0.2023022346 0.02978651667
v -0.04194667721 0.2013769913 0.03050352526
v -0.04194034672 0.2012399254 0.03055633974
v -0.04193401623 0.2011028595 0.0306091547
v -0.04193445873 0.2024729424 0.02954741812
v -0.04192820072 0.2025582962 0.02942786884
v -0.04192194271 0.2026436501 0.02930831957
v -0.04192135525 0.2008287277 0.03071478462
v -0.04191110134 0.2006842461 0.03074002504
v -0.04190084743 0.2005397682 0.03076526499
v -0.0419015646 0.2027646599 0.02904109716
v -0.04189137554 0.2028251648 0.02890748596
v -0.04188118744 0.2028856697 0.02877387476
v -0.04188033962 0.2002508125 0.03081574488
v -0.04186655521 0.2001044731 0.0308124404
v -0.04185276985 0.1999581299 0.03080913591
v -0.04185373497 0.2029523277 0.02848879671
v -0.04504047394 0.2018863602 0.02847506714
v -0.04184000874 0.2029856567 0.02834625769
v -0.0418262825 0.2030189857 0.02820371866
v -0.04503993225 0.2002095871 0.02977447128
v -0.04501877117 0.2002185287 0.02958773232
v -0.04499491501 0.2001961555 0.02940245008
v -0.04496903038 0.2001430893 0.02922380686
v -0.04494184208 0.2000608177 0.02905679941
v -0.04491411114 0.1999516411 0.02890609884
v -0.04488661098 0.199818615 0.02877592039
v -0.04486011314 0.1996654549 0.02866990471
v -0.04483535767 0.1994964485 0.02859101725
v -0.04481303692 0.1993163223 0.02854146433
v -0.04182519913 0.1996654434 0.03080252695
v -0.04178396034 0.203036869 0.02783024073
v -0.0449769907 0.2019131851 0.02791485023
v -0.04495313454 0.2018908119 0.027729568
v -0.04176279926 0.2030458107 0.02764350176
v -0.04174163723 0.2030547523 0.02745676279
v -0.04490542221 0.2018460655 0.02735900354
v -0.04487953758 0.2017929993 0.02718036032
v -0.0416939249 0.203010006 0.02708619833
v -0.04167006874 0.2029876328 0.0269009161
v -0.04164621258 0.2029652596 0.02671563387
v -0.04482776833 0.2016868668 0.02682307386
v -0.04480058002 0.2016045952 0.02665606642
v -0.04159444332 0.202859127 0.02635834742
v -0.04156855869 0.2028060608 0.02617970419
v -0.04154267454 0.2027529984 0.02600106096
v -0.04457799816 0.1970948982 0.02827215624
v -0.04449022675 0.1962429008 0.02818904114
v -0.04159016037 0.1974440193 0.03053321886
v -0.04151181364 0.1967035446 0.03044344902
v -0.04145390415 0.1962170143 0.03032982349
v -0.04474620342 0.201440052 0.02632205153
v -0.04471847248 0.2013308754 0.02617135096
v -0.04148829794 0.2025884552 0.02566704607
v -0.04352166843 0.2021271095 0.0249403863
v -0.04146110964 0.2025061836 0.02550003862
v -0.04143392134 0.202423912 0.02533303118
v -0.0446630106 0.2011125221 0.02586994982
v -0.04463551044 0.200979496 0.02573977137
v -0.04346620655 0.2019087563 0.02463898516
v -0.04343847561 0.2017995796 0.02448828459
v -0.04341061687 0.2016658936 0.0243555603
v -0.04431649971 0.1947833214 0.02784816313
v -0.04430688667 0.1946986389 0.0278323555
v -0.0414439106 0.1945580101 0.02992450809
v -0.04128017712 0.1947574348 0.02998894548
v -0.04123674488 0.1943925362 0.02990372658
v -0.04458051014 0.2007134438 0.02547941446
v -0.0445540123 0.2005602837 0.02537339878
v -0.04335561657 0.2013998413 0.0240952034
v -0.04332811642 0.2012668152 0.02396502495
v -0.04330125427 0.2011123543 0.02385692883
v -0.04450101662 0.2002539635 0.02516136742
v -0.04447626114 0.2000849571 0.02508247995
v -0.04324825859 0.2008060341 0.02364489746
v -0.04322176075 0.200652874 0.02353888178
v -0.04319666576 0.2004820671 0.02345851231
v -0.04442675018 0.1997469444 0.02492470503
v -0.04440442944 0.1995668182 0.02487515211
v -0.04314715481 0.2001440544 0.02330073738
v -0.04312239933 0.1999750481 0.02322184992
v -0.04309979057 0.1997927856 0.02317150974
v -0.04435978794 0.1992065659 0.02477604628
v -0.04428144169 0.1984660912 0.02468627691
v -0.04305514908 0.1994325333 0.02307240391
v -0.04303282833 0.1992524071 0.02302285099
v -0.04294505596 0.1984004097 0.02293973589
v -0.04401812744 0.195910099 0.02443693161
v -0.04396021843 0.1954235725 0.02432330561
v -0.04395060539 0.1953388901 0.02430749798
v -0.04268174171 0.1958444176 0.02269039059
v -0.04393137932 0.1951695251 0.02427588272
v -0.0437242136 0.1950040512 0.0242551012
v -0.04351792908 0.1948374748 0.02424266481
v -0.04389255524 0.194367691 0.02779079247
v -0.04368538952 0.1942022171 0.02777001095
v -0.043479105 0.1940356407 0.02775757456
v -0.04326118565 0.1899755135 0.02906365681
v -0.04082241344 0.1940615883 0.02986216354
v -0.04041762257 0.1902358017 0.02939835405
v -0.04310536003 0.1945043221 0.02421779203
v -0.0427005682 0.1906785355 0.02375398302
v -0.04249045277 0.1909677162 0.02174396658
v -0.04157556725 0.1910514603 0.02185165215
v -0.04249909401 0.1779545708 0.02549514675
v -0.04233620358 0.1781529388 0.02556757069
v -0.03950204468 0.1779761734 0.02793265963
v -0.04216877937 0.1783569946 0.02559705162
v -0.04228279495 0.1757096519 0.02540331221
v -0.04220576286 0.175090271 0.025230546
v -0.0421824007 0.174869091 0.02520406723
v -0.04216277599 0.1746460762 0.02521077204
v -0.04214732552 0.1744261971 0.02525051069
v -0.04213639545 0.1742143478 0.02532239771
v -0.04213262463 0.1736727371 0.02571156454
v -0.042130229 0.1740152626 0.02542482996
v -0.04212896252 0.173833374 0.0255555234
v -0.03928574562 0.1757312546 0.02784082508
v -0.03921364498 0.1749829483 0.02781021357
v -0.04195829678 0.17108424 0.02624354029
v -0.04193679142 0.1711299095 0.02602532482
v -0.04191926003 0.1712075768 0.02581597757
v -0.04190609264 0.1713155136 0.0256201663
v -0.04189758301 0.171451313 0.02544225645
v -0.03897860336 0.1727615242 0.02754090548
v -0.03890025663 0.1720210495 0.02745113611
v -0.03888347197 0.1718784714 0.02741941404
v -0.0388666873 0.1717358932 0.02738769245
v -0.03883311796 0.171450737 0.02732424927
v -0.03881397724 0.1713173981 0.02726532888
v -0.038794837 0.171184063 0.0272064085
v -0.04245160198 0.1823239403 0.02813603878
v -0.0422647295 0.1825582809 0.02636614752
v -0.03916719627 0.178384285 0.02799162149
v -0.04183669472 0.1787873344 0.02566221333
v -0.04183393097 0.1787651062 0.02565601349
v -0.03920324707 0.1787584419 0.02800692701
v -0.03899977207 0.1785883408 0.02802110243
v -0.03875655651 0.1709173927 0.02708856773
v -0.03873579645 0.1707984238 0.02700471354
v -0.03871503592 0.170679451 0.02692085886
v -0.03867351484 0.1704415054 0.02675314951
v -0.03865193272 0.1703414726 0.02664758301
v -0.03863035107 0.1702414398 0.02654201651
v -0.04206426811 0.1784998512 0.02137682819
v -0.04199216843 0.177751545 0.02134621668
v -0.04066948795 0.17825383 0.01927441597
v -0.04050659752 0.178452198 0.0193468399
v -0.03858718777 0.1700413742 0.0263308835
v -0.03856561279 0.1699641228 0.02620766258
v -0.03854403782 0.1698868713 0.02608444166
v -0.03850088787 0.1697323685 0.02583799982
v -0.03848014975 0.1696808662 0.025701859
v -0.03845941114 0.1696293678 0.02556571817
v -0.03841793394 0.169526371 0.02529343653
v -0.03839882898 0.1695026016 0.02514960814
v -0.03837972403 0.1694788322 0.02500577974
v -0.04171476746 0.1698082619 0.02516685104
v -0.03834151411 0.1694312935 0.02471812296
v -0.03832477665 0.1694361687 0.02457213402
v -0.03830803967 0.16944104 0.02442614508
v -0.04176107216 0.1758934021 0.02082791805
v -0.04173771 0.1756722221 0.02080143929
v -0.04043839169 0.1763956871 0.01875611734
v -0.04166218853 0.1697942352 0.02473104477
v -0.04164545155 0.1697991066 0.02458505583
v -0.0382745657 0.1694507828 0.02413416719
v -0.03825306129 0.1694964485 0.02391595173
v -0.03823155594 0.1695421181 0.02369773626
v -0.04169098568 0.1752298622 0.02074848175
v -0.04167136097 0.1750068474 0.02075518656
v -0.04039166737 0.1759533272 0.01870315981
v -0.04036830521 0.1757321472 0.01867668104
v -0.03935451317 0.1758249474 0.01879600811
v -0.03823081541 0.1757044907 0.01889904261
v -0.04160244083 0.1698904457 0.0241486249
v -0.04158093548 0.1699361153 0.02393040943
v -0.03818854523 0.1696334572 0.02326130533
v -0.03817101383 0.1697111244 0.02305195808
v -0.03815348244 0.1697887917 0.02284261084
v -0.04163211155 0.1745608177 0.02076859617
v -0.04161666107 0.1743409386 0.02080833483
v -0.03819156599 0.175258461 0.01891245222
v -0.03817194128 0.1750354462 0.01891915703
v -0.03815231657 0.1748124313 0.01892586184
v -0.04154587269 0.1700914497 0.02351171494
v -0.04152834129 0.170169117 0.02330236769
v -0.03811841965 0.1699441261 0.02242391634
v -0.03810525227 0.170052063 0.02222810507
v -0.03809208488 0.1701599998 0.0220322938
v -0.04158576012 0.1739011803 0.02088781214
v -0.04157483006 0.1736893311 0.02095969915
v -0.03812141562 0.174372673 0.01900533915
v -0.03810596514 0.1741527939 0.0190450778
v -0.03809051514 0.1739329109 0.01908481646
v -0.04150200653 0.1703849907 0.02291074514
v -0.04148883915 0.1704929276 0.02271493387
v -0.03806575012 0.1703758736 0.02164067125
v -0.03805724001 0.1705116768 0.0214627614
v -0.03804873037 0.1706474762 0.02128485155
v -0.04155296993 0.1732656326 0.02110347319
v -0.04154680347 0.1730665474 0.02120590544
v -0.03806865501 0.1735092125 0.01922859049
v -0.03805772495 0.1732973633 0.0193004775
v -0.03804679441 0.1730855179 0.01937236452
v -0.04154165745 0.1716408005 0.02227097368
v -0.04147181988 0.1707645264 0.02235911417
v -0.04146331024 0.1709003258 0.02218120432
v -0.0380317111 0.170919075 0.02092903185
v -0.03802804852 0.1710797081 0.0207729907
v -0.03802438641 0.171240345 0.02061694956
v -0.04153447056 0.1726683769 0.02141076994
v -0.04153320408 0.1724864883 0.02154146338
v -0.0380344615 0.1726873474 0.01957722902
v -0.03802829504 0.1724882622 0.01967966127
v -0.03802212811 0.1722891731 0.01978209352
v -0.04153433323 0.1719620743 0.02195889139
v -0.04153067112 0.1721227112 0.02180285025
v -0.03801959515 0.171925396 0.0200434804
v -0.03801832867 0.1717435074 0.02017417383
v -0.03801706219 0.1715616188 0.02030486727
v -0.0416343832 0.1834258232 0.02033609819
v -0.04141646385 0.179365696 0.02164218044
v -0.0414137001 0.1793434677 0.02163598061
v -0.04173848724 0.1788965874 0.02152167606
v -0.04157559681 0.1790949554 0.0215941
v -0.04140817261 0.1792990112 0.02162358093
v -0.04018081665 0.1788489342 0.01949168777
v -0.04126823711 0.2021219902 0.02491180372
v -0.04124050617 0.2020128136 0.02476110315
v -0.04121264744 0.2018791275 0.02462837887
v -0.03912772942 0.2022122307 0.0250168395
v -0.03805377436 0.2024162331 0.02529015732
v -0.03907777786 0.202015522 0.02474541998
v -0.03905280209 0.2019171677 0.02460971022
v -0.03902782536 0.2018188133 0.02447399998
v -0.04115692997 0.2016117554 0.0243629303
v -0.04112942982 0.2014787292 0.02423275185
v -0.04110256767 0.2013242683 0.02412465572
v -0.03897869015 0.2016655312 0.02417575645
v -0.03895412254 0.2015888901 0.02402663469
v -0.03892955589 0.201512249 0.02387751341
v -0.04104884338 0.2010153465 0.02390846348
v -0.04102234554 0.2008621864 0.0238024478
v -0.04099725056 0.2006913795 0.02372207832
v -0.03888235283 0.2014058723 0.02355921507
v -0.03973188972 0.1999416656 0.0231109252
v -0.0388587513 0.201352684 0.0234000659
v -0.03883514977 0.2012994957 0.02324091673
v -0.03970979023 0.1999131355 0.02294535875
v -0.04094706059 0.2003497658 0.02356133938
v -0.04092230511 0.2001807594 0.02348245192
v -0.04089969635 0.199998497 0.02343211174
v -0.03879095078 0.2012424355 0.02290978384
v -0.03966559124 0.1998560753 0.02261422586
v -0.03920710945 0.1958168945 0.02186021948
v -0.03876885128 0.2012139053 0.0227442174
v -0.03874675179 0.2011853752 0.02257865095
v -0.03918701363 0.1958136673 0.02169199228
v -0.04085447884 0.1996339722 0.02333143139
v -0.04083215809 0.199453846 0.02328187847
v -0.03870656013 0.2011789207 0.02224219656
v -0.03914682198 0.1958072128 0.02135553789
v -0.03868646431 0.2011756935 0.02207396936
v -0.03866636848 0.2011724663 0.02190574217
v -0.03913890266 0.1958025589 0.02129187727
v -0.03865052986 0.2011631584 0.02177842093
v -0.03912306404 0.195793251 0.02116455603
v -0.03864261055 0.2011585045 0.0217147603
v -0.03863469124 0.2011538506 0.02165109968
v -0.03911407471 0.1957724533 0.0211043601
v -0.03861671257 0.2011122551 0.02153070784
v -0.03909609604 0.1957308578 0.02098396826
v -0.03860772324 0.2010914574 0.02147051191
v -0.0385987339 0.2010706558 0.02141031551
v -0.03906156158 0.1955274048 0.02084878349
v -0.03857980537 0.2009995117 0.02130482101
v -0.03857034111 0.2009639397 0.02125207376
v -0.03856087685 0.2009283714 0.02119932652
v -0.03854224968 0.2008324013 0.02111571217
v -0.0385329361 0.2007844162 0.02107390499
v -0.03852362251 0.2007364311 0.02103209829
v -0.03850653267 0.2006219902 0.02097590017
v -0.03849798775 0.2005647697 0.02094780111
v -0.03848944283 0.2005075493 0.02091970205
v -0.03847501945 0.2003821983 0.02089463949
v -0.03899249268 0.1951204987 0.02057841396
v -0.03889013767 0.1942974968 0.02034885168
v -0.03846780777 0.2003195229 0.02088210821
v -0.03846059513 0.2002568474 0.02086957693
v -0.03787634563 0.1943902969 0.02046817875
v -0.04056884098 0.1968978539 0.02303253317
v -0.04048106956 0.1960458565 0.02294941807
v -0.03949778557 0.1974116058 0.02308959627
v -0.03947568607 0.1973830757 0.02292402983
v -0.0389222517 0.1921073952 0.02232492542
v -0.03888972664 0.1836770554 0.02065915489
v -0.03810024071 0.1852655334 0.02066201067
v -0.03808014488 0.1852623062 0.02049378347
v -0.03807222557 0.1852576523 0.02043012285
v -0.03806323624 0.1852368546 0.02036992693
v -0.03802870178 0.1850334015 0.02023474216
v -0.03800528812 0.1840290337 0.02081691265
v -0.03831475353 0.177216507 0.01918791008
v -0.03823772144 0.176597126 0.01901514387
v -0.03821435928 0.176375946 0.0189886651
v -0.0381518631 0.177414875 0.01926033401
v -0.03772163677 0.1825643959 0.01954605532
v -0.03612359428 0.1767906456 0.0192639842
v -0.03710014534 0.202397831 0.02525549364
v -0.03707516956 0.2022994766 0.02511978388
v -0.03705019283 0.2022011223 0.02498407364
v -0.03501239824 0.2026946335 0.02564813852
v -0.03498466682 0.2025854568 0.02549743795
v -0.03700023937 0.2020044136 0.02471265316
v -0.03697567177 0.2019277725 0.0245635314
v -0.03695110512 0.2018511314 0.02441441011
v -0.03492894936 0.2023180847 0.02523198843
v -0.03490109062 0.2021843987 0.02509926367
v -0.03487359095 0.2020513687 0.02496908522
v -0.03690197182 0.2016978493 0.02411616755
v -0.03687837029 0.2016446609 0.02395701838
v -0.03685476875 0.2015914726 0.02379786921
v -0.03481986666 0.2017424469 0.02475289392
v -0.03479300451 0.201587986 0.02464479828
v -0.03476650667 0.2014348259 0.0245387826
v -0.03680756569 0.201485096 0.02347957087
v -0.03678546619 0.2014565659 0.02331400442
v -0.0367633667 0.2014280357 0.02314843798
v -0.03567672157 0.2003128662 0.02358823299
v -0.03564744186 0.1998998337 0.02366068316
v -0.0347163167 0.2010932045 0.02437804365
v -0.03469122171 0.2009223938 0.02429767418
v -0.03466646624 0.2007533875 0.02421878672
v -0.03671916771 0.2013709755 0.02281730509
v -0.03669907188 0.2013677483 0.02264907789
v -0.03667897606 0.201364521 0.0224808507
v -0.03563252258 0.200255806 0.02325710011
v -0.03561042309 0.2002272758 0.02309153366
v -0.0351519413 0.1961880951 0.02233752728
v -0.03462124872 0.2003888702 0.02411810541
v -0.03459863997 0.2002066116 0.02406776476
v -0.03457631922 0.2000264854 0.02401821184
v -0.03448854733 0.1991744919 0.02393509674
v -0.03663878441 0.2013580666 0.02214439631
v -0.0366308651 0.2013534126 0.02208073568
v -0.03662294579 0.2013487587 0.02201707506
v -0.03511174965 0.1961816406 0.02200107288
v -0.03509165382 0.1961784134 0.02183284569
v -0.03660710716 0.2013394508 0.02188975382
v -0.03659811783 0.2013186531 0.0218295579
v -0.03658912849 0.2012978516 0.0217693615
v -0.0350758152 0.1961691055 0.02170552444
v -0.03506789589 0.1961644516 0.02164186382
v -0.03657114983 0.2012562485 0.0216489687
v -0.03656168556 0.2012206764 0.02159622145
v -0.0365522213 0.2011851082 0.0215434742
v -0.03504991722 0.1961228485 0.02152147102
v -0.03504092789 0.196102047 0.02146127462
v -0.03653329277 0.2011139717 0.0214379797
v -0.03652397919 0.2010659866 0.02139617252
v -0.0365146656 0.2010180016 0.02135436583
v -0.03649603844 0.2009220314 0.02127075243
v -0.03648749352 0.2008648109 0.02124265337
v -0.03647894859 0.2008075905 0.02121455431
v -0.03646185875 0.2006931496 0.02115835619
v -0.03645464706 0.2006304741 0.02114582491
v -0.03644743443 0.2005677986 0.02113329363
v -0.03643300915 0.2004424477 0.02110823107
v -0.03497185707 0.1956951485 0.02119090605
v -0.03493732166 0.1954916992 0.02105572176
v -0.03483496666 0.1946686974 0.02082615995
v -0.03544261742 0.1977828064 0.02356690311
v -0.03542051792 0.1977542763 0.02340133667
v -0.03486708355 0.1924785957 0.02280223179
v -0.03422523022 0.1966184998 0.02368575144
v -0.03404507256 0.185636734 0.02113931751
v -0.03402497673 0.1856335068 0.02097109032
v -0.03401705742 0.1856288528 0.0209074297
v -0.03400806808 0.1856080513 0.0208472333
v -0.03397353268 0.1854046021 0.02071204901
v -0.03395011997 0.1844002342 0.02129421902
v -0.03300478745 0.184215744 0.02135183191
v -0.03517298317 0.1766543465 0.01934664631
v -0.03468026066 0.1828427963 0.01990403652
v -0.03409601021 0.1769762459 0.01950263834
v -0.03366646767 0.1829355965 0.02002336359
v -0.03226692343 0.1779535675 0.01995301247
v -0.03205891418 0.1777891502 0.01992424488
v -0.03198188257 0.1771697655 0.01975147867
v -0.03195852041 0.1769485893 0.0197249999
v -0.03552640152 0.2024630203 0.03094679594
v -0.03552431393 0.2025699463 0.03084590292
v -0.03552222538 0.2026768684 0.0307450099
v -0.03551804829 0.2028907127 0.03054322386
v -0.03551179028 0.2029760666 0.03042367458
v -0.03550553226 0.2030614204 0.03030412531
v -0.03552207565 0.2022142487 0.03110351419
v -0.03551991272 0.2020898628 0.03118187332
v -0.03551775074 0.201965477 0.03126023245
v -0.0353424511 0.1947476387 0.03055234051
v -0.03517871761 0.1949470634 0.0306167779
v -0.03513528538 0.1945821648 0.03053155899
v -0.03210484982 0.1950767937 0.02909636497
v -0.03194023514 0.1952773247 0.02915245771
v -0.03188693047 0.1910166664 0.03040244722
v -0.03549301624 0.2032321281 0.03006502676
v -0.03548282719 0.2032926331 0.02993141556
v -0.03547263908 0.203353138 0.02979780436
v -0.03550508976 0.2016913452 0.03136586142
v -0.03549875927 0.2015542793 0.0314186759
v -0.03549242878 0.2014172134 0.03147149086
v -0.03545226288 0.2034741478 0.02953058195
v -0.03543853664 0.2035074768 0.02938804293
v -0.03542481041 0.2035408058 0.0292455039
v -0.03223399162 0.2029028282 0.0305497098
v -0.03547192097 0.2011282501 0.0315219717
v -0.03546166706 0.2009837685 0.03154721212
v -0.03545141315 0.2008392906 0.03157245207
v -0.03539735794 0.2036074638 0.02896042585
v -0.03537619686 0.2036164055 0.02877368689
v -0.03535503483 0.2036253471 0.02858694792
v -0.03219635105 0.2030299911 0.03013102055
v -0.03218262482 0.2030633202 0.02998848152
v -0.03542384434 0.2005466118 0.03156584311
v -0.03541005993 0.2004002724 0.03156253862
v -0.03539627457 0.2002539291 0.03155923414
v -0.03531792831 0.1995134544 0.03146946478
v -0.03218208313 0.2013865547 0.03128788567
v -0.0321609211 0.2013954964 0.0311011467
v -0.03213706493 0.2013731232 0.03091586447
v -0.03211118078 0.2013200607 0.03073722124
v -0.03208399248 0.2012377892 0.03057021379
v -0.03205626106 0.2011286125 0.03041951323
v -0.03202876139 0.2009955826 0.03028933477
v -0.03200226355 0.2008424225 0.03018331909
v -0.03197750807 0.2006734161 0.03010443163
v -0.03195518732 0.2004932899 0.03005487871
v -0.03531271076 0.2036432304 0.02821346998
v -0.0352888546 0.2036208572 0.02802818775
v -0.03526499844 0.203598484 0.02784290552
v -0.03214030075 0.2030812035 0.02961500359
v -0.03211913872 0.2030901451 0.02942826462
v -0.03521728611 0.2035537376 0.02747234106
v -0.03519140148 0.2035006714 0.02729369783
v -0.03516551733 0.2034476089 0.02711505461
v -0.03207142639 0.2030453987 0.02905770016
v -0.03204757023 0.2030230255 0.02887241793
v -0.03511374903 0.2033414841 0.02675776815
v -0.03508656073 0.2032592125 0.02659076071
v -0.03505937243 0.2031769409 0.02642375326
v -0.03199580193 0.2029169006 0.02851513147
v -0.03196991777 0.2028638382 0.02833648825
v -0.03508288813 0.1972920303 0.03120015526
v -0.03172014713 0.1982718658 0.02978556919
v -0.03163237524 0.1974198723 0.02970245409
v -0.03500499582 0.2030123978 0.02608973837
v -0.03387828016 0.2030098381 0.02607544708
v -0.03286448812 0.2031026382 0.02619477415
v -0.03283675671 0.2029934616 0.02604407358
v -0.03191554117 0.202699295 0.02800247335
v -0.03188835287 0.2026170235 0.02783546591
v -0.03278129387 0.2027751083 0.02574267244
v -0.03275343513 0.2026414223 0.02560994768
v -0.03272593546 0.2025083923 0.02547976923
v -0.03183289003 0.2023986702 0.02753406477
v -0.03180515862 0.2022894936 0.0273833642
v -0.03490915966 0.1958324394 0.03085927868
v -0.03485125065 0.1953459129 0.03074565268
v -0.03161276817 0.1956761742 0.02928133249
v -0.03145864677 0.1959602814 0.02936157751
v -0.03144903469 0.1958755989 0.02934576988
v -0.03267093611 0.2022423325 0.02521941233
v -0.03264407396 0.2020878716 0.02511131668
v -0.03261757612 0.2019347115 0.025005301
v -0.03175015926 0.2020234337 0.0271230073
v -0.03172265959 0.2018904037 0.02699282885
v -0.03203108597 0.1919251251 0.02297507048
v -0.03173110676 0.195545475 0.0255565815
v -0.03156649208 0.195746006 0.02561267424
v -0.03132631588 0.1917196884 0.02509277201
v -0.03111620045 0.1920088692 0.02308275604
v -0.03256458044 0.2016283913 0.02479326963
v -0.03253948545 0.2014575806 0.02471290016
v -0.03251472998 0.2012885742 0.0246340127
v -0.03166966391 0.2015840836 0.02678079748
v -0.03164316607 0.2014309235 0.0266747818
v -0.03246521902 0.2009505615 0.02447623777
v -0.03244261026 0.2007683029 0.02442589712
v -0.03242028952 0.2005881767 0.0243763442
v -0.03159365511 0.2010929108 0.02651700687
v -0.03156889963 0.2009239044 0.02643811941
v -0.03237564802 0.2002279243 0.02427723837
v -0.03152425814 0.200563652 0.02633901358
v -0.03150193739 0.2003835258 0.02628946066
v -0.03142359066 0.1996430511 0.02619969082
v -0.03211233234 0.1976719437 0.02402789307
v -0.03217956257 0.1965347328 0.0238728776
v -0.03202455997 0.1968199463 0.02394477797
v -0.03116027498 0.1970870705 0.02595034552
v -0.03110236549 0.1966005402 0.02583671999
v -0.03123726273 0.196147068 0.02572485971
v -0.03108314133 0.1964311752 0.02580510473
v -0.03107352924 0.1963464928 0.0257892971
v -0.03392091274 0.183104805 0.02914013052
v -0.03351612091 0.1792790184 0.02867632151
v -0.03107734871 0.1833650932 0.02947482824
v -0.03089047718 0.1835994339 0.0277049365
v -0.0304624424 0.1798284874 0.02700100279
v -0.03045967817 0.179806263 0.02699480247
v -0.03025620317 0.1796361618 0.02700897789
v -0.03307312012 0.1785646591 0.02868936682
v -0.03300102043 0.1778163528 0.0286587553
v -0.03310917091 0.1789388161 0.02870467234
v -0.03290569592 0.1787687149 0.02871884775
v -0.02984925318 0.1792959595 0.02703732872
v -0.02964124393 0.1791315422 0.02700856113
v -0.03026013088 0.1844669762 0.02167488861
v -0.03004221153 0.1804068489 0.02298097086
v -0.03063633394 0.1797226105 0.02061510658
v -0.0304283247 0.1795581932 0.020586339
v -0.03003668308 0.1803624001 0.02296857023
v -0.03003391886 0.1803401756 0.02296236992
v -0.02983044386 0.1801700745 0.02297654533
v -0.03278471851 0.175571434 0.02856692076
v -0.03270637131 0.1748309593 0.02847715139
v -0.02942494202 0.1768866234 0.02691672659
v -0.0293479104 0.1762672386 0.02674396038
v -0.02932454824 0.1760460625 0.02671748161
v -0.02930492353 0.1758230476 0.02672418642
v -0.02928947353 0.1756031647 0.02676392508
v -0.029278543 0.1753913193 0.02683581209
v -0.02927477217 0.1748497086 0.02722497892
v -0.02927237606 0.1751922302 0.02693824434
v -0.02927110958 0.1750103416 0.02706893778
v -0.03247133112 0.1726095352 0.0282078433
v -0.02910044527 0.1722612114 0.02775695467
v -0.02907894087 0.1723068771 0.0275387392
v -0.02906140947 0.1723845444 0.02732939196
v -0.02904824209 0.1724924812 0.02713358068
v -0.02903973198 0.1726282845 0.02695567083
v -0.03243776178 0.172324379 0.02814439917
v -0.03242097712 0.1721818008 0.0281126771
v -0.03240419245 0.1720392227 0.02808095551
v -0.03236591101 0.1717725449 0.02796311474
v -0.03234677029 0.1716392059 0.02790419436
v -0.03232763004 0.1715058708 0.02784527397
v -0.03228610992 0.1712679329 0.02767756557
v -0.03226534986 0.1711489639 0.02759371138
v -0.03224458933 0.1710299911 0.0275098567
v -0.03001230621 0.1792293587 0.02052880383
v -0.02941442537 0.1798412399 0.02291901016
v -0.02920641613 0.1796768227 0.02289024258
v -0.02913431549 0.1789285164 0.02285963106
v -0.03220142508 0.1708299255 0.0272987237
v -0.03217984295 0.1707298927 0.0271931572
v -0.0321582613 0.1706298599 0.02708759069
v -0.03211511135 0.1704753571 0.02684114885
v -0.03209353638 0.1703981056 0.02671792793
v -0.0320719614 0.1703208542 0.02659470701
v -0.03203048515 0.1702178497 0.02632242537
v -0.03200974703 0.1701663475 0.02618628454
v -0.03198900843 0.1701148491 0.02605014372
v -0.03195079851 0.1700673103 0.02576248693
v -0.03193169355 0.170043541 0.02561865854
v -0.0319125886 0.1700197716 0.02547483015
v -0.02978121138 0.1773712044 0.0200105052
v -0.02975784922 0.1771500282 0.01998402643
v -0.02890322065 0.1770703621 0.02234133244
v -0.03187911367 0.1700295219 0.02518285227
v -0.03186237621 0.1700343971 0.02503686333
v -0.03184563923 0.1700392685 0.02489087439
v -0.02878759909 0.170976078 0.02609847021
v -0.0318018899 0.1762929764 0.0196557498
v -0.03178226519 0.1760699615 0.01966245461
v -0.03176264048 0.1758469467 0.01966915941
v -0.0297111249 0.1767076759 0.0199310689
v -0.02885649633 0.1766280098 0.0222883749
v -0.02883313417 0.1764068336 0.02226189613
v -0.03180263042 0.1701306 0.02445444345
v -0.03178112602 0.1701762657 0.02423622799
v -0.03175962067 0.1702219353 0.02401801252
v -0.02872308588 0.1711130753 0.02544382381
v -0.02870555449 0.1711907425 0.02523447657
v -0.03172339106 0.1754009171 0.01968256903
v -0.03170794058 0.1751810379 0.01972230768
v -0.03169249058 0.1749611549 0.01976204634
v -0.02879388475 0.175960804 0.02227530575
v -0.02877426004 0.1757377892 0.02228201056
v -0.03172455788 0.1703772697 0.02359931803
v -0.03170702648 0.170454937 0.02338997078
v -0.03168949509 0.1705326042 0.02318062353
v -0.0286704917 0.171346077 0.02481578207
v -0.02865732431 0.1714540138 0.0246199708
v -0.03166159058 0.174521389 0.01984152365
v -0.03165066051 0.1743095398 0.01991341066
v -0.03163972998 0.1740976944 0.01998529768
v -0.02874336004 0.1752980232 0.02236148787
v -0.02872791004 0.1750781403 0.02240122652
v -0.03166316032 0.1707484779 0.02278900099
v -0.03164999294 0.1708564148 0.02259318972
v -0.03163682556 0.1709643517 0.02239737844
v -0.02863098955 0.1716698875 0.02422834826
v -0.02862247944 0.1718056908 0.0240504384
v -0.0316178689 0.1736740036 0.02012907171
v -0.03161170244 0.1734749184 0.02023150396
v -0.03160553551 0.1732758293 0.02033393621
v -0.02870604897 0.1746544495 0.02254500055
v -0.02869511843 0.1744426041 0.02261688757
v -0.03161980534 0.1712359581 0.02204155874
v -0.03161129522 0.1713717613 0.02186364889
v -0.03160278559 0.1715075607 0.02168573904
v -0.02868380594 0.1728177719 0.02378438807
v -0.02868014336 0.172978405 0.02362834692
v -0.02860545921 0.1720772972 0.0236946187
v -0.03159320164 0.1728776512 0.02053880072
v -0.03159193516 0.1726957626 0.02066949415
v -0.03159066868 0.1725138741 0.02080018759
v -0.02868278456 0.174044426 0.02282175207
v -0.02867661762 0.1738453369 0.02292418432
v -0.03159546041 0.1718288269 0.02137365675
v -0.03159179783 0.17198946 0.0212176156
v -0.03158813572 0.1721500969 0.02106157446
v -0.02867408466 0.1734815598 0.02318557119
v -0.02867281818 0.1732996712 0.02331626463
v -0.04473469067 0.1985758476 0.02845169497
v -0.04174685287 0.1989249687 0.03071275759
v -0.04465634441 0.1978353729 0.0283619256
v -0.04166850662 0.198184494 0.03062298822
v -0.04443231773 0.1957563744 0.02807541513
v -0.04139599514 0.1957304878 0.03021619749
v -0.04437440872 0.1952698479 0.02796178913
v -0.04133808613 0.1952439613 0.03010257149
v -0.04419367027 0.1976140938 0.02460316181
v -0.04410589886 0.1967620964 0.02452004671
v -0.03523958158 0.1987729797 0.03137969494
v -0.03516123486 0.198032505 0.0312899251
v -0.03502497864 0.1968055 0.03108652973
v -0.03496706915 0.1963189697 0.03097290421
v -0.04030720568 0.2024213524 0.02531873989
v -0.03918049002 0.2024187927 0.0253044486
v -0.03709274292 0.2027155952 0.02569709349
v -0.04285728455 0.1975484123 0.02285662079
v -0.04276951313 0.1966964149 0.02277350569
v -0.04074438572 0.1986018486 0.02319876337
v -0.04065661335 0.1977498512 0.02311564827
v -0.04307431316 0.1902098541 0.02729376554
v -0.04288744068 0.1904441948 0.02552387428
v -0.04001283073 0.1864100151 0.02893454504
v -0.04266952133 0.1863840675 0.02682995653
v -0.0396080389 0.1825842285 0.02847073603
v -0.03757405853 0.1904960899 0.02973305178
v -0.0347304945 0.1907563782 0.0300677495
v -0.03676447582 0.1828445168 0.02880543327
v -0.03432570362 0.1869305916 0.02960394001
v -0.04227253342 0.186907589 0.02305004883
v -0.04205461407 0.1828474617 0.02435613108
v -0.04184449863 0.1831366425 0.02234611464
v -0.04071949768 0.1835095673 0.02044378376
v -0.04069112873 0.1914034386 0.0220094099
v -0.03980669022 0.1917554169 0.02216716766
v -0.03980461216 0.1835933113 0.02055146933
v -0.04242699432 0.1772062645 0.02546453524
v -0.03942994499 0.1772278671 0.02790204811
v -0.04235489464 0.1764579582 0.02543392372
v -0.03935784531 0.1764795609 0.0278714366
v -0.04205427742 0.1729322624 0.02562179518
v -0.03913529778 0.1742424736 0.0277204442
v -0.04197593021 0.1721917877 0.02553202581
v -0.03905695057 0.1735019989 0.02763067484
v -0.04191513634 0.177132164 0.02117345047
v -0.04183810425 0.1765127831 0.02100068426
v -0.03292891979 0.1770680466 0.02862814379
v -0.03285681915 0.1763197403 0.02859753227
v -0.03262802458 0.1740904846 0.02838738203
v -0.03254967785 0.1733500099 0.02829761267
v -0.04059245586 0.177634449 0.01910164976
v -0.04051542377 0.1770150681 0.01892888355
v -0.03827754021 0.1761468468 0.01895200014
v -0.03720056725 0.1764687462 0.01910799217
v -0.03614005041 0.1761191902 0.01917436171
v -0.03618677521 0.1765615463 0.01922731924
v -0.03404928541 0.1765338898 0.01944968081
v -0.03292558765 0.1764134331 0.0195527153
v -0.0383565731 0.1790608788 0.01971945858
v -0.03703998232 0.2025090332 0.02540948439
v -0.03602619028 0.2026018333 0.02552881145
v -0.03495223522 0.2028058357 0.02580212927
v -0.03911215687 0.1945803947 0.02201512146
v -0.03901720428 0.193343895 0.02217002344
v -0.0385587225 0.1893047142 0.02141601706
v -0.03792634678 0.1842103996 0.02000517988
v -0.03729209518 0.1885237465 0.02006678057
v -0.03782399178 0.1833873978 0.0197756176
v -0.03670784473 0.182657196 0.01966538239
v -0.03686255264 0.1944830971 0.02058750582
v -0.03584875965 0.1945758972 0.02070683289
v -0.0356940527 0.1827499962 0.01978470945
v -0.03526451015 0.1887093468 0.0203054347
v -0.03505698872 0.1949515953 0.02249242878
v -0.03496203613 0.1937150955 0.02264733028
v -0.03450355434 0.1896759148 0.0218933239
v -0.03440077496 0.1983224945 0.02385198164
v -0.03431300259 0.1974704971 0.02376886654
v -0.03228787613 0.1993759308 0.02419412327
v -0.03220010424 0.1985239372 0.02411100817
v -0.03387117767 0.1845816002 0.0204824872
v -0.03376882267 0.1837585983 0.0202529254
v -0.03392175102 0.1922941055 0.02285984468
v -0.0329764185 0.1921096153 0.02291745758
v -0.03247163343 0.1795995712 0.02041213608
v -0.03208990192 0.1842994881 0.02145951748
v -0.0311750164 0.1843832321 0.02156720304
v -0.0299352746 0.1786099739 0.02035603762
v -0.02985824299 0.1779905891 0.02018327141
v -0.03170005894 0.1912510071 0.02863255548
v -0.03151318741 0.1914853477 0.02686266375
v -0.03129526806 0.1874252205 0.02816874599
v -0.03187684059 0.1997528152 0.02996510887
v -0.03179849386 0.1990123405 0.02987533903
v -0.03157446575 0.196933342 0.02958882856
v -0.03151655626 0.1964468117 0.02947520304
v -0.03133581877 0.1987910576 0.02611657572
v -0.03124804688 0.197939064 0.02603346062
v -0.0308982811 0.1879487419 0.02438883829
v -0.03068036175 0.1838886147 0.02569492054
v -0.03047024632 0.1841777954 0.02368490458
v -0.0295691433 0.1783832359 0.02697794962
v -0.02949704266 0.1776349297 0.0269473381
v -0.02919642544 0.1741092339 0.02713520956
v -0.02911807871 0.1733687592 0.0270454402
v -0.02905728388 0.1783091316 0.02268686485
v -0.02898025227 0.1776897469 0.02251409864
v -0.04356255722 0.2017274132 0.03000091195
v -0.04356147575 0.2016652203 0.03004009151
v -0.04356039476 0.2016030273 0.03007927108
v -0.04355823278 0.2014786415 0.03015763021
v -0.04355838203 0.2019412651 0.02979912591
v -0.04355629444 0.2020481911 0.02969823289
v -0.04355525064 0.2021016541 0.02964778638
v -0.04355420637 0.2021551151 0.02959733987
v -0.04355390882 0.2012298698 0.03031434846
v -0.04355074358 0.2011613369 0.0303407557
v -0.04354757833 0.201092804 0.03036716318
v -0.04354124784 0.2009557381 0.03041997814
v -0.04354169035 0.2023258228 0.02935824132
v -0.04353543234 0.2024111767 0.02923869205
v -0.04353230333 0.2024538536 0.02917891741
v -0.04352917433 0.2024965305 0.02911914277
v -0.04352858686 0.2006816063 0.03052560806
v -0.04352345991 0.2006093655 0.03053822827
v -0.04351833296 0.2005371265 0.03055084825
v -0.04350807905 0.2003926487 0.03057608819
v -0.04350879622 0.2026175404 0.02885192037
v -0.04349860716 0.2026780453 0.02871830916
v -0.04349351263 0.2027082977 0.02865150356
v -0.04348841858 0.2027385502 0.02858469796
v -0.04348757124 0.200103693 0.03062656808
v -0.04348067904 0.2000305233 0.03062491584
v -0.04347378635 0.1999573517 0.0306232636
v -0.04346000099 0.1998110085 0.03061995912
v -0.04346096611 0.2028052082 0.02829961991
v -0.04344723988 0.2028385372 0.02815708089
v -0.04344037676 0.2028552017 0.02808581138
v -0.04343351364 0.2028718662 0.02801454186
v -0.04343243027 0.199518322 0.03061335015
v -0.04339325714 0.1991480846 0.03056846547
v -0.04339119148 0.2028897495 0.02764106393
v -0.0433700304 0.2028986912 0.02745432496
v -0.04335944986 0.202903162 0.02736095548
v -0.04334886885 0.2029076328 0.02726758599
v -0.04330115652 0.2028628864 0.02689702153
v -0.04327730036 0.2028405132 0.0267117393
v -0.04326537228 0.2028293266 0.02661909819
v -0.04325344419 0.20281814 0.02652645707
v -0.04320167494 0.2027120075 0.02616917062
v -0.04317579031 0.2026589413 0.02599052739
v -0.043162848 0.2026324081 0.02590120578
v -0.04314990592 0.2026058769 0.02581188416
v -0.04315821838 0.1969266605 0.03029915738
v -0.04311904502 0.1965564232 0.03025427246
v -0.04309009027 0.196313158 0.0301974597
v -0.04469131041 0.1971223373 0.02921351075
v -0.04306113577 0.1960698948 0.0301406467
v -0.04309552932 0.2024413338 0.02547786927
v -0.04306834102 0.2023590622 0.02531086183
v -0.04305474687 0.2023179264 0.0252273581
v -0.04304115272 0.2022767906 0.02514385438
v -0.04296927547 0.194510603 0.02976754999
v -0.04288740873 0.1946103153 0.02979976869
v -0.04286569262 0.194427866 0.02975715923
v -0.0426585269 0.194262392 0.02973637772
v -0.04416341686 0.1983828907 0.02374824953
v -0.04342449284 0.1949546452 0.02335771918
v -0.04398643208 0.1942499695 0.02867991066
v -0.04346358156 0.1918884068 0.02929556131
v -0.04224419546 0.1939314442 0.02969481468
v -0.04204180002 0.1920185509 0.02946290994
v -0.04280952787 0.1927085991 0.0231009419
v -0.04270447016 0.1928531895 0.02209593368
v -0.0422470274 0.1928950615 0.02214977646
v -0.04180480814 0.1930710506 0.02222865534
v -0.04260780048 0.1778182507 0.02652472639
v -0.04252635527 0.1779174347 0.02656093836
v -0.04110927582 0.177829052 0.02774348283
v -0.04244264317 0.1780194626 0.02657567883
v -0.04227521896 0.1782235184 0.02660515976
v -0.04107322598 0.1774548988 0.02772817707
v -0.04235545158 0.1751991787 0.02641758609
v -0.04231693554 0.1748894882 0.02633120298
v -0.04230525446 0.1747788982 0.0263179636
v -0.0422954421 0.1746673908 0.026321316
v -0.04228771687 0.1745574512 0.02634118533
v -0.04228225183 0.1744515266 0.02637712884
v -0.04228036642 0.1741807213 0.02657171226
v -0.04227916861 0.174351984 0.02642834496
v -0.04227853537 0.1742610397 0.02649369168
v -0.04085692692 0.17520998 0.02763634253
v -0.0408208766 0.1748358269 0.02762103677
v -0.04239150143 0.1755733318 0.02643289185
v -0.040781703 0.1744655895 0.02757615209
v -0.04054666138 0.1722441654 0.027306844
v -0.04050748801 0.1718739281 0.02726195931
v -0.04049909568 0.171802639 0.02724609828
v -0.04049070334 0.1717313499 0.02723023748
v -0.04047391868 0.1715887718 0.02719851589
v -0.04044034934 0.1713036156 0.02713507271
v -0.04043077898 0.1712369461 0.02710561252
v -0.04042120886 0.1711702785 0.02707615232
v -0.04040206861 0.1710369434 0.02701723194
v -0.04077442741 0.1782371635 0.0278024447
v -0.04224920607 0.180411047 0.02790413427
v -0.04215576982 0.1805282173 0.02701918864
v -0.04060700321 0.1784412193 0.02783192563
v -0.04194175243 0.1786427441 0.02666722155
v -0.04194037056 0.1786316299 0.02666412163
v -0.04062502861 0.1786282978 0.02783957839
v -0.04052329111 0.1785432472 0.0278466661
v -0.04036378813 0.1707702732 0.02689939117
v -0.0403534081 0.1707107887 0.02685746408
v -0.04034302783 0.1706513023 0.02681553674
v -0.04032226729 0.1705323296 0.02673168206
v -0.04028074622 0.170294384 0.02656397271
v -0.04026995516 0.1702443676 0.02651118946
v -0.04025916433 0.1701943512 0.02645840621
v -0.04023758268 0.1700943184 0.02635283971
v -0.04195556164 0.1786361713 0.02034724855
v -0.0419195118 0.1782620182 0.0203319428
v -0.04188099575 0.1779523277 0.02024555969
v -0.04019441938 0.1698942528 0.02614170671
v -0.0401836319 0.1698556271 0.02608009624
v -0.04017284441 0.1698170013 0.02601848578
v -0.04015126944 0.1697397499 0.02589526486
v -0.04010811949 0.169585247 0.02564882302
v -0.04009775043 0.1695594959 0.02558075261
v -0.04008738112 0.1695337467 0.0255126822
v -0.04006664252 0.1694822483 0.02537654138
v -0.04002516532 0.1693792515 0.02510425973
v -0.04001561284 0.1693673668 0.02503234553
v -0.04000606036 0.1693554821 0.02496043134
v -0.0399869554 0.1693317127 0.02481660295
v -0.03994874549 0.169284174 0.02452894616
v -0.03994037676 0.1692866116 0.02445595169
v -0.03993200827 0.1692890472 0.02438295722
v -0.03991527128 0.1692939186 0.02423696828
v -0.04164989948 0.1760941849 0.01972726107
v -0.0416382184 0.1759835949 0.01971402168
v -0.04161485624 0.1757624149 0.01968754292
v -0.03988179731 0.1693036613 0.0239449904
v -0.03987104511 0.1693264942 0.02383588266
v -0.03986029243 0.169349329 0.02372677493
v -0.03983878708 0.1693949986 0.02350855947
v -0.04156813192 0.175320055 0.01963458538
v -0.04155831957 0.1752085476 0.01963793778
v -0.04039989567 0.1756175976 0.01865834856
v -0.03983804679 0.1755573692 0.01870986581
v -0.04153869486 0.1749855328 0.01964464259
v -0.03979577637 0.1694863377 0.02307212853
v -0.03978701067 0.1695251713 0.02296745491
v -0.03977824497 0.1695640049 0.02286278129
v -0.03976071358 0.1696416721 0.02265343404
v -0.03979879737 0.1751113396 0.01872327542
v -0.04149944544 0.1745395031 0.01965805221
v -0.0414917202 0.1744295635 0.01967792153
v -0.03977917266 0.1748883247 0.01872998023
v -0.0397693603 0.1747768173 0.01873333263
v -0.03975954795 0.1746653099 0.01873668504
v -0.04147626972 0.1742096844 0.01971766019
v -0.03972565079 0.1697970066 0.02223473954
v -0.0397190671 0.169850975 0.02213683391
v -0.03971248341 0.1699049435 0.02203892827
v -0.03969931602 0.1700128803 0.021843117
v -0.03972864699 0.1742255516 0.01881616235
v -0.04144536877 0.1737699261 0.0197971375
v -0.04143990374 0.1736640015 0.01983308101
v -0.03971319652 0.1740056725 0.018855901
v -0.03970547128 0.1738957329 0.01887577033
v -0.03969774628 0.1737857914 0.01889563966
v -0.04142897367 0.1734521523 0.01990496802
v -0.04140427685 0.1701253757 0.02228234267
v -0.03967298126 0.170228754 0.02145149446
v -0.03966872621 0.1702966557 0.02136253953
v -0.03966447139 0.1703645554 0.0212735846
v -0.03965596175 0.1705003548 0.02109567475
v -0.03967588615 0.173362093 0.01903941369
v -0.04140711355 0.1730284538 0.02004874206
v -0.04140403032 0.1729289112 0.02009995818
v -0.03966495609 0.1731502438 0.01911130071
v -0.03965949106 0.1730443192 0.01914724422
v -0.03965402579 0.1729383965 0.01918318772
v -0.04139786386 0.172729826 0.02020239043
v -0.0413675065 0.1705588799 0.02163280606
v -0.04139391565 0.1711328163 0.02141082597
v -0.03963894248 0.1707719536 0.02073985505
v -0.03963711119 0.1708522701 0.02066183448
v -0.03963528013 0.1709325886 0.02058381391
v -0.03963161802 0.1710932255 0.02042777276
v -0.03964169288 0.172540226 0.01938805223
v -0.04138553095 0.1723316555 0.02040725493
v -0.04138489771 0.1722407112 0.02047260165
v -0.03963552642 0.1723411407 0.01949048448
v -0.03963244319 0.1722415981 0.0195417006
v -0.03962935972 0.1721420536 0.01959291673
v -0.04138363123 0.1720588226 0.02060329509
v -0.04138659143 0.1714540901 0.02109874368
v -0.03962682676 0.1717782764 0.0198543036
v -0.04138292933 0.171614727 0.02094270253
v -0.04138109827 0.1716950455 0.02086468196
v -0.03962556028 0.1715963879 0.01998499703
v -0.03962492704 0.1715054436 0.02005034375
v -0.0396242938 0.1714144993 0.02011569047
v -0.04142036581 0.18154035 0.0199841311
v -0.04131140614 0.1795102863 0.02063717222
v -0.04131002426 0.1794991722 0.0206340723
v -0.04130726051 0.179476944 0.02062787247
v -0.04162978077 0.1790329075 0.02049209642
v -0.04146689034 0.1792312756 0.02056452036
v -0.04138544512 0.1793304596 0.02060073233
v -0.04130173302 0.1794324875 0.02061547279
v -0.03909764791 0.2022678318 0.02509383488
v -0.03948382664 0.1984547348 0.02215977168
v -0.03947377872 0.1984531212 0.02207565808
v -0.0394536829 0.198449894 0.02190743089
v -0.03941349125 0.1984434395 0.0215709765
v -0.03940953159 0.1984411125 0.02153914618
v -0.03940161228 0.1984364586 0.02147548556
v -0.03938577366 0.1984271507 0.02134816432
v -0.03938127899 0.1984167519 0.02131806636
v -0.03937228966 0.1983959541 0.02125787044
v -0.03935431099 0.1983543587 0.02113747859
v -0.03933704376 0.1982526321 0.02106988621
v -0.03930250931 0.1980491791 0.02093470144
v -0.0392334404 0.1976422729 0.02066433191
v -0.0391822629 0.197230772 0.02054955077
v -0.03867536688 0.1972771721 0.02060921431
v -0.0391514926 0.1941269855 0.02270192862
v -0.03821826649 0.1818334541 0.02036103058
v -0.03782352352 0.1826276932 0.02036245847
v -0.03781347561 0.1826260796 0.02027834487
v -0.03780951595 0.1826237526 0.02024651456
v -0.03780502129 0.1826133537 0.0202164166
v -0.03778775406 0.1825116272 0.02014882421
v -0.03777604723 0.1820094433 0.02043990946
v -0.03867570925 0.1817915821 0.0203071878
v -0.03742951155 0.1796311207 0.01934535623
v -0.03748068905 0.1800426216 0.01946013737
v -0.03542865849 0.1988259354 0.02263707972
v -0.03538846684 0.1988194809 0.02230062532
v -0.03536837101 0.1988162537 0.02213239813
v -0.0353583231 0.19881464 0.02204828453
v -0.03534248447 0.1988053322 0.02192096329
v -0.03533456516 0.1988006783 0.02185730267
v -0.03533060551 0.1987983513 0.02182547235
v -0.03531262684 0.1987567482 0.02170507956
v -0.0353036375 0.1987359467 0.02164488316
v -0.03529914284 0.1987255459 0.02161478496
v -0.03523007202 0.1983186474 0.02134441638
v -0.03519553661 0.1981151981 0.02120923209
v -0.03517826891 0.1980134735 0.02114163995
v -0.03512709141 0.1976019726 0.02102685905
v -0.03509632444 0.1944981861 0.02317923498
v -0.03462365818 0.194405941 0.02320804143
v -0.03376835537 0.1829988937 0.02083976507
v -0.03375830746 0.1829972801 0.02075565147
v -0.0337543478 0.1829949532 0.02072382116
v -0.03374985313 0.1829845524 0.02069372296
v -0.03373258543 0.1828828278 0.02062613082
v -0.03372087908 0.1823806438 0.02091721582
v -0.03324821281 0.1822883987 0.02094602227
v -0.03368140793 0.1824713268 0.02051134992
v -0.03412760067 0.1768616962 0.01948430586
v -0.03388123941 0.1799559212 0.01976300097
v -0.03337434292 0.1800023212 0.0198226645
v -0.03391917038 0.2026101418 0.03113597274
v -0.03391812658 0.2026636047 0.03108552623
v -0.03391708231 0.2027170658 0.03103507972
v -0.03391499376 0.202823988 0.0309341867
v -0.03391081667 0.2030378323 0.03073240066
v -0.03390768766 0.2030805092 0.03067262602
v -0.03390455866 0.2031231861 0.03061285138
v -0.03389830065 0.20320854 0.03049330211
v -0.03391484451 0.2023613701 0.03129269099
v -0.03391268158 0.2022369843 0.03137105012
v -0.03391160011 0.2021747913 0.03141022968
v -0.03391051912 0.2021125984 0.03144940925
v -0.03381708622 0.1947950459 0.03070929861
v -0.03373521948 0.1948947582 0.03074151731
v -0.03371350336 0.1947123089 0.03069890785
v -0.0320893259 0.1929295597 0.03063435197
v -0.033571486 0.195094183 0.03080595469
v -0.03388578463 0.2033792477 0.03025420356
v -0.0338806901 0.2034095001 0.03018739796
v -0.03387559605 0.2034397526 0.03012059236
v -0.03386540794 0.2035002575 0.02998698115
v -0.03389785814 0.2018384666 0.03155503821
v -0.03389152765 0.2017014008 0.0316078527
v -0.03388836241 0.2016328678 0.03163425994
v -0.03388519716 0.2015643349 0.03166066742
v -0.03384503174 0.2036212673 0.02971975875
v -0.03383816862 0.2036379318 0.02964848924
v -0.0338313055 0.2036545963 0.02957721972
v -0.03381757927 0.2036879253 0.0294346807
v -0.03386468935 0.2012753716 0.03171114826
v -0.03385443544 0.2011308899 0.03173638868
v -0.03384930849 0.2010586491 0.03174900889
v -0.03384418154 0.2009864101 0.03176162887
v -0.0337901268 0.2037545834 0.02914960265
v -0.03377954626 0.2037590542 0.02905623317
v -0.03376896524 0.203763525 0.02896286368
v -0.03374780321 0.2037724667 0.02877612472
v -0.03381661272 0.2006937313 0.0317550199
v -0.03380282831 0.2005473919 0.03175171542
v -0.03379593611 0.2004742222 0.03175006318
v -0.03378904343 0.2004010506 0.03174841094
v -0.0337498703 0.2000308132 0.03170352626
v -0.03202932644 0.2001504936 0.0309513483
v -0.03370547915 0.20379035 0.02840264678
v -0.03369355106 0.2037791634 0.02831000566
v -0.03368162298 0.2037679768 0.02821736455
v -0.03365776682 0.2037456036 0.02803208232
v -0.03361005449 0.2037008572 0.02766151786
v -0.03359711218 0.203674324 0.02757219625
v -0.0335841701 0.2036477928 0.02748287463
v -0.03355828595 0.2035947304 0.02730423141
v -0.03350651765 0.2034886055 0.02694694495
v -0.0334929235 0.2034474697 0.02686344123
v -0.03347932935 0.2034063339 0.02677993751
v -0.03345214105 0.2033240623 0.02661293006
v -0.03347565675 0.1974391518 0.03138933182
v -0.03351483011 0.1978093891 0.03143421674
v -0.03172144556 0.1972598076 0.03058366847
v -0.03339776444 0.2031595192 0.02627891517
v -0.03283440661 0.2031582394 0.02627176952
v -0.03178851128 0.1954587383 0.03013823199
v -0.03327297354 0.1957362957 0.03099164248
v -0.03324401903 0.1954930325 0.03093482947
v -0.03330192828 0.1959795609 0.03104845524
v -0.03168738365 0.2023136539 0.02636397004
v -0.0317876606 0.1938524704 0.02338088012
v -0.03143527555 0.193749752 0.02443973088
v -0.03133021784 0.1938943424 0.0234347229
v -0.03159313846 0.2018077888 0.025956671
v -0.03150388074 0.201240036 0.02563987255
v -0.03142210603 0.2006262741 0.02542243552
v -0.03108613586 0.1974298668 0.02505387592
v -0.03229673529 0.1813220558 0.02907557464
v -0.03209433937 0.1794091625 0.02884367013
v -0.03087495327 0.1814521999 0.0292429235
v -0.03078151751 0.1815693703 0.02835797763
v -0.03056750011 0.179683897 0.02800601077
v -0.030566118 0.1796727848 0.02800291061
v -0.0304643805 0.1795877342 0.02800999832
v -0.0302609055 0.1794176331 0.02802417374
v -0.03168738937 0.1790689602 0.02887202096
v -0.03146588898 0.1787117805 0.02887854362
v -0.03142983913 0.1783376274 0.02886323786
v -0.03148391438 0.178898859 0.02888619637
v -0.03138217688 0.1788138084 0.02889328408
v -0.02985395551 0.1790774307 0.02805252457
v -0.02974995089 0.1789952221 0.02803814077
v -0.02971390057 0.178621069 0.02802283502
v -0.03004611349 0.1825815029 0.02132292175
v -0.02993715382 0.1805514393 0.02197596288
v -0.03050355625 0.1825396309 0.02126907897
v -0.02993162537 0.1805069904 0.02196356225
v -0.02992886114 0.180484766 0.02195736194
v -0.02992747903 0.1804736538 0.02195426178
v -0.02982574153 0.1803886032 0.02196134949
v -0.0311774869 0.1757185555 0.02875609756
v -0.03113831329 0.1753483181 0.02871121287
v -0.02949759865 0.1763761501 0.02793100047
v -0.02945908284 0.1760664577 0.02784461737
v -0.02944740176 0.1759558697 0.02783137798
v -0.02943758941 0.1758443623 0.02783473039
v -0.02942986441 0.1757344208 0.02785459971
v -0.02942439914 0.1756284981 0.02789054322
v -0.02942251372 0.1753576927 0.02808512664
v -0.02942131567 0.1755289536 0.02794175935
v -0.02942068243 0.1754380093 0.02800710607
v -0.03121353722 0.1760927086 0.02877140331
v -0.02938334036 0.1749874554 0.02804024196
v -0.03086409974 0.1727566566 0.0283970201
v -0.03090327311 0.173126894 0.02844190478
v -0.03083053041 0.1724715004 0.02833357596
v -0.03081374574 0.1723289223 0.0283018539
v -0.0308053534 0.1722576332 0.02828599286
v -0.03079696107 0.1721863441 0.02827013206
v -0.03075867963 0.1719196663 0.0281522913
v -0.03073953891 0.1717863274 0.02809337091
v -0.03072996855 0.1717196579 0.02806391072
v -0.03072039843 0.1716529903 0.02803445053
v -0.03067887831 0.1714150524 0.02786674213
v -0.03065811825 0.1712960835 0.02778288794
v -0.03064773822 0.171236599 0.02774096084
v -0.03063735795 0.1711771126 0.0276990335
v -0.02940972304 0.1800597687 0.02190381432
v -0.0292017138 0.1798953514 0.02187504673
v -0.02909770918 0.1798131428 0.02186066294
v -0.02906165886 0.1794389896 0.02184535718
v -0.0305941937 0.170977047 0.0274879005
v -0.03057261157 0.1708770142 0.02738233399
v -0.03056182051 0.1708269978 0.02732955074
v -0.03055102968 0.1707769814 0.02727676749
v -0.03050787973 0.1706224785 0.02703032565
v -0.03048630476 0.1705452271 0.02690710473
v -0.03047551727 0.1705066013 0.02684549427
v -0.03046472979 0.1704679756 0.02678388381
v -0.03042325354 0.1703649712 0.02651160216
v -0.03040251541 0.1703134689 0.02637546134
v -0.03039214635 0.1702877178 0.02630739093
v -0.03038177705 0.1702619686 0.02623932052
v -0.03034356713 0.1702144299 0.02595166373
v -0.03032446218 0.1701906605 0.02580783534
v -0.0303149097 0.1701787758 0.02573592114
v -0.03030535722 0.1701668911 0.02566400695
v -0.02879204822 0.177271143 0.02124067545
v -0.02883056402 0.1775808353 0.02132705855
v -0.0302718823 0.1701766415 0.02537202907
v -0.03025514483 0.1701815166 0.02522604012
v -0.0302467761 0.1701839542 0.02515304565
v -0.03023840761 0.1701863899 0.02508005118
v -0.0287453239 0.1768287907 0.02118771791
v -0.03019465852 0.1764400978 0.0198449266
v -0.03018484616 0.1763285904 0.019848279
v -0.03017503381 0.176217083 0.0198516314
v -0.02872196174 0.1766076145 0.02116123915
v -0.02871028066 0.1764970264 0.02114799976
v -0.0301554091 0.1759940681 0.01985833621
v -0.03019539881 0.1702777214 0.02464362025
v -0.03017389441 0.1703233871 0.02442540479
v -0.0301631422 0.17034622 0.02431629705
v -0.03015238953 0.1703690548 0.02420718932
v -0.02867103124 0.1760509968 0.02116140938
v -0.03011615968 0.1755480385 0.01987174582
v -0.03010843444 0.1754380989 0.01989161515
v -0.03010070944 0.1753281574 0.01991148448
v -0.02865140653 0.1758279819 0.02116811419
v -0.02864159417 0.1757164745 0.02117146659
v -0.03008525944 0.1751082745 0.01995122313
v -0.03011732674 0.1705243893 0.02378849483
v -0.03009979534 0.1706020565 0.02357914758
v -0.03009102964 0.1706408901 0.02347447395
v -0.03008226395 0.1706797237 0.02336980033
v -0.02861069417 0.1752767086 0.0212509439
v -0.03005435944 0.1746685085 0.02003070045
v -0.03004889441 0.1745625839 0.02006664395
v -0.03004342914 0.1744566612 0.02010258746
v -0.02859524417 0.1750568256 0.02129068255
v -0.02858751917 0.1749468842 0.02131055188
v -0.0300324986 0.1742448158 0.02017447448
v -0.03005592918 0.1708955975 0.02297817779
v -0.0300427618 0.1710035343 0.02278236651
v -0.03003617811 0.1710575027 0.02268446088
v -0.03002959442 0.1711114712 0.02258655524
v -0.02856565809 0.1745231934 0.02145432591
v -0.03001063752 0.173821125 0.02031824851
v -0.03000755429 0.1737215824 0.02036946464
v -0.03000447083 0.1736220379 0.02042068076
v -0.02855472755 0.174311348 0.02152621293
v -0.02854926229 0.1742054253 0.02156215644
v -0.02999830389 0.1734229488 0.02052311301
v -0.0300125742 0.1713830776 0.02223073554
v -0.03000406408 0.1715188808 0.02205282569
v -0.02999980903 0.1715867825 0.02196387076
v -0.02999555421 0.1716546822 0.02187491584
v -0.02853606439 0.1723097878 0.02292424035
v -0.02853692842 0.1738072472 0.02176702094
v -0.02998597002 0.1730247707 0.02072797751
v -0.02998533678 0.1729338264 0.02079332423
v -0.02998470354 0.1728428822 0.02085867095
v -0.02853076148 0.1736081581 0.02186945319
v -0.02852767801 0.1735086136 0.02192066932
v -0.02998343706 0.1726609936 0.02098936439
v -0.02998822904 0.1719759483 0.02156283355
v -0.02852514505 0.1731448364 0.02218205619
v -0.02998456645 0.1721365814 0.0214067924
v -0.02998273516 0.172216898 0.02132877183
v -0.0299809041 0.1722972164 0.02125075126
v -0.02852387857 0.1729629478 0.02231274962
v -0.02852324533 0.1728720036 0.02237809634
v -0.04034809494 0.202021656 0.03037926555
v -0.04034600735 0.202128582 0.03027837253
v -0.04034496355 0.202182045 0.03022792602
v -0.03713363266 0.2023158989 0.03075761914
v -0.03713146973 0.2021915131 0.03083597827
v -0.03713038826 0.2021293201 0.03087515783
v -0.04034593201 0.2018972702 0.03045762467
v -0.04034485054 0.2018350773 0.03049680424
v -0.03712822533 0.2020049343 0.03095351696
v -0.03712714434 0.2019427414 0.03099269652
v -0.04034287596 0.2022889709 0.030127033
v -0.04034183168 0.202342432 0.03007658648
v -0.03713154507 0.2024228249 0.03065672612
v -0.03713050127 0.2024762878 0.03060627961
v -0.04033974314 0.2024493542 0.02997569346
v -0.04033348513 0.202534708 0.02985614419
v -0.04033035612 0.2025773849 0.02979636955
v -0.03712841272 0.20258321 0.03050538659
v -0.03712736845 0.2026366711 0.03045494008
v -0.0371252799 0.2027435932 0.03035404706
v -0.04034268856 0.2017106915 0.03057516336
v -0.04034160757 0.2016484985 0.03061434293
v -0.04033944559 0.2015241127 0.03069270205
v -0.03712498236 0.2018183556 0.03107105565
v -0.03711865187 0.2016812897 0.03112387013
v -0.03711548662 0.2016127567 0.03115027738
v -0.0403331151 0.2013870468 0.03074551654
v -0.04032994986 0.2013185139 0.03077192378
v -0.03710915613 0.2014756908 0.03120309186
v -0.03710599089 0.2014071579 0.03122949934
v -0.04032409811 0.2026627388 0.02967682028
v -0.0403209691 0.2027054157 0.02961704564
v -0.03711902189 0.2028289471 0.03023449779
v -0.03711589289 0.202871624 0.03017472315
v -0.04031471109 0.2027907696 0.02949749637
v -0.04030452204 0.2028512745 0.02936388516
v -0.04029942751 0.2028815269 0.02929707956
v -0.03710963488 0.2029569778 0.03005517387
v -0.03710650587 0.2029996548 0.02999539924
v -0.03710024786 0.2030850086 0.02987584996
v -0.04032361937 0.201181448 0.03082473874
v -0.04032045412 0.201112915 0.03085114622
v -0.04031412363 0.2009758492 0.03090396118
v -0.0370996604 0.201270092 0.0312823143
v -0.03708940649 0.2011256104 0.03130755472
v -0.03708427954 0.2010533695 0.03132017493
v -0.04030386972 0.2008313675 0.0309292016
v -0.04029874277 0.2007591267 0.03094182181
v -0.03707402563 0.2009088879 0.03134541535
v -0.03706889868 0.2008366489 0.03135803533
v -0.04028923845 0.2029420319 0.02916346836
v -0.0402841444 0.2029722843 0.02909666276
v -0.0370900588 0.2031455135 0.02974223876
v -0.03708496428 0.203175766 0.02967543316
v -0.0402739563 0.2030327892 0.02896305156
v -0.04026023006 0.2030661182 0.02882051253
v -0.04025336695 0.2030827827 0.02874924302
v -0.03707477617 0.2032362709 0.02954182196
v -0.03706968212 0.2032665234 0.02947501636
v -0.03705949402 0.2033270283 0.02934140515
v -0.04028848886 0.2006146488 0.03096706176
v -0.04028336191 0.2005424099 0.03097968173
v -0.04027310801 0.2003979321 0.03100492167
v -0.03705864477 0.2006921711 0.03138327527
v -0.03704486036 0.2005458317 0.03137997079
v -0.03703796816 0.200472662 0.03137831855
v -0.0402593236 0.2002515926 0.03100161719
v -0.04025243139 0.2001784229 0.03099996495
v -0.03702418375 0.2003263226 0.03137501407
v -0.03701729107 0.2002531509 0.03137336183
v -0.04023964071 0.2031161118 0.028606704
v -0.0402327776 0.2031327763 0.02853543448
v -0.03704576778 0.2033603573 0.02919886613
v -0.03703890467 0.2033770218 0.02912759662
v -0.04021905136 0.2031661053 0.02839289546
v -0.04019789028 0.2031750469 0.02820615649
v -0.04018730974 0.2031795177 0.02811278701
v -0.03702517843 0.2034103508 0.02898505759
v -0.03701831532 0.2034270153 0.02891378808
v -0.03700458908 0.2034603443 0.02877124906
v -0.04484800291 0.1986032867 0.02939304948
v -0.04323656464 0.1976671352 0.03038892674
v -0.04331491089 0.1984076099 0.03047869611
v -0.04327573776 0.1980373726 0.03043381143
v -0.04462137842 0.1985484085 0.02751034045
v -0.04023864603 0.2000320797 0.03099666047
v -0.04023175335 0.1999589081 0.03099500823
v -0.04021796799 0.1998125648 0.03099170375
v -0.03700350571 0.2001068077 0.03137005734
v -0.03696433258 0.1997365704 0.03132517266
v -0.04017879486 0.1994423275 0.03094681907
v -0.04016614866 0.2031884594 0.02792604804
v -0.04015556765 0.2031929302 0.02783267856
v -0.036983428 0.203469286 0.02858451009
v -0.03697284746 0.2034737568 0.0284911406
v -0.04013440561 0.2032018719 0.02764593959
v -0.04011054945 0.2031794987 0.02746065736
v -0.04009862137 0.2031683121 0.02736801624
v -0.03695168543 0.2034826984 0.02830440164
v -0.03694110441 0.2034871693 0.02821103215
v -0.03691994238 0.2034961109 0.02802429318
v -0.04007476521 0.2031459389 0.02718273401
v -0.04006283712 0.2031347523 0.0270900929
v -0.03689608622 0.2034737377 0.02783901095
v -0.03688415813 0.2034625511 0.02774636984
v -0.04003898096 0.2031123791 0.02690481067
v -0.04001309633 0.2030593128 0.02672616744
v -0.04000015402 0.2030327797 0.02663684583
v -0.03686030197 0.2034401779 0.02756108761
v -0.03684837389 0.2034289913 0.02746844649
v -0.03682451773 0.2034066181 0.02728316426
v -0.03997426939 0.2029797134 0.0264582026
v -0.03996132731 0.2029531822 0.02636888099
v -0.0367986331 0.2033535519 0.02710452104
v -0.03678569078 0.2033270187 0.02701519942
v -0.03993544316 0.2029001198 0.02619023776
v -0.03990825486 0.2028178482 0.02602323031
v -0.03989466071 0.2027767124 0.02593972659
v -0.03675980663 0.2032739563 0.0268365562
v -0.03674686456 0.2032474251 0.02674723458
v -0.03672098041 0.2031943626 0.02656859136
v -0.04294531775 0.1950968418 0.02991339469
v -0.04300322676 0.1955833683 0.03002702069
v -0.04297427225 0.1953401051 0.02997020769
v -0.04445997334 0.1970116978 0.02733412886
v -0.04439475393 0.1984935303 0.02562763143
v -0.04422392368 0.1968452969 0.02545807409
v -0.04002210236 0.1979613781 0.03076728034
v -0.03688598633 0.1989960957 0.0312354033
v -0.04010044861 0.1987018528 0.0308570497
v -0.04006127548 0.1983316154 0.03081216502
v -0.03684681296 0.1986258583 0.03119051838
v -0.0368076396 0.198255621 0.03114563346
v -0.03994375563 0.1972209034 0.0306775105
v -0.03990458226 0.196850666 0.03063262558
v -0.0366901195 0.1971449089 0.0310109787
v -0.03672929287 0.1975151463 0.03105586362
v -0.03666116476 0.1969016438 0.03095416594
v -0.03663221002 0.1966583786 0.03089735317
v -0.03984667277 0.1963641357 0.03051900005
v -0.03981771803 0.1961208706 0.03046218729
v -0.03654534578 0.1959285831 0.03072691488
v -0.03651639128 0.1956853199 0.03067010188
v -0.03978876352 0.1958776073 0.03040537429
v -0.03657430053 0.1961718483 0.03078372765
v -0.04135107923 0.2022729511 0.02512241745
v -0.0407877214 0.2022716713 0.02511527181
v -0.03986747241 0.2026944408 0.02577271914
v -0.03985387826 0.2026533051 0.02568921542
v -0.0366937921 0.2031120911 0.02640158391
v -0.03668019795 0.2030709553 0.02631808019
v -0.03982668996 0.2025710335 0.02552220798
v -0.03665300965 0.2029886837 0.02615107274
v -0.0366394155 0.2029475479 0.02606756902
v -0.0366122272 0.2028652763 0.02590056157
v -0.03926333213 0.2025697536 0.02551506233
v -0.03991854572 0.1946054173 0.0300814662
v -0.03983667898 0.1947051296 0.03011368489
v -0.03686781597 0.1947002316 0.0303953824
v -0.03676423311 0.1946174946 0.03038499165
v -0.0396729455 0.1949045544 0.03017812228
v -0.03670408249 0.1948996563 0.03045981979
v -0.03662221575 0.1949993687 0.03049203849
v -0.03645848227 0.1951987934 0.03055647588
v -0.03973085451 0.1953910809 0.03029174829
v -0.03970190001 0.1951478176 0.03023493528
v -0.04398787403 0.196678896 0.02358201933
v -0.04318327284 0.1922399178 0.02664072442
v -0.0430898366 0.1923570881 0.02575577879
v -0.04305878973 0.1880626202 0.0288317523
v -0.0426539979 0.1842368336 0.02836794329
v -0.04296535349 0.1881797905 0.02794680667
v -0.04143461227 0.186279871 0.02876719642
v -0.04123221636 0.1843669777 0.02853529191
v -0.03971138 0.1944399433 0.03006068468
v -0.03960779715 0.1943572063 0.03005029392
v -0.03940063143 0.1941917324 0.03002951241
v -0.03655706739 0.1944520206 0.03036421013
v -0.03777645397 0.1924089832 0.02996495652
v -0.03635467196 0.1925391273 0.03013230538
v -0.03879344511 0.1884530525 0.02933379817
v -0.0355450902 0.1848875542 0.0292046864
v -0.03859104919 0.1865401592 0.02910189366
v -0.03737166309 0.1885831966 0.02950114703
v -0.03696687174 0.18475741 0.02903733778
v -0.03574748564 0.1868004475 0.02943659115
v -0.04259160852 0.1886484718 0.02440702415
v -0.04237368917 0.1845883446 0.02571310639
v -0.04268504477 0.1885313015 0.02529196978
v -0.04237759113 0.1867629986 0.02405505705
v -0.04226863146 0.184732935 0.02470809817
v -0.04227643538 0.189082243 0.02139199948
v -0.04184840059 0.1853112965 0.02068806529
v -0.0421674757 0.1870521793 0.02204504061
v -0.04195345831 0.1851667061 0.02169307351
v -0.04139095783 0.1853531685 0.02074190807
v -0.04093351507 0.1853950405 0.02079575086
v -0.04003593111 0.1937750072 0.02254417086
v -0.04092036963 0.1934230289 0.0223864131
v -0.04047815037 0.1935990181 0.02246529198
v -0.04136154985 0.189165987 0.02149968505
v -0.04090410709 0.189207859 0.02155352783
v -0.03956118679 0.1855206566 0.02095727921
v -0.03911896753 0.1856966457 0.02103615808
v -0.04046188784 0.1893838482 0.02163240671
v -0.04001862955 0.1854787846 0.02090343642
v -0.0425357008 0.1770699444 0.02649411488
v -0.0409290266 0.1759582863 0.02766695404
v -0.04249965096 0.1766957912 0.02647880912
v -0.04100112629 0.1767065926 0.02769756556
v -0.04246360111 0.1763216381 0.02646350336
v -0.04096507645 0.1763324394 0.0276822598
v -0.04239038754 0.1780908909 0.02446556711
v -0.04217297459 0.1783635311 0.02240640783
v -0.04201008415 0.1785618992 0.02247883177
v -0.04192863894 0.1786610832 0.02251504374
v -0.04235433769 0.1777167377 0.02445026135
v -0.04231828785 0.1773425846 0.0244349556
v -0.0422274971 0.178289259 0.02453799105
v -0.04214605188 0.178388443 0.02457420301
v -0.0417657485 0.1788594513 0.02258746767
v -0.0416820364 0.1789614792 0.02260220814
v -0.03789481354 0.1781232948 0.02812183642
v -0.03772738934 0.1783273506 0.02815131736
v -0.03764367723 0.1784293785 0.02816605783
v -0.03468035126 0.1784175377 0.02850019002
v -0.03464430141 0.1780433846 0.02848488426
v -0.03785876369 0.1777491417 0.02810653067
v -0.04062500858 0.1729846401 0.02739661336
v -0.04070335579 0.1737251148 0.02748638272
v -0.04212367201 0.1726997719 0.02639217353
v -0.04066418219 0.1733548775 0.02744149804
v -0.04221013832 0.1762201252 0.02438903832
v -0.04217162228 0.1759104347 0.02430265522
v -0.0421008749 0.1776152248 0.02237579632
v -0.04206482506 0.1772410717 0.02236049056
v -0.04224618816 0.1765942783 0.02440434408
v -0.04202630901 0.1769313812 0.02227410746
v -0.04209459019 0.1752910538 0.02412988901
v -0.04208290911 0.1751804638 0.02411664963
v -0.04187224483 0.1756926193 0.02192857504
v -0.04194927692 0.1763120003 0.02210134125
v -0.04191076088 0.1760023098 0.02201495814
v -0.04205954695 0.1749592838 0.02409017086
v -0.04204973459 0.1748477764 0.02409352326
v -0.04184888268 0.1754714394 0.02190209627
v -0.0418372016 0.1753608494 0.02188885689
v -0.04181383944 0.1751396694 0.02186237812
v -0.04203010988 0.1746247616 0.02410022807
v -0.04202238464 0.174514822 0.0241200974
v -0.04179421473 0.1749166546 0.02186908293
v -0.04178440237 0.1748051472 0.02187243533
v -0.04176477766 0.1745821323 0.02187914014
v -0.04200693417 0.1742949429 0.02415983605
v -0.04200146914 0.1741890182 0.02419577956
v -0.04174932718 0.1743622532 0.02191887879
v -0.04174160194 0.1742523136 0.02193874812
v -0.04172615147 0.1740324345 0.02197848678
v -0.04199053907 0.173977169 0.02426766658
v -0.04198745584 0.1738776264 0.0243188827
v -0.04171522141 0.1738205853 0.02205037379
v -0.04170975637 0.1737146606 0.0220863173
v -0.04169882631 0.1735028114 0.02215820432
v -0.04198488283 0.173164753 0.02485141683
v -0.04168939924 0.1721487846 0.0231311214
v -0.04168573713 0.1723094215 0.02297508025
v -0.04168390608 0.17238974 0.02289705968
v -0.04198128939 0.1736785412 0.02442131495
v -0.04198065615 0.1735875969 0.02448666167
v -0.04169265985 0.1733037262 0.02226063657
v -0.04168957663 0.1732041836 0.02231185269
v -0.04168341017 0.1730050983 0.02241428494
v -0.04198122072 0.1733253899 0.02469537568
v -0.04197938967 0.1734057083 0.02461735511
v -0.04168214369 0.1728232098 0.02254497838
v -0.04168151045 0.1727322655 0.0226103251
v -0.04168024397 0.1725503769 0.02274101853
v -0.03771456432 0.1762525291 0.02804530764
v -0.03457220173 0.1772950783 0.02845427275
v -0.03778666401 0.1770008354 0.02807591915
v -0.03775061417 0.1766266823 0.02806061339
v -0.03453615141 0.1769209251 0.02843896699
v -0.03450010109 0.176546772 0.02842366123
v -0.03764246368 0.1755042229 0.02801469612
v -0.03760641336 0.1751300697 0.02799939036
v -0.03439195013 0.1754243126 0.02837774396
v -0.03435277653 0.1750540752 0.02833285928
v -0.03756723976 0.1747598324 0.02795450568
v -0.03442800045 0.1757984657 0.02839304972
v -0.04158038807 0.1709022732 0.0231743772
v -0.04182818842 0.1716838036 0.0246718781
v -0.03741054535 0.173278883 0.02777496696
v -0.03427442932 0.1743136005 0.02824308991
v -0.03748889256 0.1740193577 0.02786473632
v -0.03744971895 0.1736491203 0.02781985164
v -0.03423525596 0.1739433632 0.02819820523
v -0.03419608259 0.1735731258 0.02815332055
v -0.03733219862 0.1725384083 0.02768519759
v -0.03729302526 0.1721681709 0.02764031291
v -0.0340785625 0.1724624138 0.02801866651
v -0.03406177783 0.1723198357 0.02798694444
v -0.0340533855 0.1722485466 0.0279710834
v -0.03411773586 0.1728326511 0.02806355119
v -0.03727624059 0.1720255928 0.02760859084
v -0.03726784825 0.1719543037 0.02759272981
v -0.03403660083 0.1721059685 0.02793936133
v -0.03402820849 0.1720346794 0.02792350054
v -0.03725106359 0.1718117256 0.02756100821
v -0.03724267125 0.1717404366 0.02754514742
v -0.03722588658 0.1715978584 0.02751342583
v -0.03401142383 0.1718921013 0.02789177895
v -0.03399228311 0.1717587624 0.02783285856
v -0.03398271275 0.1716920929 0.02780339837
v -0.03720674586 0.1714645195 0.02745450544
v -0.0371971755 0.17139785 0.02742504525
v -0.03396357203 0.171558754 0.02774447799
v -0.0339540019 0.1714920864 0.0277150178
v -0.041731637 0.1789319248 0.0246572051
v -0.04173025513 0.1789208107 0.02465410519
v -0.04152152157 0.1792211056 0.02264718866
v -0.04184059668 0.1809619884 0.02400416398
v -0.04173553896 0.1811065788 0.02299915576
v -0.04197862768 0.1785924988 0.02460368395
v -0.04189491558 0.1786945267 0.02461842442
v -0.04172749138 0.1788985825 0.02464790535
v -0.04151875782 0.1791988773 0.02264098883
v -0.04151737595 0.1791877632 0.02263788891
v -0.0415146122 0.179165535 0.02263168907
v -0.03778146553 0.178888586 0.02817427564
v -0.03493790245 0.1791488743 0.02850897288
v -0.03473442745 0.1789787731 0.0285231483
v -0.03463268995 0.1788937225 0.02853023601
v -0.03798386145 0.1808014793 0.02840618014
v -0.03656207991 0.1809316235 0.02857352877
v -0.03757799053 0.1787184849 0.02818845105
v -0.03747625303 0.1786334343 0.02819553876
v -0.03451292706 0.1786215935 0.02852967095
v -0.03442921495 0.1787236214 0.02854441142
v -0.03717803526 0.1712645149 0.02736612487
v -0.03716846514 0.1711978474 0.02733666468
v -0.03714932489 0.1710645123 0.02727774429
v -0.03393486166 0.1713587513 0.02765609741
v -0.0339141016 0.1712397823 0.02757224321
v -0.03390372157 0.1711802979 0.02753031611
v -0.03712856483 0.1709455433 0.02719389009
v -0.0371181848 0.1708860588 0.027151963
v -0.03388296151 0.1710613289 0.02744646192
v -0.03387258124 0.1710018425 0.02740453458
v -0.03709742427 0.170767086 0.02706810832
v -0.037087044 0.1707075996 0.02702618098
v -0.03706628346 0.1705886269 0.02694232631
v -0.03385182071 0.1708828697 0.0273206799
v -0.03383023858 0.1707828369 0.0272151134
v -0.03381944752 0.1707328205 0.02716233015
v -0.03704470134 0.1704885941 0.02683675981
v -0.03703391027 0.1704385777 0.02678397655
v -0.03379786539 0.1706327877 0.02705676365
v -0.03378707457 0.1705827713 0.0270039804
v -0.04172693157 0.1767135658 0.01990002728
v -0.04180396366 0.1773329468 0.02007279348
v -0.04176544762 0.1770232563 0.01998641038
v -0.03701232862 0.1703385448 0.02667841005
v -0.0370015378 0.1702885284 0.0266256268
v -0.03697995615 0.1701884956 0.0265200603
v -0.03376549292 0.1704827385 0.0268984139
v -0.03374391794 0.1704054871 0.02677519298
v -0.03373313046 0.1703668613 0.02671358252
v -0.03695838118 0.1701112442 0.02639683938
v -0.03694759369 0.1700726185 0.02633522892
v -0.03371155548 0.1702896099 0.0265903616
v -0.03370076799 0.1702509842 0.02652875113
v -0.03692601871 0.1699953671 0.026212008
v -0.03691523123 0.1699567413 0.02615039754
v -0.03689365625 0.1698794899 0.02602717662
v -0.03367919302 0.1701737328 0.02640553021
v -0.0336584549 0.1701222305 0.02626938939
v -0.03364808583 0.1700964794 0.02620131898
v -0.03687291813 0.1698279877 0.0258910358
v -0.03686254907 0.1698022366 0.02582296538
v -0.03362734771 0.1700449772 0.02606517816
v -0.03361697841 0.170019228 0.02599710774
v -0.03684181046 0.1697507381 0.02568682456
v -0.03683144116 0.1697249889 0.02561875415
v -0.03681070256 0.1696734905 0.02548261333
v -0.03359623981 0.1699677296 0.02586096692
v -0.03357713485 0.1699439602 0.02571713853
v -0.03356758237 0.1699320755 0.02564522433
v -0.0367915976 0.1696497211 0.02533878493
v -0.03678204513 0.1696378365 0.02526687074
v -0.03354847741 0.1699083061 0.02550139594
v -0.03353892493 0.1698964214 0.02542948174
v -0.03676294017 0.1696140671 0.02512304235
v -0.03675338769 0.1696021824 0.02505112815
v -0.03673428273 0.169578413 0.02490729976
v -0.03351981997 0.1698726521 0.02528565335
v -0.03350308251 0.1698775272 0.02513966441
v -0.03349471378 0.1698799648 0.02506666994
v -0.03671754527 0.1695832882 0.02476131082
v -0.03670917654 0.1695857258 0.02468831635
v -0.03347797632 0.16988484 0.024920681
v -0.03346960783 0.1698872757 0.02484768653
v -0.03669243956 0.1695905972 0.0245423274
v -0.03668407106 0.1695930328 0.02446933293
v -0.03666733408 0.1695979042 0.02432334399
v -0.03345287085 0.1698921471 0.02470169759
v -0.03343136644 0.1699378128 0.02448348212
v -0.03342061424 0.1699606457 0.02437437439
v -0.03664582968 0.1696435699 0.02410512853
v -0.03663507748 0.1696664028 0.02399602079
v -0.03339910984 0.1700063114 0.02415615892
v -0.03338835716 0.1700291462 0.02404705119
v -0.03824594975 0.1762613964 0.01897033262
v -0.03830913067 0.1760322971 0.01893366766
v -0.03621836567 0.1764469967 0.01920898676
v -0.03565651679 0.1763867683 0.01926050401
v -0.03662358403 0.1758516121 0.0190882194
v -0.03660395932 0.1756285973 0.01909492421
v -0.03659414697 0.1755170898 0.01909827662
v -0.03340912127 0.1761458549 0.019466573
v -0.03397097015 0.1762060833 0.01941505575
v -0.03661357212 0.1697120724 0.02377780533
v -0.03660281944 0.1697349072 0.0236686976
v -0.03658131409 0.1697805767 0.02345048213
v -0.03336685181 0.1700748158 0.02382883573
v -0.03334932041 0.170152483 0.02361948848
v -0.03334055471 0.1701913166 0.02351481485
v -0.03656378269 0.1698582439 0.02324113488
v -0.03655501699 0.1698970776 0.02313646126
v -0.03332302332 0.1702689838 0.02330546761
v -0.03331425762 0.1703078175 0.02320079398
v -0.03657452226 0.175294075 0.01910498142
v -0.0365647099 0.1751825676 0.01910833383
v -0.03338949656 0.1759228401 0.01947327781
v -0.03337968421 0.1758113327 0.01947663021
v -0.03654508519 0.1749595528 0.01911503863
v -0.03652963471 0.1747396736 0.01915477729
v -0.03652190948 0.174629734 0.01917464662
v -0.0333600595 0.1755883179 0.01948333502
v -0.03335024714 0.1754768105 0.01948668742
v -0.03333062243 0.1752537956 0.01949339223
v -0.0365374856 0.1699747448 0.02292711401
v -0.0365287199 0.1700135784 0.02282244039
v -0.03651118851 0.1700912457 0.02261309314
v -0.03329672623 0.1703854847 0.02299144673
v -0.03328355885 0.1704934216 0.02279563546
v -0.03327697515 0.17054739 0.02269772983
v -0.03649802113 0.1701991825 0.02241728187
v -0.03649143744 0.1702531509 0.02231937623
v -0.03326380777 0.1706553268 0.02250191855
v -0.03325722408 0.1707092953 0.02240401292
v -0.036506459 0.1744098549 0.01921438527
v -0.036498734 0.1742999134 0.0192342546
v -0.03331517196 0.1750339165 0.01953313088
v -0.03330744672 0.1749239769 0.01955300021
v -0.036483284 0.1740800304 0.01927399325
v -0.03647235394 0.1738681812 0.01934588027
v -0.0364668889 0.1737622566 0.01938182378
v -0.03329199672 0.1747040939 0.01959273887
v -0.03328427172 0.1745941525 0.01961260819
v -0.03326882172 0.1743742695 0.01965234685
v -0.03647827005 0.1703610878 0.02212356496
v -0.03647168636 0.1704150562 0.02202565932
v -0.03645851898 0.1705229931 0.02182984805
v -0.0332440567 0.1708172321 0.02220820165
v -0.03323554659 0.1709530354 0.0220302918
v -0.03323129153 0.171020937 0.02194133687
v -0.03645000887 0.1706587963 0.0216519382
v -0.03644575381 0.1707266979 0.02156298327
v -0.03322278142 0.1711567402 0.02176342702
v -0.0332185266 0.1712246399 0.02167447209
v -0.03645595884 0.1735504074 0.01945371079
v -0.03645049357 0.1734444847 0.0194896543
v -0.03325789165 0.1741624203 0.01972423387
v -0.03325242662 0.1740564957 0.01976017737
v -0.03643956304 0.1732326393 0.01956154132
v -0.03643339658 0.1730335541 0.01966397357
v -0.03643031335 0.1729340115 0.0197151897
v -0.03324149609 0.1738446503 0.01983206439
v -0.03323603082 0.1737387276 0.0198680079
v -0.03322510028 0.1735268822 0.01993989491
v -0.03643724418 0.1708624973 0.02138507342
v -0.03643298936 0.170930397 0.0212961185
v -0.03642447972 0.1710661964 0.02111820865
v -0.03321001697 0.1713604393 0.02149656224
v -0.03320635438 0.1715210724 0.0213405211
v -0.03320452309 0.1716013889 0.02126250052
v -0.03642081714 0.1712268295 0.0209621675
v -0.03641898584 0.1713071461 0.02088414693
v -0.0332008605 0.171762022 0.02110645938
v -0.03319902945 0.1718423405 0.02102843881
v -0.03642414689 0.1727349262 0.01981762195
v -0.03642106342 0.1726353817 0.01986883807
v -0.03321893382 0.1733277969 0.02004232717
v -0.03321585059 0.1732282543 0.02009354329
v -0.03641489649 0.1724362926 0.01997127032
v -0.03641363001 0.1722544041 0.02010196376
v -0.03641299677 0.1721634598 0.02016731048
v -0.03320968366 0.1730291653 0.02019597554
v -0.03320660019 0.1729296207 0.02024719167
v -0.03320043325 0.1727305317 0.02034962392
v -0.03641173029 0.1719815712 0.02029800391
v -0.03641109705 0.1718906269 0.02036335063
v -0.03319916677 0.1725486431 0.02048031735
v -0.03319853354 0.1724576988 0.02054566407
v -0.03641532373 0.171467783 0.02072810578
v -0.03641349268 0.1715481014 0.02065008521
v -0.03640983057 0.1717087383 0.02049404407
v -0.03319726706 0.1722758102 0.02067635751
v -0.03319663382 0.172184866 0.02074170423
v -0.03319536734 0.1720029774 0.02087239766
v -0.04050548029 0.181624094 0.02009181666
v -0.04004803753 0.181665966 0.02014565945
v -0.03959059477 0.1817078381 0.02019950223
v -0.03707006383 0.2024534321 0.02533248901
v -0.03700990081 0.2025646343 0.02548647976
v -0.03492215371 0.2028614368 0.02587912464
v -0.03757325864 0.2025659142 0.0254936254
v -0.03934139776 0.1965999851 0.02239212465
v -0.03929392147 0.1959817352 0.02246957564
v -0.03893039227 0.1931790543 0.02156066728
v -0.03837695789 0.1879033737 0.02096156287
v -0.03836690998 0.1879017601 0.02087744927
v -0.03888291597 0.1925608044 0.02163811827
v -0.03891029644 0.193175827 0.02139244008
v -0.03890024853 0.1931742134 0.02130832648
v -0.0388801527 0.1931709862 0.02114009929
v -0.03834681416 0.1878985329 0.02070922208
v -0.0383428545 0.1878962059 0.02067739177
v -0.03887223339 0.1931663322 0.02107643867
v -0.03886827374 0.1931640053 0.02104460835
v -0.03886035442 0.1931593513 0.02098094773
v -0.03833493519 0.187891552 0.02061373115
v -0.03833044052 0.1878811531 0.02058363318
v -0.03885136509 0.1931385536 0.02092075181
v -0.03884687042 0.1931281548 0.02089065385
v -0.03883788109 0.193107357 0.02083045793
v -0.03832145119 0.1878603554 0.02052343726
v -0.03830418396 0.1877586288 0.02045584488
v -0.03880334663 0.192903904 0.02069527316
v -0.03878607941 0.1928021774 0.02062768078
v -0.03875154495 0.1925987244 0.02049249601
v -0.03826964951 0.1875551758 0.02032066011
v -0.038218472 0.1871436749 0.02020587897
v -0.0381672945 0.1867321739 0.02009109783
v -0.03864918995 0.1917757225 0.02026293373
v -0.03859801245 0.1913642216 0.02014815259
v -0.038013762 0.1854976711 0.01974675441
v -0.0380649395 0.1859091721 0.01986153555
v -0.03750686598 0.1855440712 0.01980641794
v -0.03715467739 0.1974163723 0.02078820491
v -0.0366477809 0.1974627724 0.02084786844
v -0.03707732439 0.1915034218 0.02032714319
v -0.0354792819 0.1857296715 0.02004507208
v -0.03657042789 0.1915498219 0.02038680673
v -0.03598617792 0.1856832714 0.01998540854
v -0.03869301081 0.1900878048 0.02194792223
v -0.03823452902 0.186048624 0.02119391584
v -0.03957744932 0.1897358265 0.02179016447
v -0.03913523006 0.1899118156 0.02186904335
v -0.0387404871 0.1907060547 0.02187047124
v -0.03768539906 0.1816886253 0.01991926193
v -0.03763422155 0.1812771244 0.01980448079
v -0.03758304405 0.1808656235 0.01968969965
v -0.03615518475 0.176676096 0.01924565172
v -0.03590882349 0.1797703209 0.01952434683
v -0.03540192747 0.179816721 0.01958401036
v -0.03498231673 0.2027502346 0.0257251339
v -0.03528622961 0.1969711857 0.02286943197
v -0.03523875332 0.1963529358 0.02294688272
v -0.03487522411 0.1935502548 0.02203797483
v -0.03485512829 0.1935470276 0.02186974764
v -0.03484508038 0.193545414 0.02178563404
v -0.03432178974 0.1882745743 0.02143886995
v -0.03482774782 0.1929320049 0.02211542559
v -0.03558891582 0.1992673187 0.02365535069
v -0.03482498455 0.1935421867 0.02161740685
v -0.03481706524 0.1935375328 0.02155374622
v -0.03481310558 0.1935352058 0.02152191591
v -0.03430169392 0.188271347 0.02127064276
v -0.034291646 0.1882697334 0.02118652916
v -0.03480518627 0.1935305519 0.02145825529
v -0.03479619694 0.1935097504 0.02139805889
v -0.03479170227 0.1934993496 0.02136796069
v -0.03428372669 0.1882650795 0.02112286854
v -0.03427976704 0.1882627525 0.02109103823
v -0.03478271294 0.193478548 0.02130776429
v -0.03474817753 0.1932750988 0.02117258
v -0.03473090982 0.1931733742 0.02110498786
v -0.0342707777 0.188241951 0.02103084183
v -0.03426628304 0.1882315502 0.02100074363
v -0.03469637442 0.1929699249 0.02096980357
v -0.03464519691 0.192558424 0.02085502267
v -0.03423174763 0.188028101 0.02086555934
v -0.03421447992 0.1879263763 0.0207979672
v -0.03416330242 0.1875148754 0.02068318629
v -0.03454284191 0.1917354221 0.02062546086
v -0.03395859241 0.1858688717 0.02022406268
v -0.03504973841 0.1916890221 0.02056579733
v -0.03406094742 0.1866918736 0.02045362449
v -0.03400976992 0.1862803726 0.02033884358
v -0.03463784266 0.1904590054 0.0224252286
v -0.03417936087 0.1864198246 0.02167122221
v -0.0337066946 0.1863275795 0.02170002866
v -0.03468531895 0.1910772552 0.02234777784
v -0.03416517639 0.1903667603 0.02245403504
v -0.03273299313 0.1940369606 0.02332326722
v -0.03367832565 0.1942214508 0.02326565433
v -0.03320565939 0.1941292057 0.02329446077
v -0.03347669792 0.1808253231 0.02005222631
v -0.03357905293 0.181648325 0.02028178811
v -0.03352787542 0.181236824 0.02016700721
v -0.03276136208 0.1861430893 0.02175764155
v -0.03227451134 0.1899977798 0.02256926084
v -0.03321984386 0.1901822701 0.02251164794
v -0.0327471776 0.1900900249 0.02254045439
v -0.03230391932 0.1861849613 0.02181148434
v -0.03184647655 0.1862268333 0.02186532712
v -0.03233332729 0.1823721428 0.02105370784
v -0.03187588453 0.1824140148 0.02110755062
v -0.03141844177 0.1824558868 0.0211613934
v -0.03244205403 0.1766810112 0.0196388576
v -0.03188020515 0.1766207829 0.01969037485
v -0.03180901861 0.1932810707 0.02797951436
v -0.03171558285 0.193398241 0.02709456849
v -0.03168453503 0.1891037731 0.03017054248
v -0.03127974415 0.1852779865 0.02970673299
v -0.03310631704 0.188973629 0.03000319362
v -0.0329039216 0.1870607357 0.02977128887
v -0.03159109926 0.1892209435 0.02928559661
v -0.03367152357 0.1992903385 0.03161375642
v -0.03187263298 0.1986695442 0.03077180862
v -0.03363235021 0.1989201012 0.0315688715
v -0.03359317684 0.1985498638 0.03152398658
v -0.03169580722 0.2010302887 0.02743358493
v -0.03163757062 0.2005910931 0.02728036809
v -0.03157607651 0.2000407295 0.02718593025
v -0.03341774726 0.1969526215 0.03127570629
v -0.03160562658 0.196286747 0.03035641742
v -0.03338879251 0.1967093563 0.03121889353
v -0.03335983777 0.1964660912 0.03116208076
v -0.03172435474 0.1993551369 0.02897886944
v -0.03140995789 0.1984482613 0.02701304531
v -0.03155823612 0.1977626686 0.0288059845
v -0.0312493453 0.1969270058 0.0268315599
v -0.03142748594 0.1966068764 0.02859398866
v -0.0312173562 0.1896896248 0.02574581313
v -0.03099943686 0.1856294975 0.02705189538
v -0.03131079197 0.1895724545 0.026630759
v -0.03100333881 0.1878041515 0.02539384627
v -0.03089437914 0.1857740879 0.0260468874
v -0.03135962582 0.1900815239 0.0226769464
v -0.03090218306 0.1901233959 0.02273078918
v -0.03047414827 0.1863524494 0.02202685547
v -0.03093159103 0.1863105774 0.02197301269
v -0.03079322338 0.1880933323 0.02338383031
v -0.03057920599 0.186207859 0.02303186345
v -0.03126167965 0.1991338539 0.02522010612
v -0.03035738468 0.1799730778 0.02599599481
v -0.03014726925 0.1802622585 0.02398597884
v -0.03014450502 0.1802400341 0.02397977853
v -0.03014312291 0.1802289219 0.02397667837
v -0.03046634436 0.1820031414 0.02534295368
v -0.03036128664 0.1821477318 0.0243379457
v -0.03035462046 0.1799508533 0.02598979449
v -0.03035323834 0.1799397411 0.02598669434
v -0.03014035869 0.1802066975 0.02397047806
v -0.03003862119 0.1801216469 0.02397756577
v -0.03014976335 0.17976964 0.02600086975
v -0.03004802585 0.1796845894 0.02600795746
v -0.02984455085 0.1795144882 0.02602213287
v -0.02983514619 0.1799515457 0.02399174118
v -0.02962713695 0.1797871284 0.02396297359
v -0.02952313232 0.1797049198 0.0239485898
v -0.03135773849 0.1775893211 0.02883262634
v -0.02956969929 0.1771244564 0.02796161199
v -0.03132168818 0.177215168 0.02881732059
v -0.03128563786 0.1768410149 0.02880201483
v -0.02964179993 0.1778727627 0.0279922235
v -0.02960574961 0.1774986095 0.02797691774
v -0.0296365416 0.179350071 0.02599336529
v -0.02953253698 0.1792678623 0.02597898149
v -0.02931512308 0.1795405025 0.02391982222
v -0.02927907276 0.1791663494 0.02390451646
v -0.02949648666 0.1788937092 0.02596367574
v -0.03105996656 0.1746078434 0.02862144351
v -0.0292266469 0.173506506 0.02786070323
v -0.0310207932 0.174237606 0.02857655883
v -0.03098161983 0.1738673687 0.02853167415
v -0.02926582026 0.1738767433 0.02790558791
v -0.02935228539 0.1773970966 0.02590245271
v -0.02920697212 0.1784180431 0.02387390494
v -0.02942438602 0.1781454029 0.02593306422
v -0.0293883357 0.1777712498 0.02591775846
v -0.02916845632 0.1781083508 0.02378752184
v -0.02912994051 0.1777986584 0.02370113873
v -0.02927525377 0.1767777119 0.0257296865
v -0.02923673797 0.1764680195 0.02564330339
v -0.02901439309 0.1768695812 0.02344198942
v -0.02899103093 0.1766484051 0.02341551065
v -0.02897934985 0.176537817 0.02340227127
v -0.0290529089 0.1771792736 0.02352837253
v -0.02921337581 0.1762468433 0.02561682463
v -0.02920169473 0.1761362553 0.02560358524
v -0.02895598769 0.1763166409 0.0233757925
v -0.02893636298 0.176093626 0.02338249731
v -0.02892655063 0.1759821186 0.02338584971
v -0.02918207002 0.1759132404 0.02561029005
v -0.02917225766 0.175801733 0.02561364245
v -0.02890692592 0.1757591038 0.02339255452
v -0.02889147592 0.1755392208 0.02343229318
v -0.02888375092 0.1754292793 0.0234521625
v -0.02915680766 0.1755818501 0.02565338111
v -0.02914908266 0.1754719086 0.02567325044
v -0.02886830091 0.1752093964 0.02349190116
v -0.02885737038 0.174997551 0.02356378818
v -0.02885190511 0.1748916283 0.02359973168
v -0.02913815212 0.1752600632 0.02574513745
v -0.02913268685 0.1751541405 0.02578108096
v -0.02884097457 0.1746797829 0.0236716187
v -0.02883480763 0.1744806938 0.02377405095
v -0.02883172417 0.1743811493 0.02382526708
v -0.02912703061 0.1743417244 0.02636483121
v -0.0288315475 0.1733257561 0.02464453578
v -0.02879237413 0.1729555187 0.0245996511
v -0.02912651992 0.1749550514 0.02588351321
v -0.02912343645 0.1748555069 0.02593472934
v -0.02882555723 0.1741820602 0.02392769933
v -0.02882429075 0.1740001717 0.02405839276
v -0.02882365751 0.1739092274 0.02412373948
v -0.02912216997 0.1746736183 0.02606542277
v -0.02912153673 0.174582674 0.02613076949
v -0.02882239103 0.1737273388 0.02425443292
v -0.02900951052 0.1732310123 0.02623017716
v -0.02897033715 0.172860775 0.02618529248
v -0.02898462725 0.1788196049 0.02167259097
v -0.02894611144 0.1785099125 0.02158620787
v -0.02890759563 0.1782002201 0.02149982476
v -0.04247779489 0.2022755108 0.02513670874
v -0.04191443706 0.202274231 0.02512956309
v -0.04337014532 0.1920055771 0.02841061568
v -0.04327670908 0.1921227474 0.02752567005
v -0.04183940411 0.1901056576 0.02923100543
v -0.04163700819 0.1881927643 0.02899910092
v -0.04062001801 0.192148695 0.0296302588
v -0.03919823599 0.1922788391 0.02979760766
v -0.04021522665 0.1883229084 0.02916644955
v -0.03899584055 0.1903659458 0.02956570292
v -0.04290296412 0.1925914288 0.02398588753
v -0.04299640036 0.1924742584 0.02487083316
v -0.04259551048 0.1908231258 0.0227489748
v -0.04248655081 0.1887930622 0.02340201592
v -0.04238149309 0.1889376526 0.0223970077
v -0.04082742453 0.1805411911 0.0280714829
v -0.04256056166 0.1843540039 0.02748299766
v -0.04102982044 0.1824540844 0.0283033874
v -0.04205071211 0.1806728077 0.02601418042
v -0.04246712542 0.1844711742 0.02659805202
v -0.04215967178 0.1827028713 0.0253611393
v -0.04194565439 0.1808173981 0.0250091722
v -0.03940564299 0.1806713352 0.02823883152
v -0.03932292271 0.175939497 0.01881434059
v -0.03774728179 0.1759720688 0.01898518491
v -0.03718543291 0.1759118404 0.01903670216
v -0.04152542353 0.1813957596 0.02098913932
v -0.04173944092 0.1832812328 0.02134110641
v -0.04163048124 0.1812511692 0.02199414754
v -0.03966100574 0.2022691116 0.02510098052
v -0.04022436357 0.2022703915 0.02510812616
v -0.03808385587 0.2023606319 0.02521316195
v -0.03943635035 0.1978364849 0.02223722267
v -0.03938887405 0.197218235 0.02231467366
v -0.03809111643 0.1914106216 0.02020781612
v -0.03816847038 0.1973235722 0.02066887784
v -0.03766157389 0.1973699722 0.02072854137
v -0.03758422041 0.1914570217 0.02026747966
v -0.03919896889 0.1947452354 0.02262447762
v -0.03924644518 0.1953634853 0.02254702663
v -0.0383294816 0.1872851238 0.02103901386
v -0.03828200531 0.1866668739 0.02111646485
v -0.03716897678 0.1765832958 0.01912632465
v -0.03692261553 0.1796775208 0.01940501976
v -0.03641571951 0.1797239208 0.01946468329
v -0.03605627179 0.2025462322 0.02545181608
v -0.03538118219 0.1982076855 0.02271453047
v -0.0353337059 0.1975894356 0.02279198122
v -0.0356339879 0.1975555725 0.02096719551
v -0.0361408844 0.1975091724 0.02090753198
v -0.03514380074 0.195116436 0.02310178423
v -0.03519127703 0.1957346859 0.02302433348
v -0.03427431345 0.1876563244 0.02151632071
v -0.03422683716 0.1870380745 0.02159377146
v -0.03356575179 0.1768014679 0.01953582311
v -0.03438813543 0.1799095211 0.01970333743
v -0.03497238541 0.1857760715 0.02010473561
v -0.03514139271 0.1767688961 0.01936497879
v -0.03489503145 0.179863121 0.0196436739
v -0.03446548891 0.1858224716 0.02016439915
v -0.03300390291 0.1767412395 0.01958734035
v -0.03351110792 0.1927994156 0.03046700311
v -0.03493288994 0.1926692715 0.03029965425
v -0.03199589014 0.19304673 0.0297494061
v -0.03190245438 0.1931639004 0.02886446023
v -0.03330871248 0.1908865223 0.03023509836
v -0.03604886937 0.2028639965 0.02589341593
v -0.03548551154 0.2028627167 0.02588627028
v -0.03390836167 0.202954237 0.02599845171
v -0.03152871132 0.1936325817 0.02532467675
v -0.03162214708 0.1935154114 0.02620962262
v -0.03122125816 0.1918642788 0.02408776402
v -0.03111229849 0.1898342152 0.02474080515
v -0.03100724077 0.1899788055 0.02373579717
v -0.03371851683 0.1811919117 0.02890822601
v -0.03249913073 0.1832349491 0.02930747938
v -0.03534269428 0.1829746609 0.0289727819
v -0.03412330818 0.1850176983 0.02937203526
v -0.03514029837 0.1810617676 0.02874087739
v -0.03270152617 0.1851478424 0.02953938413
v -0.03118630838 0.1853951569 0.02882178712
v -0.03067645979 0.1817139606 0.02735296965
v -0.03109287262 0.1855123272 0.02793684125
v -0.03078541946 0.1837440243 0.02669992852
v -0.03057140207 0.181858551 0.02634796166
v -0.03015117121 0.1824369125 0.02232792974
v -0.0303651886 0.1843223858 0.02267989659
v -0.03025622892 0.1822923222 0.02333293772
v -0.0307565074 0.1765003262 0.01979340935
v -0.03131835628 0.1765605545 0.0197418921
v -0.0386999743 0.2025684738 0.02550791669
v -0.03813661647 0.202567194 0.02550077105
v -0.04287191725 0.1882969608 0.02706186104
v -0.04277848101 0.1884141312 0.02617691541
v -0.03981043482 0.1844971218 0.02870264053
v -0.03838865328 0.1846272659 0.02886998916
v -0.03818625736 0.1827143726 0.02863808465
v -0.03615227652 0.1906262341 0.02990040064
v -0.03594988108 0.1887133408 0.02966849589
v -0.03452809906 0.1888434849 0.02983584476
v -0.04216357374 0.1848775253 0.02370308995
v -0.04205851603 0.1850221157 0.02269808173
v -0.04194955635 0.1829920521 0.02335112286
v -0.03723215771 0.1763541965 0.01908965969
v -0.03509466791 0.17632654 0.01931202126
v -0.03453281903 0.1762663116 0.0193635385
v -0.03599610877 0.2026574345 0.02560580683
v -0.03883543968 0.1919425545 0.02171556926
v -0.03878796339 0.1913243046 0.02179302025
v -0.03699996996 0.1855904713 0.01986608148
v -0.03649307394 0.1856368713 0.01992574501
v -0.0360635314 0.1915962219 0.02044647026
v -0.0355566349 0.191642622 0.02050613379
v -0.03478027153 0.192313755 0.02219287634
v -0.03473279524 0.1916955051 0.02227032709
v -0.0314976635 0.1893381138 0.02840065074
v -0.03140422773 0.1894552841 0.02751570487
v -0.03078932142 0.1859186783 0.02504187942
v -0.03068426371 0.1860632687 0.02403687143
v -0.03057530403 0.184033205 0.02468991256
v -0.04336941791 0.19419732 0.02965270329
v -0.04285388875 0.1929099255 0.02949518788
v -0.0435180614 0.1929034386 0.02896904075
v -0.04286400771 0.1937236309 0.02277442133
v -0.04236164784 0.1939048567 0.02233827806
v -0.04191942859 0.1940808458 0.02241715693
v -0.04210128999 0.1795131855 0.0273457092
v -0.03962218523 0.1997736549 0.02230954778
v -0.03961716127 0.1997728481 0.02226749098
v -0.03960711336 0.1997712345 0.02218337739
v -0.03958701754 0.1997680073 0.02201515019
v -0.03954682589 0.1997615528 0.0216786958
v -0.03954484606 0.1997603893 0.02166278064
v -0.0395408864 0.1997580624 0.02163095033
v -0.03953296709 0.1997534084 0.02156728971
v -0.03951712847 0.1997441006 0.02143996847
v -0.03951488113 0.1997389011 0.02142491949
v -0.03951038647 0.1997285023 0.02139482152
v -0.03950139713 0.1997077045 0.0213346256
v -0.03948341846 0.1996661091 0.02121423376
v -0.03947478485 0.1996152458 0.02118043756
v -0.03945751762 0.1995135193 0.02111284518
v -0.03942298317 0.1993100662 0.02097766042
v -0.03935391426 0.1989031601 0.02070729089
v -0.03932832551 0.1986974096 0.02064990032
v -0.0390748775 0.1987206097 0.02067973208
v -0.03882142925 0.1987438097 0.02070956385
v -0.03926611304 0.1951367807 0.02289043021
v -0.03768516493 0.181308773 0.02021268237
v -0.03768014097 0.1813079662 0.02017062557
v -0.03767816114 0.1813068027 0.02015471041
v -0.03767591381 0.1813016033 0.02013966143
v -0.0376672802 0.1812507401 0.02010586524
v -0.03766142678 0.1809996481 0.02025140786
v -0.03811125779 0.1808907175 0.02018504703
v -0.03856870055 0.1808488455 0.02013120425
v -0.03728344893 0.1781644831 0.01924500668
v -0.03730903769 0.1783702335 0.01930239725
v -0.03736021519 0.1787817345 0.01941717839
v -0.03556701708 0.2001448555 0.02278685594
v -0.03554327893 0.1998357306 0.02282558131
v -0.03552682543 0.200138401 0.02245040154
v -0.0355067296 0.2001351738 0.02228217435
v -0.03549668169 0.2001335602 0.02219806075
v -0.03549165773 0.2001327534 0.02215600395
v -0.03547581911 0.2001234455 0.02202868271
v -0.0354678998 0.2001187916 0.02196502209
v -0.03546394014 0.2001164646 0.02193319178
v -0.03546196032 0.2001153011 0.02191727662
v -0.03544398165 0.200073698 0.02179688382
v -0.03543499231 0.2000528965 0.02173668742
v -0.03543049765 0.2000424957 0.02170658922
v -0.03542825031 0.2000372953 0.02169154012
v -0.03532464409 0.1994269476 0.02128598726
v -0.03530737638 0.199325223 0.02121839511
v -0.03529874253 0.1992743607 0.02118459904
v -0.03527315378 0.1990686102 0.02112720859
v -0.03521094489 0.1955079813 0.02336773658
v -0.03497461176 0.1954618587 0.0233821398
v -0.0345019455 0.1953696136 0.02341094625
v -0.03362999678 0.1816799736 0.02068998885
v -0.03362497282 0.1816791668 0.02064793205
v -0.03362299299 0.1816780033 0.0206320169
v -0.03362074566 0.1816728029 0.0206169678
v -0.03361211181 0.1816219406 0.02058317173
v -0.03360625863 0.1813708487 0.02072871423
v -0.03358652306 0.1814161901 0.02052578127
v -0.03348172879 0.1785124836 0.01969248319
v -0.03322828054 0.1785356836 0.01972231495
v -0.0337351768 0.1784892836 0.01966265142
v -0.03148975539 0.1947647839 0.02411321032
v -0.03153647327 0.1947061987 0.02455568326
v -0.03148464656 0.1804306812 0.02904329669
v -0.03072703767 0.1805543385 0.02868449819
v -0.0309764986 0.1791340322 0.02895569527
v -0.03062526894 0.1815759583 0.02106617415
v -0.04323775268 0.1932549496 0.02631420386
v -0.04314431643 0.1933721199 0.02542925823
v -0.04291087365 0.1871647587 0.02827332723
v -0.04204430509 0.1852583523 0.02856756985
v -0.04270847774 0.1852518654 0.02804142272
v -0.03716676068 0.1934305019 0.03016458333
v -0.03798135638 0.1875616779 0.02930152023
v -0.03635717893 0.1857789288 0.02923696434
v -0.04253712869 0.18763344 0.02473354471
v -0.04242816901 0.1856033764 0.02538658583
v -0.04263056493 0.1875162697 0.02561849034
v -0.04200793815 0.1861817379 0.02136655295
v -0.04149796653 0.1862959051 0.02091789162
v -0.04104052377 0.1863377771 0.0209717344
v -0.04015055156 0.1947848024 0.02273267245
v -0.04059277081 0.1946088133 0.02265379357
v -0.04103499007 0.1944328241 0.02257491469
v -0.04125454116 0.1882232504 0.0213237015
v -0.0407970984 0.1882651224 0.02137754428
v -0.03967580724 0.1865304518 0.0211457808
v -0.04034726739 0.188374053 0.02144390512
v -0.03923358798 0.1867064409 0.02122465968
v -0.04168105912 0.180091547 0.02332567632
v -0.03717177272 0.1799101048 0.0283739022
v -0.04039847159 0.1806813574 0.01991583312
v -0.03994102883 0.1807232294 0.0199696759
v -0.03945601821 0.1976097803 0.02258062625
v -0.03943228006 0.1973006554 0.02261935174
v -0.03879203367 0.1918601341 0.02141089118
v -0.03851531649 0.1892222939 0.02111133897
v -0.03851029253 0.189221487 0.02106928217
v -0.03876829553 0.1915510092 0.02144961667
v -0.03850024462 0.1892198734 0.02098516858
v -0.03877193785 0.1918569069 0.02124266398
v -0.03876188993 0.1918552933 0.02115855038
v -0.03875686598 0.1918544865 0.02111649358
v -0.03874681807 0.1918528728 0.02103237998
v -0.03848014879 0.1892166462 0.02081694138
v -0.03847816896 0.1892154827 0.02080102623
v -0.03847420931 0.1892131557 0.02076919591
v -0.03873889875 0.1918482189 0.02096871936
v -0.0387349391 0.191845892 0.02093688905
v -0.03873295927 0.1918447285 0.0209209739
v -0.03872899961 0.1918424015 0.02088914359
v -0.03846629 0.1892085018 0.02070553529
v -0.03846404266 0.1892033024 0.02069048631
v -0.038459548 0.1891929035 0.02066038835
v -0.03872001028 0.1918216038 0.02082894766
v -0.03871551561 0.1918112049 0.0207988497
v -0.03871326828 0.1918060055 0.02078380072
v -0.03870877361 0.1917956066 0.02075370276
v -0.03845055866 0.1891721058 0.02060019243
v -0.03844192505 0.1891212425 0.02056639624
v -0.03842465782 0.189019516 0.02049880385
v -0.03867423916 0.1915921535 0.02061851799
v -0.03865697193 0.191490427 0.02055092561
v -0.03864833832 0.1914395638 0.02051712942
v -0.03863107109 0.1913378372 0.02044953704
v -0.03839012337 0.1888160629 0.02036361909
v -0.03836453462 0.1886103125 0.02030622852
v -0.03833894587 0.188404562 0.02024883795
v -0.03828776836 0.1879930611 0.02013405681
v -0.03852871609 0.1905148354 0.02021997476
v -0.03847753859 0.1901033344 0.02010519361
v -0.03845194983 0.189897584 0.02004780304
v -0.03815982461 0.1869643087 0.01984710395
v -0.03818541336 0.1871700592 0.01990449452
v -0.0379063766 0.1869875088 0.01987693572
v -0.03765292859 0.1870107088 0.01990676749
v -0.03730073977 0.1988830099 0.02088855445
v -0.03704729152 0.1989062099 0.02091838622
v -0.03679384327 0.19892941 0.02094821799
v -0.03667781377 0.1900599842 0.02025662541
v -0.03587879252 0.1871731091 0.02011558986
v -0.03642436552 0.1900831842 0.02028645718
v -0.03613224053 0.187149909 0.02008575809
v -0.03693126178 0.1900367842 0.02022679365
v -0.03562534428 0.1871963091 0.02014542162
v -0.03946282887 0.1887260313 0.02160166287
v -0.03857839036 0.1890780096 0.02175942063
v -0.03834914947 0.1870584192 0.02138241744
v -0.03902060962 0.1889020205 0.02168054175
v -0.03860212851 0.1893871346 0.02172069514
v -0.03756492519 0.1804277382 0.01987630296
v -0.03751374769 0.1800162373 0.01976152182
v -0.03748815894 0.1798104868 0.01970413125
v -0.03746257019 0.1796047363 0.01964674067
v -0.03550931287 0.1783268833 0.01945382905
v -0.03525586486 0.1783500834 0.01948366082
v -0.03576276088 0.1783036833 0.01942399728
v -0.03540085006 0.1979809809 0.02305793357
v -0.03537711191 0.1976718559 0.02309665895
v -0.03535337377 0.197362731 0.02313538432
v -0.03473686552 0.1922313347 0.02188819861
v -0.03472681761 0.1922297211 0.02180408502
v -0.03472179365 0.1922289143 0.02176202822
v -0.03446014833 0.1895934944 0.02158864617
v -0.03471312737 0.1919222097 0.02192692399
v -0.03471174574 0.1922273006 0.02167791462
v -0.03443641019 0.1892843695 0.02162737155
v -0.03444005251 0.1895902672 0.02142041898
v -0.03469164991 0.1922240734 0.02150968742
v -0.03468769026 0.1922217464 0.02147785711
v -0.03468571043 0.192220583 0.02146194196
v -0.0344300046 0.1895886536 0.02133630538
v -0.03442498064 0.1895878468 0.02129424858
v -0.03468175077 0.192218256 0.02143011165
v -0.03441706133 0.1895831928 0.02123058796
v -0.03467383146 0.1922136021 0.02136645103
v -0.0346693368 0.1922032013 0.02133635283
v -0.03466708946 0.1921980009 0.02132130373
v -0.03441310167 0.1895808659 0.02119875765
v -0.03441112185 0.1895797024 0.02118284249
v -0.0346625948 0.1921876001 0.02129120553
v -0.03440213251 0.1895589008 0.02112264609
v -0.03465360546 0.1921667986 0.02123100913
v -0.03463633776 0.192065074 0.02116341698
v -0.03462770391 0.1920142117 0.02112962091
v -0.03439763784 0.1895485001 0.02109254789
v -0.03439539051 0.1895432997 0.02107749879
v -0.0346104362 0.191912487 0.02106202877
v -0.0343608551 0.1893398504 0.02094231451
v -0.03457590079 0.1917090378 0.02092684448
v -0.03455031204 0.1915032873 0.02086945403
v -0.0343435874 0.1892381258 0.02087472236
v -0.03433495355 0.1891872635 0.02084092629
v -0.0343093648 0.188981513 0.02078353584
v -0.03439677954 0.1902687845 0.02052511132
v -0.03410465479 0.1873355093 0.02032441223
v -0.03465022779 0.1902455845 0.02049527955
v -0.03415583229 0.1877470102 0.02043919313
v -0.03413024354 0.1875412598 0.02038180268
v -0.03490367603 0.1902223845 0.02046544778
v -0.03452322221 0.1894492102 0.022236727
v -0.03429398131 0.1874296198 0.02185972381
v -0.03405764818 0.1873834972 0.02187412703
v -0.03454696035 0.1897583351 0.02219800162
v -0.03358498192 0.1872912521 0.02190293348
v -0.0345706985 0.1900674601 0.02215927625
v -0.03261128044 0.1950006332 0.02352617204
v -0.0330839467 0.1950928783 0.02349736559
v -0.03332027984 0.1951390009 0.02348296237
v -0.03338181305 0.1797701864 0.02006665766
v -0.03343299055 0.1801816874 0.02018143857
v -0.0334074018 0.1799759369 0.02012404811
v -0.03334155655 0.1892185974 0.02230874312
v -0.03286889029 0.1891263523 0.02233754957
v -0.03263255715 0.1890802298 0.02235195279
v -0.03172476387 0.187190506 0.02206823194
v -0.03245503998 0.1814084702 0.02085080302
v -0.03186349845 0.1942961025 0.0276529938
v -0.03191021633 0.1942375174 0.02809546673
v -0.03229422832 0.1880822544 0.02997091568
v -0.03153661942 0.1882059116 0.02961211717
v -0.03148990154 0.1882644968 0.02916964424
v -0.03116287637 0.188674593 0.02607233369
v -0.03105391669 0.1866445293 0.02672537482
v -0.03110063457 0.1865859442 0.02716784775
v -0.0314813385 0.1891178513 0.02247404158
v -0.03063368583 0.1872228909 0.02270534289
v -0.0303068068 0.1811327 0.02466446626
v -0.04333118892 0.1931377792 0.02719914949
v -0.04342462516 0.1930206089 0.02808409512
v -0.04311326957 0.189077652 0.02850523174
v -0.04331566548 0.1909905453 0.02873713624
v -0.04244909692 0.1890841389 0.02903137887
v -0.04184405303 0.1942447271 0.02980966139
v -0.04001032472 0.1931702137 0.0298298856
v -0.04122971129 0.1911271763 0.029430632
v -0.03960553384 0.1893444271 0.02936607611
v -0.04295744395 0.1936064606 0.02365936697
v -0.04305088019 0.1934892902 0.0245443126
v -0.04275504804 0.1916935673 0.02342746246
v -0.04264608836 0.1896635036 0.02408050358
v -0.04284848428 0.1915763969 0.02431240809
v -0.04192600131 0.1900668516 0.02162182581
v -0.04169727993 0.1900877876 0.02164874721
v -0.04243597293 0.1899526844 0.02207048714
v -0.0421400187 0.1919523249 0.02197379291
v -0.04101872754 0.1902176542 0.02174202943
v -0.0423036859 0.1814260788 0.02757761371
v -0.04163951325 0.1814325657 0.02810376084
v -0.04250608182 0.1833389721 0.02780951822
v -0.04221024966 0.1815432491 0.02669266808
v -0.04231920934 0.1835733128 0.02603962696
v -0.04241264558 0.1834561424 0.02692457259
v -0.04189117455 0.1798023663 0.02533569276
v -0.0400153358 0.1796498165 0.02803920496
v -0.04106993175 0.1825249586 0.02021395743
v -0.04084121037 0.1825458946 0.02024087882
v -0.04157990336 0.1824107914 0.02066261876
v -0.04147094369 0.1803807278 0.02131565988
v -0.03955097079 0.1988462801 0.02242572427
v -0.03952723265 0.1985371552 0.02246444976
v -0.03934546804 0.1971358147 0.02200999558
v -0.03906875086 0.1944979744 0.02171044338
v -0.03905870295 0.1944963608 0.02162632978
v -0.03905367899 0.194495554 0.02158427298
v -0.0393217299 0.1968266897 0.02204872108
v -0.03933542013 0.197134201 0.02192588198
v -0.03933039618 0.1971333942 0.02188382518
v -0.03904363108 0.1944939404 0.02150015938
v -0.03903358316 0.1944923267 0.02141604578
v -0.03931030035 0.197130167 0.02171559799
v -0.03930025244 0.1971285534 0.02163148439
v -0.03928015661 0.1971253262 0.02146325719
v -0.03901348734 0.1944890995 0.02124781859
v -0.03900952768 0.1944867725 0.02121598828
v -0.03900754786 0.1944856091 0.02120007312
v -0.03927619696 0.1971229992 0.02143142688
v -0.03927421713 0.1971218357 0.02141551173
v -0.0390035882 0.1944832821 0.02116824281
v -0.03899962854 0.1944809551 0.0211364125
v -0.03926629782 0.1971171818 0.02135185111
v -0.03926233816 0.1971148548 0.02132002079
v -0.03925441885 0.1971102009 0.02125636017
v -0.03899170923 0.1944763012 0.02107275188
v -0.03898721457 0.1944659023 0.02104265392
v -0.03898496723 0.1944607029 0.02102760494
v -0.03924992418 0.197099802 0.02122626221
v -0.03924767685 0.1970946026 0.02121121323
v -0.03898047256 0.194450304 0.02099750698
v -0.0389759779 0.1944399052 0.02096740901
v -0.03923868752 0.1970738049 0.02115101731
v -0.03923419285 0.197063406 0.02112091935
v -0.03922520351 0.1970426083 0.02106072342
v -0.03896698856 0.1944191074 0.02090721309
v -0.03894972134 0.1943173809 0.02083962071
v -0.03894108772 0.1942665176 0.02080582452
v -0.03920793629 0.1969408817 0.02099313104
v -0.03919930267 0.1968900185 0.02095933485
v -0.0389238205 0.1941647911 0.02073823214
v -0.03890655327 0.1940630646 0.02067063975
v -0.03916476822 0.1966865654 0.02082415009
v -0.03914750099 0.1965848389 0.0207565577
v -0.03911296654 0.1963813858 0.02062137294
v -0.03887201881 0.1938596115 0.02053545499
v -0.03882084131 0.1934481106 0.02042067385
v -0.03879525256 0.1932423601 0.02036328328
v -0.03906178904 0.1959698849 0.0205065918
v -0.03903620028 0.1957641344 0.02044920123
v -0.03874407506 0.1928308592 0.02024850214
v -0.03849062705 0.1928540592 0.0202783339
v -0.03823717904 0.1928772593 0.02030816567
v -0.03780763626 0.1988366098 0.02082889092
v -0.03831453276 0.1987902098 0.02076922739
v -0.03806108451 0.1988134098 0.02079905915
v -0.03852930427 0.1958105345 0.02050886476
v -0.03827585626 0.1958337345 0.02053869653
v -0.03747683501 0.1929468594 0.02039766097
v -0.03722338676 0.1929700594 0.02042749274
v -0.03802240801 0.1958569345 0.02056852829
v -0.03773028302 0.1929236593 0.0203678292
v -0.03933732748 0.1960641556 0.02277425373
v -0.03936106563 0.1963732805 0.02273552823
v -0.03903687215 0.1931171904 0.02251342702
v -0.03947909141 0.1929412012 0.02243454814
v -0.03970020103 0.1928532066 0.0223951087
v -0.03880763125 0.1910976 0.02213642383
v -0.03906061029 0.1934263153 0.02247470152
v -0.03833288693 0.1828432493 0.02054953218
v -0.03945417809 0.18457792 0.02078129566
v -0.03796188211 0.1839466133 0.02051223457
v -0.03795685816 0.1839458065 0.02047017777
v -0.0382385993 0.1865844536 0.02081178677
v -0.03821486115 0.1862753286 0.02085051227
v -0.03794681025 0.1839441929 0.02038606417
v -0.03794483042 0.1839430294 0.02037014902
v -0.03822855139 0.18658284 0.02072767317
v -0.03822352743 0.1865820332 0.02068561637
v -0.03821347952 0.1865804195 0.02060150278
v -0.03794087076 0.1839407024 0.02033831871
v -0.03793862343 0.183935503 0.02032326972
v -0.03820951986 0.1865780926 0.02056967247
v -0.03820754004 0.1865769291 0.02055375731
v -0.03820358038 0.1865746021 0.020521927
v -0.03793412876 0.1839251041 0.02029317176
v -0.03792549515 0.1838742409 0.02025937557
v -0.03819908571 0.1865642033 0.02049182904
v -0.03819683838 0.1865590038 0.02047678006
v -0.03819234371 0.186548605 0.0204466821
v -0.03790822792 0.1837725143 0.02019178319
v -0.03817507648 0.1864468784 0.02037908971
v -0.03816644287 0.1863960152 0.02034529352
v -0.03814917564 0.1862942886 0.02027770114
v -0.03785705042 0.1833610134 0.02007700205
v -0.03783146167 0.1831552629 0.02001961148
v -0.03789066768 0.1830192385 0.02062841105
v -0.03878323746 0.1847748451 0.02088709593
v -0.03856212783 0.1848628397 0.02092653537
v -0.03811990857 0.1850388288 0.02100541425
v -0.03814364672 0.1853479538 0.02096668875
v -0.03757557416 0.1810977583 0.01944570577
v -0.03786769938 0.1840310335 0.01964640486
v -0.03789328814 0.184236784 0.01970379543
v -0.03732212615 0.1811209583 0.01947553754
v -0.03706867814 0.1811441584 0.01950536931
v -0.03677655292 0.1782108831 0.01930467021
v -0.03652310491 0.1782340832 0.01933450198
v -0.0362696569 0.1782572832 0.01936433375
v -0.03544832635 0.1985992308 0.02298048282
v -0.03549580264 0.1992174807 0.02290303206
v -0.0354720645 0.1989083557 0.02294175744
v -0.03529029989 0.1975070152 0.0224873035
v -0.03527020407 0.197503788 0.0223190763
v -0.03526015615 0.1975021744 0.0222349627
v -0.03501358271 0.194869175 0.02218775105
v -0.03498984456 0.19456005 0.02222647643
v -0.03526656175 0.1971978903 0.02252602887
v -0.03524006033 0.1974989471 0.02206673551
v -0.03523503637 0.1974981403 0.02202467871
v -0.03499348688 0.1948659477 0.02201952386
v -0.03498343897 0.1948643341 0.02193541026
v -0.03522498846 0.1974965267 0.02194056511
v -0.03521706915 0.1974918728 0.02187690449
v -0.03521310949 0.1974895458 0.02184507418
v -0.03497339106 0.1948627205 0.02185129666
v -0.0349683671 0.1948619137 0.02180923986
v -0.03495831919 0.1948603001 0.02172512627
v -0.03520519018 0.1974848919 0.02178141356
v -0.03520321035 0.1974837284 0.0217654984
v -0.03495039988 0.1948556461 0.02166146564
v -0.03494644022 0.1948533192 0.02162963533
v -0.0351992507 0.1974814014 0.02173366809
v -0.03519026136 0.1974605999 0.02167347169
v -0.0351857667 0.1974501991 0.02164337349
v -0.03494248056 0.1948509922 0.02159780502
v -0.03494050074 0.1948498287 0.02158188987
v -0.03493654108 0.1948475018 0.02155005956
v -0.03517677736 0.1974293976 0.02158317709
v -0.03517453003 0.1974241972 0.02156812799
v -0.03492755175 0.1948267002 0.02148986316
v -0.03492305708 0.1948162994 0.02145976496
v -0.03517003536 0.1974137964 0.02153802979
v -0.03513549995 0.1972103472 0.0214028455
v -0.03511823225 0.1971086226 0.02133525336
v -0.03491856241 0.1948058987 0.02142966676
v -0.03491631508 0.1948006983 0.02141461766
v -0.03491182041 0.1947902975 0.02138451946
v -0.03578005028 0.1990222101 0.02106754506
v -0.03603349853 0.1989990101 0.02103771329
v -0.03628694677 0.1989758101 0.02100788152
v -0.03508369684 0.1969051733 0.02120006907
v -0.03507506299 0.196854311 0.021166273
v -0.034877285 0.1945868483 0.02124933517
v -0.0348600173 0.1944851236 0.02118174303
v -0.03505779529 0.1967525864 0.02109868085
v -0.03503220654 0.1965468359 0.0210412904
v -0.0348427496 0.194383399 0.02111415088
v -0.03483411574 0.1943325367 0.02108035481
v -0.03481684804 0.1942308121 0.02101276267
v -0.03498102903 0.196135335 0.0209265095
v -0.03474008179 0.1936135607 0.02084059131
v -0.03468890429 0.1932020597 0.02072581041
v -0.03523447728 0.1961121349 0.02089667773
v -0.03548792553 0.1960889349 0.02086684597
v -0.03525842118 0.1961262312 0.02329028583
v -0.03528215933 0.1964353561 0.02325156045
v -0.03530589747 0.1967444811 0.02321283507
v -0.034981704 0.1934883909 0.02299073339
v -0.0347524631 0.1914688005 0.02261373019
v -0.03451612997 0.191422678 0.02262813342
v -0.03500544214 0.1937975159 0.02295200801
v -0.03502918029 0.1941066408 0.02291328263
v -0.03390671396 0.1843178139 0.02098954129
v -0.03388297582 0.1840086889 0.02102826667
v -0.03418343115 0.1869556541 0.02128909373
v -0.03417338324 0.1869540405 0.02120498013
v -0.03416835928 0.1869532337 0.02116292334
v -0.034159693 0.1866465292 0.02132781911
v -0.03389666605 0.1843162003 0.02090542769
v -0.03389164209 0.1843153934 0.0208633709
v -0.03415831137 0.1869516201 0.02107880974
v -0.03415435171 0.1869492931 0.02104697943
v -0.03415237188 0.1869481297 0.02103106427
v -0.03388768244 0.1843130665 0.02083154058
v -0.03388570261 0.184311903 0.02081562543
v -0.03414841223 0.1869458027 0.02099923396
v -0.03414391756 0.1869354019 0.02096913576
v -0.03414167023 0.1869302015 0.02095408666
v -0.03388120794 0.1843015022 0.02078552723
v -0.03387896061 0.1842963018 0.02077047813
v -0.03413717556 0.1869198008 0.02092398846
v -0.03411990786 0.1868180761 0.02085639632
v -0.034111274 0.1867672138 0.02082260025
v -0.03386169291 0.1841945772 0.02070288599
v -0.03385305905 0.1841437149 0.02066908991
v -0.0340940063 0.1866654892 0.0207550081
v -0.03406841755 0.1864597387 0.02069761765
v -0.03383549953 0.183390439 0.02110571742
v -0.03359916639 0.1833443165 0.02112012064
v -0.03406474042 0.1854100294 0.02148272061
v -0.03411221671 0.1860282793 0.02140526986
v -0.03408847857 0.1857191544 0.02144399524
v -0.03359207416 0.1853177843 0.02151152706
v -0.03335574102 0.1852716618 0.02152593029
v -0.03244033599 0.1833148794 0.02122969127
v -0.03428075004 0.1813993587 0.01983351874
v -0.03402730179 0.1814225588 0.01986335051
v -0.03507977128 0.1842862339 0.0199745543
v -0.03533321929 0.1842630339 0.01994472253
v -0.03453419805 0.1813761587 0.01980368698
v -0.03482632303 0.1843094339 0.02000438607
v -0.03474896884 0.1783964834 0.01954332435
v -0.03424207282 0.1784428835 0.01960298789
v -0.03449552083 0.1784196835 0.01957315612
v -0.03352040529 0.1814689589 0.01992301404
v -0.03381253004 0.1844022341 0.02012371314
v -0.03357158279 0.1818804598 0.02003779495
v -0.03431942654 0.184355834 0.0200640496
v -0.03406597829 0.184379034 0.02009388137
v -0.03432319665 0.1936907902 0.03049928105
v -0.03209708786 0.1940031767 0.02986535847
v -0.03205036998 0.1940617619 0.02942288554
v -0.03269901919 0.191908041 0.03043472517
v -0.0319414103 0.1920316982 0.03007592666
v -0.03189469242 0.1920902834 0.02963345373
v -0.03238203955 0.1929810429 0.02314916885
v -0.03261837268 0.1930271654 0.02313476563
v -0.03146663451 0.1910242605 0.02285292983
v -0.0317233448 0.194471858 0.02632557499
v -0.03167662692 0.1945304432 0.02588310206
v -0.03138079572 0.1927347202 0.02476625144
v -0.03127183604 0.1907046566 0.02541929257
v -0.03131855392 0.1906460714 0.0258617655
v -0.03106172061 0.1909938374 0.0234092766
v -0.03310882401 0.1822134304 0.02910785258
v -0.03473300147 0.1839961796 0.02917240846
v -0.03250001764 0.1790889387 0.02878125894
v -0.03432820964 0.180170393 0.02870859945
v -0.03188943744 0.1842564678 0.02950710618
v -0.03113182855 0.184380125 0.02914830768
v -0.03108511066 0.1844387102 0.02870583475
v -0.03088271523 0.1825258169 0.02847393
v -0.03083599734 0.1825844021 0.02803145707
v -0.03094495702 0.1846144657 0.02737841594
v -0.03051692224 0.1808435192 0.02667448223
v -0.03020565104 0.1834519444 0.02200140917
v -0.03009669137 0.1814218807 0.0226544503
v -0.043128793 0.1912248859 0.02696724498
v -0.04301983333 0.1891948223 0.02762028611
v -0.04322222924 0.1911077156 0.02785219061
v -0.04292639709 0.1893119926 0.02673534048
v -0.04303535676 0.1913420563 0.02608229935
v -0.0427395246 0.1895463333 0.02496544921
v -0.04294192052 0.1914592266 0.02519735372
v -0.04283296084 0.189429163 0.02585039485
v -0.04082491946 0.1873013897 0.02896682298
v -0.03920074201 0.1855186405 0.0289022671
v -0.04281743741 0.187281929 0.0273883816
v -0.04252160525 0.1854862061 0.02627153146
v -0.04261504149 0.1853690357 0.02715647709
v -0.04272400117 0.1873990993 0.02650343597
v -0.04042012763 0.1834756031 0.02850301397
v -0.03879595017 0.1816928539 0.02843845809
v -0.03838614726 0.1913874645 0.02976532972
v -0.0367619698 0.1896047153 0.02970077384
v -0.03554258323 0.1916477528 0.03010002744
v -0.03391840577 0.1898650036 0.03003547156
v -0.03595238709 0.1819531422 0.02877315533
v -0.03757656455 0.1837358913 0.02883771122
v -0.03351361489 0.186039217 0.02957166207
v -0.03513779235 0.1878219662 0.02963621795
v -0.04232701325 0.1879226208 0.02272352827
v -0.04221805358 0.1858925571 0.02337656939
v -0.04200013423 0.1818324299 0.02468265164
v -0.0421090939 0.1838624935 0.02402961051
v -0.04189897847 0.1841516743 0.02201959407
v -0.0417900188 0.1821216106 0.0226726352
v -0.04128394914 0.1844104319 0.02056592453
v -0.04015504622 0.1826087027 0.02032164299
v -0.04146907806 0.19214925 0.02207959318
v -0.04124796844 0.1922372446 0.02211903262
v -0.04080574918 0.1924132338 0.0221979115
v -0.04057650828 0.1903936434 0.02182090831
v -0.04013428903 0.1905696325 0.02189978719
v -0.0399131794 0.1906576271 0.02193922663
v -0.04036352992 0.1925892229 0.02227679038
v -0.03924985051 0.1909216108 0.02205754495
v -0.03901143932 0.1827133827 0.02045624995
v -0.0392401607 0.1826924467 0.02042932856
v -0.040597785 0.1844732399 0.0206466887
v -0.04036906362 0.1844941759 0.02067361009
v -0.03922677732 0.1955901899 0.02220362306
v -0.03899753642 0.1935705996 0.02182661986
v -0.03925051546 0.1958993149 0.02216489756
v -0.03897379827 0.1932614746 0.02186534536
v -0.03915556288 0.1946628151 0.02231979954
v -0.03887884569 0.1920249748 0.02202024734
v -0.03913182473 0.1943536901 0.02235852504
v -0.03890258384 0.1923340998 0.02198152184
v -0.03844410205 0.188294919 0.02122751546
v -0.0384203639 0.1879857941 0.02126624095
v -0.03869708109 0.1906236343 0.02156579316
v -0.03867334294 0.1903145094 0.02160451865
v -0.03809799814 0.1858827877 0.02016292
v -0.03807240939 0.1856770372 0.02010552943
v -0.03778028417 0.182743762 0.01990483034
v -0.03775469542 0.1825380116 0.01984743977
v -0.03794505382 0.189943984 0.02010746658
v -0.03663913655 0.1871035089 0.02002609456
v -0.03769160581 0.1899671841 0.02013729835
v -0.0374381578 0.1899903841 0.02016713011
v -0.03714603257 0.1870571089 0.01996643102
v -0.03689258456 0.1870803089 0.01999626279
v -0.03762675166 0.1815092592 0.01956048691
v -0.03765234041 0.1817150097 0.01961787748
v -0.03802123189 0.1852655363 0.01999074829
v -0.03799564314 0.1850597858 0.01993335772
v -0.03794446564 0.1846482849 0.01981857657
v -0.03770351791 0.1821265106 0.01973265862
v -0.03736080337 0.1840774336 0.0197060684
v -0.03710735536 0.1841006336 0.01973590016
v -0.03630833411 0.1812137585 0.01959486461
v -0.0360548861 0.1812369585 0.01962469637
v -0.03656178212 0.1811905584 0.01956503284
v -0.03685390735 0.1841238337 0.01976573193
v -0.03700861502 0.1959497347 0.02068785536
v -0.03671649027 0.1930164595 0.02048715627
v -0.03751551151 0.1959033346 0.02062819183
v -0.03726206326 0.1959265347 0.0206580236
v -0.03646304202 0.1930396595 0.02051698804
v -0.03620959377 0.1930628595 0.02054681981
v -0.03650171852 0.1959961348 0.0207475189
v -0.03624827027 0.1960193348 0.02077735066
v -0.03519580078 0.1931556597 0.02066614687
v -0.03544924903 0.1931324596 0.02063631511
v -0.03599482203 0.1960425348 0.02080718243
v -0.03570269728 0.1931092596 0.02060648334
v -0.03584011531 0.1842166338 0.019885059
v -0.03554799008 0.1812833586 0.01968435991
v -0.03504109406 0.1813297586 0.01974402344
v -0.03529454207 0.1813065586 0.01971419168
v -0.03634701133 0.1841702337 0.01982539546
v -0.03609356332 0.1841934338 0.01985522723
v -0.03591746902 0.1901295843 0.02034612072
v -0.03461155128 0.1872891092 0.02026474869
v -0.03511844778 0.1872427092 0.02020508516
v -0.03486499953 0.1872659092 0.02023491693
v -0.03566402078 0.1901527843 0.02037595248
v -0.03541057253 0.1901759844 0.02040578425
v -0.03517160916 0.1959613905 0.02268093038
v -0.03494236827 0.1939418001 0.02230392718
v -0.03521908545 0.1965796404 0.02260347962
v -0.03519534731 0.1962705154 0.022642205
v -0.03491863012 0.1936326752 0.02234265256
v -0.03489489198 0.1933235502 0.02238137794
v -0.03512413287 0.1953431406 0.02275838113
v -0.03510039473 0.1950340157 0.0227971065
v -0.03479993939 0.1920870504 0.02253627944
v -0.03482367754 0.1923961754 0.02249755406
v -0.03507665658 0.1947248907 0.02283583188
v -0.03484741569 0.1927053003 0.02245882869
v -0.03466565108 0.1913039598 0.02200437474
v -0.03434145761 0.1880478697 0.02178227305
v -0.0343889339 0.1886661196 0.0217048223
v -0.03436519575 0.1883569946 0.02174354768
v -0.03464191294 0.1909948349 0.02204310012
v -0.03461817479 0.19068571 0.02208182549
v -0.0337762928 0.1835264635 0.02049691856
v -0.03401724005 0.1860482378 0.02058283675
v -0.03396606255 0.1856367369 0.02046805584
v -0.0337251153 0.1831149626 0.02038213766
v -0.03386370754 0.184813735 0.02023849404
v -0.03388929629 0.1850194855 0.02029588449
v -0.0336739378 0.1827034616 0.02026735675
v -0.03364834905 0.1824977112 0.0202099663
v -0.03450903773 0.1933961458 0.02301953983
v -0.0342727046 0.1933500233 0.02303394306
v -0.03357079744 0.1912381878 0.02268574631
v -0.03333446431 0.1911920652 0.02270014954
v -0.03332737207 0.1931655331 0.02309155595
v -0.03309103894 0.1931194105 0.02310595918
v -0.03262546492 0.1910536976 0.02274335921
v -0.03286179805 0.1910998201 0.02272895598
v -0.03061056495 0.1834823675 0.0214450624
v -0.03173946786 0.1852840967 0.02168934369
v -0.03175453877 0.1922660389 0.02830603492
v -0.03170782089 0.1923246241 0.02786356199
v -0.03169229698 0.1901773901 0.02940154898
v -0.0316455791 0.1902359753 0.02895907605
v -0.03152094936 0.1925589647 0.02609367025
v -0.03156766725 0.1925003796 0.02653614318
v -0.03150542545 0.1904117308 0.02763165724
v -0.03145870757 0.1904703159 0.02718918431
v -0.0312875061 0.1863516035 0.02893773949
v -0.03130303001 0.1884988375 0.0273997525
v -0.03124078822 0.1864101887 0.02849526656
v -0.0313497479 0.1884402523 0.02784222543
v -0.03095276093 0.1889637737 0.02406231773
v -0.03084380126 0.1869337101 0.02471535885
v -0.03062588191 0.1828735828 0.0260214411
v -0.03073484159 0.1849036465 0.02536839998
v -0.03052472615 0.1851928272 0.02335838401
v -0.03041576648 0.1831627636 0.02401142514
v -0.04265149283 0.1909970322 0.02926328337
v -0.04143210673 0.1930400696 0.02966253674
v -0.04264999032 0.1918381577 0.02242245424
v -0.04143711734 0.1795196724 0.02787185633
v -0.04199623227 0.1796577759 0.02634070098
v -0.04136588597 0.1805253181 0.02031065166
v -0.03290141463 0.1938209343 0.03066662991
v -0.031275738 0.1928793106 0.02376124346
v -0.0329064281 0.1803005371 0.02887594807
v -0.031687042 0.1823435745 0.02927520144
v -0.03062197995 0.1806989288 0.02767949021
v -0.02999163365 0.1815664711 0.02164944232
v -0.042246701 0.1871712456 0.02879947436
v -0.04184190917 0.183345459 0.02833566535
v -0.04062252355 0.1853884964 0.02873491848
v -0.0385885427 0.1933003578 0.02999723446
v -0.03574497867 0.1935606461 0.03033193219
v -0.03696436524 0.1915176086 0.02993267858
v -0.03777896047 0.1856487846 0.02906961572
v -0.03940313792 0.1874315338 0.02913417161
v -0.03655957437 0.1876918221 0.02946886909
v -0.03818375182 0.1894745712 0.02953342497
v -0.03615478301 0.1838660355 0.02900505984
v -0.03493539691 0.1859090729 0.02940431321
v -0.0423231113 0.1857479668 0.02438157761
v -0.04243207097 0.1877780304 0.02372853649
v -0.04221415162 0.1837179031 0.02503461874
v -0.04222195554 0.1880672112 0.02171852005
v -0.04179392076 0.1842962646 0.02101458585
v -0.04211299586 0.1860371475 0.02237156117
v -0.04178611684 0.1799469566 0.02433068454
v -0.04157600141 0.1802361374 0.0223206681
v -0.04189507651 0.1819770203 0.02367764342
v -0.03859355426 0.1797799606 0.02820655358
v -0.03574999118 0.1800402489 0.02854125082
v -0.03737416863 0.181822998 0.02860580671
v -0.03249662375 0.1899951477 0.03020282042
v -0.03209183288 0.1861693611 0.02973901093
v -0.03371601033 0.1879521103 0.02980356681
v -0.03094885898 0.1867891197 0.02572036684
v -0.03105781865 0.1888191833 0.02506732571
v -0.0308398993 0.1847590561 0.02637340796
v -0.03084770322 0.1891083641 0.02305730975
v -0.03041966844 0.1853374176 0.02235337603
v -0.03073874354 0.1870783005 0.02371035087
v -0.03041186452 0.1809881096 0.02566947424
v -0.03020174909 0.1812772903 0.02365945828
v -0.03052082419 0.1830181732 0.02501643312
v -0.04102731538 0.189214283 0.02919872749
v -0.03980792928 0.1912573204 0.02959798086
v -0.04254103065 0.189808094 0.02307549536
v -0.04021773171 0.1815627098 0.02827110946
v -0.04210519195 0.1816878395 0.02568765986
v -0.04168496108 0.182266201 0.02166762698
v -0.03412080121 0.1917778969 0.0302673763
v -0.03116677833 0.190849247 0.02441428459
v -0.03453060555 0.1820832863 0.02894050395
v -0.03331121945 0.1841263237 0.02933975732
v -0.03073093963 0.1827289925 0.02702644908
v -0.03031070876 0.183307354 0.02300641716
v -0.03899834609 0.1836057472 0.02867036259
v -0.03534018779 0.1897348595 0.0298681227
v -0.04200403619 0.1840070839 0.02302460229
v -0.03062978387 0.1850482368 0.024363392
v -0.0394832201 0.1999405098 0.0209991399
v -0.03724880075 0.17773979 0.01928091776
v -0.03729997826 0.1781512909 0.0193956989
v -0.03560058916 0.2003406281 0.02291983211
v -0.0383991828 0.1890350056 0.02027031744
v -0.03834800529 0.1886235046 0.02015553629
v -0.03846847916 0.1898843918 0.02019849527
v -0.03841730165 0.1894728909 0.02008371413
v -0.03750468826 0.1797972946 0.01985482347
v -0.03745351076 0.1793857937 0.01974004233
v -0.03541068399 0.1978676286 0.02322963512
v -0.03449372041 0.1897892671 0.02172162235
v -0.03451338828 0.1895625625 0.02206502545
v -0.03886828387 0.1939756789 0.02041345805
v -0.0390015521 0.1953394413 0.02048511231
v -0.03790449297 0.1838885818 0.02006978625
v -0.0378330512 0.1836063404 0.01968231595
v -0.03550563657 0.1991041284 0.02307473361
v -0.03504715478 0.1950649476 0.02232072723
v -0.03531573141 0.1966311288 0.02338453662
v -0.03497187006 0.1936017432 0.02281903183
v -0.03394028604 0.1845135865 0.02112251747
v -0.03405490649 0.1855233817 0.02131101906
v -0.03803776121 0.1852523441 0.02014144051
v -0.03781493235 0.1831684551 0.01986891925
v -0.03769978297 0.182242578 0.01961066169
v -0.03794820058 0.1845322175 0.01994057351
v -0.03516177523 0.1960747428 0.02250922883
v -0.0349522022 0.1938284478 0.02247562873
v -0.03485724962 0.192591948 0.02263053024
v -0.03506682265 0.194838243 0.02266413033
v -0.03460834086 0.1907990623 0.02191012394
v -0.03439876783 0.1885527673 0.02187652385
v -0.03767633963 0.1814696827 0.02001256359
v -0.03765075088 0.1812639322 0.01995517302
v -0.03754092598 0.1806730652 0.01948161685
v -0.03759210348 0.1810845661 0.019596398
v -0.03864013052 0.1915567799 0.02035623538
v -0.03861454177 0.1913510294 0.02029884481
v -0.03810705757 0.1861017303 0.02006961834
v -0.03805588007 0.1856902294 0.0199548372
v -0.03876060438 0.192817667 0.02039919436
v -0.03870942688 0.1924061661 0.02028441322
v -0.03820194268 0.187156867 0.02005518675
v -0.03817635393 0.1869511166 0.01999779618
v -0.03779681349 0.1827305698 0.02005552256
v -0.03774563599 0.1823190689 0.01994074142
v -0.03744604087 0.1796179285 0.01949604845
v -0.03747162962 0.179823679 0.01955343902
f 113 1480 1479
f 919 918 1479
f 919 1479 1480
f 918 2273 2267
f 381 380 2267
f 381 2267 2273
f 381 2273 2274
f 918 919 2274
f 918 2274 2273
f 380 2269 2268
f 931 928 2268
f 931 2268 2269
f 928 1494 1492
f 116 115 1492
f 116 1492 1494
f 116 1494 1495
f 928 931 1495
f 928 1495 1494
f 116 1495 1496
f 931 932 1496
f 931 1496 1495
f 932 2270 2275
f 380 381 2275
f 380 2275 2270
f 380 2270 2269
f 932 931 2269
f 932 2269 2270
f 1478 2540 1479
f 2540 113 1479
f 2428 3148 918
f 3148 1479 918
f 917 2977 2428
f 2977 1478 2428
f 1479 3148 1478
f 3148 2428 1478
f 2431 2979 2267
f 2979 918 2267
f 2271 3183 380
f 3183 2267 380
f 1135 3134 2271
f 3134 2431 2271
f 2267 3183 2431
f 3183 2271 2431
f 2256 2978 2430
f 2978 917 2430
f 2259 3179 1135
f 3179 2430 1135
f 377 2699 2259
f 2699 2256 2259
f 2430 3179 2256
f 3179 2259 2256
f 918 2979 2428
f 2979 2431 2428
f 2431 3134 2430
f 3134 1135 2430
f 2428 3196 917
f 3196 2430 917
f 2430 3196 2431
f 3196 2428 2431
f 2272 2703 2268
f 2703 380 2268
f 2434 3184 928
f 3184 2268 928
f 1136 3137 2434
f 3137 2272 2434
f 2268 3184 2272
f 3184 2434 2272
f 2432 2981 1492
f 2981 928 1492
f 1491 3149 115
f 3149 1492 115
f 927 2980 1491
f 2980 2432 1491
f 1492 3149 2432
f 3149 1491 2432
f 2265 3136 2433
f 3136 1136 2433
f 2262 3181 927
f 3181 2433 927
f 378 2702 2262
f 2702 2265 2262
f 2433 3181 2265
f 3181 2262 2265
f 928 2981 2434
f 2981 2432 2434
f 2432 2980 2433
f 2980 927 2433
f 2434 3197 1136
f 3197 2433 1136
f 2433 3197 2432
f 3197 2434 2432
f 2255 2698 2258
f 2698 377 2258
f 2419 3178 1134
f 3178 2258 1134
f 890 2966 2419
f 2966 2255 2419
f 2258 3178 2255
f 3178 2419 2255
f 2420 3132 2264
f 3132 1134 2264
f 2261 3180 378
f 3180 2264 378
f 891 2968 2261
f 2968 2420 2261
f 2264 3180 2420
f 3180 2261 2420
f 1469 2965 2418
f 2965 890 2418
f 1470 3145 891
f 3145 2418 891
f 107 2537 1470
f 2537 1469 1470
f 2418 3145 1469
f 3145 1470 1469
f 1134 3132 2419
f 3132 2420 2419
f 2420 2968 2418
f 2968 891 2418
f 2419 3193 890
f 3193 2418 890
f 2418 3193 2420
f 3193 2419 2420
f 380 2703 2271
f 2703 2272 2271
f 2272 3137 2466
f 3137 1136 2466
f 2271 3185 1135
f 3185 2466 1135
f 2466 3185 2272
f 3185 2271 2272
f 1136 3136 2465
f 3136 2265 2465
f 2265 2702 2264
f 2702 378 2264
f 2465 3182 1134
f 3182 2264 1134
f 2264 3182 2265
f 3182 2465 2265
f 1135 3135 2259
f 3135 2464 2259
f 2464 3133 2258
f 3133 1134 2258
f 2259 3177 377
f 3177 2258 377
f 2258 3177 2464
f 3177 2259 2464
f 2465 3201 1136
f 3201 2466 1136
f 1134 3133 2465
f 3133 2464 2465
f 2464 3135 2466
f 3135 1135 2466
f 2466 3201 2464
f 3201 2465 2464
f 114 1489 1488
f 926 925 1488
f 926 1488 1489
f 925 2289 2279
f 384 382 2279
f 384 2279 2289
f 384 2289 2290
f 925 926 2290
f 925 2290 2289
f 382 2281 2280
f 961 933 2280
f 961 2280 2281
f 933 1525 1497
f 122 116 1497
f 122 1497 1525
f 122 1525 1526
f 933 961 1526
f 933 1526 1525
f 122 1526 1527
f 961 962 1527
f 961 1527 1526
f 962 2282 2291
f 382 384 2291
f 382 2291 2282
f 382 2282 2281
f 962 961 2281
f 962 2281 2282
f 116 1496 1497
f 932 933 1497
f 932 1497 1496
f 933 2276 2280
f 381 382 2280
f 381 2280 2276
f 381 2276 2275
f 933 932 2275
f 933 2275 2276
f 382 2278 2279
f 920 925 2279
f 920 2279 2278
f 925 1482 1488
f 113 114 1488
f 113 1488 1482
f 113 1482 1481
f 925 920 1481
f 925 1481 1482
f 113 1481 1480
f 920 919 1480
f 920 1480 1481
f 919 2277 2274
f 382 381 2274
f 382 2274 2277
f 382 2277 2278
f 919 920 2278
f 919 2278 2277
f 87 348 349
f 115 116 349
f 115 349 348
f 349 1120 87
f 1120 346 87
f 116 929 349
f 929 350 349
f 350 797 346
f 797 88 346
f 346 1120 350
f 1120 349 350
f 88 797 798
f 350 351 798
f 350 798 797
f 351 930 960
f 116 122 960
f 116 960 930
f 116 930 929
f 351 350 929
f 351 929 930
f 88 798 799
f 351 352 799
f 351 799 798
f 351 960 1123
f 122 404 1123
f 122 1123 960
f 352 1124 976
f 404 127 976
f 404 976 1124
f 404 1124 1123
f 352 351 1123
f 352 1123 1124
f 191 1775 1770
f 1042 475 1770
f 1042 1770 1775
f 475 1731 1199
f 177 16 1199
f 177 1199 1731
f 177 1731 1733
f 475 1042 1733
f 475 1733 1731
f 105 1464 1465
f 877 878 1465
f 877 1465 1464
f 878 1752 1773
f 182 191 1773
f 182 1773 1752
f 182 1752 1751
f 878 877 1751
f 878 1751 1752
f 182 1750 1753
f 460 1040 1753
f 460 1753 1750
f 1040 1193 1732
f 13 177 1732
f 13 1732 1193
f 13 1193 1191
f 1040 460 1191
f 1040 1191 1193
f 177 1733 1732
f 1042 1040 1732
f 1042 1732 1733
f 1040 1774 1753
f 191 182 1753
f 191 1753 1774
f 191 1774 1775
f 1040 1042 1775
f 1040 1775 1774
f 13 1191 1190
f 460 459 1190
f 460 1190 1191
f 459 1749 1744
f 182 181 1744
f 182 1744 1749
f 182 1749 1750
f 459 460 1750
f 459 1750 1749
f 182 1751 1754
f 877 1048 1754
f 877 1754 1751
f 1048 1466 2249
f 105 372 2249
f 105 2249 1466
f 105 1466 1464
f 1048 877 1464
f 1048 1464 1466
f 181 1747 1745
f 1047 863 1745
f 1047 1745 1747
f 863 2246 1458
f 372 102 1458
f 372 1458 2246
f 372 2246 2248
f 863 1047 2248
f 863 2248 2246
f 372 2248 2249
f 1047 1048 2249
f 1047 2249 2248
f 1048 1748 1754
f 181 182 1754
f 181 1754 1748
f 181 1748 1747
f 1048 1047 1747
f 1048 1747 1748
f 384 2290 2293
f 926 1137 2293
f 926 2293 2290
f 1137 1490 2287
f 114 383 2287
f 114 2287 1490
f 114 1490 1489
f 1137 926 1489
f 1137 1489 1490
f 386 2302 2299
f 1138 936 2299
f 1138 2299 2302
f 936 2284 1500
f 383 117 1500
f 383 1500 2284
f 383 2284 2288
f 936 1138 2288
f 936 2288 2284
f 122 1527 1528
f 962 963 1528
f 962 1528 1527
f 963 2292 2300
f 384 386 2300
f 384 2300 2292
f 384 2292 2291
f 963 962 2291
f 963 2291 2292
f 383 2288 2287
f 1138 1137 2287
f 1138 2287 2288
f 1137 2301 2293
f 386 384 2293
f 386 2293 2301
f 386 2301 2302
f 1137 1138 2302
f 1137 2302 2301
f 386 2303 2300
f 1141 963 2300
f 1141 2300 2303
f 963 2344 1528
f 404 122 1528
f 404 1528 2344
f 404 2344 2345
f 963 1141 2345
f 963 2345 2344
f 117 1501 1500
f 937 936 1500
f 937 1500 1501
f 936 2305 2299
f 387 386 2299
f 387 2299 2305
f 387 2305 2306
f 936 937 2306
f 936 2306 2305
f 387 2307 2310
f 978 1142 2310
f 978 2310 2307
f 1142 1546 2346
f 127 404 2346
f 127 2346 1546
f 127 1546 1545
f 1142 978 1545
f 1142 1545 1546
f 404 2345 2346
f 1141 1142 2346
f 1141 2346 2345
f 1142 2304 2310
f 386 387 2310
f 386 2310 2304
f 386 2304 2303
f 1142 1141 2303
f 1142 2303 2304
f 117 1502 1501
f 938 937 1501
f 938 1501 1502
f 937 2311 2306
f 388 387 2306
f 388 2306 2311
f 388 2311 2312
f 937 938 2312
f 937 2312 2311
f 387 2308 2307
f 987 978 2307
f 987 2307 2308
f 978 1551 1545
f 129 127 1545
f 129 1545 1551
f 129 1551 1555
f 978 987 1555
f 978 1555 1551
f 129 1555 1556
f 987 988 1556
f 987 1556 1555
f 988 2309 2313
f 387 388 2313
f 387 2313 2309
f 387 2309 2308
f 988 987 2308
f 988 2308 2309
f 117 1503 1502
f 939 938 1502
f 939 1502 1503
f 938 2316 2312
f 389 388 2312
f 389 2312 2316
f 389 2316 2317
f 938 939 2317
f 938 2317 2316
f 388 2314 2313
f 997 988 2313
f 997 2313 2314
f 988 1562 1556
f 131 129 1556
f 131 1556 1562
f 131 1562 1566
f 988 997 1566
f 988 1566 1562
f 131 1566 1567
f 997 998 1567
f 997 1567 1566
f 998 2315 2318
f 388 389 2318
f 388 2318 2315
f 388 2315 2314
f 998 997 2314
f 998 2314 2315
f 117 1504 1503
f 940 939 1503
f 940 1503 1504
f 939 2321 2317
f 390 389 2317
f 390 2317 2321
f 390 2321 2322
f 939 940 2322
f 939 2322 2321
f 389 2319 2318
f 1007 998 2318
f 1007 2318 2319
f 998 1573 1567
f 133 131 1567
f 133 1567 1573
f 133 1573 1577
f 998 1007 1577
f 998 1577 1573
f 133 1577 1578
f 1007 1008 1578
f 1007 1578 1577
f 1008 2320 2323
f 389 390 2323
f 389 2323 2320
f 389 2320 2319
f 1008 1007 2319
f 1008 2319 2320
f 117 1505 1504
f 941 940 1504
f 941 1504 1505
f 940 2326 2322
f 391 390 2322
f 391 2322 2326
f 391 2326 2327
f 940 941 2327
f 940 2327 2326
f 390 2324 2323
f 1017 1008 2323
f 1017 2323 2324
f 1008 1584 1578
f 135 133 1578
f 135 1578 1584
f 135 1584 1588
f 1008 1017 1588
f 1008 1588 1584
f 135 1588 1589
f 1017 1018 1589
f 1017 1589 1588
f 1018 2325 2328
f 390 391 2328
f 390 2328 2325
f 390 2325 2324
f 1018 1017 2324
f 1018 2324 2325
f 117 1507 1505
f 943 941 1505
f 943 1505 1507
f 941 2334 2327
f 393 391 2327
f 393 2327 2334
f 393 2334 2335
f 941 943 2335
f 941 2335 2334
f 391 2329 2328
f 1028 1018 2328
f 1028 2328 2329
f 1018 1596 1589
f 137 135 1589
f 137 1589 1596
f 137 1596 1600
f 1018 1028 1600
f 1018 1600 1596
f 137 1600 1601
f 1028 1029 1601
f 1028 1601 1600
f 1029 2330 2336
f 391 393 2336
f 391 2336 2330
f 391 2330 2329
f 1029 1028 2329
f 1029 2329 2330
f 117 1508 1507
f 944 943 1507
f 944 1507 1508
f 943 2339 2335
f 394 393 2335
f 394 2335 2339
f 394 2339 2340
f 943 944 2340
f 943 2340 2339
f 393 2337 2336
f 1033 1029 2336
f 1033 2336 2337
f 1029 1604 1601
f 138 137 1601
f 138 1601 1604
f 138 1604 1608
f 1029 1033 1608
f 1029 1608 1604
f 138 1608 1609
f 1033 1034 1609
f 1033 1609 1608
f 1034 2338 2341
f 393 394 2341
f 393 2341 2338
f 393 2338 2337
f 1034 1033 2337
f 1034 2337 2338
f 117 1506 1508
f 942 944 1508
f 942 1508 1506
f 394 2340 392
f 2340 944 392
f 942 2331 944
f 2331 392 944
f 1034 2341 1023
f 2341 394 1023
f 138 1609 136
f 1609 1034 136
f 136 1034 1023
f 1022 1595 1023
f 1595 136 1023
f 392 2332 394
f 2332 1022 394
f 394 1022 1023
f 136 1595 1024
f 1595 1022 1024
f 1024 2333 403
f 2333 392 403
f 392 2333 2332
f 1024 1022 2332
f 1024 2332 2333
f 392 2331 1139
f 2331 942 1139
f 1139 1510 385
f 1510 117 385
f 117 1510 1506
f 1139 942 1506
f 1139 1506 1510
f 403 2343 950
f 2343 1140 950
f 950 2295 118
f 2295 385 118
f 385 2295 2298
f 950 1140 2298
f 950 2298 2295
f 385 2298 1139
f 2298 1140 1139
f 1139 2342 392
f 2342 403 392
f 403 2342 2343
f 1139 1140 2343
f 1139 2343 2342
f 118 949 950
f 402 403 950
f 402 950 949
f 403 1013 1024
f 134 136 1024
f 134 1024 1013
f 134 1013 1012
f 403 402 1012
f 403 1012 1013
f 118 948 949
f 401 402 949
f 401 949 948
f 402 1003 1012
f 132 134 1012
f 132 1012 1003
f 132 1003 1002
f 402 401 1002
f 402 1002 1003
f 118 947 948
f 400 401 948
f 400 948 947
f 401 993 1002
f 130 132 1002
f 130 1002 993
f 130 993 992
f 401 400 992
f 401 992 993
f 118 946 947
f 399 400 947
f 399 947 946
f 130 992 128
f 992 400 128
f 399 982 400
f 982 128 400
f 399 946 398
f 946 118 398
f 128 982 126
f 982 399 126
f 126 399 398
f 118 397 398
f 125 126 398
f 125 398 397
f 118 396 397
f 124 125 397
f 124 397 396
f 118 395 396
f 123 124 396
f 123 396 395
f 123 395 121
f 395 118 121
f 121 118 120
f 120 118 119
f 23 505 506
f 202 203 506
f 202 506 505
f 203 503 510
f 510 1203 24
f 1203 22 24
f 22 1203 503
f 1203 510 503
f 22 503 502
f 203 202 502
f 203 502 503
f 22 502 501
f 202 189 501
f 202 501 502
f 189 504 473
f 473 1204 16
f 1204 23 16
f 23 1204 504
f 1204 473 504
f 23 504 505
f 189 202 505
f 189 505 504
f 2349 2707 1205
f 2707 507 1205
f 2349 2469 2705
f 23 506 2705
f 23 2705 2469
f 23 2469 1205
f 2469 2349 1205
f 1777 2982 2350
f 2982 1056 2350
f 1777 2704 2543
f 506 203 2543
f 506 2543 2704
f 506 2704 2350
f 2704 1777 2350
f 1781 2545 1779
f 2545 204 1779
f 1781 2706 2983
f 507 1056 2983
f 507 2983 2706
f 507 2706 1779
f 2706 1781 1779
f 2349 2705 2350
f 2705 506 2350
f 2349 2984 2707
f 1056 507 2707
f 1056 2707 2984
f 1056 2984 2350
f 2984 2349 2350
f 2358 2988 1778
f 2988 1057 1778
f 2358 2544 2714
f 203 510 2714
f 203 2714 2544
f 203 2544 1778
f 2544 2358 1778
f 1208 2715 2357
f 2715 511 2357
f 1208 2713 2470
f 510 24 2470
f 510 2470 2713
f 510 2713 2357
f 2713 1208 2357
f 1796 2551 1798
f 2551 207 1798
f 1796 2987 2716
f 1057 511 2716
f 1057 2716 2987
f 1057 2987 1798
f 2987 1796 1798
f 2358 2714 2357
f 2714 510 2357
f 2358 2717 2988
f 511 1057 2988
f 511 2988 2717
f 511 2717 2357
f 2717 2358 2357
f 2363 2725 1780
f 2725 541 1780
f 2363 2547 2994
f 204 1059 2994
f 204 2994 2547
f 204 2547 1780
f 2547 2363 1780
f 1797 2727 2366
f 2727 542 2366
f 1797 2993 2552
f 1059 207 2552
f 1059 2552 2993
f 1059 2993 2366
f 2993 1797 2366
f 1242 2473 1241
f 2473 29 1241
f 1242 2723 2726
f 541 542 2726
f 541 2726 2723
f 541 2723 1241
f 2723 1242 1241
f 2363 2994 2366
f 2994 1059 2366
f 2363 2728 2725
f 542 541 2725
f 542 2725 2728
f 542 2728 2366
f 2728 2363 2366
f 1777 2543 1778
f 2543 203 1778
f 1777 2986 2982
f 1057 1056 2982
f 1057 2982 2986
f 1057 2986 1778
f 2986 1777 1778
f 2440 2989 1798
f 2989 1057 1798
f 2440 2553 2995
f 207 1059 2995
f 207 2995 2553
f 207 2553 1798
f 2553 2440 1798
f 1781 2983 2439
f 2983 1056 2439
f 1781 2992 2545
f 1059 204 2545
f 1059 2545 2992
f 1059 2992 2439
f 2992 1781 2439
f 2440 2995 2439
f 2995 1059 2439
f 2440 2985 2989
f 1056 1057 2989
f 1056 2989 2985
f 1056 2985 2439
f 2985 2440 2439
f 25 1213 1212
f 515 514 1212
f 515 1212 1213
f 514 1828 1822
f 213 212 1822
f 213 1822 1828
f 213 1828 1829
f 514 515 1829
f 514 1829 1828
f 212 1824 1823
f 634 554 1823
f 634 1823 1824
f 554 1345 1256
f 50 32 1256
f 50 1256 1345
f 50 1345 1346
f 554 634 1346
f 554 1346 1345
f 50 1346 1347
f 634 635 1347
f 634 1347 1346
f 635 1825 1830
f 212 213 1830
f 212 1830 1825
f 212 1825 1824
f 635 634 1824
f 635 1824 1825
f 50 1347 1348
f 635 636 1348
f 635 1348 1347
f 636 1831 1937
f 213 242 1937
f 213 1937 1831
f 213 1831 1830
f 636 635 1830
f 636 1830 1831
f 242 1933 1934
f 517 545 1934
f 517 1934 1933
f 545 1216 1245
f 25 29 1245
f 25 1245 1216
f 25 1216 1215
f 545 517 1215
f 545 1215 1216
f 25 1215 1213
f 517 515 1213
f 517 1213 1215
f 515 1932 1829
f 242 213 1829
f 242 1829 1932
f 242 1932 1933
f 515 517 1933
f 515 1933 1932
f 1372 2500 1366
f 2500 68 1366
f 1372 2803 2830
f 706 712 2830
f 706 2830 2803
f 706 2803 1366
f 2803 1372 1366
f 712 2832 2833
f 1813 2166 2833
f 1813 2833 2832
f 2166 2564 2623
f 210 320 2623
f 210 2623 2564
f 210 2564 2562
f 2166 1813 2562
f 2166 2562 2564
f 210 2562 1812
f 2562 1813 1812
f 1812 2831 706
f 2831 712 706
f 712 2831 2832
f 1812 1813 2832
f 1812 2832 2831
f 1814 2563 1811
f 2563 210 1811
f 1814 2722 3017
f 513 1069 3017
f 513 3017 2722
f 513 2722 1811
f 2722 1814 1811
f 1069 3015 3016
f 1211 1808 3016
f 1211 3016 3015
f 1808 2472 2559
f 24 209 2559
f 24 2559 2472
f 24 2472 2471
f 1808 1211 2471
f 1808 2471 2472
f 24 2471 1210
f 2471 1211 1210
f 1210 3014 513
f 3014 1069 513
f 1069 3014 3015
f 1210 1211 3015
f 1210 3015 3014
f 2165 2622 2168
f 2622 320 2168
f 2165 3021 2801
f 1070 705 2801
f 1070 2801 3021
f 1070 3021 2168
f 3021 2165 2168
f 705 2799 2798
f 1807 1365 2798
f 1807 2798 2799
f 1365 2557 2494
f 209 67 2494
f 209 2494 2557
f 209 2557 2558
f 1365 1807 2558
f 1365 2558 2557
f 209 2558 1809
f 2558 1807 1809
f 1809 2800 1070
f 2800 705 1070
f 705 2800 2799
f 1809 1807 2799
f 1809 2799 2800
f 1808 2559 1809
f 2559 209 1809
f 1808 3020 3016
f 1070 1069 3016
f 1070 3016 3020
f 1070 3020 1809
f 3020 1808 1809
f 1069 3018 3017
f 2167 1814 3017
f 2167 3017 3018
f 1814 2621 2563
f 320 210 2563
f 320 2563 2621
f 320 2621 2624
f 1814 2167 2624
f 1814 2624 2621
f 320 2624 2168
f 2624 2167 2168
f 2168 3019 1070
f 3019 1069 1070
f 1069 3019 3018
f 2168 2167 3018
f 2168 3018 3019
f 201 702 209
f 702 67 209
f 21 500 24
f 500 201 24
f 24 201 209
f 21 24 22
f 29 1247 1246
f 547 546 1246
f 547 1246 1247
f 546 1944 1938
f 244 243 1938
f 244 1938 1944
f 244 1944 1945
f 546 547 1945
f 546 1945 1944
f 243 1940 1939
f 923 915 1939
f 923 1939 1940
f 915 1483 1476
f 1476 2541 113
f 2541 114 113
f 114 2541 1483
f 2541 1476 1483
f 114 1483 1486
f 1486 2971 923
f 2971 915 923
f 915 2971 1483
f 2971 1486 1483
f 114 1486 1487
f 923 924 1487
f 923 1487 1486
f 924 1941 1947
f 243 244 1947
f 243 1947 1941
f 243 1941 1940
f 924 923 1940
f 924 1940 1941
f 114 1487 1484
f 924 921 1484
f 924 1484 1487
f 921 1946 1835
f 244 214 1835
f 244 1835 1946
f 244 1946 1947
f 921 924 1947
f 921 1947 1946
f 214 1833 1832
f 543 516 1832
f 543 1832 1833
f 516 1240 1214
f 29 25 1214
f 29 1214 1240
f 29 1240 1243
f 516 543 1243
f 516 1243 1240
f 29 1243 1247
f 543 547 1247
f 543 1247 1243
f 547 1834 1945
f 214 244 1945
f 214 1945 1834
f 214 1834 1833
f 547 543 1833
f 547 1833 1834
f 114 1484 1485
f 921 922 1485
f 921 1485 1484
f 922 1836 1888
f 214 225 1888
f 214 1888 1836
f 214 1836 1835
f 922 921 1835
f 922 1835 1836
f 214 1832 1837
f 516 1073 1837
f 516 1837 1832
f 1073 1217 1819
f 25 211 1819
f 25 1819 1217
f 25 1217 1214
f 1073 516 1214
f 1073 1214 1217
f 225 1890 1887
f 1075 527 1887
f 1075 1887 1890
f 527 1817 1227
f 211 26 1227
f 211 1227 1817
f 211 1817 1821
f 527 1075 1821
f 527 1821 1817
f 211 1821 1819
f 1075 1073 1819
f 1075 1819 1821
f 1073 1889 1837
f 225 214 1837
f 225 1837 1889
f 225 1889 1890
f 1073 1075 1890
f 1073 1890 1889
f 26 1228 1227
f 528 527 1227
f 528 1227 1228
f 527 1893 1887
f 226 225 1887
f 226 1887 1893
f 226 1893 1894
f 527 528 1894
f 527 1894 1893
f 226 1895 1898
f 934 1083 1898
f 934 1898 1895
f 1083 1509 2286
f 117 383 2286
f 117 2286 1509
f 117 1509 1498
f 1083 934 1498
f 1083 1498 1509
f 225 1891 1888
f 1082 922 1888
f 1082 1888 1891
f 922 2283 1485
f 383 114 1485
f 383 1485 2283
f 383 2283 2285
f 922 1082 2285
f 922 2285 2283
f 383 2285 2286
f 1082 1083 2286
f 1082 2286 2285
f 1083 1892 1898
f 225 226 1898
f 225 1898 1892
f 225 1892 1891
f 1083 1082 1891
f 1083 1891 1892
f 212 1826 1822
f 1072 514 1822
f 1072 1822 1826
f 514 1816 1212
f 211 25 1212
f 211 1212 1816
f 211 1816 1818
f 514 1072 1818
f 514 1818 1816
f 32 1257 1256
f 555 554 1256
f 555 1256 1257
f 554 1844 1823
f 216 212 1823
f 216 1823 1844
f 216 1844 1845
f 554 555 1845
f 554 1845 1844
f 216 1842 1846
f 518 1074 1846
f 518 1846 1842
f 1074 1229 1820
f 26 211 1820
f 26 1820 1229
f 26 1229 1218
f 1074 518 1218
f 1074 1218 1229
f 211 1818 1820
f 1072 1074 1820
f 1072 1820 1818
f 1074 1827 1846
f 212 216 1846
f 212 1846 1827
f 212 1827 1826
f 1074 1072 1826
f 1074 1826 1827
f 26 1218 1219
f 518 519 1219
f 518 1219 1218
f 519 1843 1848
f 216 217 1848
f 216 1848 1843
f 216 1843 1842
f 519 518 1842
f 519 1842 1843
f 216 1845 1847
f 555 1080 1847
f 555 1847 1845
f 1080 1258 1969
f 32 249 1969
f 32 1969 1258
f 32 1258 1257
f 1080 555 1257
f 1080 1257 1258
f 217 1852 1850
f 1081 571 1850
f 1081 1850 1852
f 571 1968 1275
f 249 37 1275
f 249 1275 1968
f 249 1968 1970
f 571 1081 1970
f 571 1970 1968
f 249 1970 1969
f 1081 1080 1969
f 1081 1969 1970
f 1080 1851 1847
f 217 216 1847
f 217 1847 1851
f 217 1851 1852
f 1080 1081 1852
f 1080 1852 1851
f 26 1219 1220
f 519 520 1220
f 519 1220 1219
f 520 1849 1853
f 217 218 1853
f 217 1853 1849
f 217 1849 1848
f 520 519 1848
f 520 1848 1849
f 218 1856 1857
f 572 579 1857
f 572 1857 1856
f 579 1277 1282
f 37 39 1282
f 37 1282 1277
f 37 1277 1276
f 579 572 1276
f 579 1276 1277
f 37 1276 1275
f 572 571 1275
f 572 1275 1276
f 571 1855 1850
f 218 217 1850
f 218 1850 1855
f 218 1855 1856
f 571 572 1856
f 571 1856 1855
f 26 1220 1221
f 520 521 1221
f 520 1221 1220
f 521 1854 1858
f 218 219 1858
f 218 1858 1854
f 218 1854 1853
f 521 520 1853
f 521 1853 1854
f 219 1861 1862
f 580 590 1862
f 580 1862 1861
f 590 1286 1292
f 39 41 1292
f 39 1292 1286
f 39 1286 1283
f 590 580 1283
f 590 1283 1286
f 39 1283 1282
f 580 579 1282
f 580 1282 1283
f 579 1860 1857
f 219 218 1857
f 219 1857 1860
f 219 1860 1861
f 579 580 1861
f 579 1861 1860
f 26 1221 1222
f 521 522 1222
f 521 1222 1221
f 522 1859 1863
f 219 220 1863
f 219 1863 1859
f 219 1859 1858
f 522 521 1858
f 522 1858 1859
f 220 1866 1867
f 591 600 1867
f 591 1867 1866
f 600 1297 1303
f 41 43 1303
f 41 1303 1297
f 41 1297 1293
f 600 591 1293
f 600 1293 1297
f 41 1293 1292
f 591 590 1292
f 591 1292 1293
f 590 1865 1862
f 220 219 1862
f 220 1862 1865
f 220 1865 1866
f 590 591 1866
f 590 1866 1865
f 26 1222 1223
f 522 523 1223
f 522 1223 1222
f 523 1864 1868
f 220 221 1868
f 220 1868 1864
f 220 1864 1863
f 523 522 1863
f 523 1863 1864
f 221 1871 1872
f 601 610 1872
f 601 1872 1871
f 610 1308 1315
f 43 45 1315
f 43 1315 1308
f 43 1308 1304
f 610 601 1304
f 610 1304 1308
f 43 1304 1303
f 601 600 1303
f 601 1303 1304
f 600 1870 1867
f 221 220 1867
f 221 1867 1870
f 221 1870 1871
f 600 601 1871
f 600 1871 1870
f 26 1223 1225
f 523 525 1225
f 523 1225 1223
f 525 1869 1877
f 221 223 1877
f 221 1877 1869
f 221 1869 1868
f 525 523 1868
f 525 1868 1869
f 223 1880 1881
f 611 621 1881
f 611 1881 1880
f 621 1320 1328
f 45 47 1328
f 45 1328 1320
f 45 1320 1316
f 621 611 1316
f 621 1316 1320
f 45 1316 1315
f 611 610 1315
f 611 1315 1316
f 610 1879 1872
f 223 221 1872
f 223 1872 1879
f 223 1879 1880
f 610 611 1880
f 610 1880 1879
f 26 1225 1226
f 525 526 1226
f 525 1226 1225
f 526 1878 1883
f 223 224 1883
f 223 1883 1878
f 223 1878 1877
f 526 525 1877
f 526 1877 1878
f 224 1885 1886
f 622 627 1886
f 622 1886 1885
f 627 1333 1337
f 47 48 1337
f 47 1337 1333
f 47 1333 1329
f 627 622 1329
f 627 1329 1333
f 47 1329 1328
f 622 621 1328
f 622 1328 1329
f 621 1884 1881
f 224 223 1881
f 224 1881 1884
f 224 1884 1885
f 621 622 1885
f 621 1885 1884
f 26 1226 1224
f 526 524 1224
f 526 1224 1226
f 524 1882 1873
f 224 222 1873
f 224 1873 1882
f 224 1882 1883
f 524 526 1883
f 524 1883 1882
f 222 1875 1874
f 626 615 1874
f 626 1874 1875
f 615 1334 1322
f 48 46 1322
f 48 1322 1334
f 48 1334 1336
f 615 626 1336
f 615 1336 1334
f 48 1336 1337
f 626 627 1337
f 626 1337 1336
f 627 1876 1886
f 222 224 1886
f 222 1886 1876
f 222 1876 1875
f 627 626 1875
f 627 1875 1876
f 524 1873 1076
f 1873 222 1076
f 26 1224 215
f 1224 524 215
f 215 524 1076
f 615 1322 617
f 1322 46 617
f 222 1874 235
f 1874 615 235
f 235 615 617
f 1078 1900 533
f 1900 235 533
f 215 1840 27
f 1840 1078 27
f 27 1078 533
f 1078 1840 1076
f 1840 215 1076
f 235 1900 222
f 1900 1078 222
f 222 1078 1076
f 27 533 532
f 235 234 532
f 235 532 533
f 234 616 606
f 606 1321 44
f 1321 46 44
f 46 1321 616
f 1321 606 616
f 46 616 617
f 617 1899 235
f 1899 234 235
f 234 1899 616
f 1899 617 616
f 27 532 531
f 234 233 531
f 234 531 532
f 233 605 596
f 596 1309 42
f 1309 44 42
f 44 1309 605
f 1309 596 605
f 44 605 606
f 233 234 606
f 233 606 605
f 27 531 530
f 233 232 530
f 233 530 531
f 232 595 586
f 42 40 586
f 42 586 595
f 42 595 596
f 232 233 596
f 232 596 595
f 27 530 529
f 232 231 529
f 232 529 530
f 231 585 575
f 40 38 575
f 40 575 585
f 40 585 586
f 231 232 586
f 231 586 585
f 27 529 230
f 529 231 230
f 230 574 36
f 574 38 36
f 38 574 575
f 230 231 575
f 230 575 574
f 27 230 229
f 229 567 35
f 567 36 35
f 36 567 230
f 567 229 230
f 27 229 228
f 35 34 228
f 35 228 229
f 27 228 227
f 34 33 227
f 34 227 228
f 27 227 31
f 227 33 31
f 27 31 30
f 27 30 28
f 16 472 473
f 188 189 473
f 188 473 472
f 189 499 501
f 21 22 501
f 21 501 499
f 21 499 498
f 189 188 498
f 189 498 499
f 21 498 497
f 188 179 497
f 188 497 498
f 188 472 1041
f 16 177 1041
f 16 1041 472
f 179 1039 457
f 177 13 457
f 177 457 1039
f 177 1039 1041
f 179 188 1041
f 179 1041 1039
f 179 1044 497
f 497 1776 21
f 1776 198 21
f 198 1776 1044
f 1776 497 1044
f 13 456 457
f 457 1734 179
f 1734 178 179
f 178 1734 456
f 1734 457 456
f 178 493 1043
f 1043 1202 198
f 1202 20 198
f 20 1202 493
f 1202 1043 493
f 198 1044 1043
f 1043 1736 178
f 1736 179 178
f 179 1736 1044
f 1736 1043 1044
f 20 493 492
f 492 1735 169
f 1735 178 169
f 178 1735 493
f 1735 492 493
f 178 456 1037
f 1037 1192 163
f 1192 13 163
f 13 1192 456
f 1192 1037 456
f 169 1035 439
f 439 1690 9
f 1690 163 9
f 163 1690 1035
f 1690 439 1035
f 163 1035 1037
f 1037 1694 178
f 1694 169 178
f 169 1694 1035
f 1694 1037 1035
f 9 438 439
f 168 169 439
f 168 439 438
f 169 488 492
f 19 20 492
f 19 492 488
f 19 488 487
f 169 168 487
f 169 487 488
f 9 437 438
f 167 168 438
f 167 438 437
f 168 483 487
f 18 19 487
f 18 487 483
f 18 483 482
f 168 167 482
f 168 482 483
f 9 436 437
f 166 167 437
f 166 437 436
f 167 478 482
f 17 18 482
f 17 482 478
f 17 478 477
f 167 166 477
f 167 477 478
f 9 435 436
f 165 166 436
f 165 436 435
f 166 468 477
f 15 17 477
f 15 477 468
f 15 468 467
f 166 165 467
f 166 467 468
f 9 434 435
f 164 165 435
f 164 435 434
f 165 462 467
f 14 15 467
f 14 467 462
f 14 462 461
f 165 164 461
f 165 461 462
f 9 433 434
f 162 164 434
f 162 434 433
f 164 452 461
f 12 14 461
f 12 461 452
f 12 452 451
f 164 162 451
f 164 451 452
f 9 432 433
f 161 162 433
f 161 433 432
f 162 447 451
f 11 12 451
f 11 451 447
f 11 447 446
f 162 161 446
f 162 446 447
f 9 431 432
f 160 161 432
f 160 432 431
f 161 443 446
f 10 11 446
f 10 446 443
f 10 443 442
f 161 160 442
f 161 442 443
f 9 430 431
f 157 160 431
f 157 431 430
f 10 442 8
f 442 160 8
f 157 427 160
f 427 8 160
f 157 430 152
f 430 9 152
f 8 427 6
f 427 157 6
f 6 157 152
f 9 147 152
f 4 6 152
f 4 152 147
f 9 142 147
f 2 4 147
f 2 147 142
f 9 139 142
f 1 2 142
f 1 142 139
f 1 139 3
f 139 9 3
f 3 9 5
f 5 9 7
f 285 637 284
f 637 50 284
f 321 1094 68
f 1094 284 68
f 69 716 321
f 716 285 321
f 284 1094 285
f 1094 321 285
f 69 713 716
f 250 285 716
f 250 716 713
f 285 557 637
f 32 50 637
f 32 637 557
f 32 557 556
f 285 250 556
f 285 556 557
f 250 1086 556
f 249 32 556
f 249 556 1086
f 69 714 713
f 259 250 713
f 259 713 714
f 259 573 1087
f 37 249 1087
f 37 1087 573
f 249 1086 1087
f 250 259 1087
f 250 1087 1086
f 199 670 1054
f 59 299 1054
f 59 1054 670
f 200 1055 701
f 299 67 701
f 299 701 1055
f 20 495 496
f 199 200 496
f 199 496 495
f 299 1055 1054
f 200 199 1054
f 200 1054 1055
f 200 1052 496
f 198 20 496
f 198 496 1052
f 67 702 701
f 201 200 701
f 201 701 702
f 201 500 1053
f 21 198 1053
f 21 1053 500
f 198 1052 1053
f 200 201 1053
f 200 1053 1052
f 316 2608 2609
f 2156 2157 2609
f 2156 2609 2608
f 2157 2837 3052
f 3052 3218 1103
f 3218 717 1103
f 717 3218 2837
f 3218 3052 2837
f 717 2837 2836
f 2157 2156 2836
f 2157 2836 2837
f 1103 3049 3053
f 3053 3238 2172
f 3238 1375 2172
f 1375 3238 3049
f 3238 3053 3049
f 2172 3250 2629
f 3250 2505 2629
f 2629 3204 321
f 3204 69 321
f 69 3204 3203
f 2629 2505 3203
f 2629 3203 3204
f 69 3203 2504
f 3203 2505 2504
f 2504 3249 1375
f 3249 2172 1375
f 2172 3249 3250
f 2504 2505 3250
f 2504 3250 3249
f 69 2504 2503
f 1375 1374 2503
f 1375 2503 2504
f 1374 3048 2835
f 2835 3227 717
f 3227 1103 717
f 1103 3227 3048
f 3227 2835 3048
f 1103 3048 3049
f 3049 3237 1375
f 3237 1374 1375
f 1374 3237 3048
f 3237 3049 3048
f 315 2602 2601
f 2152 2151 2601
f 2152 2601 2602
f 2151 3038 2827
f 2827 3225 711
f 3225 1101 711
f 1101 3225 3038
f 3225 2827 3038
f 1101 3038 3039
f 2151 2152 3039
f 2151 3039 3038
f 711 2828 2824
f 2824 3247 1371
f 3247 2170 1371
f 2170 3247 2828
f 3247 2824 2828
f 1371 3235 2499
f 3235 2626 2499
f 2499 3210 68
f 3210 321 68
f 321 3210 3211
f 2499 2626 3211
f 2499 3211 3210
f 321 3211 2627
f 3211 2626 2627
f 2627 3236 2170
f 3236 1371 2170
f 1371 3236 3235
f 2627 2626 3235
f 2627 3235 3236
f 321 2627 2628
f 2170 2171 2628
f 2170 2628 2627
f 2171 2829 3040
f 3040 3217 1101
f 3217 711 1101
f 711 3217 2829
f 3217 3040 2829
f 711 2829 2828
f 2828 3248 2170
f 3248 2171 2170
f 2171 3248 2829
f 3248 2828 2829
f 66 2491 2490
f 1363 1362 2490
f 1363 2490 2491
f 1362 2782 2778
f 2778 3216 696
f 3216 697 696
f 697 3216 2782
f 3216 2778 2782
f 697 2782 2783
f 1362 1363 2783
f 1362 2783 2782
f 696 2780 2779
f 2779 3243 2150
f 3243 2154 2150
f 2154 3243 2780
f 3243 2779 2780
f 2150 3239 2600
f 3239 2605 2600
f 2600 3208 315
f 3208 316 315
f 316 3208 3209
f 2600 2605 3209
f 2600 3209 3208
f 316 3209 2606
f 3209 2605 2606
f 2606 3240 2154
f 3240 2150 2154
f 2150 3240 3239
f 2606 2605 3239
f 2606 3239 3240
f 316 2606 2607
f 2154 2155 2607
f 2154 2607 2606
f 2155 2781 2784
f 2784 3215 697
f 3215 696 697
f 696 3215 2781
f 3215 2784 2781
f 696 2781 2780
f 2780 3244 2154
f 3244 2155 2154
f 2155 3244 2781
f 3244 2780 2781
f 321 2628 2629
f 2171 2172 2629
f 2171 2629 2628
f 2172 3041 3053
f 3053 3226 1103
f 3226 1101 1103
f 1101 3226 3041
f 3226 3053 3041
f 1101 3041 3040
f 2172 2171 3040
f 2172 3040 3041
f 1103 3051 3052
f 3052 3242 2157
f 3242 2153 2157
f 2153 3242 3051
f 3242 3052 3051
f 2157 3246 2609
f 3246 2604 2609
f 2609 3207 316
f 3207 315 316
f 315 3207 3206
f 2609 2604 3206
f 2609 3206 3207
f 315 3206 2603
f 3206 2604 2603
f 2603 3245 2153
f 3245 2157 2153
f 2157 3245 3246
f 2603 2604 3246
f 2603 3246 3245
f 315 2603 2602
f 2153 2152 2602
f 2153 2602 2603
f 2152 3050 3039
f 3039 3228 1101
f 3228 1103 1101
f 1103 3228 3050
f 3228 3039 3050
f 1103 3050 3051
f 3051 3241 2153
f 3241 2152 2153
f 2152 3241 3050
f 3241 3051 3050
f 68 2498 2499
f 1370 1371 2499
f 1370 2499 2498
f 1371 2820 2824
f 710 711 2824
f 710 2824 2820
f 710 2820 2819
f 1371 1370 2819
f 1371 2819 2820
f 711 2826 2827
f 2147 2151 2827
f 2147 2827 2826
f 2151 2596 2601
f 306 315 2601
f 306 2601 2596
f 306 2596 2595
f 2151 2147 2595
f 2151 2595 2596
f 306 2595 2594
f 2147 2146 2594
f 2147 2594 2595
f 2146 2825 2823
f 711 710 2823
f 711 2823 2825
f 711 2825 2826
f 2146 2147 2826
f 2146 2826 2825
f 315 2599 2600
f 2149 2150 2600
f 2149 2600 2599
f 2150 2775 2779
f 685 696 2779
f 685 2779 2775
f 685 2775 2774
f 2150 2149 2774
f 2150 2774 2775
f 696 2777 2778
f 1361 1362 2778
f 1361 2778 2777
f 1362 2489 2490
f 2490 3202 66
f 3202 62 66
f 62 3202 2489
f 3202 2490 2489
f 62 2489 2488
f 1362 1361 2488
f 1362 2488 2489
f 62 2488 2487
f 1361 1360 2487
f 1361 2487 2488
f 1360 2776 2773
f 696 685 2773
f 696 2773 2776
f 696 2776 2777
f 1360 1361 2777
f 1360 2777 2776
f 62 2487 2486
f 1360 1359 2486
f 1360 2486 2487
f 1359 2772 2768
f 685 682 2768
f 685 2768 2772
f 685 2772 2773
f 1359 1360 2773
f 1359 2773 2772
f 682 2770 2769
f 2148 2145 2769
f 2148 2769 2770
f 2145 2597 2593
f 315 306 2593
f 315 2593 2597
f 315 2597 2598
f 2145 2148 2598
f 2145 2598 2597
f 315 2598 2599
f 2148 2149 2599
f 2148 2599 2598
f 2149 2771 2774
f 682 685 2774
f 682 2774 2771
f 682 2771 2770
f 2149 2148 2770
f 2149 2770 2771
f 66 62 63
f 705 2798 2802
f 1365 2385 2802
f 1365 2802 2798
f 704 2796 67
f 2796 2385 67
f 1365 2494 2385
f 2494 67 2385
f 1099 3032 3030
f 2386 2128 3030
f 2386 3030 3032
f 295 2570 704
f 2570 2128 704
f 2386 2797 2128
f 2797 704 2128
f 320 2622 2625
f 2165 2169 2625
f 2165 2625 2622
f 1099 3031 705
f 3031 2169 705
f 2165 2801 2169
f 2801 705 2169
f 704 2797 2796
f 2386 2385 2796
f 2386 2796 2797
f 705 2802 1099
f 2802 2385 1099
f 2386 3032 2385
f 3032 1099 2385
f 1098 3026 3028
f 2127 2380 3028
f 2127 3028 3026
f 664 2736 295
f 2736 2380 295
f 2127 2569 2380
f 2569 295 2380
f 665 2741 2737
f 2379 1350 2737
f 2379 2737 2741
f 58 2474 664
f 2474 1350 664
f 2379 2735 1350
f 2735 664 1350
f 296 2574 2571
f 2132 2129 2571
f 2132 2571 2574
f 665 2738 1098
f 2738 2129 1098
f 2132 3027 2129
f 3027 1098 2129
f 664 2735 2736
f 2379 2380 2736
f 2379 2736 2735
f 1098 3028 665
f 3028 2380 665
f 2379 2741 2380
f 2741 665 2380
f 712 2833 2834
f 2166 2388 2834
f 2166 2834 2833
f 1100 3035 320
f 3035 2388 320
f 2166 2623 2388
f 2623 320 2388
f 707 2808 2807
f 2387 2130 2807
f 2387 2807 2808
f 296 2572 1100
f 2572 2130 1100
f 2387 3034 2130
f 3034 1100 2130
f 68 2500 2495
f 1372 1367 2495
f 1372 2495 2500
f 707 2805 712
f 2805 1367 712
f 1372 2830 1367
f 2830 712 1367
f 1100 3034 3035
f 2387 2388 3035
f 2387 3035 3034
f 712 2834 707
f 2834 2388 707
f 2387 2808 2388
f 2808 707 2388
f 295 2569 2570
f 2127 2128 2570
f 2127 2570 2569
f 1099 3030 1098
f 3030 2128 1098
f 2127 3026 2128
f 3026 1098 2128
f 1098 3027 3029
f 2132 2454 3029
f 2132 3029 3027
f 1100 3036 296
f 3036 2454 296
f 2132 2574 2454
f 2574 296 2454
f 1099 3033 3031
f 2455 2169 3031
f 2455 3031 3033
f 320 2625 1100
f 2625 2169 1100
f 2455 3037 2169
f 3037 1100 2169
f 1100 3037 3036
f 2455 2454 3036
f 2455 3036 3037
f 1098 3029 1099
f 3029 2454 1099
f 2455 3033 2454
f 3033 1099 2454
f 68 2495 2496
f 1367 1368 2496
f 1367 2496 2495
f 1368 2806 2809
f 707 708 2809
f 707 2809 2806
f 707 2806 2805
f 1368 1367 2805
f 1368 2805 2806
f 708 2812 2813
f 2131 2136 2813
f 2131 2813 2812
f 2136 2575 2580
f 296 300 2580
f 296 2580 2575
f 296 2575 2573
f 2136 2131 2573
f 2136 2573 2575
f 296 2573 2572
f 2131 2130 2572
f 2131 2572 2573
f 2130 2811 2807
f 708 707 2807
f 708 2807 2811
f 708 2811 2812
f 2130 2131 2812
f 2130 2812 2811
f 300 2578 2579
f 2134 2135 2579
f 2134 2579 2578
f 2135 2745 2749
f 668 672 2749
f 668 2749 2745
f 668 2745 2744
f 2135 2134 2744
f 2135 2744 2745
f 672 2747 2748
f 1352 1353 2748
f 1352 2748 2747
f 1353 2477 2478
f 58 60 2478
f 58 2478 2477
f 58 2477 2476
f 1353 1352 2476
f 1353 2476 2477
f 58 2476 2475
f 1352 1351 2475
f 1352 2475 2476
f 1351 2746 2743
f 672 668 2743
f 672 2743 2746
f 672 2746 2747
f 1351 1352 2747
f 1351 2747 2746
f 58 2475 2474
f 1351 1350 2474
f 1351 2474 2475
f 1350 2742 2737
f 668 665 2737
f 668 2737 2742
f 668 2742 2743
f 1350 1351 2743
f 1350 2743 2742
f 665 2739 2738
f 2133 2129 2738
f 2133 2738 2739
f 2129 2576 2571
f 300 296 2571
f 300 2571 2576
f 300 2576 2577
f 2129 2133 2577
f 2129 2577 2576
f 300 2577 2578
f 2133 2134 2578
f 2133 2578 2577
f 2134 2740 2744
f 665 668 2744
f 665 2744 2740
f 665 2740 2739
f 2134 2133 2739
f 2134 2739 2740
f 68 2496 2497
f 1368 1369 2497
f 1368 2497 2496
f 1369 2810 2814
f 708 709 2814
f 708 2814 2810
f 708 2810 2809
f 1369 1368 2809
f 1369 2809 2810
f 709 2817 2818
f 2137 2141 2818
f 2137 2818 2817
f 2141 2582 2587
f 300 303 2587
f 300 2587 2582
f 300 2582 2581
f 2141 2137 2581
f 2141 2581 2582
f 300 2581 2580
f 2137 2136 2580
f 2137 2580 2581
f 2136 2816 2813
f 709 708 2813
f 709 2813 2816
f 709 2816 2817
f 2136 2137 2817
f 2136 2817 2816
f 303 2585 2586
f 2139 2140 2586
f 2139 2586 2585
f 2140 2755 2759
f 675 677 2759
f 675 2759 2755
f 675 2755 2754
f 2140 2139 2754
f 2140 2754 2755
f 677 2757 2758
f 1355 1356 2758
f 1355 2758 2757
f 1356 2481 2482
f 60 61 2482
f 60 2482 2481
f 60 2481 2480
f 1356 1355 2480
f 1356 2480 2481
f 60 2480 2479
f 1355 1354 2479
f 1355 2479 2480
f 1354 2756 2753
f 677 675 2753
f 677 2753 2756
f 677 2756 2757
f 1354 1355 2757
f 1354 2757 2756
f 60 2479 2478
f 1354 1353 2478
f 1354 2478 2479
f 1353 2752 2748
f 675 672 2748
f 675 2748 2752
f 675 2752 2753
f 1353 1354 2753
f 1353 2753 2752
f 672 2750 2749
f 2138 2135 2749
f 2138 2749 2750
f 2135 2583 2579
f 303 300 2579
f 303 2579 2583
f 303 2583 2584
f 2135 2138 2584
f 2135 2584 2583
f 303 2584 2585
f 2138 2139 2585
f 2138 2585 2584
f 2139 2751 2754
f 672 675 2754
f 672 2754 2751
f 672 2751 2750
f 2139 2138 2750
f 2139 2750 2751
f 67 703 704
f 292 295 704
f 292 704 703
f 295 659 664
f 56 58 664
f 56 664 659
f 56 659 656
f 295 292 656
f 295 656 659
f 292 703 299
f 703 67 299
f 56 656 59
f 656 292 59
f 59 292 299
f 56 59 54
f 54 59 57
f 54 57 55
f 54 55 52
f 52 55 53
f 52 53 51
f 68 2497 2498
f 1369 1370 2498
f 1369 2498 2497
f 1370 2815 2819
f 709 710 2819
f 709 2819 2815
f 709 2815 2814
f 1370 1369 2814
f 1370 2814 2815
f 710 2822 2823
f 2142 2146 2823
f 2142 2823 2822
f 2146 2589 2594
f 303 306 2594
f 303 2594 2589
f 303 2589 2588
f 2146 2142 2588
f 2146 2588 2589
f 303 2588 2587
f 2142 2141 2587
f 2142 2587 2588
f 2141 2821 2818
f 710 709 2818
f 710 2818 2821
f 710 2821 2822
f 2141 2142 2822
f 2141 2822 2821
f 306 2592 2593
f 2144 2145 2593
f 2144 2593 2592
f 2145 2765 2769
f 680 682 2769
f 680 2769 2765
f 680 2765 2764
f 2145 2144 2764
f 2145 2764 2765
f 682 2767 2768
f 1358 1359 2768
f 1358 2768 2767
f 1359 2485 2486
f 61 62 2486
f 61 2486 2485
f 61 2485 2484
f 1359 1358 2484
f 1359 2484 2485
f 61 2484 2483
f 1358 1357 2483
f 1358 2483 2484
f 1357 2766 2763
f 682 680 2763
f 682 2763 2766
f 682 2766 2767
f 1357 1358 2767
f 1357 2767 2766
f 61 2483 2482
f 1357 1356 2482
f 1357 2482 2483
f 1356 2762 2758
f 680 677 2758
f 680 2758 2762
f 680 2762 2763
f 1356 1357 2763
f 1356 2763 2762
f 677 2760 2759
f 2143 2140 2759
f 2143 2759 2760
f 2140 2590 2586
f 306 303 2586
f 306 2586 2590
f 306 2590 2591
f 2140 2143 2591
f 2140 2591 2590
f 306 2591 2592
f 2143 2144 2592
f 2143 2592 2591
f 2144 2761 2764
f 677 680 2764
f 677 2764 2761
f 677 2761 2760
f 2144 2143 2760
f 2144 2760 2761
f 63 64 66
f 66 64 65
f 70 720 719
f 288 286 719
f 288 719 720
f 286 643 641
f 52 51 641
f 52 641 643
f 52 643 644
f 286 288 644
f 286 644 643
f 52 644 645
f 288 289 645
f 288 645 644
f 289 721 724
f 70 71 724
f 70 724 721
f 70 721 720
f 289 288 720
f 289 720 721
f 71 725 724
f 290 289 724
f 290 724 725
f 289 649 645
f 54 52 645
f 54 645 649
f 54 649 650
f 289 290 650
f 289 650 649
f 54 650 651
f 290 291 651
f 290 651 650
f 291 726 730
f 71 73 730
f 71 730 726
f 71 726 725
f 291 290 725
f 291 725 726
f 73 731 730
f 293 291 730
f 293 730 731
f 291 655 651
f 56 54 651
f 56 651 655
f 56 655 657
f 291 293 657
f 291 657 655
f 56 657 658
f 293 294 658
f 293 658 657
f 294 732 736
f 73 75 736
f 73 736 732
f 73 732 731
f 294 293 731
f 294 731 732
f 75 737 736
f 297 294 736
f 297 736 737
f 294 663 658
f 58 56 658
f 58 658 663
f 58 663 666
f 294 297 666
f 294 666 663
f 58 666 667
f 297 298 667
f 297 667 666
f 298 738 744
f 75 77 744
f 75 744 738
f 75 738 737
f 298 297 737
f 298 737 738
f 77 745 744
f 301 298 744
f 301 744 745
f 298 671 667
f 60 58 667
f 60 667 671
f 60 671 673
f 298 301 673
f 298 673 671
f 60 673 674
f 301 302 674
f 301 674 673
f 302 746 754
f 77 79 754
f 77 754 746
f 77 746 745
f 302 301 745
f 302 745 746
f 79 755 754
f 304 302 754
f 304 754 755
f 302 676 674
f 61 60 674
f 61 674 676
f 61 676 678
f 302 304 678
f 302 678 676
f 61 678 679
f 304 305 679
f 304 679 678
f 305 756 759
f 79 80 759
f 79 759 756
f 79 756 755
f 305 304 755
f 305 755 756
f 80 760 759
f 307 305 759
f 307 759 760
f 305 681 679
f 62 61 679
f 62 679 681
f 62 681 683
f 305 307 683
f 305 683 681
f 62 683 684
f 307 308 684
f 307 684 683
f 308 761 764
f 80 81 764
f 80 764 761
f 80 761 760
f 308 307 760
f 308 760 761
f 81 765 764
f 309 308 764
f 309 764 765
f 308 686 684
f 63 62 684
f 63 684 686
f 63 686 687
f 308 309 687
f 308 687 686
f 63 687 688
f 309 310 688
f 309 688 687
f 310 766 769
f 81 82 769
f 81 769 766
f 81 766 765
f 310 309 765
f 310 765 766
f 82 770 769
f 311 310 769
f 311 769 770
f 310 689 688
f 64 63 688
f 64 688 689
f 64 689 690
f 310 311 690
f 310 690 689
f 64 690 691
f 311 312 691
f 311 691 690
f 312 771 772
f 82 83 772
f 82 772 771
f 82 771 770
f 312 311 770
f 312 770 771
f 83 773 772
f 313 312 772
f 313 772 773
f 312 692 691
f 65 64 691
f 65 691 692
f 65 692 693
f 312 313 693
f 312 693 692
f 65 693 694
f 313 314 694
f 313 694 693
f 314 774 775
f 83 84 775
f 83 775 774
f 83 774 773
f 314 313 773
f 314 773 774
f 84 776 775
f 317 314 775
f 317 775 776
f 314 695 694
f 66 65 694
f 66 694 695
f 66 695 698
f 314 317 698
f 314 698 695
f 66 698 699
f 317 318 699
f 317 699 698
f 318 777 778
f 84 85 778
f 84 778 777
f 84 777 776
f 318 317 776
f 318 776 777
f 781 2897 2894
f 2395 1389 2894
f 2395 2894 2897
f 1389 2882 2523
f 778 85 2523
f 778 2523 2882
f 778 2882 2883
f 1389 2395 2883
f 1389 2883 2882
f 342 2672 2670
f 2207 2205 2670
f 2207 2670 2672
f 2205 3068 2896
f 1106 781 2896
f 1106 2896 3068
f 1106 3068 3069
f 2205 2207 3069
f 2205 3069 3068
f 1106 3067 3070
f 2160 2396 3070
f 2160 3070 3067
f 2396 2614 2884
f 318 778 2884
f 318 2884 2614
f 318 2614 2613
f 2396 2160 2613
f 2396 2613 2614
f 778 2883 2884
f 2395 2396 2884
f 2395 2884 2883
f 2396 2898 3070
f 781 1106 3070
f 781 3070 2898
f 781 2898 2897
f 2396 2395 2897
f 2396 2897 2898
f 796 2953 2950
f 2406 2206 2950
f 2406 2950 2953
f 2206 3079 2671
f 1108 342 2671
f 1108 2671 3079
f 1108 3079 3081
f 2206 2406 3081
f 2206 3081 3079
f 88 2534 2535
f 1401 1402 2535
f 1401 2535 2534
f 1402 2941 2949
f 794 796 2949
f 794 2949 2941
f 794 2941 2940
f 1402 1401 2940
f 1402 2940 2941
f 794 2942 2945
f 2162 2403 2945
f 2162 2945 2942
f 2403 2620 3080
f 319 1108 3080
f 319 3080 2620
f 319 2620 2616
f 2403 2162 2616
f 2403 2616 2620
f 1108 3081 3080
f 2406 2403 3080
f 2406 3080 3081
f 2403 2952 2945
f 796 794 2945
f 796 2945 2952
f 796 2952 2953
f 2403 2406 2953
f 2403 2953 2952
f 1105 3063 3060
f 2383 2159 3060
f 2383 3060 3063
f 2159 2787 2612
f 699 318 2612
f 699 2612 2787
f 699 2787 2789
f 2159 2383 2789
f 2159 2789 2787
f 319 2615 2617
f 2161 2163 2617
f 2161 2617 2615
f 2163 2793 3061
f 700 1105 3061
f 700 3061 2793
f 700 2793 2792
f 2163 2161 2792
f 2163 2792 2793
f 700 2791 2794
f 1364 2382 2794
f 1364 2794 2791
f 2382 2493 2788
f 66 699 2788
f 66 2788 2493
f 66 2493 2492
f 2382 1364 2492
f 2382 2492 2493
f 699 2789 2788
f 2383 2382 2788
f 2383 2788 2789
f 2382 3062 2794
f 1105 700 2794
f 1105 2794 3062
f 1105 3062 3063
f 2382 2383 3063
f 2382 3063 3062
f 1106 3069 3071
f 2207 2459 3071
f 2207 3071 3069
f 2459 2675 3083
f 342 1108 3083
f 342 3083 2675
f 342 2675 2672
f 2459 2207 2672
f 2459 2672 2675
f 1105 3064 3061
f 2458 2163 3061
f 2458 3061 3064
f 2163 3078 2617
f 1108 319 2617
f 1108 2617 3078
f 1108 3078 3082
f 2163 2458 3082
f 2163 3082 3078
f 318 2613 2612
f 2160 2159 2612
f 2160 2612 2613
f 2159 3066 3060
f 1106 1105 3060
f 1106 3060 3066
f 1106 3066 3067
f 2159 2160 3067
f 2159 3067 3066
f 1108 3082 3083
f 2458 2459 3083
f 2458 3083 3082
f 2459 3065 3071
f 1105 1106 3071
f 1105 3071 3065
f 1105 3065 3064
f 2459 2458 3064
f 2459 3064 3065
f 66 2492 2491
f 1364 1363 2491
f 1364 2491 2492
f 1363 2790 2783
f 700 697 2783
f 700 2783 2790
f 700 2790 2791
f 1363 1364 2791
f 1363 2791 2790
f 700 2792 2795
f 2161 2384 2795
f 2161 2795 2792
f 2384 2619 3045
f 319 1102 3045
f 319 3045 2619
f 319 2619 2615
f 2384 2161 2615
f 2384 2615 2619
f 697 2785 2784
f 2381 2155 2784
f 2381 2784 2785
f 2155 3042 2607
f 1102 316 2607
f 1102 2607 3042
f 1102 3042 3044
f 2155 2381 3044
f 2155 3044 3042
f 1102 3044 3045
f 2381 2384 3045
f 2381 3045 3044
f 2384 2786 2795
f 697 700 2795
f 697 2795 2786
f 697 2786 2785
f 2384 2381 2785
f 2384 2785 2786
f 319 2616 2618
f 2162 2164 2618
f 2162 2618 2616
f 2164 2943 3072
f 794 1107 3072
f 794 3072 2943
f 794 2943 2942
f 2164 2162 2942
f 2164 2942 2943
f 794 2940 2944
f 1401 2402 2944
f 1401 2944 2940
f 2402 2536 2947
f 88 795 2947
f 88 2947 2536
f 88 2536 2534
f 2402 1401 2534
f 2402 2534 2536
f 1107 3075 3073
f 2405 2175 3073
f 2405 3073 3075
f 2175 2946 2631
f 795 322 2631
f 795 2631 2946
f 795 2946 2948
f 2175 2405 2948
f 2175 2948 2946
f 795 2948 2947
f 2405 2402 2947
f 2405 2947 2948
f 2402 3074 2944
f 1107 794 2944
f 1107 2944 3074
f 1107 3074 3075
f 2402 2405 3075
f 2402 3075 3074
f 316 2610 2608
f 2158 2156 2608
f 2158 2608 2610
f 2156 3054 2836
f 1104 717 2836
f 1104 2836 3054
f 1104 3054 3055
f 2156 2158 3055
f 2156 3055 3054
f 1104 3056 3058
f 2174 2391 3058
f 2174 3058 3056
f 2391 2632 2842
f 322 718 2842
f 322 2842 2632
f 322 2632 2630
f 2391 2174 2630
f 2391 2630 2632
f 717 2838 2835
f 2390 1374 2835
f 2390 2835 2838
f 1374 2840 2503
f 718 69 2503
f 718 2503 2840
f 718 2840 2841
f 1374 2390 2841
f 1374 2841 2840
f 718 2841 2842
f 2390 2391 2842
f 2390 2842 2841
f 2391 2839 3058
f 717 1104 3058
f 717 3058 2839
f 717 2839 2838
f 2391 2390 2838
f 2391 2838 2839
f 1107 3077 3072
f 2457 2164 3072
f 2457 3072 3077
f 2164 3043 2618
f 1102 319 2618
f 1102 2618 3043
f 1102 3043 3047
f 2164 2457 3047
f 2164 3047 3043
f 322 2630 2631
f 2174 2175 2631
f 2174 2631 2630
f 2175 3057 3073
f 1104 1107 3073
f 1104 3073 3057
f 1104 3057 3056
f 2175 2174 3056
f 2175 3056 3057
f 1104 3055 3059
f 2158 2456 3059
f 2158 3059 3055
f 2456 2611 3046
f 316 1102 3046
f 316 3046 2611
f 316 2611 2610
f 2456 2158 2610
f 2456 2610 2611
f 1102 3047 3046
f 2457 2456 3046
f 2457 3046 3047
f 2456 3076 3059
f 1107 1104 3059
f 1107 3059 3076
f 1107 3076 3077
f 2456 2457 3077
f 2456 3077 3076
f 342 2674 2671
f 2209 2206 2671
f 2209 2671 2674
f 2206 3106 2950
f 1117 796 2950
f 1117 2950 3106
f 1117 3106 3107
f 2206 2209 3107
f 2206 3107 3106
f 796 2951 2949
f 2218 1402 2949
f 2218 2949 2951
f 88 2535 346
f 2535 1402 346
f 2218 2685 1402
f 2685 346 1402
f 346 2685 2687
f 2218 2220 2687
f 2218 2687 2685
f 1117 3109 796
f 3109 2220 796
f 2218 2951 2220
f 2951 796 2220
f 85 2522 2523
f 1388 1389 2523
f 1388 2523 2522
f 1389 2890 2894
f 780 781 2894
f 780 2894 2890
f 780 2890 2889
f 1389 1388 2889
f 1389 2889 2890
f 781 2895 2896
f 2201 2205 2896
f 2201 2896 2895
f 342 2670 341
f 2670 2205 341
f 2201 2666 2205
f 2666 341 2205
f 341 2666 2665
f 2201 2200 2665
f 2201 2665 2666
f 780 2893 781
f 2893 2200 781
f 2201 2895 2200
f 2895 781 2200
f 341 2668 2669
f 2203 2204 2669
f 2203 2669 2668
f 2204 2931 3103
f 790 1116 3103
f 790 3103 2931
f 790 2931 2930
f 2204 2203 2930
f 2204 2930 2931
f 1116 3102 3105
f 1399 2219 3105
f 1399 3105 3102
f 346 2686 87
f 2686 2219 87
f 1399 2533 2219
f 2533 87 2219
f 87 2533 2531
f 1399 1396 2531
f 1399 2531 2533
f 790 2929 1116
f 2929 1396 1116
f 1399 3102 1396
f 3102 1116 1396
f 346 2687 2686
f 2220 2219 2686
f 2220 2686 2687
f 2219 3108 3105
f 1117 1116 3105
f 1117 3105 3108
f 1117 3108 3109
f 2219 2220 3109
f 2219 3109 3108
f 1116 3104 3103
f 2208 2204 3103
f 2208 3103 3104
f 341 2669 342
f 2669 2204 342
f 2208 2673 2204
f 2673 342 2204
f 342 2673 2674
f 2208 2209 2674
f 2208 2674 2673
f 1117 3107 1116
f 3107 2209 1116
f 2208 3104 2209
f 3104 1116 2209
f 87 2531 2530
f 1396 1395 2530
f 1396 2530 2531
f 1395 2928 2924
f 790 789 2924
f 790 2924 2928
f 790 2928 2929
f 1395 1396 2929
f 1395 2929 2928
f 789 2926 2925
f 2202 2199 2925
f 2202 2925 2926
f 2199 2664 2662
f 341 340 2662
f 341 2662 2664
f 341 2664 2667
f 2199 2202 2667
f 2199 2667 2664
f 341 2667 2668
f 2202 2203 2668
f 2202 2668 2667
f 2203 2927 2930
f 789 790 2930
f 789 2930 2927
f 789 2927 2926
f 2203 2202 2926
f 2203 2926 2927
f 340 2659 2658
f 2196 2195 2658
f 2196 2658 2659
f 2195 2887 2881
f 779 768 2881
f 779 2881 2887
f 779 2887 2888
f 2195 2196 2888
f 2195 2888 2887
f 768 2877 2876
f 1386 1385 2876
f 1386 2876 2877
f 81 2519 85
f 2519 1385 85
f 1386 2520 1385
f 2520 85 1385
f 85 2520 2521
f 1386 1387 2521
f 1386 2521 2520
f 1387 2878 2885
f 768 779 2885
f 768 2885 2878
f 768 2878 2877
f 1387 1386 2877
f 1387 2877 2878
f 85 2521 2522
f 1387 1388 2522
f 1387 2522 2521
f 1388 2886 2889
f 779 780 2889
f 779 2889 2886
f 779 2886 2885
f 1388 1387 2885
f 1388 2885 2886
f 780 2892 2893
f 2197 2200 2893
f 2197 2893 2892
f 2200 2663 2665
f 340 341 2665
f 340 2665 2663
f 340 2663 2660
f 2200 2197 2660
f 2200 2660 2663
f 340 2660 2659
f 2197 2196 2659
f 2197 2659 2660
f 2196 2891 2888
f 780 779 2888
f 780 2888 2891
f 780 2891 2892
f 2196 2197 2892
f 2196 2892 2891
f 87 2530 2529
f 1395 1394 2529
f 1395 2529 2530
f 1394 2923 2919
f 789 788 2919
f 789 2919 2923
f 789 2923 2924
f 1394 1395 2924
f 1394 2924 2923
f 788 2921 2920
f 2198 2194 2920
f 2198 2920 2921
f 2194 2657 2655
f 340 339 2655
f 340 2655 2657
f 340 2657 2661
f 2194 2198 2661
f 2194 2661 2657
f 340 2661 2662
f 2198 2199 2662
f 2198 2662 2661
f 2199 2922 2925
f 788 789 2925
f 788 2925 2922
f 788 2922 2921
f 2199 2198 2921
f 2199 2921 2922
f 339 2652 2651
f 2191 2190 2651
f 2191 2651 2652
f 2190 2874 2871
f 767 763 2871
f 767 2871 2874
f 767 2874 2875
f 2190 2191 2875
f 2190 2875 2874
f 763 2867 2866
f 1383 1382 2866
f 1383 2866 2867
f 1382 2516 2515
f 81 80 2515
f 81 2515 2516
f 81 2516 2517
f 1382 1383 2517
f 1382 2517 2516
f 81 2517 2518
f 1383 1384 2518
f 1383 2518 2517
f 1384 2868 2872
f 763 767 2872
f 763 2872 2868
f 763 2868 2867
f 1384 1383 2867
f 1384 2867 2868
f 81 2518 2519
f 1384 1385 2519
f 1384 2519 2518
f 1385 2873 2876
f 767 768 2876
f 767 2876 2873
f 767 2873 2872
f 1385 1384 2872
f 1385 2872 2873
f 768 2880 2881
f 2192 2195 2881
f 2192 2881 2880
f 2195 2656 2658
f 339 340 2658
f 339 2658 2656
f 339 2656 2653
f 2195 2192 2653
f 2195 2653 2656
f 339 2653 2652
f 2192 2191 2652
f 2192 2652 2653
f 2191 2879 2875
f 768 767 2875
f 768 2875 2879
f 768 2879 2880
f 2191 2192 2880
f 2191 2880 2879
f 84 83 85
f 85 83 82
f 85 82 81
f 87 2529 2528
f 1394 1393 2528
f 1394 2528 2529
f 1393 2918 2914
f 788 787 2914
f 788 2914 2918
f 788 2918 2919
f 1393 1394 2919
f 1393 2919 2918
f 787 2916 2915
f 2193 2189 2915
f 2193 2915 2916
f 2189 2650 2648
f 339 338 2648
f 339 2648 2650
f 339 2650 2654
f 2189 2193 2654
f 2189 2654 2650
f 339 2654 2655
f 2193 2194 2655
f 2193 2655 2654
f 2194 2917 2920
f 787 788 2920
f 787 2920 2917
f 787 2917 2916
f 2194 2193 2916
f 2194 2916 2917
f 338 2645 2644
f 2186 2185 2644
f 2186 2644 2645
f 2185 2864 2861
f 762 758 2861
f 762 2861 2864
f 762 2864 2865
f 2185 2186 2865
f 2185 2865 2864
f 758 2857 2856
f 1380 1379 2856
f 1380 2856 2857
f 1379 2512 2511
f 80 79 2511
f 80 2511 2512
f 80 2512 2513
f 1379 1380 2513
f 1379 2513 2512
f 80 2513 2514
f 1380 1381 2514
f 1380 2514 2513
f 1381 2858 2862
f 758 762 2862
f 758 2862 2858
f 758 2858 2857
f 1381 1380 2857
f 1381 2857 2858
f 80 2514 2515
f 1381 1382 2515
f 1381 2515 2514
f 1382 2863 2866
f 762 763 2866
f 762 2866 2863
f 762 2863 2862
f 1382 1381 2862
f 1382 2862 2863
f 763 2870 2871
f 2187 2190 2871
f 2187 2871 2870
f 2190 2649 2651
f 338 339 2651
f 338 2651 2649
f 338 2649 2646
f 2190 2187 2646
f 2190 2646 2649
f 338 2646 2645
f 2187 2186 2645
f 2187 2645 2646
f 2186 2869 2865
f 763 762 2865
f 763 2865 2869
f 763 2869 2870
f 2186 2187 2870
f 2186 2870 2869
f 87 2528 2527
f 1393 1392 2527
f 1393 2527 2528
f 1392 2913 2907
f 787 786 2907
f 787 2907 2913
f 787 2913 2914
f 1392 1393 2914
f 1392 2914 2913
f 786 2910 2909
f 2188 2182 2909
f 2188 2909 2910
f 2182 2643 2639
f 338 333 2639
f 338 2639 2643
f 338 2643 2647
f 2182 2188 2647
f 2182 2647 2643
f 338 2647 2648
f 2188 2189 2648
f 2188 2648 2647
f 2189 2911 2915
f 786 787 2915
f 786 2915 2911
f 786 2911 2910
f 2189 2188 2910
f 2189 2910 2911
f 333 2637 2636
f 2180 2179 2636
f 2180 2636 2637
f 2179 2854 2849
f 757 749 2849
f 757 2849 2854
f 757 2854 2855
f 2179 2180 2855
f 2179 2855 2854
f 749 2847 2846
f 1377 1376 2846
f 1377 2846 2847
f 1376 2508 2506
f 79 77 2506
f 79 2506 2508
f 79 2508 2509
f 1376 1377 2509
f 1376 2509 2508
f 79 2509 2510
f 1377 1378 2510
f 1377 2510 2509
f 1378 2848 2852
f 749 757 2852
f 749 2852 2848
f 749 2848 2847
f 1378 1377 2847
f 1378 2847 2848
f 79 2510 2511
f 1378 1379 2511
f 1378 2511 2510
f 1379 2853 2856
f 757 758 2856
f 757 2856 2853
f 757 2853 2852
f 1379 1378 2852
f 1379 2852 2853
f 758 2860 2861
f 2181 2185 2861
f 2181 2861 2860
f 2185 2641 2644
f 333 338 2644
f 333 2644 2641
f 333 2641 2638
f 2185 2181 2638
f 2185 2638 2641
f 333 2638 2637
f 2181 2180 2637
f 2181 2637 2638
f 2180 2859 2855
f 758 757 2855
f 758 2855 2859
f 758 2859 2860
f 2180 2181 2860
f 2180 2860 2859
f 87 2527 2532
f 1392 1397 2532
f 1392 2532 2527
f 1397 2908 2932
f 2932 3223 791
f 3223 786 791
f 786 3223 2908
f 3223 2932 2908
f 786 2908 2907
f 1397 1392 2907
f 1397 2907 2908
f 786 2909 2912
f 2182 2399 2912
f 2182 2912 2909
f 2399 2642 3098
f 3098 3213 1111
f 3213 333 1111
f 333 3213 2642
f 3213 3098 2642
f 333 2642 2639
f 2399 2182 2639
f 2399 2639 2642
f 791 2936 2934
f 2400 2211 2934
f 2400 2934 2936
f 2211 3097 2677
f 2677 3234 343
f 3234 1111 343
f 1111 3234 3097
f 3234 2677 3097
f 1111 3097 3099
f 2211 2400 3099
f 2211 3099 3097
f 1111 3099 3098
f 2400 2399 3098
f 2400 3098 3099
f 2399 2935 2912
f 2912 3224 786
f 3224 791 786
f 791 3224 2935
f 3224 2912 2935
f 791 2935 2936
f 2399 2400 2936
f 2399 2936 2935
f 333 2636 2640
f 2179 2183 2640
f 2179 2640 2636
f 2183 2850 3085
f 3085 3220 1109
f 3220 749 1109
f 749 3220 2850
f 3220 3085 2850
f 749 2850 2849
f 2183 2179 2849
f 2183 2849 2850
f 749 2846 2851
f 1376 2393 2851
f 1376 2851 2846
f 2393 2507 2844
f 2844 3205 748
f 3205 77 748
f 77 3205 2507
f 3205 2844 2507
f 77 2507 2506
f 2393 1376 2506
f 2393 2506 2507
f 1109 3087 3084
f 2394 2177 3084
f 2394 3084 3087
f 2177 2843 2633
f 2633 3219 332
f 3219 748 332
f 748 3219 2843
f 3219 2633 2843
f 748 2843 2845
f 2177 2394 2845
f 2177 2845 2843
f 748 2845 2844
f 2394 2393 2844
f 2394 2844 2845
f 2393 3086 2851
f 2851 3229 749
f 3229 1109 749
f 1109 3229 3086
f 3229 2851 3086
f 1109 3086 3087
f 2393 2394 3087
f 2393 3087 3086
f 343 2679 2676
f 2213 2210 2676
f 2213 2676 2679
f 2210 3092 2903
f 2903 3231 784
f 3231 1110 784
f 1110 3231 3092
f 3231 2903 3092
f 1110 3092 3093
f 2210 2213 3093
f 2210 3093 3092
f 1110 3091 3094
f 2178 2398 3094
f 2178 3094 3091
f 2398 2635 2901
f 2901 3212 783
f 3212 332 783
f 332 3212 2635
f 3212 2901 2635
f 332 2635 2634
f 2398 2178 2634
f 2398 2634 2635
f 784 2905 2902
f 2397 1390 2902
f 2397 2902 2905
f 1390 2899 2524
f 2524 3221 86
f 3221 783 86
f 783 3221 2899
f 3221 2524 2899
f 783 2899 2900
f 1390 2397 2900
f 1390 2900 2899
f 783 2900 2901
f 2397 2398 2901
f 2397 2901 2900
f 2398 2906 3094
f 3094 3222 1110
f 3222 784 1110
f 784 3222 2906
f 3222 3094 2906
f 784 2906 2905
f 2398 2397 2905
f 2398 2905 2906
f 1109 3088 3085
f 2460 2183 3085
f 2460 3085 3088
f 2183 3096 2640
f 2640 3233 333
f 3233 1111 333
f 1111 3233 3096
f 3233 2640 3096
f 1111 3096 3100
f 2183 2460 3100
f 2183 3100 3096
f 332 2634 2633
f 2178 2177 2633
f 2178 2633 2634
f 2177 3090 3084
f 3084 3232 1109
f 3232 1110 1109
f 1110 3232 3090
f 3232 3084 3090
f 1110 3090 3091
f 2177 2178 3091
f 2177 3091 3090
f 1110 3093 3095
f 2213 2461 3095
f 2213 3095 3093
f 2461 2681 3101
f 3101 3214 1111
f 3214 343 1111
f 343 3214 2681
f 3214 3101 2681
f 343 2681 2679
f 2461 2213 2679
f 2461 2679 2681
f 1111 3100 3101
f 2460 2461 3101
f 2460 3101 3100
f 2461 3089 3095
f 3095 3230 1110
f 3230 1109 1110
f 1109 3230 3089
f 3230 3095 3089
f 1109 3089 3088
f 2461 2460 3088
f 2461 3088 3089
f 86 783 782
f 332 329 782
f 332 782 783
f 329 747 739
f 77 75 739
f 77 739 747
f 77 747 748
f 329 332 748
f 329 748 747
f 86 782 334
f 782 329 334
f 334 740 78
f 740 75 78
f 75 740 739
f 739 2184 329
f 2184 334 329
f 334 2184 740
f 2184 739 740
f 78 75 73
f 78 73 76
f 76 73 74
f 74 73 71
f 74 71 72
f 72 71 70
f 378 2262 2263
f 927 1122 2263
f 927 2263 2262
f 1122 1493 2229
f 2229 2542 348
f 2542 115 348
f 115 2542 1493
f 2542 2229 1493
f 115 1493 1491
f 1491 3118 927
f 3118 1122 927
f 1122 3118 1493
f 3118 1491 1493
f 347 2225 2221
f 1121 792 2221
f 1121 2221 2225
f 792 2227 1398
f 1398 2692 87
f 2692 348 87
f 348 2692 2227
f 2692 1398 2227
f 348 2227 2228
f 2228 2939 1121
f 2939 792 1121
f 792 2939 2227
f 2939 2228 2227
f 107 1470 1468
f 891 887 1468
f 891 1468 1470
f 887 2260 2222
f 2222 2701 347
f 2701 378 347
f 378 2701 2260
f 2701 2222 2260
f 378 2260 2261
f 2261 2962 891
f 2962 887 891
f 887 2962 2260
f 2962 2261 2260
f 348 2228 2229
f 1121 1122 2229
f 1121 2229 2228
f 1122 2226 2263
f 2263 2691 378
f 2691 347 378
f 347 2691 2226
f 2691 2263 2226
f 347 2226 2225
f 2225 3119 1121
f 3119 1122 1121
f 1122 3119 2226
f 3119 2225 2226
f 347 2690 2222
f 2690 2224 2222
f 2222 3116 887
f 3116 1119 887
f 1119 3116 3117
f 2222 2224 3117
f 2222 3117 3116
f 887 2960 1468
f 2960 2215 1468
f 1468 2682 107
f 2682 344 107
f 344 2682 2683
f 1468 2215 2683
f 1468 2683 2682
f 344 2683 2684
f 2215 2217 2684
f 2215 2684 2683
f 2217 2961 3115
f 887 1119 3115
f 887 3115 2961
f 887 2961 2960
f 2217 2215 2960
f 2217 2960 2961
f 87 2532 1398
f 2532 1397 1398
f 1398 2933 792
f 2933 791 792
f 791 2933 2932
f 1398 1397 2932
f 1398 2932 2933
f 792 2938 2221
f 2938 2212 2221
f 2221 2680 347
f 2680 343 347
f 343 2680 2678
f 2221 2212 2678
f 2221 2678 2680
f 343 2678 2677
f 2212 2211 2677
f 2212 2677 2678
f 2211 2937 2934
f 792 791 2934
f 792 2934 2937
f 792 2937 2938
f 2211 2212 2938
f 2211 2938 2937
f 343 2676 2214
f 2676 2210 2214
f 2214 2904 1118
f 2904 784 1118
f 784 2904 2903
f 2214 2210 2903
f 2214 2903 2904
f 1118 3111 2216
f 3111 1391 2216
f 2216 2526 344
f 2526 86 344
f 86 2526 2525
f 2216 1391 2525
f 2216 2525 2526
f 86 2525 2524
f 1391 1390 2524
f 1391 2524 2525
f 1390 3110 2902
f 1118 784 2902
f 1118 2902 3110
f 1118 3110 3111
f 1390 1391 3111
f 1390 3111 3110
f 344 2684 2216
f 2684 2217 2216
f 2216 3114 1118
f 3114 1119 1118
f 1119 3114 3115
f 2216 2217 3115
f 2216 3115 3114
f 1118 3112 2214
f 3112 2223 2214
f 2214 2688 343
f 2688 347 343
f 347 2688 2689
f 2214 2223 2689
f 2214 2689 2688
f 347 2689 2690
f 2223 2224 2690
f 2223 2690 2689
f 2224 3113 3117
f 1118 1119 3117
f 1118 3117 3113
f 1118 3113 3112
f 2224 2223 3112
f 2224 3112 3113
f 86 785 344
f 785 345 344
f 344 907 107
f 907 111 107
f 111 907 908
f 344 345 908
f 344 908 907
f 111 112 107
f 345 785 1113
f 86 334 1113
f 86 1113 785
f 337 1112 753
f 334 78 753
f 334 753 1112
f 111 908 906
f 345 337 906
f 345 906 908
f 334 1112 1113
f 337 345 1113
f 337 1113 1112
f 337 1115 906
f 379 111 906
f 379 906 1115
f 78 752 753
f 336 337 753
f 336 753 752
f 336 902 1114
f 110 379 1114
f 110 1114 902
f 379 1115 1114
f 337 336 1114
f 337 1114 1115
f 181 1745 1746
f 863 1046 1746
f 863 1746 1745
f 1046 1459 2242
f 102 365 2242
f 102 2242 1459
f 102 1459 1458
f 1046 863 1458
f 1046 1458 1459
f 180 1741 1738
f 1045 837 1738
f 1045 1738 1741
f 837 2239 1444
f 365 98 1444
f 365 1444 2239
f 365 2239 2241
f 837 1045 2241
f 837 2241 2239
f 13 1190 1189
f 459 458 1189
f 459 1189 1190
f 458 1743 1737
f 181 180 1737
f 181 1737 1743
f 181 1743 1744
f 458 459 1744
f 458 1744 1743
f 365 2241 2242
f 1045 1046 2242
f 1045 2242 2241
f 1046 1742 1746
f 180 181 1746
f 180 1746 1742
f 180 1742 1741
f 1046 1045 1741
f 1046 1741 1742
f 180 1740 1737
f 1038 458 1737
f 1038 1737 1740
f 458 1691 1189
f 163 13 1189
f 163 1189 1691
f 163 1691 1693
f 458 1038 1693
f 458 1693 1691
f 98 1443 1444
f 836 837 1444
f 836 1444 1443
f 837 1699 1738
f 170 180 1738
f 170 1738 1699
f 170 1699 1698
f 837 836 1698
f 837 1698 1699
f 170 1697 1700
f 440 1036 1700
f 440 1700 1697
f 1036 1176 1692
f 9 163 1692
f 9 1692 1176
f 9 1176 1175
f 1036 440 1175
f 1036 1175 1176
f 163 1693 1692
f 1038 1036 1692
f 1038 1692 1693
f 1036 1739 1700
f 180 170 1700
f 180 1700 1739
f 180 1739 1740
f 1036 1038 1740
f 1036 1740 1739
f 98 1442 1443
f 835 836 1443
f 835 1443 1442
f 836 1679 1698
f 156 170 1698
f 156 1698 1679
f 156 1679 1678
f 836 835 1678
f 836 1678 1679
f 170 1696 1697
f 425 440 1697
f 425 1697 1696
f 440 1170 1175
f 7 9 1175
f 7 1175 1170
f 7 1170 1169
f 440 425 1169
f 440 1169 1170
f 7 1169 1168
f 425 424 1168
f 425 1168 1169
f 424 1695 1677
f 170 156 1677
f 170 1677 1695
f 170 1695 1696
f 424 425 1696
f 424 1696 1695
f 7 1168 1167
f 424 423 1167
f 424 1167 1168
f 423 1676 1672
f 156 155 1672
f 156 1672 1676
f 156 1676 1677
f 423 424 1677
f 423 1677 1676
f 155 1674 1673
f 834 828 1673
f 834 1673 1674
f 828 1440 1435
f 98 96 1435
f 98 1435 1440
f 98 1440 1441
f 828 834 1441
f 828 1441 1440
f 98 1441 1442
f 834 835 1442
f 834 1442 1441
f 835 1675 1678
f 155 156 1678
f 155 1678 1675
f 155 1675 1674
f 835 834 1674
f 835 1674 1675
f 96 1434 1435
f 827 828 1435
f 827 1435 1434
f 828 1659 1673
f 151 155 1673
f 151 1673 1659
f 151 1659 1658
f 828 827 1658
f 828 1658 1659
f 155 1671 1672
f 419 423 1672
f 419 1672 1671
f 423 1162 1167
f 5 7 1167
f 5 1167 1162
f 5 1162 1161
f 423 419 1161
f 423 1161 1162
f 5 1161 1160
f 419 418 1160
f 419 1160 1161
f 418 1670 1657
f 155 151 1657
f 155 1657 1670
f 155 1670 1671
f 418 419 1671
f 418 1671 1670
f 5 1160 1159
f 418 417 1159
f 418 1159 1160
f 417 1656 1652
f 151 150 1652
f 151 1652 1656
f 151 1656 1657
f 417 418 1657
f 417 1657 1656
f 150 1654 1653
f 826 821 1653
f 826 1653 1654
f 821 1432 1427
f 96 94 1427
f 96 1427 1432
f 96 1432 1433
f 821 826 1433
f 821 1433 1432
f 96 1433 1434
f 826 827 1434
f 826 1434 1433
f 827 1655 1658
f 150 151 1658
f 150 1658 1655
f 150 1655 1654
f 827 826 1654
f 827 1654 1655
f 94 1426 1427
f 820 821 1427
f 820 1427 1426
f 821 1639 1653
f 146 150 1653
f 146 1653 1639
f 146 1639 1638
f 821 820 1638
f 821 1638 1639
f 150 1651 1652
f 413 417 1652
f 413 1652 1651
f 417 1154 1159
f 3 5 1159
f 3 1159 1154
f 3 1154 1153
f 417 413 1153
f 417 1153 1154
f 3 1153 1152
f 413 412 1152
f 413 1152 1153
f 412 1650 1637
f 150 146 1637
f 150 1637 1650
f 150 1650 1651
f 412 413 1651
f 412 1651 1650
f 3 1152 1151
f 412 411 1151
f 412 1151 1152
f 411 1636 1632
f 146 145 1632
f 146 1632 1636
f 146 1636 1637
f 411 412 1637
f 411 1637 1636
f 145 1634 1633
f 819 809 1633
f 819 1633 1634
f 809 1424 1414
f 94 91 1414
f 94 1414 1424
f 94 1424 1425
f 809 819 1425
f 809 1425 1424
f 94 1425 1426
f 819 820 1426
f 819 1426 1425
f 820 1635 1638
f 145 146 1638
f 145 1638 1635
f 145 1635 1634
f 820 819 1634
f 820 1634 1635
f 91 1413 1414
f 808 809 1414
f 808 1414 1413
f 809 1619 1633
f 141 145 1633
f 141 1633 1619
f 141 1619 1618
f 809 808 1618
f 809 1618 1619
f 145 1631 1632
f 407 411 1632
f 407 1632 1631
f 411 1146 1151
f 1 3 1151
f 1 1151 1146
f 1 1146 1145
f 411 407 1145
f 411 1145 1146
f 1 1145 1144
f 407 406 1144
f 407 1144 1145
f 406 1630 1617
f 145 141 1617
f 145 1617 1630
f 145 1630 1631
f 406 407 1631
f 406 1631 1630
f 1 1144 1143
f 406 405 1143
f 406 1143 1144
f 405 1616 1610
f 141 140 1610
f 141 1610 1616
f 141 1616 1617
f 405 406 1617
f 405 1617 1616
f 140 1614 1613
f 807 801 1613
f 807 1613 1614
f 801 1411 1403
f 91 89 1403
f 91 1403 1411
f 91 1411 1412
f 801 807 1412
f 801 1412 1411
f 91 1412 1413
f 807 808 1413
f 807 1413 1412
f 808 1615 1618
f 140 141 1618
f 140 1618 1615
f 140 1615 1614
f 808 807 1614
f 808 1614 1615
f 89 1404 1403
f 802 801 1403
f 802 1403 1404
f 801 1622 1613
f 143 140 1613
f 143 1613 1622
f 143 1622 1623
f 801 802 1623
f 801 1623 1622
f 140 1611 1610
f 408 405 1610
f 408 1610 1611
f 405 1147 1143
f 2 1 1143
f 2 1143 1147
f 2 1147 1148
f 405 408 1148
f 405 1148 1147
f 2 1148 1149
f 408 409 1149
f 408 1149 1148
f 409 1612 1620
f 140 143 1620
f 140 1620 1612
f 140 1612 1611
f 409 408 1611
f 409 1611 1612
f 2 1149 1150
f 409 410 1150
f 409 1150 1149
f 410 1621 1624
f 143 144 1624
f 143 1624 1621
f 143 1621 1620
f 410 409 1620
f 410 1620 1621
f 144 1628 1629
f 803 804 1629
f 803 1629 1628
f 804 1406 1407
f 89 90 1407
f 89 1407 1406
f 89 1406 1405
f 804 803 1405
f 804 1405 1406
f 89 1405 1404
f 803 802 1404
f 803 1404 1405
f 802 1627 1623
f 144 143 1623
f 144 1623 1627
f 144 1627 1628
f 802 803 1628
f 802 1628 1627
f 90 1408 1407
f 805 804 1407
f 805 1407 1408
f 804 1642 1629
f 148 144 1629
f 148 1629 1642
f 148 1642 1643
f 804 805 1643
f 804 1643 1642
f 144 1625 1624
f 414 410 1624
f 414 1624 1625
f 410 1155 1150
f 4 2 1150
f 4 1150 1155
f 4 1155 1156
f 410 414 1156
f 410 1156 1155
f 4 1156 1157
f 414 415 1157
f 414 1157 1156
f 415 1626 1640
f 144 148 1640
f 144 1640 1626
f 144 1626 1625
f 415 414 1625
f 415 1625 1626
f 4 1157 1158
f 415 416 1158
f 415 1158 1157
f 416 1641 1644
f 148 149 1644
f 148 1644 1641
f 148 1641 1640
f 416 415 1640
f 416 1640 1641
f 149 1648 1649
f 806 816 1649
f 806 1649 1648
f 816 1410 1420
f 90 93 1420
f 90 1420 1410
f 90 1410 1409
f 816 806 1409
f 816 1409 1410
f 90 1409 1408
f 806 805 1408
f 806 1408 1409
f 805 1647 1643
f 149 148 1643
f 149 1643 1647
f 149 1647 1648
f 805 806 1648
f 805 1648 1647
f 93 1421 1420
f 817 816 1420
f 817 1420 1421
f 816 1662 1649
f 153 149 1649
f 153 1649 1662
f 153 1662 1663
f 816 817 1663
f 816 1663 1662
f 149 1645 1644
f 420 416 1644
f 420 1644 1645
f 416 1163 1158
f 6 4 1158
f 6 1158 1163
f 6 1163 1164
f 416 420 1164
f 416 1164 1163
f 6 1164 1165
f 420 421 1165
f 420 1165 1164
f 421 1646 1660
f 149 153 1660
f 149 1660 1646
f 149 1646 1645
f 421 420 1645
f 421 1645 1646
f 6 1165 1166
f 421 422 1166
f 421 1166 1165
f 422 1661 1664
f 153 154 1664
f 153 1664 1661
f 153 1661 1660
f 422 421 1660
f 422 1660 1661
f 154 1668 1669
f 818 822 1669
f 818 1669 1668
f 822 1423 1428
f 93 95 1428
f 93 1428 1423
f 93 1423 1422
f 822 818 1422
f 822 1422 1423
f 93 1422 1421
f 818 817 1421
f 818 1421 1422
f 817 1667 1663
f 154 153 1663
f 154 1663 1667
f 154 1667 1668
f 817 818 1668
f 817 1668 1667
f 95 1429 1428
f 823 822 1428
f 823 1428 1429
f 822 1682 1669
f 158 154 1669
f 158 1669 1682
f 158 1682 1683
f 822 823 1683
f 822 1683 1682
f 154 1665 1664
f 426 422 1664
f 426 1664 1665
f 422 1171 1166
f 8 6 1166
f 8 1166 1171
f 8 1171 1172
f 422 426 1172
f 422 1172 1171
f 8 1172 1173
f 426 428 1173
f 426 1173 1172
f 428 1666 1680
f 154 158 1680
f 154 1680 1666
f 154 1666 1665
f 428 426 1665
f 428 1665 1666
f 8 1173 1174
f 428 429 1174
f 428 1174 1173
f 429 1681 1684
f 158 159 1684
f 158 1684 1681
f 158 1681 1680
f 429 428 1680
f 429 1680 1681
f 159 1688 1689
f 824 829 1689
f 824 1689 1688
f 829 1431 1436
f 95 97 1436
f 95 1436 1431
f 95 1431 1430
f 829 824 1430
f 829 1430 1431
f 95 1430 1429
f 824 823 1429
f 824 1429 1430
f 823 1687 1683
f 159 158 1683
f 159 1683 1687
f 159 1687 1688
f 823 824 1688
f 823 1688 1687
f 51 1349 641
f 1349 642 641
f 642 2124 1095
f 2124 287 1095
f 641 2378 286
f 2378 1095 286
f 1095 2378 642
f 2378 641 642
f 287 2125 1097
f 2125 867 1097
f 867 1462 868
f 1462 103 868
f 1097 2415 323
f 2415 868 323
f 868 2415 867
f 2415 1097 867
f 286 2123 719
f 2123 1096 719
f 1096 2176 722
f 2176 323 722
f 719 2392 70
f 2392 722 70
f 722 2392 1096
f 2392 719 1096
f 1097 2453 287
f 2453 1095 287
f 323 2176 1097
f 2176 1096 1097
f 1096 2123 1095
f 2123 286 1095
f 1095 2453 1096
f 2453 1097 1096
f 70 722 723
f 323 324 723
f 323 723 722
f 324 869 872
f 103 104 872
f 103 872 869
f 103 869 868
f 324 323 868
f 324 868 869
f 104 873 872
f 325 324 872
f 325 872 873
f 324 727 723
f 72 70 723
f 72 723 727
f 72 727 728
f 324 325 728
f 324 728 727
f 72 728 729
f 325 326 729
f 325 729 728
f 326 874 882
f 104 106 882
f 104 882 874
f 104 874 873
f 326 325 873
f 326 873 874
f 106 883 882
f 327 326 882
f 327 882 883
f 326 733 729
f 74 72 729
f 74 729 733
f 74 733 734
f 326 327 734
f 326 734 733
f 74 734 735
f 327 328 735
f 327 735 734
f 328 884 892
f 106 108 892
f 106 892 884
f 106 884 883
f 328 327 883
f 328 883 884
f 108 893 892
f 330 328 892
f 330 892 893
f 328 741 735
f 76 74 735
f 76 735 741
f 76 741 742
f 328 330 742
f 328 742 741
f 76 742 743
f 330 331 743
f 330 743 742
f 331 894 897
f 108 109 897
f 108 897 894
f 108 894 893
f 331 330 893
f 331 893 894
f 109 898 897
f 335 331 897
f 335 897 898
f 331 750 743
f 78 76 743
f 78 743 750
f 78 750 751
f 331 335 751
f 331 751 750
f 78 751 752
f 335 336 752
f 335 752 751
f 336 899 902
f 109 110 902
f 109 902 899
f 109 899 898
f 336 335 898
f 336 898 899
f 15 470 471
f 186 187 471
f 186 471 470
f 187 640 646
f 51 53 646
f 51 646 640
f 51 640 639
f 187 186 639
f 187 639 640
f 51 639 638
f 186 183 638
f 186 638 639
f 183 469 464
f 15 14 464
f 15 464 469
f 15 469 470
f 183 186 470
f 183 470 469
f 642 1349 2376
f 51 638 2376
f 51 2376 1349
f 1050 2377 1756
f 638 183 1756
f 638 1756 2377
f 287 2124 2126
f 642 1050 2126
f 642 2126 2124
f 638 2377 2376
f 1050 642 2376
f 1050 2376 2377
f 1049 1755 2348
f 183 464 2348
f 183 2348 1755
f 466 2347 1197
f 464 14 1197
f 464 1197 2347
f 185 1765 1761
f 1049 466 1761
f 1049 1761 1765
f 464 2347 2348
f 466 1049 2348
f 466 2348 2347
f 867 2125 2414
f 287 1051 2414
f 287 2414 2125
f 866 2413 1764
f 1051 185 1764
f 1051 1764 2413
f 103 1462 1461
f 867 866 1461
f 867 1461 1462
f 1051 2413 2414
f 866 867 2414
f 866 2414 2413
f 183 1755 1756
f 1049 1050 1756
f 1049 1756 1755
f 1049 1765 2437
f 185 1051 2437
f 185 2437 1765
f 1050 2438 2126
f 1051 287 2126
f 1051 2126 2438
f 1051 2438 2437
f 1050 1049 2437
f 1050 2437 2438
f 14 1196 1197
f 465 466 1197
f 465 1197 1196
f 466 1758 1761
f 184 185 1761
f 184 1761 1758
f 184 1758 1757
f 466 465 1757
f 466 1757 1758
f 185 1763 1764
f 860 866 1764
f 860 1764 1763
f 866 1457 1461
f 101 103 1461
f 101 1461 1457
f 101 1457 1456
f 866 860 1456
f 866 1456 1457
f 101 1456 1455
f 860 859 1455
f 860 1455 1456
f 859 1762 1760
f 185 184 1760
f 185 1760 1762
f 185 1762 1763
f 859 860 1763
f 859 1763 1762
f 101 1455 1454
f 859 858 1454
f 859 1454 1455
f 858 1759 1730
f 184 176 1730
f 184 1730 1759
f 184 1759 1760
f 858 859 1760
f 858 1760 1759
f 176 1726 1725
f 463 455 1725
f 463 1725 1726
f 455 1194 1188
f 14 12 1188
f 14 1188 1194
f 14 1194 1195
f 455 463 1195
f 455 1195 1194
f 14 1195 1196
f 463 465 1196
f 463 1196 1195
f 465 1727 1757
f 176 184 1757
f 176 1757 1727
f 176 1727 1726
f 465 463 1726
f 465 1726 1727
f 12 1187 1188
f 454 455 1188
f 454 1188 1187
f 455 1722 1725
f 175 176 1725
f 175 1725 1722
f 175 1722 1721
f 455 454 1721
f 455 1721 1722
f 176 1729 1730
f 855 858 1730
f 855 1730 1729
f 858 1453 1454
f 100 101 1454
f 100 1454 1453
f 100 1453 1452
f 858 855 1452
f 858 1452 1453
f 100 1452 1451
f 855 854 1451
f 855 1451 1452
f 854 1728 1724
f 176 175 1724
f 176 1724 1728
f 176 1728 1729
f 854 855 1729
f 854 1729 1728
f 100 1451 1450
f 854 853 1450
f 854 1450 1451
f 853 1723 1720
f 175 174 1720
f 175 1720 1723
f 175 1723 1724
f 853 854 1724
f 853 1724 1723
f 174 1716 1715
f 453 450 1715
f 453 1715 1716
f 450 1185 1184
f 12 11 1184
f 12 1184 1185
f 12 1185 1186
f 450 453 1186
f 450 1186 1185
f 12 1186 1187
f 453 454 1187
f 453 1187 1186
f 454 1717 1721
f 174 175 1721
f 174 1721 1717
f 174 1717 1716
f 454 453 1716
f 454 1716 1717
f 11 1183 1184
f 449 450 1184
f 449 1184 1183
f 450 1712 1715
f 173 174 1715
f 173 1715 1712
f 173 1712 1711
f 450 449 1711
f 450 1711 1712
f 174 1719 1720
f 850 853 1720
f 850 1720 1719
f 853 1449 1450
f 99 100 1450
f 99 1450 1449
f 99 1449 1448
f 853 850 1448
f 853 1448 1449
f 99 1448 1447
f 850 849 1447
f 850 1447 1448
f 849 1718 1714
f 174 173 1714
f 174 1714 1718
f 174 1718 1719
f 849 850 1719
f 849 1719 1718
f 99 1447 1446
f 849 848 1446
f 849 1446 1447
f 848 1713 1710
f 173 172 1710
f 173 1710 1713
f 173 1713 1714
f 848 849 1714
f 848 1714 1713
f 172 1706 1705
f 448 445 1705
f 448 1705 1706
f 445 1181 1180
f 11 10 1180
f 11 1180 1181
f 11 1181 1182
f 445 448 1182
f 445 1182 1181
f 11 1182 1183
f 448 449 1183
f 448 1183 1182
f 449 1707 1711
f 172 173 1711
f 172 1711 1707
f 172 1707 1706
f 449 448 1706
f 449 1706 1707
f 10 1179 1180
f 444 445 1180
f 444 1180 1179
f 445 1702 1705
f 171 172 1705
f 171 1705 1702
f 171 1702 1701
f 445 444 1701
f 445 1701 1702
f 172 1709 1710
f 831 848 1710
f 831 1710 1709
f 848 1439 1446
f 97 99 1446
f 97 1446 1439
f 97 1439 1438
f 848 831 1438
f 848 1438 1439
f 97 1438 1437
f 831 830 1437
f 831 1437 1438
f 830 1708 1704
f 172 171 1704
f 172 1704 1708
f 172 1708 1709
f 830 831 1709
f 830 1709 1708
f 97 1437 1436
f 830 829 1436
f 830 1436 1437
f 829 1703 1689
f 171 159 1689
f 171 1689 1703
f 171 1703 1704
f 829 830 1704
f 829 1704 1703
f 159 1685 1684
f 441 429 1684
f 441 1684 1685
f 429 1177 1174
f 10 8 1174
f 10 1174 1177
f 10 1177 1178
f 429 441 1178
f 429 1178 1177
f 10 1178 1179
f 441 444 1179
f 441 1179 1178
f 444 1686 1701
f 159 171 1701
f 159 1701 1686
f 159 1686 1685
f 444 441 1685
f 444 1685 1686
f 53 647 646
f 192 187 646
f 192 646 647
f 187 479 471
f 17 15 471
f 17 471 479
f 17 479 480
f 187 192 480
f 187 480 479
f 17 480 481
f 192 193 481
f 192 481 480
f 193 648 652
f 53 55 652
f 53 652 648
f 53 648 647
f 193 192 647
f 193 647 648
f 55 653 652
f 194 193 652
f 194 652 653
f 193 484 481
f 18 17 481
f 18 481 484
f 18 484 485
f 193 194 485
f 193 485 484
f 18 485 486
f 194 195 486
f 194 486 485
f 195 654 660
f 55 57 660
f 55 660 654
f 55 654 653
f 195 194 653
f 195 653 654
f 57 661 660
f 196 195 660
f 196 660 661
f 195 489 486
f 19 18 486
f 19 486 489
f 19 489 490
f 195 196 490
f 195 490 489
f 19 490 491
f 196 197 491
f 196 491 490
f 197 662 669
f 57 59 669
f 57 669 662
f 57 662 661
f 197 196 661
f 197 661 662
f 59 670 669
f 199 197 669
f 199 669 670
f 197 494 491
f 20 19 491
f 20 491 494
f 20 494 495
f 197 199 495
f 197 495 494
f 69 715 714
f 262 259 714
f 262 714 715
f 259 581 573
f 39 37 573
f 39 573 581
f 39 581 582
f 259 262 582
f 259 582 581
f 583 1284 582
f 1284 39 582
f 1088 2370 262
f 2370 582 262
f 263 2022 1088
f 2022 583 1088
f 582 2370 583
f 2370 1088 583
f 1089 2021 715
f 2021 262 715
f 718 2389 69
f 2389 715 69
f 322 2173 718
f 2173 1089 718
f 715 2389 1089
f 2389 718 1089
f 793 2023 1091
f 2023 263 1091
f 795 2404 322
f 2404 1091 322
f 88 1400 795
f 1400 793 795
f 1091 2404 793
f 2404 795 793
f 262 2021 1088
f 2021 1089 1088
f 1089 2173 1091
f 2173 322 1091
f 1088 2450 263
f 2450 1091 263
f 1091 2450 1089
f 2450 1088 1089
f 39 1284 1285
f 583 584 1285
f 583 1285 1284
f 583 2022 2371
f 263 1090 2371
f 263 2371 2022
f 584 2372 2025
f 1090 264 2025
f 1090 2025 2372
f 1090 2372 2371
f 584 583 2371
f 584 2371 2372
f 263 2023 2024
f 793 1092 2024
f 793 2024 2023
f 793 1400 2401
f 88 800 2401
f 88 2401 1400
f 1092 2407 2230
f 800 353 2230
f 800 2230 2407
f 800 2407 2401
f 1092 793 2401
f 1092 2401 2407
f 264 2029 2028
f 1093 983 2028
f 1093 2028 2029
f 1093 2231 2436
f 353 986 2436
f 353 2436 2231
f 983 2435 1552
f 986 129 1552
f 986 1552 2435
f 986 2435 2436
f 983 1093 2436
f 983 2436 2435
f 1092 2451 2024
f 1090 263 2024
f 1090 2024 2451
f 353 2231 2230
f 1093 1092 2230
f 1093 2230 2231
f 1093 2029 2452
f 264 1090 2452
f 264 2452 2029
f 1090 2451 2452
f 1092 1093 2452
f 1092 2452 2451
f 88 799 800
f 352 353 800
f 352 800 799
f 353 977 986
f 127 129 986
f 127 986 977
f 127 977 976
f 353 352 976
f 353 976 977
f 129 1553 1552
f 984 983 1552
f 984 1552 1553
f 983 2042 2028
f 267 264 2028
f 267 2028 2042
f 267 2042 2043
f 983 984 2043
f 983 2043 2042
f 264 2026 2025
f 592 584 2025
f 592 2025 2026
f 584 1291 1285
f 41 39 1285
f 41 1285 1291
f 41 1291 1294
f 584 592 1294
f 584 1294 1291
f 41 1294 1295
f 592 593 1295
f 592 1295 1294
f 593 2027 2040
f 264 267 2040
f 264 2040 2027
f 264 2027 2026
f 593 592 2026
f 593 2026 2027
f 41 1295 1296
f 593 594 1296
f 593 1296 1295
f 594 2041 2044
f 267 268 2044
f 267 2044 2041
f 267 2041 2040
f 594 593 2040
f 594 2040 2041
f 268 2048 2049
f 985 994 2049
f 985 2049 2048
f 994 1557 1563
f 129 131 1563
f 129 1563 1557
f 129 1557 1554
f 994 985 1554
f 994 1554 1557
f 129 1554 1553
f 985 984 1553
f 985 1553 1554
f 984 2047 2043
f 268 267 2043
f 268 2043 2047
f 268 2047 2048
f 984 985 2048
f 984 2048 2047
f 131 1564 1563
f 995 994 1563
f 995 1563 1564
f 994 2062 2049
f 271 268 2049
f 271 2049 2062
f 271 2062 2063
f 994 995 2063
f 994 2063 2062
f 268 2045 2044
f 602 594 2044
f 602 2044 2045
f 594 1302 1296
f 43 41 1296
f 43 1296 1302
f 43 1302 1305
f 594 602 1305
f 594 1305 1302
f 43 1305 1306
f 602 603 1306
f 602 1306 1305
f 603 2046 2060
f 268 271 2060
f 268 2060 2046
f 268 2046 2045
f 603 602 2045
f 603 2045 2046
f 43 1306 1307
f 603 604 1307
f 603 1307 1306
f 604 2061 2064
f 271 272 2064
f 271 2064 2061
f 271 2061 2060
f 604 603 2060
f 604 2060 2061
f 272 2068 2069
f 996 1004 2069
f 996 2069 2068
f 1004 1568 1574
f 131 133 1574
f 131 1574 1568
f 131 1568 1565
f 1004 996 1565
f 1004 1565 1568
f 131 1565 1564
f 996 995 1564
f 996 1564 1565
f 995 2067 2063
f 272 271 2063
f 272 2063 2067
f 272 2067 2068
f 995 996 2068
f 995 2068 2067
f 133 1575 1574
f 1005 1004 1574
f 1005 1574 1575
f 1004 2082 2069
f 275 272 2069
f 275 2069 2082
f 275 2082 2083
f 1004 1005 2083
f 1004 2083 2082
f 272 2065 2064
f 612 604 2064
f 612 2064 2065
f 604 1314 1307
f 45 43 1307
f 45 1307 1314
f 45 1314 1317
f 604 612 1317
f 604 1317 1314
f 45 1317 1318
f 612 613 1318
f 612 1318 1317
f 613 2066 2080
f 272 275 2080
f 272 2080 2066
f 272 2066 2065
f 613 612 2065
f 613 2065 2066
f 45 1318 1319
f 613 614 1319
f 613 1319 1318
f 614 2081 2084
f 275 276 2084
f 275 2084 2081
f 275 2081 2080
f 614 613 2080
f 614 2080 2081
f 276 2088 2089
f 1006 1014 2089
f 1006 2089 2088
f 1014 1579 1585
f 133 135 1585
f 133 1585 1579
f 133 1579 1576
f 1014 1006 1576
f 1014 1576 1579
f 133 1576 1575
f 1006 1005 1575
f 1006 1575 1576
f 1005 2087 2083
f 276 275 2083
f 276 2083 2087
f 276 2087 2088
f 1005 1006 2088
f 1005 2088 2087
f 135 1586 1585
f 1015 1014 1585
f 1015 1585 1586
f 1014 2102 2089
f 279 276 2089
f 279 2089 2102
f 279 2102 2103
f 1014 1015 2103
f 1014 2103 2102
f 276 2085 2084
f 623 614 2084
f 623 2084 2085
f 614 1327 1319
f 47 45 1319
f 47 1319 1327
f 47 1327 1330
f 614 623 1330
f 614 1330 1327
f 47 1330 1331
f 623 624 1331
f 623 1331 1330
f 624 2086 2100
f 276 279 2100
f 276 2100 2086
f 276 2086 2085
f 624 623 2085
f 624 2085 2086
f 47 1331 1332
f 624 625 1332
f 624 1332 1331
f 625 2101 2104
f 279 280 2104
f 279 2104 2101
f 279 2101 2100
f 625 624 2100
f 625 2100 2101
f 280 2108 2109
f 1016 1025 2109
f 1016 2109 2108
f 1025 1590 1597
f 135 137 1597
f 135 1597 1590
f 135 1590 1587
f 1025 1016 1587
f 1025 1587 1590
f 135 1587 1586
f 1016 1015 1586
f 1016 1586 1587
f 1015 2107 2103
f 280 279 2103
f 280 2103 2107
f 280 2107 2108
f 1015 1016 2108
f 1015 2108 2107
f 137 1598 1597
f 1026 1025 1597
f 1026 1597 1598
f 1025 2112 2109
f 281 280 2109
f 281 2109 2112
f 281 2112 2113
f 1025 1026 2113
f 1025 2113 2112
f 280 2105 2104
f 628 625 2104
f 628 2104 2105
f 625 1335 1332
f 48 47 1332
f 48 1332 1335
f 48 1335 1338
f 625 628 1338
f 625 1338 1335
f 48 1338 1339
f 628 629 1339
f 628 1339 1338
f 629 2106 2110
f 280 281 2110
f 280 2110 2106
f 280 2106 2105
f 629 628 2105
f 629 2105 2106
f 48 1339 1340
f 629 630 1340
f 629 1340 1339
f 630 2111 2116
f 281 282 2116
f 281 2116 2111
f 281 2111 2110
f 630 629 2110
f 630 2110 2111
f 282 2118 2119
f 1027 1032 2119
f 1027 2119 2118
f 1032 1602 1607
f 137 138 1607
f 137 1607 1602
f 137 1602 1599
f 1032 1027 1599
f 1032 1599 1602
f 137 1599 1598
f 1027 1026 1598
f 1027 1598 1599
f 1026 2117 2113
f 282 281 2113
f 282 2113 2117
f 282 2117 2118
f 1026 1027 2118
f 1026 2118 2117
f 138 1606 1607
f 1031 1032 1607
f 1031 1607 1606
f 1032 2099 2119
f 278 282 2119
f 278 2119 2099
f 278 2099 2098
f 1032 1031 2098
f 1032 2098 2099
f 282 2115 2116
f 620 630 2116
f 620 2116 2115
f 630 1326 1340
f 46 48 1340
f 46 1340 1326
f 46 1326 1325
f 630 620 1325
f 630 1325 1326
f 46 1325 1324
f 620 619 1324
f 620 1324 1325
f 619 2114 2097
f 282 278 2097
f 282 2097 2114
f 282 2114 2115
f 619 620 2115
f 619 2115 2114
f 46 1324 1323
f 619 618 1323
f 619 1323 1324
f 618 2096 2092
f 278 277 2092
f 278 2092 2096
f 278 2096 2097
f 618 619 2097
f 618 2097 2096
f 277 2094 2093
f 1030 1021 2093
f 1030 2093 2094
f 1021 1603 1594
f 138 136 1594
f 138 1594 1603
f 138 1603 1605
f 1021 1030 1605
f 1021 1605 1603
f 138 1605 1606
f 1030 1031 1606
f 1030 1606 1605
f 1031 2095 2098
f 277 278 2098
f 277 2098 2095
f 277 2095 2094
f 1031 1030 2094
f 1031 2094 2095
f 136 1593 1594
f 1020 1021 1594
f 1020 1594 1593
f 1021 2079 2093
f 274 277 2093
f 274 2093 2079
f 274 2079 2078
f 1021 1020 2078
f 1021 2078 2079
f 277 2091 2092
f 609 618 2092
f 609 2092 2091
f 618 1313 1323
f 44 46 1323
f 44 1323 1313
f 44 1313 1312
f 618 609 1312
f 618 1312 1313
f 44 1312 1311
f 609 608 1311
f 609 1311 1312
f 608 2090 2077
f 277 274 2077
f 277 2077 2090
f 277 2090 2091
f 608 609 2091
f 608 2091 2090
f 44 1311 1310
f 608 607 1310
f 608 1310 1311
f 607 2076 2072
f 274 273 2072
f 274 2072 2076
f 274 2076 2077
f 607 608 2077
f 607 2077 2076
f 273 2074 2073
f 1019 1011 2073
f 1019 2073 2074
f 1011 1591 1583
f 136 134 1583
f 136 1583 1591
f 136 1591 1592
f 1011 1019 1592
f 1011 1592 1591
f 136 1592 1593
f 1019 1020 1593
f 1019 1593 1592
f 1020 2075 2078
f 273 274 2078
f 273 2078 2075
f 273 2075 2074
f 1020 1019 2074
f 1020 2074 2075
f 134 1582 1583
f 1010 1011 1583
f 1010 1583 1582
f 1011 2059 2073
f 270 273 2073
f 270 2073 2059
f 270 2059 2058
f 1011 1010 2058
f 1011 2058 2059
f 273 2071 2072
f 599 607 2072
f 599 2072 2071
f 607 1301 1310
f 42 44 1310
f 42 1310 1301
f 42 1301 1300
f 607 599 1300
f 607 1300 1301
f 42 1300 1299
f 599 598 1299
f 599 1299 1300
f 598 2070 2057
f 273 270 2057
f 273 2057 2070
f 273 2070 2071
f 598 599 2071
f 598 2071 2070
f 42 1299 1298
f 598 597 1298
f 598 1298 1299
f 597 2056 2052
f 270 269 2052
f 270 2052 2056
f 270 2056 2057
f 597 598 2057
f 597 2057 2056
f 269 2054 2053
f 1009 1001 2053
f 1009 2053 2054
f 1001 1580 1572
f 134 132 1572
f 134 1572 1580
f 134 1580 1581
f 1001 1009 1581
f 1001 1581 1580
f 134 1581 1582
f 1009 1010 1582
f 1009 1582 1581
f 1010 2055 2058
f 269 270 2058
f 269 2058 2055
f 269 2055 2054
f 1010 1009 2054
f 1010 2054 2055
f 132 1571 1572
f 1000 1001 1572
f 1000 1572 1571
f 1001 2039 2053
f 266 269 2053
f 266 2053 2039
f 266 2039 2038
f 1001 1000 2038
f 1001 2038 2039
f 269 2051 2052
f 589 597 2052
f 589 2052 2051
f 597 1290 1298
f 40 42 1298
f 40 1298 1290
f 40 1290 1289
f 597 589 1289
f 597 1289 1290
f 40 1289 1288
f 589 588 1288
f 589 1288 1289
f 588 2050 2037
f 269 266 2037
f 269 2037 2050
f 269 2050 2051
f 588 589 2051
f 588 2051 2050
f 40 1288 1287
f 588 587 1287
f 588 1287 1288
f 587 2036 2032
f 266 265 2032
f 266 2032 2036
f 266 2036 2037
f 587 588 2037
f 587 2037 2036
f 265 2034 2033
f 999 991 2033
f 999 2033 2034
f 991 1569 1561
f 132 130 1561
f 132 1561 1569
f 132 1569 1570
f 991 999 1570
f 991 1570 1569
f 132 1570 1571
f 999 1000 1571
f 999 1571 1570
f 1000 2035 2038
f 265 266 2038
f 265 2038 2035
f 265 2035 2034
f 1000 999 2034
f 1000 2034 2035
f 130 1560 1561
f 990 991 1561
f 990 1561 1560
f 991 2020 2033
f 261 265 2033
f 261 2033 2020
f 261 2020 2019
f 991 990 2019
f 991 2019 2020
f 265 2031 2032
f 578 587 2032
f 578 2032 2031
f 587 1281 1287
f 38 40 1287
f 38 1287 1281
f 38 1281 1280
f 587 578 1280
f 587 1280 1281
f 38 1280 1279
f 578 577 1279
f 578 1279 1280
f 577 2030 2018
f 265 261 2018
f 265 2018 2030
f 265 2030 2031
f 577 578 2031
f 577 2031 2030
f 38 1279 1278
f 577 576 1278
f 577 1278 1279
f 576 2017 2013
f 261 260 2013
f 261 2013 2017
f 261 2017 2018
f 576 577 2018
f 576 2018 2017
f 260 2015 2014
f 989 981 2014
f 989 2014 2015
f 981 1558 1550
f 130 128 1550
f 130 1550 1558
f 130 1558 1559
f 981 989 1559
f 981 1559 1558
f 130 1559 1560
f 989 990 1560
f 989 1560 1559
f 990 2016 2019
f 260 261 2019
f 260 2019 2016
f 260 2016 2015
f 990 989 2015
f 990 2015 2016
f 128 1549 1550
f 980 981 1550
f 980 1550 1549
f 981 2010 2014
f 258 260 2014
f 258 2014 2010
f 258 2010 2009
f 981 980 2009
f 981 2009 2010
f 260 2012 2013
f 570 576 2013
f 570 2013 2012
f 576 1274 1278
f 36 38 1278
f 36 1278 1274
f 36 1274 1273
f 576 570 1273
f 576 1273 1274
f 36 1273 1272
f 570 569 1272
f 570 1272 1273
f 569 2011 2008
f 260 258 2008
f 260 2008 2011
f 260 2011 2012
f 569 570 2012
f 569 2012 2011
f 36 1272 1271
f 569 568 1271
f 569 1271 1272
f 568 2007 2003
f 258 257 2003
f 258 2003 2007
f 258 2007 2008
f 568 569 2008
f 568 2008 2007
f 257 2005 2004
f 979 975 2004
f 979 2004 2005
f 975 1547 1544
f 128 126 1544
f 128 1544 1547
f 128 1547 1548
f 975 979 1548
f 975 1548 1547
f 128 1548 1549
f 979 980 1549
f 979 1549 1548
f 980 2006 2009
f 257 258 2009
f 257 2009 2006
f 257 2006 2005
f 980 979 2005
f 980 2005 2006
f 126 1543 1544
f 974 975 1544
f 974 1544 1543
f 975 2000 2004
f 256 257 2004
f 256 2004 2000
f 256 2000 1999
f 975 974 1999
f 975 1999 2000
f 257 2002 2003
f 566 568 2003
f 566 2003 2002
f 568 1270 1271
f 35 36 1271
f 35 1271 1270
f 35 1270 1269
f 568 566 1269
f 568 1269 1270
f 35 1269 1268
f 566 565 1268
f 566 1268 1269
f 565 2001 1998
f 257 256 1998
f 257 1998 2001
f 257 2001 2002
f 565 566 2002
f 565 2002 2001
f 35 1268 1267
f 565 564 1267
f 565 1267 1268
f 564 1997 1993
f 256 255 1993
f 256 1993 1997
f 256 1997 1998
f 564 565 1998
f 564 1998 1997
f 255 1995 1994
f 973 972 1994
f 973 1994 1995
f 972 1541 1540
f 126 125 1540
f 126 1540 1541
f 126 1541 1542
f 972 973 1542
f 972 1542 1541
f 126 1542 1543
f 973 974 1543
f 973 1543 1542
f 974 1996 1999
f 255 256 1999
f 255 1999 1996
f 255 1996 1995
f 974 973 1995
f 974 1995 1996
f 125 1539 1540
f 971 972 1540
f 971 1540 1539
f 972 1990 1994
f 254 255 1994
f 254 1994 1990
f 254 1990 1989
f 972 971 1989
f 972 1989 1990
f 255 1992 1993
f 563 564 1993
f 563 1993 1992
f 564 1266 1267
f 34 35 1267
f 34 1267 1266
f 34 1266 1265
f 564 563 1265
f 564 1265 1266
f 34 1265 1264
f 563 562 1264
f 563 1264 1265
f 562 1991 1988
f 255 254 1988
f 255 1988 1991
f 255 1991 1992
f 562 563 1992
f 562 1992 1991
f 34 1264 1263
f 562 561 1263
f 562 1263 1264
f 561 1987 1983
f 254 253 1983
f 254 1983 1987
f 254 1987 1988
f 561 562 1988
f 561 1988 1987
f 253 1985 1984
f 970 969 1984
f 970 1984 1985
f 969 1537 1536
f 125 124 1536
f 125 1536 1537
f 125 1537 1538
f 969 970 1538
f 969 1538 1537
f 125 1538 1539
f 970 971 1539
f 970 1539 1538
f 971 1986 1989
f 253 254 1989
f 253 1989 1986
f 253 1986 1985
f 971 970 1985
f 971 1985 1986
f 124 1535 1536
f 968 969 1536
f 968 1536 1535
f 969 1980 1984
f 252 253 1984
f 252 1984 1980
f 252 1980 1979
f 969 968 1979
f 969 1979 1980
f 253 1982 1983
f 560 561 1983
f 560 1983 1982
f 561 1262 1263
f 33 34 1263
f 33 1263 1262
f 33 1262 1261
f 561 560 1261
f 561 1261 1262
f 33 1261 1260
f 560 559 1260
f 560 1260 1261
f 559 1981 1978
f 253 252 1978
f 253 1978 1981
f 253 1981 1982
f 559 560 1982
f 559 1982 1981
f 33 1260 1259
f 559 558 1259
f 559 1259 1260
f 558 1977 1973
f 252 251 1973
f 252 1973 1977
f 252 1977 1978
f 558 559 1978
f 558 1978 1977
f 251 1975 1974
f 967 966 1974
f 967 1974 1975
f 966 1533 1532
f 124 123 1532
f 124 1532 1533
f 124 1533 1534
f 966 967 1534
f 966 1534 1533
f 124 1534 1535
f 967 968 1535
f 967 1535 1534
f 968 1976 1979
f 251 252 1979
f 251 1979 1976
f 251 1976 1975
f 968 967 1975
f 968 1975 1976
f 123 1531 1532
f 965 966 1532
f 965 1532 1531
f 966 1967 1974
f 248 251 1974
f 248 1974 1967
f 248 1967 1966
f 966 965 1966
f 966 1966 1967
f 251 1972 1973
f 553 558 1973
f 553 1973 1972
f 558 1255 1259
f 31 33 1259
f 31 1259 1255
f 31 1255 1254
f 558 553 1254
f 558 1254 1255
f 31 1254 1253
f 553 552 1253
f 553 1253 1254
f 552 1971 1965
f 251 248 1965
f 251 1965 1971
f 251 1971 1972
f 552 553 1972
f 552 1972 1971
f 31 1253 1252
f 552 551 1252
f 552 1252 1253
f 551 1964 1960
f 248 247 1960
f 248 1960 1964
f 248 1964 1965
f 551 552 1965
f 551 1965 1964
f 247 1962 1961
f 964 959 1961
f 964 1961 1962
f 959 1529 1524
f 123 121 1524
f 123 1524 1529
f 123 1529 1530
f 959 964 1530
f 959 1530 1529
f 123 1530 1531
f 964 965 1531
f 964 1531 1530
f 965 1963 1966
f 247 248 1966
f 247 1966 1963
f 247 1963 1962
f 965 964 1962
f 965 1962 1963
f 121 1523 1524
f 958 959 1524
f 958 1524 1523
f 959 1957 1961
f 246 247 1961
f 246 1961 1957
f 246 1957 1956
f 959 958 1956
f 959 1956 1957
f 247 1959 1960
f 550 551 1960
f 550 1960 1959
f 551 1251 1252
f 30 31 1252
f 30 1252 1251
f 30 1251 1250
f 551 550 1250
f 551 1250 1251
f 30 1250 1249
f 550 549 1249
f 550 1249 1250
f 549 1958 1955
f 247 246 1955
f 247 1955 1958
f 247 1958 1959
f 549 550 1959
f 549 1959 1958
f 30 1249 1248
f 549 548 1248
f 549 1248 1249
f 548 1954 1950
f 246 245 1950
f 246 1950 1954
f 246 1954 1955
f 548 549 1955
f 548 1955 1954
f 245 1952 1951
f 957 956 1951
f 957 1951 1952
f 956 1521 1520
f 121 120 1520
f 121 1520 1521
f 121 1521 1522
f 956 957 1522
f 956 1522 1521
f 121 1522 1523
f 957 958 1523
f 957 1523 1522
f 958 1953 1956
f 245 246 1956
f 245 1956 1953
f 245 1953 1952
f 958 957 1952
f 958 1952 1953
f 120 1519 1520
f 955 956 1520
f 955 1520 1519
f 956 1926 1951
f 240 245 1951
f 240 1951 1926
f 240 1926 1925
f 956 955 1925
f 956 1925 1926
f 245 1949 1950
f 540 548 1950
f 540 1950 1949
f 548 1239 1248
f 28 30 1248
f 28 1248 1239
f 28 1239 1238
f 548 540 1238
f 548 1238 1239
f 28 1238 1237
f 540 539 1237
f 540 1237 1238
f 539 1948 1924
f 245 240 1924
f 245 1924 1948
f 245 1948 1949
f 539 540 1949
f 539 1949 1948
f 28 1237 1236
f 539 538 1236
f 539 1236 1237
f 538 1923 1919
f 240 239 1919
f 240 1919 1923
f 240 1923 1924
f 538 539 1924
f 538 1924 1923
f 239 1921 1920
f 954 953 1920
f 954 1920 1921
f 953 1517 1516
f 120 119 1516
f 120 1516 1517
f 120 1517 1518
f 953 954 1518
f 953 1518 1517
f 120 1518 1519
f 954 955 1519
f 954 1519 1518
f 955 1922 1925
f 239 240 1925
f 239 1925 1922
f 239 1922 1921
f 955 954 1921
f 955 1921 1922
f 119 1515 1516
f 952 953 1516
f 952 1516 1515
f 953 1916 1920
f 238 239 1920
f 238 1920 1916
f 238 1916 1915
f 953 952 1915
f 953 1915 1916
f 239 1918 1919
f 537 538 1919
f 537 1919 1918
f 538 1235 1236
f 27 28 1236
f 27 1236 1235
f 27 1235 1234
f 538 537 1234
f 538 1234 1235
f 27 1234 1233
f 537 536 1233
f 537 1233 1234
f 536 1917 1914
f 239 238 1914
f 239 1914 1917
f 239 1917 1918
f 536 537 1918
f 536 1918 1917
f 27 1233 1232
f 536 535 1232
f 536 1232 1233
f 535 1913 1908
f 238 237 1908
f 238 1908 1913
f 238 1913 1914
f 535 536 1914
f 535 1914 1913
f 237 1910 1909
f 951 945 1909
f 951 1909 1910
f 945 1513 1511
f 119 118 1511
f 119 1511 1513
f 119 1513 1514
f 945 951 1514
f 945 1514 1513
f 119 1514 1515
f 951 952 1515
f 951 1515 1514
f 952 1911 1915
f 237 238 1915
f 237 1915 1911
f 237 1911 1910
f 952 951 1910
f 952 1910 1911
f 237 1909 1912
f 945 1085 1912
f 945 1912 1909
f 1085 1512 2297
f 118 385 2297
f 118 2297 1512
f 118 1512 1511
f 1085 945 1511
f 1085 1511 1512
f 236 1905 1902
f 1084 935 1902
f 1084 1902 1905
f 935 2294 1499
f 385 117 1499
f 385 1499 2294
f 385 2294 2296
f 935 1084 2296
f 935 2296 2294
f 27 1232 1231
f 535 534 1231
f 535 1231 1232
f 534 1907 1901
f 237 236 1901
f 237 1901 1907
f 237 1907 1908
f 534 535 1908
f 534 1908 1907
f 385 2296 2297
f 1084 1085 2297
f 1084 2297 2296
f 1085 1906 1912
f 236 237 1912
f 236 1912 1906
f 236 1906 1905
f 1085 1084 1905
f 1085 1905 1906
f 236 1904 1901
f 1079 534 1901
f 1079 1901 1904
f 534 1838 1231
f 215 27 1231
f 215 1231 1838
f 215 1838 1841
f 534 1079 1841
f 534 1841 1838
f 117 1498 1499
f 934 935 1499
f 934 1499 1498
f 935 1896 1902
f 226 236 1902
f 226 1902 1896
f 226 1896 1895
f 935 934 1895
f 935 1895 1896
f 226 1894 1897
f 528 1077 1897
f 528 1897 1894
f 1077 1230 1839
f 26 215 1839
f 26 1839 1230
f 26 1230 1228
f 1077 528 1228
f 1077 1228 1230
f 215 1841 1839
f 1079 1077 1839
f 1079 1839 1841
f 1077 1903 1897
f 236 226 1897
f 236 1897 1903
f 236 1903 1904
f 1077 1079 1904
f 1077 1904 1903
f 105 881 880
f 376 375 880
f 376 880 881
f 375 912 910
f 112 111 910
f 112 910 912
f 112 912 913
f 375 376 913
f 375 913 912
f 375 1131 880
f 880 2247 105
f 2247 372 105
f 372 2247 1131
f 2247 880 1131
f 111 909 910
f 910 2253 375
f 2253 374 375
f 374 2253 909
f 2253 910 909
f 374 865 1130
f 1130 1460 372
f 1460 102 372
f 102 1460 865
f 1460 1130 865
f 372 1131 1130
f 1130 2254 374
f 2254 375 374
f 375 2254 1131
f 2254 1130 1131
f 102 865 864
f 864 2252 373
f 2252 374 373
f 374 2252 865
f 2252 864 865
f 374 909 1133
f 1133 1474 379
f 1474 111 379
f 111 1474 909
f 1474 1133 909
f 373 1132 905
f 905 2266 110
f 2266 379 110
f 379 2266 1132
f 2266 905 1132
f 379 1132 1133
f 1133 2251 374
f 2251 373 374
f 373 2251 1132
f 2251 1133 1132
f 373 1129 864
f 864 2240 102
f 2240 365 102
f 365 2240 1129
f 2240 864 1129
f 110 904 905
f 905 2245 373
f 2245 371 373
f 371 2245 904
f 2245 905 904
f 371 847 1128
f 1128 1445 365
f 1445 98 365
f 98 1445 847
f 1445 1128 847
f 365 1129 1128
f 1128 2250 371
f 2250 373 371
f 373 2250 1129
f 2250 1128 1129
f 98 847 846
f 371 370 846
f 371 846 847
f 370 903 901
f 901 1473 109
f 1473 110 109
f 110 1473 903
f 1473 901 903
f 110 903 904
f 904 2244 371
f 2244 370 371
f 370 2244 903
f 2244 904 903
f 98 846 845
f 370 369 845
f 370 845 846
f 369 900 896
f 896 1472 108
f 1472 109 108
f 109 1472 900
f 1472 896 900
f 109 900 901
f 901 2243 370
f 2243 369 370
f 369 2243 900
f 2243 901 900
f 98 845 844
f 369 368 844
f 369 844 845
f 368 895 886
f 886 1471 106
f 1471 108 106
f 108 1471 895
f 1471 886 895
f 108 895 896
f 368 369 896
f 368 896 895
f 98 844 843
f 368 367 843
f 368 843 844
f 367 885 876
f 876 1467 104
f 1467 106 104
f 106 1467 885
f 1467 876 885
f 106 885 886
f 367 368 886
f 367 886 885
f 98 843 842
f 367 366 842
f 367 842 843
f 366 875 871
f 104 103 871
f 104 871 875
f 104 875 876
f 366 367 876
f 366 876 875
f 98 842 841
f 366 364 841
f 366 841 842
f 364 870 862
f 103 101 862
f 103 862 870
f 103 870 871
f 364 366 871
f 364 871 870
f 98 841 840
f 364 363 840
f 364 840 841
f 363 861 857
f 101 100 857
f 101 857 861
f 101 861 862
f 363 364 862
f 363 862 861
f 98 840 839
f 363 362 839
f 363 839 840
f 362 856 852
f 100 99 852
f 100 852 856
f 100 856 857
f 362 363 857
f 362 857 856
f 98 839 838
f 362 361 838
f 362 838 839
f 361 851 833
f 99 97 833
f 99 833 851
f 99 851 852
f 361 362 852
f 361 852 851
f 98 838 360
f 838 361 360
f 360 832 95
f 832 97 95
f 97 832 833
f 360 361 833
f 360 833 832
f 98 360 359
f 359 825 93
f 825 95 93
f 95 825 360
f 825 359 360
f 98 359 355
f 93 90 355
f 93 355 359
f 98 355 354
f 90 89 354
f 90 354 355
f 98 354 91
f 354 89 91
f 91 94 98
f 98 94 96
f 1417 3144 92
f 3144 1418 92
f 812 2954 1417
f 2954 2408 1417
f 2408 2957 1418
f 2957 815 1418
f 1418 3144 2408
f 3144 1417 2408
f 1787 3154 812
f 3154 2409 812
f 205 2548 1787
f 2548 1789 1787
f 1789 3000 2409
f 3000 1062 2409
f 2409 3154 1789
f 3154 1787 1789
f 2412 3174 815
f 3174 2234 815
f 1062 3001 2412
f 3001 2236 2412
f 2236 2695 2234
f 2695 358 2234
f 2234 3174 2236
f 3174 2412 2236
f 2408 2954 2409
f 2954 812 2409
f 2412 3192 1062
f 3192 2409 1062
f 815 2957 2412
f 2957 2408 2412
f 2409 3192 2408
f 3192 2412 2408
f 1786 3153 205
f 3153 1788 205
f 508 2710 1786
f 2710 2354 1786
f 2354 2998 1788
f 2998 1061 1788
f 1788 3153 2354
f 3153 1786 2354
f 1206 3139 508
f 3139 2353 508
f 23 2468 1206
f 2468 1207 1206
f 1207 2711 2353
f 2711 509 2353
f 2353 3139 1207
f 3139 1206 1207
f 2356 3159 1061
f 3159 1793 1061
f 509 2712 2356
f 2712 1790 2356
f 1790 2549 1793
f 2549 206 1793
f 1793 3159 1790
f 3159 2356 1790
f 2354 2710 2353
f 2710 508 2353
f 2356 3187 509
f 3187 2353 509
f 1061 2998 2356
f 2998 2354 2356
f 2353 3187 2354
f 3187 2356 2354
f 2237 3175 358
f 3175 2235 358
f 1064 3004 2237
f 3004 2426 2237
f 2426 2973 2235
f 2973 916 2235
f 2235 3175 2426
f 3175 2237 2426
f 1795 3161 1064
f 3161 2424 1064
f 206 2550 1795
f 2550 1791 1795
f 1791 2970 2424
f 2970 914 2424
f 2424 3161 1791
f 3161 1795 1791
f 2422 3147 916
f 3147 1477 916
f 914 2969 2422
f 2969 1475 2422
f 1475 2539 1477
f 2539 113 1477
f 1477 3147 1475
f 3147 2422 1475
f 2426 3004 2424
f 3004 1064 2424
f 2422 3195 914
f 3195 2424 914
f 916 2973 2422
f 2973 2426 2422
f 2424 3195 2426
f 3195 2422 2426
f 1789 2548 1788
f 2548 205 1788
f 2444 3155 1061
f 3155 1788 1061
f 1062 3000 2444
f 3000 1789 2444
f 1788 3155 1789
f 3155 2444 1789
f 2445 2999 1793
f 2999 1061 1793
f 1795 3158 206
f 3158 1793 206
f 1064 3005 1795
f 3005 2445 1795
f 1793 3158 2445
f 3158 1795 2445
f 2236 3001 2446
f 3001 1062 2446
f 2237 3176 1064
f 3176 2446 1064
f 358 2695 2237
f 2695 2236 2237
f 2446 3176 2236
f 3176 2237 2236
f 1061 2999 2444
f 2999 2445 2444
f 2445 3005 2446
f 3005 1064 2446
f 2444 3199 1062
f 3199 2446 1062
f 2446 3199 2445
f 3199 2444 2445
f 1207 2468 1205
f 2468 23 1205
f 2351 3138 507
f 3138 1205 507
f 509 2711 2351
f 2711 1207 2351
f 1205 3138 1207
f 3138 2351 1207
f 2352 2708 1779
f 2708 507 1779
f 1782 3150 204
f 3150 1779 204
f 1058 2990 1782
f 2990 2352 1782
f 1779 3150 2352
f 3150 1782 2352
f 1790 2712 2355
f 2712 509 2355
f 1792 3157 1058
f 3157 2355 1058
f 206 2549 1792
f 2549 1790 1792
f 2355 3157 1790
f 3157 1792 1790
f 507 2708 2351
f 2708 2352 2351
f 2352 2990 2355
f 2990 1058 2355
f 2351 3186 509
f 3186 2355 509
f 2355 3186 2352
f 3186 2351 2352
f 1783 2546 1780
f 2546 204 1780
f 2364 3151 541
f 3151 1780 541
f 1060 2996 2364
f 2996 1783 2364
f 1780 3151 1783
f 3151 2364 1783
f 2362 2724 1241
f 2724 541 1241
f 1246 3141 29
f 3141 1241 29
f 546 2730 1246
f 2730 2362 1246
f 1241 3141 2362
f 3141 1246 2362
f 1942 2997 2369
f 2997 1060 2369
f 1938 3171 546
f 3171 2369 546
f 243 2566 1938
f 2566 1942 1938
f 2369 3171 1942
f 3171 1938 1942
f 541 2724 2364
f 2724 2362 2364
f 2362 2730 2369
f 2730 546 2369
f 2364 3189 1060
f 3189 2369 1060
f 2369 3189 2362
f 3189 2364 2362
f 1791 2550 1794
f 2550 206 1794
f 2423 3160 1063
f 3160 1794 1063
f 914 2970 2423
f 2970 1791 2423
f 1794 3160 1791
f 3160 2423 1791
f 2425 3002 1943
f 3002 1063 1943
f 1939 3172 243
f 3172 1943 243
f 915 2972 1939
f 2972 2425 1939
f 1943 3172 2425
f 3172 1939 2425
f 1475 2969 2421
f 2969 914 2421
f 1476 3146 915
f 3146 2421 915
f 113 2539 1476
f 2539 1475 1476
f 2421 3146 1475
f 3146 1476 1475
f 1063 3002 2423
f 3002 2425 2423
f 2425 2972 2421
f 2972 915 2421
f 2423 3194 914
f 3194 2421 914
f 2421 3194 2425
f 3194 2423 2425
f 204 2546 1782
f 2546 1783 1782
f 1783 2996 2441
f 2996 1060 2441
f 1782 3152 1058
f 3152 2441 1058
f 2441 3152 1783
f 3152 1782 1783
f 1060 2997 2443
f 2997 1942 2443
f 1942 2566 1943
f 2566 243 1943
f 2443 3173 1063
f 3173 1943 1063
f 1943 3173 1942
f 3173 2443 1942
f 1058 2991 1792
f 2991 2442 1792
f 2442 3003 1794
f 3003 1063 1794
f 1792 3156 206
f 3156 1794 206
f 1794 3156 2442
f 3156 1792 2442
f 2443 3198 1060
f 3198 2441 1060
f 1063 3003 2443
f 3003 2442 2443
f 2442 2991 2441
f 2991 1058 2441
f 2441 3198 2442
f 3198 2443 2442
f 16 1198 1199
f 474 475 1199
f 474 1199 1198
f 475 1767 1770
f 190 191 1770
f 190 1770 1767
f 190 1767 1766
f 475 474 1766
f 475 1766 1767
f 191 1772 1773
f 811 878 1773
f 811 1773 1772
f 878 1419 1465
f 92 105 1465
f 92 1465 1419
f 92 1419 1416
f 878 811 1416
f 878 1416 1419
f 92 1416 1415
f 811 810 1415
f 811 1415 1416
f 810 1771 1768
f 191 190 1768
f 191 1768 1771
f 191 1771 1772
f 810 811 1772
f 810 1772 1771
f 92 1415 1417
f 810 812 1417
f 810 1417 1415
f 812 1769 1787
f 190 205 1787
f 190 1787 1769
f 190 1769 1768
f 812 810 1768
f 812 1768 1769
f 205 1785 1786
f 476 508 1786
f 476 1786 1785
f 508 1201 1206
f 1206 2467 23
f 2467 16 23
f 16 2467 1201
f 2467 1206 1201
f 16 1201 1200
f 1200 2709 476
f 2709 508 476
f 508 2709 1201
f 2709 1200 1201
f 16 1200 1198
f 476 474 1198
f 476 1198 1200
f 474 1784 1766
f 205 190 1766
f 205 1766 1784
f 205 1784 1785
f 474 476 1785
f 474 1785 1784
f 68 284 283
f 50 49 283
f 50 283 284
f 29 1244 1245
f 544 545 1245
f 544 1245 1244
f 545 1928 1934
f 241 242 1934
f 241 1934 1928
f 241 1928 1927
f 545 544 1927
f 545 1927 1928
f 242 1936 1937
f 633 636 1937
f 633 1937 1936
f 636 1344 1348
f 49 50 1348
f 49 1348 1344
f 49 1344 1343
f 636 633 1343
f 636 1343 1344
f 49 1343 1342
f 633 632 1342
f 633 1342 1343
f 632 1935 1929
f 242 241 1929
f 242 1929 1935
f 242 1935 1936
f 632 633 1936
f 632 1936 1935
f 29 2473 1244
f 2473 1242 1244
f 1242 2726 2365
f 2726 542 2365
f 1244 3142 544
f 3142 2365 544
f 2365 3142 1242
f 3142 1244 1242
f 542 2727 2367
f 2727 1797 2367
f 1797 2552 1800
f 2552 207 1800
f 2367 3164 1066
f 3164 1800 1066
f 1800 3164 1797
f 3164 2367 1797
f 544 2729 1927
f 2729 2368 1927
f 2368 3008 1930
f 3008 1066 1930
f 1927 3168 241
f 3168 1930 241
f 1930 3168 2368
f 3168 1927 2368
f 2367 3190 542
f 3190 2365 542
f 1066 3008 2367
f 3008 2368 2367
f 2368 2729 2365
f 2729 544 2365
f 2365 3190 2368
f 3190 2367 2368
f 207 2551 1799
f 2551 1796 1799
f 1796 2716 2360
f 2716 511 2360
f 1799 3163 1065
f 3163 2360 1065
f 2360 3163 1796
f 3163 1799 1796
f 511 2715 2359
f 2715 1208 2359
f 1208 2470 1209
f 2470 24 1209
f 2359 3140 512
f 3140 1209 512
f 1209 3140 1208
f 3140 2359 1208
f 1065 3006 1803
f 3006 2361 1803
f 2361 2720 1801
f 2720 512 1801
f 1803 3165 208
f 3165 1801 208
f 1801 3165 2361
f 3165 1803 2361
f 2359 3188 511
f 3188 2360 511
f 512 2720 2359
f 2720 2361 2359
f 2361 3006 2360
f 3006 1065 2360
f 2360 3188 2361
f 3188 2359 2361
f 241 2565 1929
f 2565 1931 1929
f 1931 3011 2375
f 3011 1067 2375
f 1929 3169 632
f 3169 2375 632
f 2375 3169 1931
f 3169 1929 1931
f 1067 3010 2374
f 3010 1804 2374
f 1804 2554 1802
f 2554 208 1802
f 2374 3166 631
f 3166 1802 631
f 1802 3166 1804
f 3166 2374 1804
f 632 2734 1342
f 2734 2373 1342
f 2373 2733 1341
f 2733 631 1341
f 1342 3143 49
f 3143 1341 49
f 1341 3143 2373
f 3143 1342 2373
f 2374 3191 1067
f 3191 2375 1067
f 631 2733 2374
f 2733 2373 2374
f 2373 2734 2375
f 2734 632 2375
f 2375 3191 2373
f 3191 2374 2373
f 1799 3162 207
f 3162 1800 207
f 1065 3007 1799
f 3007 2447 1799
f 2447 3009 1800
f 3009 1066 1800
f 1800 3162 2447
f 3162 1799 2447
f 1803 3167 1065
f 3167 2448 1065
f 208 2554 1803
f 2554 1804 1803
f 1804 3010 2448
f 3010 1067 2448
f 2448 3167 1804
f 3167 1803 1804
f 2449 3170 1066
f 3170 1930 1066
f 1067 3011 2449
f 3011 1931 2449
f 1931 2565 1930
f 2565 241 1930
f 1930 3170 1931
f 3170 2449 1931
f 2447 3007 2448
f 3007 1065 2448
f 2449 3200 1067
f 3200 2448 1067
f 1066 3009 2449
f 3009 2447 2449
f 2448 3200 2447
f 3200 2449 2447
f 112 913 911
f 376 357 911
f 376 911 913
f 357 879 814
f 814 1463 92
f 1463 105 92
f 105 1463 879
f 1463 814 879
f 105 879 881
f 357 376 881
f 357 881 879
f 92 813 814
f 356 357 814
f 356 814 813
f 357 889 911
f 107 112 911
f 107 911 889
f 107 889 888
f 357 356 888
f 357 888 889
f 815 2958 1418
f 2958 2410 1418
f 1418 2955 92
f 2955 813 92
f 813 2955 2956
f 1418 2410 2956
f 1418 2956 2955
f 358 2696 2234
f 2696 2238 2234
f 2234 3122 815
f 3122 1125 815
f 1125 3122 3123
f 2234 2238 3123
f 2234 3123 3122
f 1125 3120 2411
f 3120 2232 2411
f 2411 2694 813
f 2694 356 813
f 356 2694 2693
f 2411 2232 2693
f 2411 2693 2694
f 813 2956 2411
f 2956 2410 2411
f 2411 2959 1125
f 2959 815 1125
f 815 2959 2958
f 2411 2410 2958
f 2411 2958 2959
f 916 2974 2235
f 2974 2427 2235
f 2235 3128 358
f 3128 1127 358
f 1127 3128 3130
f 2235 2427 3130
f 2235 3130 3128
f 113 2540 1477
f 2540 1478 1477
f 1477 2976 916
f 2976 917 916
f 917 2976 2977
f 1477 1478 2977
f 1477 2977 2976
f 917 2978 2429
f 2978 2256 2429
f 2429 2700 1127
f 2700 377 1127
f 377 2700 2699
f 2429 2256 2699
f 2429 2699 2700
f 1127 3130 2429
f 3130 2427 2429
f 2429 2975 917
f 2975 916 917
f 916 2975 2974
f 2429 2427 2974
f 2429 2974 2975
f 1126 3125 2233
f 3125 2417 2233
f 2233 2963 356
f 2963 888 356
f 888 2963 2964
f 2233 2417 2964
f 2233 2964 2963
f 377 2698 2257
f 2698 2255 2257
f 2257 2967 1126
f 2967 890 1126
f 890 2967 2966
f 2257 2255 2966
f 2257 2966 2967
f 890 2965 2416
f 2965 1469 2416
f 2416 2538 888
f 2538 107 888
f 107 2538 2537
f 2416 1469 2537
f 2416 2537 2538
f 888 2964 2416
f 2964 2417 2416
f 2416 3124 890
f 3124 1126 890
f 1126 3124 3125
f 2416 2417 3125
f 2416 3125 3124
f 1125 3123 2462
f 3123 2238 2462
f 2462 2697 1127
f 2697 358 1127
f 358 2697 2696
f 2462 2238 2696
f 2462 2696 2697
f 1126 3127 2257
f 3127 2463 2257
f 2257 3129 377
f 3129 1127 377
f 1127 3129 3131
f 2257 2463 3131
f 2257 3131 3129
f 356 2693 2233
f 2693 2232 2233
f 2233 3121 1126
f 3121 1125 1126
f 1125 3121 3120
f 2233 2232 3120
f 2233 3120 3121
f 1127 3131 2462
f 3131 2463 2462
f 2462 3126 1125
f 3126 1126 1125
f 1126 3126 3127
f 2462 2463 3127
f 2462 3127 3126
f 210 1812 1815
f 1815 2804 1071
f 2804 706 1071
f 706 2804 1812
f 2804 1815 1812
f 1071 3023 2122
f 3023 1373 2122
f 2122 2502 283
f 2502 68 283
f 68 2502 2501
f 2122 1373 2501
f 2122 2501 2502
f 68 2501 1366
f 2501 1373 1366
f 1366 3022 706
f 3022 1071 706
f 1071 3022 3023
f 1366 1373 3023
f 1366 3023 3022
f 208 1805 1802
f 1802 3012 631
f 3012 1068 631
f 1068 3012 1805
f 3012 1802 1805
f 631 2731 1341
f 2731 2120 1341
f 1341 2567 49
f 2567 283 49
f 283 2567 2568
f 1341 2120 2568
f 1341 2568 2567
f 283 2568 2121
f 2568 2120 2121
f 2121 2732 1068
f 2732 631 1068
f 631 2732 2731
f 2121 2120 2731
f 2121 2731 2732
f 24 1210 1209
f 1209 2721 512
f 2721 513 512
f 513 2721 1210
f 2721 1209 1210
f 512 2718 1801
f 2718 1810 1801
f 1801 2560 208
f 2560 210 208
f 210 2560 2561
f 1801 1810 2561
f 1801 2561 2560
f 210 2561 1811
f 2561 1810 1811
f 1811 2719 513
f 2719 512 513
f 512 2719 2718
f 1811 1810 2718
f 1811 2718 2719
f 283 2121 2122
f 2122 3013 1071
f 3013 1068 1071
f 1068 3013 2121
f 3013 2122 2121
f 1071 3025 1815
f 3025 1806 1815
f 1815 2556 210
f 2556 208 210
f 208 2556 2555
f 1815 1806 2555
f 1815 2555 2556
f 208 2555 1805
f 2555 1806 1805
f 1805 3024 1068
f 3024 1071 1068
f 1071 3024 3025
f 1805 1806 3025
f 1805 3025 3024
