# https://github.com/mikedh/trimesh
v 0.00050000 -0.00262500 -0.00100000
v 0.00041667 -0.00250000 -0.00100000
v 0.00050000 -0.00262500 0.00050000
v 0.00041667 -0.00250000 0.00000000
v 0.00041667 -0.00250000 0.00050000
v 0.00050000 -0.00212500 0.00100000
v 0.00050000 -0.00250000 -0.00112500
v 0.00031250 -0.00200000 -0.00050000
v 0.00031250 -0.00200000 0.00000000
v 0.00036612 -0.00200000 0.00050000
v 0.00041667 -0.00200000 0.00100000
v 0.00050000 -0.00212500 0.00150000
v 0.00041667 -0.00200000 0.00150000
v 0.00041667 -0.00150000 -0.00100000
v 0.00031250 -0.00150000 -0.00050000
v 0.00025888 -0.00150000 0.00000000
v 0.00029508 -0.00150000 0.00050000
v 0.00031250 -0.00150000 0.00100000
v 0.00036612 -0.00150000 0.00150000
v 0.00050000 -0.00162500 0.00200000
v 0.00041667 -0.00150000 0.00200000
v 0.00041667 -0.00150000 0.00250000
v 0.00050000 -0.00162500 0.00300000
v 0.00041667 -0.00150000 0.00300000
v 0.00036612 -0.00100000 -0.00100000
v 0.00029508 -0.00100000 -0.00050000
v 0.00024214 -0.00100000 0.00000000
v 0.00024214 -0.00100000 0.00050000
v 0.00025888 -0.00100000 0.00100000
v 0.00029508 -0.00100000 0.00150000
v 0.00031250 -0.00100000 0.00200000
v 0.00031250 -0.00100000 0.00250000
v 0.00036612 -0.00100000 0.00300000
v 0.00050000 -0.00112500 0.00350000
v 0.00041667 -0.00100000 0.00350000
v 0.00050000 -0.00112500 0.00400000
v 0.00041667 -0.00100000 0.00400000
v 0.00025888 -0.00050000 -0.00050000
v 0.00022299 -0.00050000 0.00000000
v 0.00020414 -0.00050000 0.00050000
v 0.00022299 -0.00050000 0.00100000
v 0.00024214 -0.00050000 0.00150000
v 0.00025000 -0.00050000 0.00200000
v 0.00025888 -0.00050000 0.00250000
v 0.00029508 -0.00050000 0.00300000
v 0.00031250 -0.00050000 0.00350000
v 0.00036612 -0.00050000 0.00400000
v 0.00050000 -0.00062500 0.00450000
v 0.00041667 -0.00050000 0.00450000
v 0.00050000 -0.00062500 0.00500000
v 0.00041667 -0.00050000 0.00500000
v 0.00050000 -0.00050000 0.00512500
v 0.00050000 -0.00100000 -0.00162500
v 0.00031250 -0.00050000 -0.00100000
v 0.00025000 0.00000000 -0.00050000
v 0.00020833 0.00000000 0.00000000
v 0.00020833 0.00000000 0.00050000
v 0.00020833 0.00000000 0.00100000
v 0.00020833 0.00000000 0.00150000
v 0.00020833 0.00000000 0.00200000
v 0.00022299 0.00000000 0.00250000
v 0.00024214 0.00000000 0.00300000
v 0.00025888 0.00000000 0.00350000
v 0.00029508 0.00000000 0.00400000
v 0.00031250 0.00000000 0.00450000
v 0.00041667 0.00000000 0.00500000
v 0.00050000 -0.00000000 0.00512500
v 0.00041667 -0.00100000 -0.00150000
v 0.00031250 0.00050000 -0.00100000
v 0.00025000 0.00050000 -0.00050000
v 0.00025000 0.00050000 -0.00000000
v 0.00025000 0.00050000 0.00250000
v 0.00025888 0.00050000 0.00300000
v 0.00029508 0.00050000 0.00350000
v 0.00031250 0.00050000 0.00400000
v 0.00031250 0.00050000 0.00450000
v 0.00036612 0.00050000 0.00500000
v 0.00041667 0.00050000 0.00550000
v 0.00050000 0.00050000 0.00562500
v 0.00041667 0.00100000 -0.00150000
v 0.00031250 0.00100000 -0.00100000
v 0.00031250 0.00100000 -0.00050000
v 0.00031250 0.00100000 0.00300000
v 0.00036612 0.00100000 0.00350000
v 0.00041667 0.00100000 0.00400000
v 0.00041667 0.00100000 0.00500000
v 0.00041667 0.00150000 -0.00150000
v 0.00041667 0.00150000 -0.00100000
v 0.00041667 0.00150000 0.00350000
v 0.00050000 0.00162500 0.00350000
v 0.00050000 0.00112500 0.00400000
v 0.00050000 0.00112500 0.00500000
v 0.00050000 0.00162500 -0.00150000
v 0.00050000 0.00162500 0.00162500
v 0.00100000 -0.00350000 -0.00112500
v 0.00087500 -0.00350000 0.00050000
v 0.00137500 -0.00350000 0.00100000
v 0.00100000 -0.00300000 -0.00112500
v 0.00087500 -0.00300000 -0.00100000
v 0.00087500 -0.00300000 0.00050000
v 0.00087500 -0.00300000 0.00100000
v 0.00087500 -0.00300000 0.00250000
v 0.00137500 -0.00350000 0.00250000
v 0.00087500 -0.00250000 0.00100000
v 0.00087500 -0.00250000 0.00150000
v 0.00087500 -0.00200000 0.00300000
v 0.00087500 -0.00250000 0.00300000
v 0.00087500 -0.00250000 0.00400000
v 0.00087500 -0.00200000 0.00200000
v 0.00087500 -0.00150000 0.00400000
v 0.00087500 -0.00200000 0.00450000
v 0.00087500 -0.00200000 0.00600000
v 0.00100000 -0.00150000 -0.00112500
v 0.00087500 -0.00150000 0.00350000
v 0.00087500 -0.00100000 0.00500000
v 0.00087500 -0.00150000 0.00650000
v 0.00087500 -0.00150000 0.00750000
v 0.00137500 -0.00150000 0.00800000
v 0.00087500 -0.00100000 0.00450000
v 0.00087500 -0.00100000 0.00800000
v 0.00087500 -0.00100000 0.00850000
v 0.00100000 -0.00100000 0.00862500
v 0.00087500 -0.00050000 0.00550000
v 0.00087500 -0.00000000 0.00550000
v 0.00087500 0.00150000 0.00850000
v 0.00087500 0.00150000 0.00500000
v 0.00087500 0.00050000 0.00600000
v 0.00087500 0.00200000 0.00800000
v 0.00087500 0.00150000 0.00400000
v 0.00100000 0.00200000 -0.00212500
v 0.00087500 0.00200000 -0.00200000
v 0.00087500 0.00200000 0.00350000
v 0.00100000 0.00200000 0.00812500
v 0.00100000 0.00250000 -0.00212500
v 0.00087500 0.00250000 0.00800000
v 0.00100000 0.00250000 0.00812500
v 0.00087500 0.00250000 -0.00200000
v 0.00250000 -0.00500000 -0.00112500
v 0.00087500 -0.00350000 -0.00100000
v 0.00137500 -0.00400000 0.00050000
v 0.00137500 -0.00400000 0.00150000
v 0.00137500 -0.00350000 0.00350000
v 0.00137500 -0.00300000 0.00300000
v 0.00137500 -0.00300000 0.00550000
v 0.00187500 -0.00300000 0.00600000
v 0.00137500 -0.00250000 0.00450000
v 0.00137500 -0.00250000 0.00600000
v 0.00137500 -0.00250000 0.00700000
v 0.00187500 -0.00300000 0.00700000
v 0.00137500 -0.00200000 0.00650000
v 0.00137500 -0.00200000 0.00750000
v 0.00137500 -0.00200000 0.00850000
v 0.00150000 -0.00200000 0.00862500
v 0.00150000 -0.00150000 -0.00162500
v 0.00137500 -0.00150000 0.00850000
v 0.00150000 -0.00150000 0.00862500
v 0.00100000 -0.00100000 -0.00162500
v 0.00050000 0.00150000 -0.00162500
v 0.00100000 0.00150000 0.00862500
v 0.00150000 0.00150000 0.00862500
v 0.00150000 0.00150000 -0.00162500
v 0.00150000 0.00200000 -0.00212500
v 0.00150000 0.00200000 0.00812500
v 0.00137500 0.00300000 0.00150000
v 0.00137500 0.00300000 0.00800000
v 0.00150000 0.00300000 0.00812500
v 0.00250000 0.00412500 -0.00200000
v 0.00187500 0.00400000 0.00200000
v 0.00150000 0.00350000 0.00812500
v 0.00137500 0.00350000 0.00200000
v 0.00137500 0.00350000 0.00375000
v 0.00137500 0.00350000 0.00800000
v 0.00250000 -0.00512500 -0.00050000
v 0.00200000 -0.00462500 0.00100000
v 0.00200000 -0.00462500 0.00150000
v 0.00250000 -0.00462500 0.00200000
v 0.00137500 -0.00350000 0.00200000
v 0.00137500 -0.00300000 0.00400000
v 0.00187500 -0.00350000 0.00550000
v 0.00187500 -0.00350000 0.00600000
v 0.00050000 -0.00150000 -0.00112500
v 0.00187500 -0.00300000 0.00800000
v 0.00187500 -0.00250000 0.00750000
v 0.00200000 -0.00200000 -0.00112500
v 0.00187500 -0.00200000 0.00900000
v 0.00200000 -0.00150000 -0.00162500
v 0.00200000 -0.00150000 0.00862500
v 0.00200000 0.00100000 0.00862500
v 0.00100000 0.00150000 -0.00162500
v 0.00200000 0.00150000 -0.00212500
v 0.00200000 0.00150000 0.00812500
v 0.00187500 0.00350000 0.00150000
v 0.00187500 0.00400000 0.00150000
v 0.00187500 0.00400000 0.00800000
v 0.00200000 0.00412500 0.00150000
v 0.00200000 0.00412500 0.00200000
v 0.00187500 0.00400000 0.00650000
v 0.00187500 0.00450000 0.00750000
v 0.00200000 0.00450000 0.00762500
v 0.00187500 0.00450000 0.00700000
v 0.00250000 -0.00512500 -0.00100000
v 0.00250000 -0.00512500 -0.00000000
v 0.00250000 -0.00512500 0.00100000
v 0.00250000 -0.00462500 0.00150000
v 0.00250000 -0.00462500 0.00250000
v 0.00250000 -0.00462500 0.00350000
v 0.00300000 -0.00462500 0.00400000
v 0.00250000 -0.00412500 0.00500000
v 0.00250000 -0.00412500 0.00600000
v 0.00187500 -0.00300000 0.00650000
v 0.00300000 -0.00412500 0.00650000
v 0.00250000 -0.00362500 0.00750000
v 0.00250000 -0.00362500 0.00800000
v 0.00150000 -0.00200000 -0.00112500
v 0.00187500 -0.00250000 0.00850000
v 0.00187500 -0.00250000 0.00900000
v 0.00200000 -0.00250000 0.00912500
v 0.00250000 -0.00200000 -0.00162500
v 0.00200000 -0.00200000 0.00912500
v 0.00250000 -0.00200000 0.00862500
v 0.00300000 0.00050000 0.00862500
v 0.00200000 0.00100000 -0.00162500
v 0.00250000 0.00100000 0.00862500
v 0.00250000 0.00100000 -0.00162500
v 0.00250000 0.00150000 0.00812500
v 0.00200000 0.00400000 0.00812500
v 0.00187500 0.00350000 0.00100000
v 0.00250000 0.00412500 0.00100000
v 0.00250000 0.00412500 -0.00050000
v 0.00250000 0.00412500 0.00150000
v 0.00250000 0.00462500 0.00350000
v 0.00300000 0.00512500 0.00550000
v 0.00300000 0.00450000 0.00762500
v 0.00250000 0.00462500 0.00200000
v 0.00250000 0.00512500 0.00700000
v 0.00250000 0.00500000 0.00762500
v 0.00250000 0.00512500 0.00750000
v 0.00300000 -0.00562500 -0.00050000
v 0.00300000 -0.00562500 0.00000000
v 0.00300000 -0.00500000 -0.00112500
v 0.00300000 -0.00512500 -0.00100000
v 0.00300000 -0.00512500 0.00050000
v 0.00300000 -0.00512500 0.00100000
v 0.00300000 -0.00512500 0.00150000
v 0.00300000 -0.00512500 0.00250000
v 0.00300000 -0.00462500 0.00300000
v 0.00300000 -0.00462500 0.00500000
v 0.00300000 -0.00412500 0.00550000
v 0.00300000 -0.00412500 0.00750000
v 0.00300000 -0.00362500 0.00800000
v 0.00300000 -0.00362500 0.00850000
v 0.00350000 -0.00412500 0.00900000
v 0.00250000 -0.00250000 0.00912500
v 0.00350000 -0.00250000 -0.00112500
v 0.00350000 -0.00200000 0.00862500
v 0.00300000 0.00050000 -0.00162500
v 0.00300000 0.00100000 -0.00212500
v 0.00300000 0.00100000 0.00812500
v 0.00250000 0.00150000 -0.00212500
v 0.00300000 0.00400000 0.00812500
v 0.00300000 0.00400000 -0.00212500
v 0.00300000 0.00412500 -0.00200000
v 0.00300000 0.00412500 -0.00100000
v 0.00300000 0.00462500 -0.00050000
v 0.00300000 0.00462500 0.00300000
v 0.00300000 0.00512500 0.00350000
v 0.00300000 0.00500000 0.00762500
v 0.00300000 0.00512500 0.00650000
v 0.00350000 -0.00550000 -0.00112500
v 0.00350000 -0.00562500 -0.00100000
v 0.00350000 -0.00562500 0.00050000
v 0.00350000 -0.00562500 0.00100000
v 0.00350000 -0.00512500 0.00150000
v 0.00350000 -0.00512500 0.00250000
v 0.00350000 -0.00512500 0.00300000
v 0.00350000 -0.00512500 0.00400000
v 0.00350000 -0.00462500 0.00450000
v 0.00350000 -0.00462500 0.00500000
v 0.00350000 -0.00462500 0.00650000
v 0.00350000 -0.00412500 0.00700000
v 0.00350000 -0.00412500 0.00750000
v 0.00350000 -0.00412500 0.00800000
v 0.00350000 -0.00400000 0.00912500
v 0.00250000 -0.00250000 -0.00112500
v 0.00350000 -0.00250000 0.00912500
v 0.00350000 -0.00200000 -0.00162500
v 0.00450000 -0.00100000 0.00862500
v 0.00400000 0.00050000 -0.00162500
v 0.00350000 0.00100000 0.00812500
v 0.00250000 0.00400000 -0.00212500
v 0.00350000 0.00350000 0.00812500
v 0.00337500 0.00400000 -0.00250000
v 0.00350000 0.00400000 -0.00262500
v 0.00350000 0.00400000 0.00762500
v 0.00337500 0.00450000 -0.00250000
v 0.00350000 0.00450000 -0.00262500
v 0.00337500 0.00450000 -0.00200000
v 0.00350000 0.00462500 -0.00250000
v 0.00350000 0.00462500 -0.00100000
v 0.00400000 0.00462500 -0.00050000
v 0.00300000 0.00462500 0.00150000
v 0.00350000 0.00512500 0.00150000
v 0.00350000 0.00512500 0.00300000
v 0.00350000 0.00512500 0.00350000
v 0.00350000 0.00512500 0.00500000
v 0.00350000 0.00562500 0.00550000
v 0.00300000 0.00512500 0.00750000
v 0.00350000 0.00562500 0.00750000
v 0.00400000 -0.00562500 -0.00100000
v 0.00400000 -0.00612500 -0.00050000
v 0.00450000 -0.00550000 -0.00112500
v 0.00350000 -0.00562500 -0.00050000
v 0.00400000 -0.00562500 0.00250000
v 0.00500000 -0.00512500 0.00400000
v 0.00400000 -0.00512500 0.00450000
v 0.00400000 -0.00512500 0.00500000
v 0.00350000 -0.00462500 0.00550000
v 0.00400000 -0.00462500 0.00700000
v 0.00400000 -0.00462500 0.00750000
v 0.00400000 -0.00412500 0.00800000
v 0.00400000 -0.00412500 0.00900000
v 0.00400000 -0.00400000 0.00912500
v 0.00400000 -0.00350000 -0.00112500
v 0.00400000 -0.00300000 -0.00112500
v 0.00400000 -0.00250000 -0.00162500
v 0.00400000 -0.00300000 0.00912500
v 0.00400000 -0.00250000 0.00862500
v 0.00400000 0.00000000 0.00862500
v 0.00350000 0.00050000 0.00862500
v 0.00400000 0.00050000 0.00812500
v 0.00400000 0.00100000 -0.00212500
v 0.00400000 0.00200000 -0.00212500
v 0.00350000 0.00350000 -0.00212500
v 0.00400000 0.00350000 0.00812500
v 0.00400000 0.00350000 -0.00212500
v 0.00400000 0.00400000 -0.00262500
v 0.00400000 0.00400000 0.00762500
v 0.00400000 0.00462500 -0.00100000
v 0.00400000 0.00512500 0.00000000
v 0.00350000 0.00462500 -0.00000000
v 0.00350000 0.00462500 0.00100000
v 0.00400000 0.00512500 0.00100000
v 0.00400000 0.00512500 0.00250000
v 0.00400000 0.00512500 0.00300000
v 0.00400000 0.00562500 0.00350000
v 0.00400000 0.00562500 0.00700000
v 0.00400000 0.00612500 0.00750000
v 0.00450000 -0.00612500 -0.00050000
v 0.00400000 -0.00562500 0.00150000
v 0.00450000 -0.00462500 0.00600000
v 0.00450000 -0.00462500 0.00800000
v 0.00437500 -0.00350000 -0.00200000
v 0.00450000 -0.00362500 -0.00200000
v 0.00437500 -0.00350000 -0.00150000
v 0.00437500 -0.00300000 -0.00300000
v 0.00450000 -0.00312500 -0.00300000
v 0.00450000 -0.00312500 -0.00250000
v 0.00437500 -0.00300000 -0.00250000
v 0.00437500 -0.00250000 -0.00200000
v 0.00437500 -0.00300000 -0.00150000
v 0.00450000 -0.00300000 0.00912500
v 0.00450000 -0.00262500 -0.00350000
v 0.00450000 -0.00250000 0.00862500
v 0.00437500 -0.00200000 -0.00400000
v 0.00437500 -0.00100000 -0.00350000
v 0.00450000 -0.00150000 0.00862500
v 0.00437500 0.00100000 -0.00400000
v 0.00437500 -0.00000000 -0.00350000
v 0.00450000 0.00050000 -0.00212500
v 0.00437500 0.00150000 -0.00300000
v 0.00437500 0.00100000 -0.00250000
v 0.00437500 0.00150000 -0.00350000
v 0.00437500 0.00200000 -0.00250000
v 0.00450000 0.00250000 -0.00212500
v 0.00450000 0.00350000 -0.00262500
v 0.00450000 0.00300000 0.00812500
v 0.00450000 0.00350000 0.00762500
v 0.00450000 0.00512500 -0.00100000
v 0.00450000 0.00512500 -0.00050000
v 0.00450000 0.00562500 0.00250000
v 0.00450000 0.00562500 0.00300000
v 0.00550000 0.00562500 0.00450000
v 0.00400000 0.00562500 0.00500000
v 0.00450000 0.00612500 0.00600000
v 0.00450000 0.00612500 0.00700000
v 0.00500000 -0.00562500 0.00100000
v 0.00500000 -0.00562500 0.00350000
v 0.00500000 -0.00512500 0.00650000
v 0.00450000 -0.00462500 0.00650000
v 0.00500000 -0.00350000 0.00912500
v 0.00500000 -0.00362500 -0.00250000
v 0.00450000 -0.00362500 -0.00150000
v 0.00500000 -0.00300000 0.00862500
v 0.00500000 -0.00250000 -0.00412500
v 0.00500000 -0.00262500 -0.00400000
v 0.00500000 -0.00262500 -0.00350000
v 0.00500000 -0.00200000 0.00862500
v 0.00500000 -0.00187500 -0.00200000
v 0.00500000 -0.00150000 -0.00162500
v 0.00487500 -0.00150000 0.00900000
v 0.00487500 -0.00150000 0.00950000
v 0.00500000 -0.00100000 -0.00287500
v 0.00450000 -0.00000000 -0.00162500
v 0.00487500 -0.00100000 0.00900000
v 0.00500000 -0.00050000 -0.00462500
v 0.00487500 -0.00050000 -0.00300000
v 0.00500000 -0.00050000 -0.00287500
v 0.00500000 -0.00050000 0.00862500
v 0.00487500 -0.00000000 0.01050000
v 0.00487500 -0.00050000 0.01050000
v 0.00487500 -0.00000000 -0.00300000
v 0.00500000 -0.00012500 -0.00250000
v 0.00487500 0.00000000 -0.00250000
v 0.00500000 0.00000000 -0.00162500
v 0.00500000 -0.00000000 0.00862500
v 0.00487500 0.00050000 0.01050000
v 0.00500000 0.00000000 0.01062500
v 0.00487500 0.00050000 -0.00250000
v 0.00500000 0.00037500 -0.00200000
v 0.00500000 0.00050000 0.00812500
v 0.00537500 0.00050000 0.01000000
v 0.00500000 0.00037500 0.01100000
v 0.00487500 0.00050000 0.01100000
v 0.00500000 0.00050000 0.01108333
v 0.00500000 0.00062500 0.01050000
v 0.00500000 0.00062500 0.01100000
v 0.00450000 0.00100000 -0.00412500
v 0.00500000 0.00250000 0.00812500
v 0.00500000 0.00300000 0.00812500
v 0.00600000 0.00350000 -0.00262500
v 0.00500000 0.00337500 0.00850000
v 0.00487500 0.00350000 0.00800000
v 0.00487500 0.00350000 0.00900000
v 0.00500000 0.00350000 0.00912500
v 0.00500000 0.00362500 0.00800000
v 0.00500000 0.00462500 -0.00200000
v 0.00550000 0.00512500 -0.00050000
v 0.00400000 0.00600000 0.00762500
v 0.00550000 0.00612500 0.00500000
v 0.00550000 -0.00562500 0.00350000
v 0.00550000 -0.00512500 0.00400000
v 0.00500000 -0.00512500 0.00600000
v 0.00450000 -0.00462500 0.00900000
v 0.00450000 -0.00450000 0.00912500
v 0.00550000 -0.00350000 0.00912500
v 0.00550000 -0.00300000 0.00862500
v 0.00550000 -0.00262500 -0.00400000
v 0.00450000 -0.00200000 -0.00412500
v 0.00550000 -0.00187500 -0.00200000
v 0.00550000 -0.00150000 -0.00162500
v 0.00500000 -0.00162500 0.00900000
v 0.00450000 -0.00050000 -0.00412500
v 0.00500000 -0.00050000 0.01062500
v 0.00550000 -0.00050000 -0.00287500
v 0.00550000 -0.00050000 -0.00162500
v 0.00550000 -0.00012500 -0.00250000
v 0.00550000 -0.00012500 -0.00200000
v 0.00512500 0.00000000 0.00850000
v 0.00550000 -0.00037500 0.00850000
v 0.00550000 0.00000000 0.00812500
v 0.00537500 0.00000000 0.00900000
v 0.00537500 -0.00050000 0.00900000
v 0.00537500 0.00050000 0.00950000
v 0.00512500 0.00050000 0.01100000
v 0.00550000 0.00050000 0.01062500
v 0.00550000 0.00100000 0.01062500
v 0.00537500 0.00150000 0.00950000
v 0.00700000 0.00200000 -0.00262500
v 0.00650000 0.00100000 0.00812500
v 0.00550000 0.00150000 0.00937500
v 0.00537500 0.00100000 0.01050000
v 0.00537500 0.00250000 0.00850000
v 0.00537500 0.00250000 0.01050000
v 0.00550000 0.00250000 0.01062500
v 0.00450000 0.00300000 -0.00212500
v 0.00537500 0.00300000 0.00850000
v 0.00537500 0.00300000 0.00900000
v 0.00537500 0.00300000 0.01000000
v 0.00500000 0.00400000 0.00762500
v 0.00600000 0.00512500 -0.00150000
v 0.00500000 0.00512500 -0.00150000
v 0.00550000 0.00512500 -0.00100000
v 0.00600000 0.00512500 0.00050000
v 0.00550000 0.00512500 0.00100000
v 0.00400000 0.00562500 0.00600000
v 0.00600000 -0.00562500 0.00400000
v 0.00450000 -0.00400000 -0.00112500
v 0.00600000 -0.00350000 0.00862500
v 0.00650000 -0.00200000 0.00862500
v 0.00600000 -0.00200000 -0.00412500
v 0.00550000 -0.00100000 -0.00287500
v 0.00600000 -0.00100000 -0.00237500
v 0.00600000 -0.00137500 -0.00200000
v 0.00600000 -0.00100000 -0.00162500
v 0.00600000 -0.00050000 -0.00237500
v 0.00600000 -0.00050000 -0.00162500
v 0.00600000 -0.00012500 -0.00200000
v 0.00600000 -0.00037500 0.00850000
v 0.00600000 0.00000000 0.00812500
v 0.00600000 0.00000000 0.00887500
v 0.00550000 0.00000000 -0.00462500
v 0.00550000 0.00050000 -0.00412500
v 0.00550000 0.00050000 0.00937500
v 0.00550000 -0.00000000 0.00887500
v 0.00600000 0.00100000 0.00937500
v 0.00650000 0.00137500 0.00850000
v 0.00600000 0.00300000 -0.00212500
v 0.00650000 0.00250000 0.01062500
v 0.00500000 0.00362500 0.00900000
v 0.00550000 0.00312500 0.01000000
v 0.00525000 0.00450000 -0.00262500
v 0.00650000 0.00550000 0.00762500
v 0.00850000 0.00462500 -0.00200000
v 0.00600000 0.00600000 0.00762500
v 0.00587500 0.00550000 -0.00100000
v 0.00600000 0.00550000 -0.00112500
v 0.00587500 0.00550000 -0.00050000
v 0.00600000 0.00512500 0.00000000
v 0.00650000 0.00512500 0.00100000
v 0.00587500 0.00600000 0.00000000
v 0.00550000 0.00562500 0.00150000
v 0.00600000 0.00562500 0.00450000
v 0.00600000 0.00612500 0.00500000
v 0.00587500 0.00650000 -0.00100000
v 0.00600000 0.00650000 -0.00112500
v 0.00600000 0.00612500 0.00550000
v 0.00650000 0.00612500 0.00700000
v 0.00600000 0.00612500 0.00750000
v 0.00587500 0.00700000 -0.00050000
v 0.00587500 0.00650000 -0.00000000
v 0.00587500 0.00700000 0.00050000
v 0.00587500 0.00750000 -0.00050000
v 0.00587500 0.00750000 0.00050000
v 0.00600000 0.00750000 -0.00062500
v 0.00587500 0.00800000 0.00100000
v 0.00587500 0.00800000 0.00150000
v 0.00637500 0.00750000 0.00150000
v 0.00587500 0.00850000 0.00050000
v 0.00587500 0.00850000 0.00200000
v 0.00587500 0.00850000 0.00250000
v 0.00600000 0.00858333 0.00100000
v 0.00600000 0.00858333 0.00150000
v 0.00600000 0.00858333 0.00250000
v 0.00500000 -0.00612500 0.00050000
v 0.00600000 -0.00512500 0.00450000
v 0.00600000 -0.00400000 0.00912500
v 0.00550000 -0.00312500 -0.00350000
v 0.00650000 -0.00162500 0.00900000
v 0.00500000 -0.00162500 0.00950000
v 0.00650000 -0.00137500 -0.00200000
v 0.00650000 -0.00100000 -0.00237500
v 0.00650000 -0.00100000 -0.00162500
v 0.00650000 -0.00062500 -0.00200000
v 0.00650000 0.00012500 0.00850000
v 0.00650000 0.00050000 0.00812500
v 0.00650000 0.00100000 0.00887500
v 0.00700000 0.00200000 0.01062500
v 0.00450000 0.00162500 -0.00300000
v 0.00650000 0.00250000 -0.00212500
v 0.00650000 0.00300000 -0.00262500
v 0.00650000 0.00300000 0.01012500
v 0.00550000 0.00312500 0.00950000
v 0.00637500 0.00550000 0.00000000
v 0.00637500 0.00550000 0.00050000
v 0.00650000 0.00550000 0.00062500
v 0.00637500 0.00600000 0.00050000
v 0.00637500 0.00600000 0.00450000
v 0.00637500 0.00650000 0.00500000
v 0.00637500 0.00650000 0.00550000
v 0.00650000 0.00650000 0.00562500
v 0.00650000 0.00612500 0.00600000
v 0.00650000 0.00687500 0.00100000
v 0.00637500 0.00700000 0.00100000
v 0.00637500 0.00700000 0.00150000
v 0.00637500 0.00750000 0.00300000
v 0.00637500 0.00700000 0.00550000
v 0.00637500 0.00750000 0.00100000
v 0.00650000 0.00737500 0.00200000
v 0.00637500 0.00750000 0.00200000
v 0.00650000 0.00737500 0.00300000
v 0.00637500 0.00800000 0.00200000
v 0.00637500 0.00800000 0.00250000
v 0.00650000 0.00850000 0.00412500
v 0.00650000 0.00700000 0.00562500
v 0.00637500 0.00850000 0.00300000
v 0.00637500 0.00850000 0.00400000
v 0.00600000 0.00858333 0.00050000
v 0.00650000 0.00868750 0.00100000
v 0.00650000 0.00866506 0.00150000
v 0.00650000 0.00863388 0.00200000
v 0.00650000 0.00863388 0.00250000
v 0.00650000 0.00858333 0.00300000
v 0.00650000 0.00858333 0.00350000
v 0.00650000 0.00858333 0.00400000
v 0.00500000 -0.00612500 -0.00100000
v 0.00700000 -0.00562500 0.00400000
v 0.00700000 -0.00512500 0.00450000
v 0.00550000 -0.00512500 0.00700000
v 0.00750000 -0.00462500 0.00900000
v 0.00700000 -0.00400000 0.00912500
v 0.00800000 -0.00362500 -0.00250000
v 0.00600000 -0.00150000 -0.00462500
v 0.00700000 -0.00187500 -0.00200000
v 0.00700000 -0.00100000 -0.00287500
v 0.00700000 -0.00150000 -0.00162500
v 0.00662500 -0.00050000 -0.00250000
v 0.00700000 -0.00050000 -0.00287500
v 0.00700000 -0.00062500 -0.00200000
v 0.00700000 -0.00012500 -0.00250000
v 0.00650000 0.00050000 0.00887500
v 0.00800000 0.00100000 0.00887500
v 0.00800000 0.00100000 -0.00412500
v 0.00800000 0.00137500 0.00850000
v 0.00450000 0.00162500 -0.00350000
v 0.00700000 0.00250000 -0.00212500
v 0.00700000 0.00250000 0.01012500
v 0.00700000 0.00300000 -0.00262500
v 0.00700000 0.00300000 0.01012500
v 0.00750000 0.00312500 0.00950000
v 0.00700000 0.00312500 0.01000000
v 0.00737500 0.00462500 -0.00250000
v 0.00700000 0.00562500 0.00350000
v 0.00700000 0.00550000 0.00762500
v 0.00650000 0.00650000 0.00062500
v 0.00700000 0.00600000 0.00387500
v 0.00600000 0.00700000 -0.00062500
v 0.00650000 0.00687500 0.00150000
v 0.00750000 0.00687500 0.00250000
v 0.00700000 0.00687500 0.00300000
v 0.00700000 0.00737500 0.00250000
v 0.00600000 0.00850000 0.00037500
v 0.00750000 0.00812500 0.00450000
v 0.00750000 0.00850000 0.00412500
v 0.00700000 0.00858333 0.00050000
v 0.00700000 0.00868750 0.00100000
v 0.00700000 0.00871907 0.00150000
v 0.00700000 0.00870491 0.00200000
v 0.00700000 0.00870491 0.00250000
v 0.00700000 0.00868750 0.00300000
v 0.00700000 0.00868750 0.00350000
v 0.00700000 0.00858333 0.00400000
v 0.00500000 -0.00600000 -0.00112500
v 0.00800000 -0.00612500 0.00050000
v 0.00850000 -0.00512500 0.00700000
v 0.00750000 -0.00450000 0.00912500
v 0.00750000 -0.00362500 -0.00150000
v 0.00700000 -0.00350000 0.00862500
v 0.00800000 -0.00312500 -0.00350000
v 0.00500000 -0.00312500 -0.00300000
v 0.00800000 -0.00250000 -0.00412500
v 0.00800000 -0.00200000 -0.00412500
v 0.00800000 -0.00150000 -0.00462500
v 0.00750000 -0.00187500 -0.00200000
v 0.00750000 -0.00100000 -0.00287500
v 0.00750000 -0.00100000 -0.00162500
v 0.00800000 -0.00000000 -0.00462500
v 0.00800000 0.00050000 -0.00412500
v 0.00800000 0.00012500 0.00850000
v 0.00800000 0.00050000 0.00812500
v 0.00800000 0.00100000 0.00812500
v 0.00800000 0.00162500 -0.00350000
v 0.00750000 0.00250000 -0.00262500
v 0.00750000 0.00250000 0.01012500
v 0.00850000 0.00362500 0.00900000
v 0.00750000 0.00500000 0.00762500
v 0.00750000 0.00550000 0.00062500
v 0.00750000 0.00512500 0.00100000
v 0.00750000 0.00550000 0.00712500
v 0.00750000 0.00600000 0.00112500
v 0.00800000 0.00562500 0.00300000
v 0.00750000 0.00562500 0.00350000
v 0.00750000 0.00687500 0.00300000
v 0.00750000 0.00600000 0.00387500
v 0.00750000 0.00650000 0.00562500
v 0.00700000 0.00700000 0.00562500
v 0.00750000 0.00850000 0.00037500
v 0.00750000 0.00858333 0.00050000
v 0.00750000 0.00863388 0.00100000
v 0.00750000 0.00870491 0.00150000
v 0.00750000 0.00875786 0.00200000
v 0.00750000 0.00875786 0.00250000
v 0.00750000 0.00870491 0.00300000
v 0.00750000 0.00863388 0.00350000
v 0.00750000 0.00858333 0.00400000
v 0.00800000 -0.00562500 0.00100000
v 0.00800000 -0.00562500 0.00150000
v 0.00750000 -0.00512500 0.00400000
v 0.00750000 -0.00400000 -0.00112500
v 0.00800000 -0.00400000 -0.00162500
v 0.00800000 -0.00362500 -0.00200000
v 0.00800000 -0.00312500 -0.00300000
v 0.00812500 -0.00250000 -0.00250000
v 0.00762500 -0.00200000 -0.00250000
v 0.00762500 -0.00200000 -0.00200000
v 0.00750000 -0.00150000 -0.00162500
v 0.00762500 -0.00150000 -0.00300000
v 0.00700000 -0.00250000 0.00862500
v 0.00762500 -0.00100000 -0.00300000
v 0.00800000 -0.00150000 -0.00162500
v 0.00800000 -0.00100000 -0.00212500
v 0.00700000 -0.00162500 0.00950000
v 0.00750000 -0.00050000 -0.00287500
v 0.00750000 -0.00050000 -0.00212500
v 0.00750000 -0.00012500 -0.00250000
v 0.00850000 0.00050000 -0.00212500
v 0.00800000 0.00050000 0.00887500
v 0.00900000 0.00200000 0.01062500
v 0.00850000 0.00200000 -0.00262500
v 0.00850000 0.00312500 0.00950000
v 0.00750000 0.00562500 0.00150000
v 0.00800000 0.00550000 0.00712500
v 0.00800000 0.00600000 0.00112500
v 0.00700000 0.00600000 0.00712500
v 0.00700000 0.00650000 0.00112500
v 0.00800000 0.00600000 0.00337500
v 0.00800000 0.00700000 -0.00062500
v 0.00750000 0.00700000 0.00512500
v 0.00850000 0.00750000 -0.00062500
v 0.00800000 0.00812500 0.00400000
v 0.00800000 0.00858333 0.00100000
v 0.00800000 0.00868750 0.00150000
v 0.00800000 0.00875000 0.00200000
v 0.00800000 0.00875000 0.00250000
v 0.00800000 0.00868750 0.00300000
v 0.00837500 -0.00850000 0.00250000
v 0.00850000 -0.00858333 0.00450000
v 0.00850000 -0.00858333 0.00500000
v 0.00837500 -0.00850000 0.00500000
v 0.00837500 -0.00650000 0.00050000
v 0.00850000 -0.00850000 0.00237500
v 0.00837500 -0.00800000 0.00350000
v 0.00837500 -0.00800000 0.00450000
v 0.00837500 -0.00750000 0.00500000
v 0.00887500 -0.00700000 0.00500000
v 0.00850000 -0.00762500 0.00600000
v 0.00837500 -0.00750000 0.00600000
v 0.00850000 -0.00762500 0.00650000
v 0.00837500 -0.00750000 0.00650000
v 0.00850000 -0.00750000 0.00662500
v 0.00837500 -0.00700000 0.00650000
v 0.00837500 -0.00600000 0.00150000
v 0.00825000 -0.00612500 -0.00100000
v 0.00837500 -0.00600000 0.00100000
v 0.00850000 -0.00512500 0.00600000
v 0.00850000 -0.00450000 -0.00162500
v 0.00812500 -0.00350000 -0.00250000
v 0.00812500 -0.00300000 -0.00350000
v 0.00812500 -0.00300000 -0.00300000
v 0.00812500 -0.00350000 -0.00200000
v 0.00812500 -0.00250000 -0.00400000
v 0.00812500 -0.00250000 -0.00200000
v 0.00812500 -0.00200000 -0.00400000
v 0.00812500 -0.00150000 -0.00350000
v 0.00900000 -0.00150000 -0.00162500
v 0.00812500 -0.00150000 -0.00450000
v 0.00812500 -0.00050000 -0.00350000
v 0.00812500 0.00000000 -0.00450000
v 0.00900000 -0.00050000 0.00812500
v 0.00812500 0.00050000 -0.00400000
v 0.00812500 0.00050000 -0.00250000
v 0.00812500 0.00100000 -0.00400000
v 0.00812500 0.00100000 -0.00300000
v 0.00812500 0.00150000 -0.00350000
v 0.00862500 0.00150000 -0.00300000
v 0.00812500 0.00100000 -0.00250000
v 0.00850000 0.00150000 0.00812500
v 0.00862500 0.00150000 0.00900000
v 0.00850000 0.00162500 -0.00300000
v 0.00850000 0.00187500 0.00850000
v 0.00900000 0.00400000 0.00762500
v 0.00850000 0.00450000 0.00762500
v 0.00800000 0.00500000 0.00762500
v 0.00850000 0.00500000 0.00712500
v 0.00850000 0.00550000 -0.00112500
v 0.00800000 0.00650000 -0.00112500
v 0.00800000 0.00562500 0.00200000
v 0.00850000 0.00650000 0.00112500
v 0.00850000 0.00700000 -0.00112500
v 0.00700000 0.00687500 0.00150000
v 0.00700000 0.00750000 0.00512500
v 0.00750000 0.00812500 -0.00000000
v 0.00800000 0.00812500 0.00050000
v 0.00800000 0.00850000 0.00087500
v 0.00850000 -0.00858333 0.00250000
v 0.00900000 -0.00868750 0.00300000
v 0.00900000 -0.00868750 0.00400000
v 0.00900000 -0.00868750 0.00450000
v 0.00850000 -0.00812500 0.00550000
v 0.00900000 -0.00812500 0.00600000
v 0.00900000 -0.00762500 0.00650000
v 0.00887500 -0.00750000 0.00350000
v 0.00887500 -0.00750000 0.00450000
v 0.00900000 -0.00750000 0.00137500
v 0.00887500 -0.00700000 0.00300000
v 0.00887500 -0.00700000 0.00600000
v 0.00900000 -0.00687500 0.00300000
v 0.00900000 -0.00687500 0.00500000
v 0.00900000 -0.00650000 0.00537500
v 0.00887500 -0.00650000 0.00550000
v 0.00900000 -0.00662500 0.00700000
v 0.00887500 -0.00650000 0.00700000
v 0.00900000 -0.00650000 0.00712500
v 0.00850000 -0.00612500 0.00000000
v 0.00900000 -0.00600000 0.00212500
v 0.00887500 -0.00600000 0.00550000
v 0.00900000 -0.00600000 0.00537500
v 0.00887500 -0.00650000 0.00650000
v 0.00850000 -0.00500000 -0.00112500
v 0.00900000 -0.00562500 0.00250000
v 0.00887500 -0.00550000 0.00600000
v 0.00887500 -0.00550000 0.00700000
v 0.01000000 -0.00512500 0.00400000
v 0.00850000 -0.00500000 0.00712500
v 0.00950000 -0.00450000 -0.00162500
v 0.00850000 -0.00350000 -0.00162500
v 0.00850000 -0.00250000 -0.00162500
v 0.00900000 -0.00250000 0.00862500
v 0.00900000 -0.00050000 0.01062500
v 0.00900000 -0.00100000 -0.00212500
v 0.00862500 -0.00100000 0.00850000
v 0.00900000 -0.00100000 0.00812500
v 0.00862500 -0.00100000 0.00900000
v 0.00912500 -0.00100000 0.00950000
v 0.00862500 -0.00050000 0.00900000
v 0.00862500 -0.00050000 0.00850000
v 0.00862500 -0.00000000 0.00950000
v 0.00912500 0.00000000 0.01000000
v 0.00862500 0.00050000 0.00950000
v 0.00912500 0.00100000 0.01000000
v 0.00900000 0.00187500 -0.00250000
v 0.00912500 0.00150000 0.00950000
v 0.00862500 0.00200000 0.00800000
v 0.00900000 0.00200000 0.00762500
v 0.00862500 0.00200000 0.00900000
v 0.00900000 0.00250000 0.00762500
v 0.00862500 0.00250000 0.00800000
v 0.00862500 0.00200000 0.00850000
v 0.00912500 0.00250000 0.00900000
v 0.00900000 0.00312500 0.00900000
v 0.00912500 0.00350000 0.00850000
v 0.00900000 0.00312500 0.00950000
v 0.00900000 0.00362500 0.00800000
v 0.00900000 0.00362500 0.00850000
v 0.00900000 0.00500000 -0.00112500
v 0.00950000 0.00500000 0.00712500
v 0.01000000 0.00512500 0.00100000
v 0.00800000 0.00550000 0.00062500
v 0.00800000 0.00512500 0.00150000
v 0.01050000 0.00562500 0.00200000
v 0.00850000 0.00600000 0.00062500
v 0.01000000 0.00562500 0.00300000
v 0.01000000 0.00600000 0.00337500
v 0.00912500 0.00600000 0.00712500
v 0.01000000 0.00687500 0.00150000
v 0.00800000 0.00850000 0.00362500
v 0.00800000 0.00858333 0.00350000
v 0.00950000 -0.00874112 0.00350000
v 0.00950000 -0.00874112 0.00400000
v 0.00950000 -0.00868750 0.00450000
v 0.00950000 -0.00800000 0.00137500
v 0.00950000 -0.00750000 0.00137500
v 0.00950000 -0.00750000 0.00662500
v 0.00950000 -0.00700000 0.00087500
v 0.00950000 -0.00687500 0.00300000
v 0.01025000 -0.00600000 -0.00112500
v 0.00950000 -0.00600000 0.00212500
v 0.00950000 -0.00562500 0.00250000
v 0.00750000 -0.00562500 0.00350000
v 0.00950000 -0.00550000 0.00537500
v 0.00900000 -0.00550000 0.00712500
v 0.00950000 -0.00500000 -0.00112500
v 0.00912500 -0.00200000 0.00900000
v 0.00950000 -0.00200000 0.00862500
v 0.00950000 -0.00150000 -0.00212500
v 0.00912500 -0.00150000 0.00850000
v 0.00950000 -0.00150000 0.00812500
v 0.00912500 -0.00150000 0.00900000
v 0.00912500 -0.00050000 0.00950000
v 0.00950000 0.00100000 0.00812500
v 0.00900000 0.00150000 -0.00212500
v 0.00912500 -0.00050000 0.01050000
v 0.00900000 0.00150000 0.00812500
v 0.00950000 0.00150000 0.00762500
v 0.00912500 0.00200000 0.01050000
v 0.00950000 0.00200000 -0.00262500
v 0.00950000 0.00150000 -0.00212500
v 0.00912500 0.00200000 0.00950000
v 0.00912500 0.00250000 0.00850000
v 0.00912500 0.00300000 0.00800000
v 0.00912500 0.00300000 0.00900000
v 0.00912500 0.00300000 0.00950000
v 0.00912500 0.00350000 0.00800000
v 0.00950000 0.00350000 0.00762500
v 0.00950000 0.00450000 0.00762500
v 0.00900000 0.00462500 -0.00150000
v 0.00800000 0.00687500 0.00250000
v 0.00950000 0.00750000 0.00512500
v 0.00950000 0.00800000 0.00462500
v 0.01100000 0.00850000 0.00087500
v 0.00887500 0.00812500 0.00450000
v 0.01000000 0.00868750 0.00150000
v 0.01000000 0.00875000 0.00250000
v 0.01000000 -0.00875000 0.00350000
v 0.01000000 -0.00875000 0.00400000
v 0.01000000 -0.00868750 0.00450000
v 0.00850000 -0.00850000 0.00512500
v 0.00950000 -0.00812500 0.00150000
v 0.01050000 -0.00812500 0.00550000
v 0.01000000 -0.00812500 0.00600000
v 0.01000000 -0.00800000 0.00137500
v 0.01000000 -0.00762500 0.00650000
v 0.00850000 -0.00700000 0.00662500
v 0.01000000 -0.00687500 0.00400000
v 0.01037500 -0.00650000 0.00712500
v 0.01000000 -0.00562500 0.00300000
v 0.01000000 -0.00562500 0.00350000
v 0.01000000 -0.00550000 -0.00112500
v 0.01000000 -0.00500000 -0.00162500
v 0.00800000 -0.00450000 0.00862500
v 0.01050000 -0.00250000 0.00862500
v 0.01000000 -0.00200000 0.00862500
v 0.01000000 -0.00200000 -0.00162500
v 0.01000000 -0.00150000 -0.00212500
v 0.01000000 -0.00150000 0.00812500
v 0.01050000 0.00150000 0.00762500
v 0.00950000 0.00300000 0.00762500
v 0.01000000 0.00400000 0.00762500
v 0.01000000 0.00450000 0.00712500
v 0.01000000 0.00600000 0.00062500
v 0.01000000 0.00687500 0.00250000
v 0.01000000 0.00700000 0.00512500
v 0.01000000 0.00750000 0.00462500
v 0.01000000 0.00800000 0.00462500
v 0.01100000 0.00812500 0.00050000
v 0.01050000 0.00812500 0.00400000
v 0.01000000 0.00812500 0.00450000
v 0.01000000 0.00875000 0.00200000
v 0.01050000 0.00868750 0.00300000
v 0.01050000 -0.00875000 0.00350000
v 0.01050000 -0.00874112 0.00400000
v 0.01050000 -0.00868750 0.00450000
v 0.00900000 -0.00858333 0.00500000
v 0.01050000 -0.00762500 0.00600000
v 0.01050000 -0.00750000 0.00662500
v 0.01000000 -0.00600000 0.00262500
v 0.01000000 -0.00550000 0.00537500
v 0.01050000 -0.00562500 0.00300000
v 0.00950000 -0.00200000 -0.00162500
v 0.01050000 -0.00200000 0.00812500
v 0.01100000 0.00050000 0.00812500
v 0.01050000 0.00100000 0.00812500
v 0.01050000 0.00150000 -0.00262500
v 0.01000000 0.00150000 -0.00262500
v 0.01050000 0.00450000 -0.00262500
v 0.01050000 0.00450000 0.00712500
v 0.01050000 0.00462500 -0.00250000
v 0.01000000 0.00550000 0.00062500
v 0.01050000 0.00512500 0.00150000
v 0.01050000 0.00600000 0.00062500
v 0.01050000 0.00562500 0.00350000
v 0.01050000 0.00600000 0.00387500
v 0.01050000 0.00650000 0.00062500
v 0.01100000 0.00650000 0.00387500
v 0.01050000 0.00612500 0.00600000
v 0.01050000 0.00687500 0.00250000
v 0.01050000 0.00750000 0.00462500
v 0.01050000 0.00858333 0.00100000
v 0.01050000 0.00868750 0.00150000
v 0.01050000 0.00868750 0.00200000
v 0.01050000 0.00870491 0.00250000
v 0.01100000 0.00858333 0.00350000
v 0.01100000 -0.00870492 0.00400000
v 0.01100000 -0.00863388 0.00450000
v 0.01100000 -0.00858333 0.00500000
v 0.01100000 -0.00850000 0.00512500
v 0.00900000 -0.00812500 0.00200000
v 0.01000000 -0.00750000 0.00087500
v 0.01100000 -0.00762500 0.00600000
v 0.01050000 -0.00762500 0.00650000
v 0.01100000 -0.00700000 0.00662500
v 0.01150000 -0.00650000 0.00037500
v 0.01000000 -0.00687500 0.00350000
v 0.01250000 -0.00550000 0.00537500
v 0.01150000 -0.00612500 -0.00000000
v 0.01100000 -0.00550000 -0.00112500
v 0.01100000 -0.00500000 -0.00162500
v 0.01050000 -0.00512500 0.00350000
v 0.00950000 -0.00512500 0.00500000
v 0.00800000 -0.00462500 0.00850000
v 0.01050000 -0.00200000 -0.00212500
v 0.01100000 -0.00200000 0.00812500
v 0.00850000 0.00100000 -0.00212500
v 0.01100000 0.00100000 0.00762500
v 0.01100000 0.00200000 -0.00262500
v 0.01100000 0.00350000 0.00762500
v 0.01100000 0.00400000 -0.00262500
v 0.01050000 0.00400000 0.00762500
v 0.01100000 0.00400000 0.00712500
v 0.01100000 0.00450000 -0.00312500
v 0.01100000 0.00462500 -0.00300000
v 0.01100000 0.00462500 -0.00150000
v 0.01100000 0.00550000 -0.00037500
v 0.01100000 0.00512500 0.00000000
v 0.01100000 0.00500000 -0.00112500
v 0.01100000 0.00562500 0.00350000
v 0.01100000 0.00600000 0.00387500
v 0.01112500 0.00650000 0.00000000
v 0.01100000 0.00612500 0.00550000
v 0.01100000 0.00650000 0.00512500
v 0.01150000 0.00612500 0.00550000
v 0.01100000 0.00687500 0.00050000
v 0.01100000 0.00687500 0.00100000
v 0.01050000 0.00687500 0.00150000
v 0.01100000 0.00687500 0.00300000
v 0.01100000 0.00687500 0.00350000
v 0.01050000 0.00700000 0.00512500
v 0.01100000 0.00700000 -0.00112500
v 0.01112500 0.00750000 0.00250000
v 0.01100000 0.00812500 0.00000000
v 0.01100000 0.00858333 0.00100000
v 0.01100000 0.00858333 0.00150000
v 0.01100000 0.00858333 0.00200000
v 0.01100000 0.00863388 0.00250000
v 0.01100000 0.00866506 0.00300000
v 0.00950000 -0.00868750 0.00300000
v 0.01150000 -0.00868750 0.00400000
v 0.01200000 -0.00700000 0.00087500
v 0.01150000 -0.00650000 0.00712500
v 0.01150000 -0.00600000 -0.00112500
v 0.01200000 -0.00612500 -0.00100000
v 0.01150000 -0.00637500 0.00300000
v 0.01150000 -0.00600000 0.00262500
v 0.01150000 -0.00550000 -0.00162500
v 0.01150000 -0.00562500 0.00300000
v 0.01250000 -0.00300000 0.00862500
v 0.01150000 -0.00300000 0.00862500
v 0.01100000 -0.00250000 0.00862500
v 0.01150000 -0.00200000 -0.00212500
v 0.01150000 -0.00250000 0.00812500
v 0.01000000 0.00100000 -0.00212500
v 0.01150000 0.00100000 0.00762500
v 0.01150000 0.00150000 -0.00212500
v 0.01150000 0.00200000 -0.00212500
v 0.01112500 0.00300000 -0.00250000
v 0.01150000 0.00350000 -0.00162500
v 0.01112500 0.00400000 -0.00250000
v 0.01150000 0.00400000 0.00712500
v 0.01112500 0.00450000 -0.00300000
v 0.01112500 0.00450000 -0.00150000
v 0.01112500 0.00500000 -0.00050000
v 0.01150000 0.00412500 -0.00100000
v 0.01112500 0.00500000 -0.00100000
v 0.01112500 0.00550000 -0.00050000
v 0.01112500 0.00600000 0.00000000
v 0.01112500 0.00600000 0.00400000
v 0.01150000 0.00562500 0.00400000
v 0.01112500 0.00600000 0.00450000
v 0.01150000 0.00562500 0.00450000
v 0.01150000 0.00600000 0.00712500
v 0.01112500 0.00650000 0.00400000
v 0.01150000 0.00600000 0.00487500
v 0.01150000 0.00650000 0.00512500
v 0.01150000 0.00612500 0.00700000
v 0.01112500 0.00700000 0.00050000
v 0.01112500 0.00700000 0.00100000
v 0.01112500 0.00700000 0.00300000
v 0.01112500 0.00700000 0.00350000
v 0.01112500 0.00700000 0.00400000
v 0.01112500 0.00700000 -0.00100000
v 0.01112500 0.00750000 0.00350000
v 0.01150000 0.00700000 0.00512500
v 0.01112500 0.00800000 0.00000000
v 0.01112500 0.00800000 0.00050000
v 0.01112500 0.00750000 0.00150000
v 0.01112500 0.00750000 0.00300000
v 0.01162500 0.00800000 0.00350000
v 0.01150000 0.00850000 0.00362500
v 0.01112500 0.00850000 0.00100000
v 0.01112500 0.00850000 0.00200000
v 0.01162500 0.00800000 0.00300000
v 0.01150000 0.00858333 0.00250000
v 0.01150000 0.00858333 0.00300000
v 0.01150000 0.00858333 0.00350000
v 0.01100000 -0.00875000 0.00350000
v 0.01250000 -0.00750000 0.00087500
v 0.01200000 -0.00650000 0.00037500
v 0.01200000 -0.00650000 0.00662500
v 0.01200000 -0.00637500 0.00250000
v 0.01200000 -0.00550000 -0.00162500
v 0.01200000 -0.00250000 -0.00212500
v 0.01050000 0.00100000 -0.00212500
v 0.01200000 0.00000000 0.00812500
v 0.01200000 0.00050000 -0.00212500
v 0.01150000 0.00050000 0.00812500
v 0.01200000 0.00100000 -0.00212500
v 0.01200000 0.00150000 -0.00262500
v 0.01200000 0.00200000 -0.00212500
v 0.01150000 0.00350000 0.00762500
v 0.01200000 0.00412500 -0.00150000
v 0.01200000 0.00400000 0.00662500
v 0.01162500 0.00450000 0.00700000
v 0.01200000 0.00450000 0.00662500
v 0.01162500 0.00500000 0.00600000
v 0.01200000 0.00462500 0.00600000
v 0.01162500 0.00500000 0.00650000
v 0.01200000 0.00462500 0.00650000
v 0.01100000 0.00512500 0.00200000
v 0.01162500 0.00550000 0.00500000
v 0.01200000 0.00512500 0.00500000
v 0.01162500 0.00550000 0.00550000
v 0.01200000 0.00562500 0.00450000
v 0.01162500 0.00600000 0.00500000
v 0.01162500 0.00600000 0.00550000
v 0.01162500 0.00600000 0.00700000
v 0.01162500 0.00650000 0.00450000
v 0.01162500 0.00650000 0.00500000
v 0.01162500 0.00700000 0.00500000
v 0.01162500 0.00700000 0.00450000
v 0.01162500 0.00850000 0.00250000
v 0.01162500 0.00850000 0.00350000
v 0.01150000 -0.00858333 0.00450000
v 0.01150000 -0.00850000 0.00462500
v 0.01100000 -0.00812500 0.00550000
v 0.01250000 -0.00700000 0.00037500
v 0.01250000 -0.00687500 0.00400000
v 0.01250000 -0.00612500 -0.00150000
v 0.01200000 -0.00600000 0.00212500
v 0.01050000 -0.00250000 -0.00162500
v 0.01300000 -0.00512500 0.00350000
v 0.01250000 -0.00512500 0.00500000
v 0.00550000 -0.00462500 0.00750000
v 0.01181250 -0.00450000 0.00862500
v 0.01250000 -0.00300000 -0.00162500
v 0.01250000 -0.00250000 -0.00212500
v 0.01250000 -0.00250000 0.00812500
v 0.01250000 0.00050000 -0.00262500
v 0.01200000 0.00050000 0.00762500
v 0.01250000 0.00100000 -0.00262500
v 0.01250000 0.00150000 -0.00262500
v 0.01250000 0.00200000 -0.00212500
v 0.01150000 0.00300000 -0.00212500
v 0.01250000 0.00250000 0.00762500
v 0.01250000 0.00300000 0.00712500
v 0.01200000 0.00350000 0.00712500
v 0.01200000 0.00400000 -0.00162500
v 0.01250000 0.00450000 0.00662500
v 0.01450000 0.00512500 0.00000000
v 0.01250000 0.00462500 0.00650000
v 0.01150000 0.00512500 -0.00000000
v 0.01400000 0.00512500 0.00200000
v 0.01300000 0.00512500 0.00500000
v 0.01200000 0.00512500 0.00550000
v 0.01300000 0.00562500 0.00450000
v 0.01125000 -0.00858333 0.00250000
v 0.01350000 -0.00812500 0.00150000
v 0.01200000 -0.00600000 0.00037500
v 0.01300000 -0.00687500 0.00350000
v 0.01350000 -0.00650000 0.00662500
v 0.01200000 -0.00612500 -0.00050000
v 0.01250000 -0.00637500 0.00450000
v 0.01250000 -0.00600000 0.00487500
v 0.01200000 -0.00600000 0.00712500
v 0.01200000 -0.00562500 0.00250000
v 0.01300000 -0.00562500 0.00300000
v 0.01300000 -0.00550000 0.00487500
v 0.01300000 -0.00512500 0.00450000
v 0.01300000 -0.00350000 -0.00162500
v 0.01300000 -0.00300000 -0.00212500
v 0.01300000 -0.00350000 0.00862500
v 0.01300000 -0.00300000 0.00812500
v 0.01250000 0.00000000 -0.00212500
v 0.01300000 -0.00000000 0.00812500
v 0.01300000 0.00000000 -0.00212500
v 0.01300000 0.00050000 -0.00262500
v 0.01300000 0.00050000 0.00762500
v 0.01300000 0.00200000 -0.00262500
v 0.01300000 0.00250000 -0.00212500
v 0.01425000 -0.00850000 0.00237500
v 0.01375000 -0.00858333 0.00450000
v 0.01150000 -0.00700000 0.00662500
v 0.01450000 -0.00687500 0.00350000
v 0.01300000 -0.00637500 0.00400000
v 0.01350000 -0.00600000 0.00712500
v 0.01150000 -0.00250000 -0.00162500
v 0.01200000 -0.00562500 0.00000000
v 0.01350000 -0.00562500 0.00250000
v 0.01400000 -0.00550000 0.00712500
v 0.01200000 -0.00300000 -0.00162500
v 0.01400000 -0.00500000 0.00712500
v 0.01500000 -0.00462500 0.00850000
v 0.01387500 -0.00450000 0.00862500
v 0.01350000 -0.00350000 -0.00162500
v 0.01350000 -0.00300000 -0.00212500
v 0.01350000 -0.00300000 0.00812500
v 0.01350000 0.00000000 -0.00262500
v 0.01350000 -0.00050000 0.00812500
v 0.01350000 -0.00000000 0.00762500
v 0.01400000 0.00300000 -0.00212500
v 0.01400000 0.00350000 -0.00162500
v 0.01300000 0.00462500 0.00600000
v 0.01350000 0.00512500 0.00450000
v 0.01550000 0.00512500 0.00550000
v 0.01100000 0.00562500 0.00250000
v 0.01150000 -0.00812500 0.00500000
v 0.01600000 -0.00812500 0.00550000
v 0.01400000 -0.00600000 0.00662500
v 0.01400000 -0.00462500 0.00750000
v 0.01400000 -0.00400000 0.00862500
v 0.01400000 -0.00400000 -0.00162500
v 0.01400000 -0.00350000 -0.00212500
v 0.01350000 -0.00350000 0.00862500
v 0.01262500 -0.00175000 -0.00212500
v 0.01400000 -0.00350000 0.00812500
v 0.01400000 -0.00000000 0.00762500
v 0.01450000 0.00250000 0.00762500
v 0.01450000 0.00300000 0.00712500
v 0.01400000 0.00562500 0.00250000
v 0.01350000 0.00562500 0.00400000
v 0.01500000 -0.00868750 0.00300000
v 0.01550000 -0.00868750 0.00400000
v 0.01500000 -0.00750000 0.00612500
v 0.01450000 -0.00637500 0.00300000
v 0.01450000 -0.00612500 -0.00050000
v 0.01450000 -0.00600000 0.00037500
v 0.01450000 -0.00637500 0.00450000
v 0.01450000 -0.00600000 0.00487500
v 0.01450000 -0.00562500 0.00000000
v 0.01450000 -0.00600000 0.00662500
v 0.01450000 -0.00550000 0.00712500
v 0.01450000 -0.00500000 0.00662500
v 0.01500000 -0.00400000 -0.00162500
v 0.01550000 -0.00100000 0.00812500
v 0.01450000 -0.00100000 0.00812500
v 0.01450000 -0.00050000 -0.00212500
v 0.01400000 -0.00050000 0.00812500
v 0.01450000 -0.00050000 0.00762500
v 0.01450000 0.00000000 -0.00262500
v 0.01500000 0.00250000 -0.00212500
v 0.01450000 0.00400000 -0.00162500
v 0.01550000 0.00462500 -0.00050000
v 0.01450000 0.00462500 -0.00050000
v 0.01450000 0.00512500 0.00250000
v 0.01450000 0.00562500 0.00300000
v 0.01500000 -0.00875000 0.00350000
v 0.01600000 -0.00858333 0.00450000
v 0.01600000 -0.00850000 0.00462500
v 0.01575000 -0.00812500 0.00200000
v 0.01500000 -0.00700000 0.00662500
v 0.01500000 -0.00687500 0.00300000
v 0.01525000 -0.00612500 -0.00150000
v 0.01500000 -0.00612500 -0.00050000
v 0.01500000 -0.00612500 0.00000000
v 0.01500000 -0.00637500 0.00250000
v 0.01500000 -0.00637500 0.00400000
v 0.01500000 -0.00550000 0.00662500
v 0.01350000 -0.00512500 0.00300000
v 0.01500000 -0.00450000 0.00862500
v 0.01500000 -0.00350000 -0.00212500
v 0.01500000 -0.00350000 0.00812500
v 0.01350000 -0.00050000 -0.00212500
v 0.01500000 -0.00050000 -0.00262500
v 0.01500000 0.00200000 0.00762500
v 0.01600000 0.00412500 -0.00150000
v 0.01300000 0.00400000 0.00662500
v 0.01550000 0.00412500 -0.00100000
v 0.01500000 0.00512500 0.00050000
v 0.01500000 0.00512500 0.00250000
v 0.01550000 0.00512500 0.00450000
v 0.01500000 0.00562500 0.00300000
v 0.01625000 -0.00850000 0.00237500
v 0.01550000 -0.00868750 0.00300000
v 0.01550000 -0.00874112 0.00350000
v 0.01500000 -0.00650000 0.00037500
v 0.01250000 -0.00600000 -0.00162500
v 0.01550000 -0.00612500 -0.00000000
v 0.01550000 -0.00562500 -0.00050000
v 0.01600000 -0.00512500 0.00300000
v 0.01550000 -0.00400000 -0.00212500
v 0.01500000 -0.00400000 0.00862500
v 0.01550000 -0.00400000 0.00812500
v 0.01600000 -0.00150000 0.00812500
v 0.01550000 -0.00100000 -0.00212500
v 0.01550000 -0.00050000 -0.00262500
v 0.01600000 0.00200000 0.00762500
v 0.01500000 0.00250000 0.00712500
v 0.01600000 0.00350000 0.00712500
v 0.01550000 0.00462500 0.00600000
v 0.01600000 0.00512500 0.00350000
v 0.01550000 0.00562500 0.00400000
v 0.01550000 0.00562500 0.00350000
v 0.01600000 -0.00870492 0.00350000
v 0.01600000 -0.00863388 0.00400000
v 0.01600000 -0.00812500 0.00500000
v 0.01550000 -0.00700000 0.00612500
v 0.01550000 -0.00612500 -0.00100000
v 0.01550000 -0.00450000 -0.00162500
v 0.01600000 -0.00600000 0.00212500
v 0.01500000 -0.00550000 0.00487500
v 0.01600000 -0.00450000 -0.00162500
v 0.01450000 -0.00462500 0.00700000
v 0.01550000 -0.00450000 0.00812500
v 0.01600000 -0.00400000 -0.00212500
v 0.01600000 -0.00100000 -0.00262500
v 0.01600000 -0.00100000 0.00762500
v 0.01550000 -0.00050000 0.00762500
v 0.01500000 0.00200000 -0.00262500
v 0.01600000 0.00250000 0.00712500
v 0.01450000 0.00350000 -0.00212500
v 0.01600000 0.00462500 -0.00100000
v 0.01687500 0.00462500 0.00000000
v 0.01500000 0.00462500 0.00000000
v 0.01600000 0.00462500 0.00550000
v 0.01600000 0.00512500 0.00400000
v 0.01600000 0.00512500 0.00500000
v 0.01650000 -0.00762500 0.00550000
v 0.01600000 -0.00762500 0.00600000
v 0.01650000 -0.00650000 0.00037500
v 0.01800000 -0.00687500 0.00300000
v 0.01650000 -0.00600000 -0.00012500
v 0.01650000 -0.00550000 0.00212500
v 0.01650000 -0.00512500 0.00250000
v 0.01650000 -0.00500000 -0.00162500
v 0.01650000 -0.00450000 -0.00212500
v 0.01500000 -0.00100000 -0.00212500
v 0.01700000 -0.00200000 0.00812500
v 0.01650000 -0.00150000 -0.00212500
v 0.01650000 -0.00100000 -0.00262500
v 0.01650000 -0.00100000 0.00762500
v 0.01650000 0.00150000 0.00762500
v 0.01550000 0.00250000 -0.00262500
v 0.01650000 0.00200000 0.00712500
v 0.01650000 0.00350000 0.00662500
v 0.01650000 0.00462500 -0.00050000
v 0.01525000 -0.00858333 0.00250000
v 0.01600000 -0.00868750 0.00300000
v 0.01750000 -0.00750000 0.00612500
v 0.01550000 -0.00650000 0.00662500
v 0.01750000 -0.00500000 -0.00162500
v 0.01550000 -0.00462500 0.00800000
v 0.01700000 -0.00150000 -0.00262500
v 0.01650000 -0.00150000 0.00812500
v 0.01700000 -0.00150000 0.00762500
v 0.01750000 0.00100000 0.00762500
v 0.01700000 0.00150000 0.00762500
v 0.01700000 0.00200000 0.00712500
v 0.02050000 0.00350000 -0.00212500
v 0.01600000 0.00400000 0.00662500
v 0.01650000 0.00412500 -0.00100000
v 0.01700000 0.00412500 -0.00150000
v 0.01700000 0.00462500 -0.00100000
v 0.01950000 0.00512500 0.00500000
v 0.01825000 -0.00850000 0.00237500
v 0.01650000 -0.00868750 0.00350000
v 0.01650000 -0.00858333 0.00400000
v 0.01650000 -0.00850000 0.00412500
v 0.01650000 -0.00812500 0.00450000
v 0.01700000 -0.00700000 0.00037500
v 0.01775000 -0.00600000 -0.00162500
v 0.01800000 -0.00200000 0.00812500
v 0.01800000 -0.00200000 -0.00212500
v 0.01750000 0.00150000 0.00712500
v 0.01750000 0.00412500 0.00650000
v 0.01800000 0.00462500 0.00550000
v 0.01750000 0.00462500 0.00600000
v 0.01950000 -0.00850000 0.00412500
v 0.01750000 -0.00812500 0.00150000
v 0.01650000 -0.00812500 0.00500000
v 0.01800000 -0.00762500 0.00550000
v 0.01750000 -0.00762500 0.00600000
v 0.01900000 -0.00700000 0.00037500
v 0.01700000 -0.00650000 -0.00012500
v 0.01750000 -0.00687500 0.00350000
v 0.01800000 -0.00700000 0.00612500
v 0.01800000 -0.00612500 -0.00100000
v 0.01800000 -0.00637500 0.00250000
v 0.01950000 -0.00550000 0.00212500
v 0.01800000 -0.00550000 -0.00162500
v 0.01800000 -0.00500000 -0.00212500
v 0.01750000 -0.00450000 -0.00212500
v 0.02200000 -0.00462500 0.00700000
v 0.01600000 -0.00150000 -0.00212500
v 0.01800000 -0.00150000 -0.00262500
v 0.01800000 -0.00150000 0.00762500
v 0.01850000 -0.00200000 0.00762500
v 0.01800000 0.00100000 0.00762500
v 0.01650000 0.00300000 0.00712500
v 0.01800000 0.00400000 0.00662500
v 0.01800000 0.00412500 0.00600000
v 0.01800000 0.00412500 0.00650000
v 0.02050000 0.00462500 -0.00000000
v 0.01950000 -0.00858333 0.00400000
v 0.01850000 -0.00650000 0.00662500
v 0.01850000 -0.00612500 -0.00150000
v 0.01850000 -0.00637500 0.00300000
v 0.01850000 -0.00550000 -0.00162500
v 0.01850000 -0.00500000 -0.00212500
v 0.01850000 -0.00250000 0.00812500
v 0.01850000 -0.00200000 -0.00262500
v 0.01687500 0.00250000 -0.00262500
v 0.01850000 0.00050000 0.00762500
v 0.01850000 0.00100000 0.00712500
v 0.01800000 0.00150000 0.00712500
v 0.01550000 0.00300000 -0.00212500
v 0.01850000 0.00350000 0.00662500
v 0.01850000 0.00412500 0.00600000
v 0.01900000 -0.00868750 0.00300000
v 0.01900000 -0.00868750 0.00350000
v 0.01850000 -0.00700000 0.00612500
v 0.01900000 -0.00650000 0.00612500
v 0.02050000 -0.00637500 0.00250000
v 0.01950000 -0.00600000 0.00437500
v 0.01900000 -0.00600000 -0.00162500
v 0.01900000 -0.00550000 -0.00212500
v 0.01800000 -0.00562500 -0.00050000
v 0.01950000 -0.00512500 0.00250000
v 0.01950000 -0.00512500 0.00450000
v 0.01700000 -0.00200000 -0.00212500
v 0.01900000 -0.00250000 -0.00212500
v 0.01900000 -0.00200000 -0.00262500
v 0.01900000 -0.00200000 0.00762500
v 0.01950000 0.00050000 0.00762500
v 0.01900000 0.00300000 0.00712500
v 0.01978125 0.00462500 -0.00100000
v 0.02100000 0.00512500 0.00100000
v 0.01950000 -0.00868750 0.00300000
v 0.01950000 -0.00863388 0.00350000
v 0.01950000 -0.00812500 0.00450000
v 0.01950000 -0.00750000 0.00037500
v 0.01750000 -0.00637500 0.00400000
v 0.01900000 -0.00600000 0.00662500
v 0.01950000 -0.00550000 0.00487500
v 0.01850000 -0.00250000 -0.00212500
v 0.01950000 -0.00300000 0.00812500
v 0.01950000 -0.00250000 -0.00262500
v 0.01900000 -0.00250000 0.00812500
v 0.01950000 -0.00250000 0.00762500
v 0.02050000 -0.00250000 -0.00262500
v 0.01875000 0.00250000 -0.00262500
v 0.01950000 0.00100000 0.00712500
v 0.02000000 0.00300000 -0.00212500
v 0.01950000 0.00300000 0.00662500
v 0.01950000 0.00462500 0.00550000
v 0.02000000 0.00512500 0.00450000
v 0.02000000 -0.00850000 0.00362500
v 0.02050000 -0.00650000 -0.00012500
v 0.01850000 -0.00562500 -0.00100000
v 0.02000000 -0.00600000 0.00212500
v 0.02000000 -0.00550000 -0.00212500
v 0.02100000 -0.00562500 -0.00100000
v 0.02000000 -0.00550000 0.00162500
v 0.02000000 -0.00550000 0.00437500
v 0.01868750 -0.00500000 0.00662500
v 0.02000000 -0.00512500 0.00400000
v 0.01840625 -0.00450000 0.00812500
v 0.02050000 -0.00300000 -0.00212500
v 0.02000000 -0.00000000 0.00762500
v 0.02000000 0.00150000 -0.00262500
v 0.01950000 0.00250000 0.00712500
v 0.02000000 0.00250000 -0.00262500
v 0.01900000 0.00350000 0.00662500
v 0.02000000 0.00462500 0.00500000
v 0.02050000 0.00512500 0.00050000
v 0.02100000 -0.00812500 0.00150000
v 0.02200000 -0.00812500 0.00200000
v 0.02100000 -0.00750000 0.00037500
v 0.01900000 -0.00762500 0.00100000
v 0.02050000 -0.00700000 0.00037500
v 0.02050000 -0.00600000 -0.00212500
v 0.02000000 -0.00612500 -0.00150000
v 0.02050000 -0.00550000 0.00162500
v 0.02050000 -0.00637500 0.00300000
v 0.02150000 -0.00600000 0.00437500
v 0.02050000 -0.00650000 0.00612500
v 0.02050000 -0.00600000 0.00662500
v 0.02000000 -0.00512500 0.00200000
v 0.02200000 -0.00462500 0.00800000
v 0.02075000 -0.00450000 0.00812500
v 0.02050000 -0.00300000 0.00812500
v 0.02050000 -0.00250000 0.00762500
v 0.01800000 0.00250000 -0.00262500
v 0.02100000 0.00000000 0.00762500
v 0.02000000 0.00100000 -0.00262500
v 0.02000000 0.00050000 0.00712500
v 0.02050000 0.00100000 -0.00312500
v 0.02050000 0.00150000 -0.00312500
v 0.02100000 0.00050000 0.00712500
v 0.02050000 0.00200000 -0.00262500
v 0.02150000 0.00300000 0.00662500
v 0.02200000 0.00462500 0.00550000
v 0.02100000 0.00462500 0.00050000
v 0.02200000 0.00512500 0.00400000
v 0.02200000 -0.00850000 0.00237500
v 0.02150000 -0.00868750 0.00300000
v 0.02000000 -0.00858333 0.00350000
v 0.02000000 -0.00812500 0.00400000
v 0.01950000 -0.00762500 0.00050000
v 0.02100000 -0.00762500 0.00100000
v 0.02100000 -0.00700000 -0.00012500
v 0.02100000 -0.00687500 0.00300000
v 0.02050000 -0.00612500 -0.00200000
v 0.02100000 -0.00612500 -0.00150000
v 0.02100000 -0.00637500 0.00200000
v 0.02100000 -0.00600000 0.00162500
v 0.02150000 -0.00637500 0.00400000
v 0.02100000 -0.00550000 0.00662500
v 0.02100000 -0.00350000 0.00812500
v 0.02100000 -0.00300000 -0.00262500
v 0.02100000 -0.00300000 0.00762500
v 0.02150000 -0.00300000 0.00762500
v 0.02050000 0.00300000 -0.00262500
v 0.02150000 0.00300000 -0.00262500
v 0.02150000 -0.00858333 0.00250000
v 0.02200000 -0.00858333 0.00350000
v 0.02150000 -0.00812500 0.00100000
v 0.02200000 -0.00812500 0.00500000
v 0.02150000 -0.00762500 0.00050000
v 0.02200000 -0.00762500 0.00550000
v 0.02150000 -0.00700000 0.00612500
v 0.02150000 -0.00637500 0.00200000
v 0.02150000 -0.00687500 0.00300000
v 0.02200000 -0.00687500 0.00400000
v 0.02200000 -0.00600000 -0.00212500
v 0.02150000 -0.00612500 -0.00200000
v 0.02200000 -0.00600000 -0.00012500
v 0.02150000 -0.00600000 0.00162500
v 0.01950000 -0.00300000 -0.00212500
v 0.02150000 -0.00562500 -0.00150000
v 0.02200000 -0.00550000 0.00162500
v 0.02150000 -0.00550000 0.00437500
v 0.02100000 -0.00600000 0.00612500
v 0.02150000 -0.00512500 0.00400000
v 0.02100000 -0.00350000 -0.00212500
v 0.02200000 -0.00450000 0.00812500
v 0.02150000 -0.00350000 -0.00212500
v 0.02150000 -0.00300000 -0.00262500
v 0.02150000 -0.00350000 0.00812500
v 0.02150000 -0.00050000 0.00762500
v 0.02150000 -0.00000000 -0.00312500
v 0.02150000 -0.00000000 0.00712500
v 0.02150000 0.00250000 0.00712500
v 0.02150000 0.00200000 -0.00262500
v 0.02150000 0.00450000 -0.00112500
v 0.02200000 0.00462500 0.00500000
v 0.02350000 0.00512500 0.00100000
v 0.02200000 -0.00858333 0.00250000
v 0.02200000 -0.00863388 0.00300000
v 0.02200000 -0.00812500 0.00400000
v 0.02200000 -0.00812500 0.00100000
v 0.02200000 -0.00700000 -0.00012500
v 0.02200000 -0.00687500 0.00350000
v 0.02200000 -0.00750000 0.00562500
v 0.02200000 -0.00700000 0.00612500
v 0.02200000 -0.00687500 0.00200000
v 0.02200000 -0.00687500 0.00250000
v 0.02200000 -0.00562500 -0.00150000
v 0.02200000 -0.00562500 -0.00050000
v 0.02200000 -0.00562500 0.00150000
v 0.02200000 -0.00550000 0.00487500
v 0.02200000 -0.00600000 0.00612500
v 0.02200000 -0.00550000 0.00662500
v 0.02250000 -0.00512500 0.00200000
v 0.02200000 -0.00512500 0.00450000
v 0.02200000 -0.00500000 0.00662500
v 0.02200000 -0.00400000 0.00812500
v 0.02200000 -0.00400000 -0.00212500
v 0.02200000 -0.00350000 0.00762500
v 0.02200000 -0.00350000 -0.00262500
v 0.02200000 -0.00050000 0.00762500
v 0.02200000 -0.00050000 -0.00262500
v 0.02200000 -0.00000000 -0.00312500
v 0.02200000 -0.00000000 0.00712500
v 0.02200000 0.00200000 -0.00312500
v 0.02187500 0.00250000 -0.00300000
v 0.02200000 0.00200000 0.00712500
v 0.02187500 0.00300000 -0.00350000
v 0.02200000 0.00300000 -0.00362500
v 0.02187500 0.00300000 -0.00300000
v 0.02187500 0.00400000 -0.00350000
v 0.02187500 0.00400000 -0.00250000
v 0.02187500 0.00450000 -0.00150000
v 0.02200000 0.00350000 0.00662500
v 0.02200000 0.00412500 -0.00350000
v 0.02187500 0.00450000 -0.00200000
v 0.02200000 0.00462500 -0.00100000
v 0.02187500 0.00500000 -0.00150000
v 0.02350000 0.00462500 0.00050000
v 0.02187500 0.00550000 -0.00200000
v 0.02200000 0.00550000 -0.00212500
v 0.02187500 0.00600000 -0.00150000
v 0.02300000 0.00512500 0.00250000
v 0.02250000 0.00512500 0.00350000
v 0.02200000 0.00512500 0.00450000
v 0.02200000 0.00600000 -0.00162500
v 0.02187500 0.00650000 -0.00150000
v 0.02200000 0.00650000 -0.00162500
v 0.02200000 0.00650000 -0.00137500
v 0.02200000 0.00662500 -0.00150000
v 0.02200000 0.00687500 -0.00100000
v 0.02187500 0.00700000 -0.00100000
v 0.02200000 0.00700000 -0.00112500
v 0.02237500 0.00750000 -0.00100000
v 0.02212500 -0.00850000 0.00250000
v 0.02250000 -0.00858333 0.00300000
v 0.02200000 -0.00850000 0.00362500
v 0.02212500 -0.00800000 0.00250000
v 0.02250000 -0.00812500 0.00350000
v 0.02250000 -0.00812500 0.00450000
v 0.02212500 -0.00800000 0.00100000
v 0.02212500 -0.00800000 0.00200000
v 0.02212500 -0.00750000 0.00300000
v 0.02212500 -0.00750000 0.00400000
v 0.02250000 -0.00762500 0.00500000
v 0.02250000 -0.00762500 0.00550000
v 0.02250000 -0.00750000 0.00562500
v 0.02212500 -0.00700000 0.00200000
v 0.02212500 -0.00700000 0.00250000
v 0.02212500 -0.00700000 0.00350000
v 0.02212500 -0.00650000 0.00500000
v 0.02250000 -0.00700000 0.00562500
v 0.02212500 -0.00700000 0.00000000
v 0.02212500 -0.00600000 0.00100000
v 0.02212500 -0.00700000 0.00400000
v 0.02262500 -0.00800000 0.00400000
v 0.02250000 -0.00650000 0.00612500
v 0.02200000 -0.00612500 -0.00200000
v 0.02212500 -0.00600000 -0.00000000
v 0.02212500 -0.00600000 0.00500000
v 0.02262500 -0.00650000 0.00550000
v 0.02250000 -0.00562500 -0.00000000
v 0.02250000 -0.00562500 0.00100000
v 0.02212500 -0.00550000 0.00500000
v 0.02250000 -0.00550000 0.00612500
v 0.02250000 -0.00512500 0.00450000
v 0.02212500 -0.00500000 0.00500000
v 0.02212500 -0.00500000 0.00550000
v 0.02262500 -0.00500000 0.00600000
v 0.02250000 -0.00462500 0.00500000
v 0.02250000 -0.00462500 0.00550000
v 0.02250000 -0.00450000 0.00762500
v 0.02250000 -0.00400000 0.00812500
v 0.02300000 -0.00400000 -0.00212500
v 0.02250000 -0.00350000 0.00762500
v 0.02150000 -0.00050000 -0.00262500
v 0.02250000 -0.00100000 0.00762500
v 0.02250000 -0.00050000 -0.00312500
v 0.02250000 -0.00050000 0.00712500
v 0.02150000 0.00150000 -0.00312500
v 0.02200000 0.00250000 -0.00312500
v 0.02250000 0.00250000 -0.00312500
v 0.02200000 0.00250000 0.00662500
v 0.02250000 0.00300000 -0.00362500
v 0.02200000 0.00400000 -0.00362500
v 0.02250000 0.00400000 0.00662500
v 0.02237500 0.00400000 0.00650000
v 0.02250000 0.00550000 -0.00212500
v 0.02237500 0.00500000 0.00500000
v 0.02237500 0.00500000 0.00550000
v 0.02237500 0.00550000 0.00650000
v 0.02250000 0.00550000 0.00662500
v 0.02237500 0.00500000 -0.00100000
v 0.02250000 0.00550000 -0.00037500
v 0.02237500 0.00550000 -0.00050000
v 0.02250000 0.00512500 0.00300000
v 0.02237500 0.00550000 0.00400000
v 0.02237500 0.00550000 0.00450000
v 0.02237500 0.00550000 0.00500000
v 0.02250000 0.00600000 -0.00162500
v 0.02237500 0.00600000 0.00450000
v 0.02250000 0.00600000 0.00462500
v 0.02250000 0.00562500 0.00500000
v 0.02250000 0.00562500 0.00650000
v 0.02250000 0.00650000 -0.00162500
v 0.02237500 0.00650000 -0.00100000
v 0.02237500 0.00600000 -0.00050000
v 0.02237500 0.00700000 0.00250000
v 0.02287500 0.00600000 0.00300000
v 0.02250000 0.00650000 0.00462500
v 0.02250000 0.00662500 -0.00150000
v 0.02250000 0.00700000 -0.00112500
v 0.02237500 0.00700000 -0.00050000
v 0.02237500 0.00700000 0.00050000
v 0.02237500 0.00700000 0.00100000
v 0.02237500 0.00700000 0.00200000
v 0.02237500 0.00650000 0.00450000
v 0.02250000 0.00750000 -0.00112500
v 0.02237500 0.00750000 -0.00050000
v 0.02250000 0.00762500 -0.00100000
v 0.02250000 0.00762500 -0.00050000
v 0.02237500 0.00800000 0.00000000
v 0.02237500 0.00800000 0.00300000
v 0.02250000 0.00812500 0.00300000
v 0.02250000 0.00812500 0.00000000
v 0.02262500 -0.00850000 0.00300000
v 0.02262500 -0.00800000 0.00300000
v 0.02262500 -0.00800000 0.00350000
v 0.02262500 -0.00800000 0.00450000
v 0.02262500 -0.00750000 0.00500000
v 0.02262500 -0.00750000 0.00550000
v 0.02262500 -0.00700000 0.00550000
v 0.02262500 -0.00650000 0.00600000
v 0.02300000 -0.00562500 0.00100000
v 0.02250000 -0.00562500 0.00150000
v 0.02262500 -0.00550000 0.00550000
v 0.02300000 -0.00512500 0.00150000
v 0.02350000 -0.00462500 0.00500000
v 0.02300000 -0.00462500 0.00600000
v 0.02300000 -0.00350000 -0.00262500
v 0.02300000 -0.00400000 0.00762500
v 0.02400000 -0.00300000 -0.00262500
v 0.02300000 -0.00100000 0.00762500
v 0.02350000 -0.00100000 -0.00262500
v 0.02300000 -0.00050000 0.00712500
v 0.02400000 0.00150000 0.00712500
v 0.02350000 0.00200000 0.00712500
v 0.02300000 0.00200000 -0.00312500
v 0.02300000 0.00250000 -0.00362500
v 0.02300000 0.00500000 0.00662500
v 0.02300000 0.00500000 -0.00037500
v 0.02300000 0.00462500 0.00000000
v 0.02287500 0.00550000 0.00300000
v 0.02300000 0.00550000 0.00287500
v 0.02287500 0.00550000 0.00350000
v 0.02300000 0.00550000 -0.00037500
v 0.02250000 0.00600000 -0.00037500
v 0.02300000 0.00600000 0.00287500
v 0.02300000 0.00637500 0.00050000
v 0.02300000 0.00637500 0.00100000
v 0.02300000 0.00637500 0.00200000
v 0.02300000 0.00637500 0.00250000
v 0.02237500 0.00750000 0.00150000
v 0.02300000 0.00762500 0.00350000
v 0.02300000 0.00750000 -0.00112500
v 0.02300000 0.00812500 0.00300000
v 0.02350000 -0.00512500 0.00450000
v 0.02350000 -0.00450000 -0.00212500
v 0.02350000 -0.00400000 -0.00262500
v 0.02350000 -0.00350000 -0.00262500
v 0.02250000 -0.00100000 -0.00262500
v 0.02350000 -0.00150000 0.00762500
v 0.02350000 -0.00100000 0.00712500
v 0.02350000 -0.00050000 -0.00312500
v 0.02350000 0.00200000 -0.00312500
v 0.02350000 0.00250000 0.00662500
v 0.02350000 0.00250000 -0.00362500
v 0.02200000 0.00412500 -0.00250000
v 0.02400000 0.00512500 0.00250000
v 0.02350000 0.00550000 0.00287500
v 0.02350000 0.00637500 0.00050000
v 0.02350000 0.00587500 0.00250000
v 0.02400000 0.00600000 0.00462500
v 0.02300000 0.00562500 0.00600000
v 0.02300000 0.00600000 -0.00212500
v 0.02300000 0.00650000 -0.00162500
v 0.02350000 0.00637500 0.00150000
v 0.02400000 0.00637500 0.00150000
v 0.02350000 0.00650000 0.00462500
v 0.02350000 0.00700000 0.00412500
v 0.02350000 0.00762500 0.00300000
v 0.02400000 -0.00450000 -0.00212500
v 0.02250000 -0.00462500 0.00750000
v 0.02400000 -0.00400000 -0.00262500
v 0.02387500 -0.00350000 -0.00350000
v 0.02437500 -0.00350000 -0.00400000
v 0.02400000 -0.00362500 -0.00350000
v 0.02400000 -0.00312500 -0.00450000
v 0.02400000 -0.00312500 -0.00400000
v 0.02387500 -0.00350000 -0.00300000
v 0.02387500 -0.00300000 -0.00450000
v 0.02387500 -0.00300000 -0.00400000
v 0.02437500 -0.00300000 -0.00350000
v 0.02400000 -0.00250000 -0.00262500
v 0.02450000 -0.00200000 0.00762500
v 0.02387500 -0.00200000 -0.00550000
v 0.02400000 -0.00200000 -0.00558333
v 0.02387500 -0.00200000 -0.00500000
v 0.02400000 -0.00150000 -0.00558333
v 0.02387500 -0.00150000 -0.00500000
v 0.02387500 -0.00100000 -0.00550000
v 0.02400000 -0.00150000 -0.00262500
v 0.02400000 -0.00100000 -0.00312500
v 0.02450000 -0.00100000 0.00712500
v 0.02387500 -0.00050000 -0.00550000
v 0.02400000 -0.00100000 -0.00558333
v 0.02387500 0.00000000 -0.00550000
v 0.02400000 0.00000000 -0.00558333
v 0.02387500 0.00000000 -0.00500000
v 0.02400000 0.00012500 -0.00550000
v 0.02387500 0.00050000 -0.00500000
v 0.02400000 0.00050000 -0.00512500
v 0.02437500 0.00100000 -0.00500000
v 0.02400000 0.00100000 -0.00312500
v 0.02400000 0.00150000 -0.00312500
v 0.02400000 0.00200000 -0.00362500
v 0.02400000 0.00187500 -0.00350000
v 0.02400000 0.00200000 0.00662500
v 0.02200000 0.00450000 -0.00212500
v 0.02400000 0.00500000 0.00662500
v 0.02400000 0.00500000 -0.00037500
v 0.02400000 0.00462500 0.00100000
v 0.02350000 0.00550000 -0.00037500
v 0.02400000 0.00512500 0.00150000
v 0.02450000 0.00512500 0.00200000
v 0.02400000 0.00550000 0.00287500
v 0.02400000 0.00637500 0.00100000
v 0.02400000 0.00587500 0.00200000
v 0.02400000 0.00587500 0.00250000
v 0.02250000 -0.00550000 -0.00212500
v 0.02450000 -0.00500000 -0.00212500
v 0.02450000 -0.00450000 -0.00262500
v 0.02400000 -0.00462500 0.00450000
v 0.02437500 -0.00300000 -0.00300000
v 0.02450000 -0.00200000 -0.00558333
v 0.02437500 -0.00200000 -0.00450000
v 0.02450000 -0.00200000 -0.00337500
v 0.02487500 -0.00200000 -0.00300000
v 0.02450000 -0.00200000 -0.00262500
v 0.02450000 -0.00150000 -0.00566506
v 0.02437500 -0.00150000 -0.00450000
v 0.02437500 -0.00250000 -0.00300000
v 0.02450000 -0.00150000 -0.00387500
v 0.02450000 -0.00150000 -0.00262500
v 0.02450000 -0.00150000 0.00762500
v 0.02450000 -0.00100000 -0.00563388
v 0.02437500 -0.00100000 -0.00500000
v 0.02437500 -0.00100000 -0.00450000
v 0.02450000 -0.00050000 -0.00563388
v 0.02437500 -0.00050000 -0.00500000
v 0.02450000 0.00000000 -0.00558333
v 0.02437500 -0.00000000 -0.00450000
v 0.02437500 -0.00000000 -0.00400000
v 0.02450000 0.00000000 -0.00312500
v 0.02450000 0.00012500 -0.00550000
v 0.02450000 0.00050000 -0.00512500
v 0.02437500 0.00050000 -0.00450000
v 0.02437500 0.00050000 -0.00400000
v 0.02450000 0.00050000 -0.00312500
v 0.02437500 0.00100000 -0.00350000
v 0.02450000 0.00100000 -0.00512500
v 0.02437500 0.00150000 -0.00450000
v 0.02437500 0.00150000 -0.00400000
v 0.02437500 0.00150000 -0.00350000
v 0.02450000 0.00162500 -0.00450000
v 0.02500000 0.00200000 0.00662500
v 0.02450000 0.00250000 0.00662500
v 0.02450000 0.00350000 0.00662500
v 0.02650000 0.00462500 -0.00000000
v 0.02650000 0.00462500 0.00100000
v 0.02450000 0.00450000 0.00662500
v 0.02450000 0.00500000 0.00612500
v 0.02412500 0.00762500 -0.00100000
v 0.02250000 -0.00562500 -0.00200000
v 0.02500000 -0.00500000 -0.00212500
v 0.02400000 -0.00512500 0.00400000
v 0.02500000 -0.00450000 -0.00262500
v 0.02650000 -0.00462500 0.00450000
v 0.02500000 -0.00450000 0.00762500
v 0.02450000 -0.00362500 -0.00400000
v 0.02400000 -0.00362500 -0.00300000
v 0.02450000 -0.00312500 -0.00450000
v 0.02500000 -0.00150000 -0.00568750
v 0.02500000 -0.00187500 -0.00350000
v 0.02500000 -0.00150000 -0.00387500
v 0.02487500 -0.00150000 -0.00300000
v 0.02500000 -0.00150000 -0.00312500
v 0.02487500 -0.00150000 0.00800000
v 0.02487500 -0.00200000 0.00800000
v 0.02500000 -0.00100000 -0.00570492
v 0.02500000 -0.00100000 -0.00387500
v 0.02450000 -0.00100000 -0.00312500
v 0.02487500 -0.00100000 0.00750000
v 0.02487500 -0.00100000 0.00800000
v 0.02500000 -0.00050000 0.00962500
v 0.02500000 -0.00050000 -0.00570492
v 0.02437500 -0.00050000 -0.00450000
v 0.02500000 -0.00050000 -0.00312500
v 0.02487500 -0.00050000 0.00850000
v 0.02487500 -0.00050000 0.00950000
v 0.02500000 0.00000000 -0.00563388
v 0.02487500 0.00000000 -0.00350000
v 0.02487500 -0.00000000 0.00850000
v 0.02500000 0.00050000 -0.00558333
v 0.02487500 0.00050000 -0.00350000
v 0.02487500 0.00050000 0.00900000
v 0.02487500 0.00100000 0.00900000
v 0.02487500 0.00200000 0.00950000
v 0.02500000 0.00150000 0.00712500
v 0.02487500 0.00150000 0.00850000
v 0.02537500 0.00150000 0.00800000
v 0.02487500 0.00250000 0.00700000
v 0.02487500 0.00250000 0.00800000
v 0.02487500 0.00200000 0.00850000
v 0.02500000 0.00200000 0.00962500
v 0.02487500 0.00300000 0.00800000
v 0.02487500 0.00300000 0.00850000
v 0.02500000 0.00312500 0.00850000
v 0.02487500 0.00350000 0.00700000
v 0.02487500 0.00350000 0.00750000
v 0.02500000 0.00312500 0.00800000
v 0.02500000 0.00362500 0.00700000
v 0.02500000 0.00400000 0.00662500
v 0.02481250 0.00412500 -0.00350000
v 0.02500000 0.00500000 0.00612500
v 0.02450000 0.00550000 0.00237500
v 0.02400000 0.00550000 0.00612500
v 0.02450000 0.00587500 0.00200000
v 0.02400000 0.00650000 0.00412500
v 0.02550000 -0.00512500 0.00150000
v 0.02550000 -0.00550000 -0.00212500
v 0.02550000 -0.00500000 -0.00262500
v 0.02550000 -0.00462500 0.00700000
v 0.02500000 -0.00462500 0.00750000
v 0.02550000 -0.00250000 -0.00512500
v 0.02500000 -0.00250000 0.00762500
v 0.02550000 -0.00150000 -0.00568750
v 0.02550000 -0.00100000 -0.00575000
v 0.02550000 -0.00137500 -0.00350000
v 0.02550000 -0.00100000 -0.00387500
v 0.02550000 -0.00100000 -0.00312500
v 0.02550000 -0.00050000 -0.00574112
v 0.02537500 -0.00050000 0.00750000
v 0.02537500 -0.00050000 0.00800000
v 0.02550000 0.00000000 -0.00568750
v 0.02500000 -0.00012500 -0.00350000
v 0.02537500 0.00050000 0.00850000
v 0.02500000 0.00100000 -0.00512500
v 0.02537500 0.00000000 0.00800000
v 0.02550000 -0.00000000 0.00787500
v 0.02537500 0.00100000 0.00850000
v 0.02550000 0.00100000 0.00712500
v 0.02550000 0.00150000 0.00662500
v 0.02450000 0.00162500 -0.00400000
v 0.02550000 0.00187500 0.00700000
v 0.02537500 0.00200000 0.00750000
v 0.02537500 0.00200000 0.00800000
v 0.02550000 0.00200000 0.00912500
v 0.02500000 0.00362500 0.00750000
v 0.02500000 0.00450000 0.00662500
v 0.02550000 0.00450000 0.00612500
v 0.02700000 0.00562500 0.00500000
v 0.02300000 0.00700000 -0.00162500
v 0.02750000 0.00762500 -0.00100000
v 0.02350000 0.00812500 0.00250000
v 0.02600000 -0.00562500 0.00050000
v 0.02550000 -0.00562500 0.00100000
v 0.02650000 -0.00562500 -0.00200000
v 0.02600000 -0.00512500 0.00100000
v 0.02600000 -0.00300000 -0.00512500
v 0.02650000 -0.00250000 -0.00512500
v 0.02500000 -0.00200000 -0.00558333
v 0.02400000 -0.00212500 -0.00550000
v 0.02600000 -0.00100000 -0.00575000
v 0.02650000 -0.00100000 -0.00387500
v 0.02650000 -0.00100000 -0.00312500
v 0.02600000 -0.00050000 -0.00575000
v 0.02500000 -0.00050000 -0.00387500
v 0.02600000 -0.00050000 0.00962500
v 0.02600000 0.00012500 0.00750000
v 0.02750000 0.00050000 -0.00558333
v 0.02600000 0.00050000 0.00712500
v 0.02600000 0.00050000 0.00787500
v 0.02500000 0.00062500 -0.00550000
v 0.02600000 0.00100000 0.00712500
v 0.02550000 0.00150000 0.00787500
v 0.02600000 0.00150000 0.00662500
v 0.02550000 0.00187500 0.00750000
v 0.02450000 0.00200000 -0.00362500
v 0.02550000 0.00400000 0.00662500
v 0.02700000 0.00450000 -0.00212500
v 0.02650000 0.00450000 0.00612500
v 0.02600000 0.00500000 -0.00037500
v 0.02650000 0.00512500 0.00200000
v 0.02587500 0.00550000 0.00612500
v 0.02706250 0.00562500 0.00600000
v 0.02600000 0.00700000 0.00412500
v 0.02600000 0.00762500 0.00350000
v 0.02750000 0.00812500 0.00000000
v 0.02750000 0.00812500 0.00200000
v 0.02650000 -0.00500000 -0.00262500
v 0.02650000 -0.00512500 0.00400000
v 0.02550000 -0.00400000 0.00762500
v 0.02550000 -0.00312500 -0.00450000
v 0.02650000 -0.00200000 -0.00558333
v 0.02650000 -0.00212500 -0.00550000
v 0.02650000 -0.00150000 -0.00568750
v 0.02600000 -0.00100000 0.00912500
v 0.02650000 -0.00100000 -0.00575000
v 0.02650000 -0.00137500 -0.00350000
v 0.02650000 -0.00050000 -0.00575000
v 0.02650000 -0.00050000 0.00912500
v 0.02650000 0.00000000 -0.00568750
v 0.02700000 0.00012500 0.00750000
v 0.02650000 0.00050000 0.00712500
v 0.02650000 0.00100000 0.00662500
v 0.02650000 0.00050000 0.00787500
v 0.02600000 0.00187500 0.00700000
v 0.02800000 0.00162500 -0.00400000
v 0.02650000 0.00362500 0.00700000
v 0.02650000 0.00512500 0.00150000
v 0.02700000 0.00600000 -0.00212500
v 0.02650000 0.00550000 0.00237500
v 0.02700000 0.00650000 -0.00162500
v 0.02600000 0.00637500 0.00100000
v 0.02650000 0.00637500 0.00100000
v 0.02650000 0.00637500 0.00150000
v 0.02700000 0.00650000 0.00412500
v 0.02650000 0.00650000 0.00412500
v 0.02650000 0.00762500 0.00300000
v 0.02700000 -0.00550000 -0.00262500
v 0.02750000 -0.00512500 0.00100000
v 0.02700000 -0.00512500 0.00350000
v 0.02700000 -0.00462500 0.00400000
v 0.02750000 -0.00462500 0.00700000
v 0.02700000 -0.00362500 -0.00400000
v 0.02700000 -0.00300000 -0.00512500
v 0.02600000 -0.00312500 -0.00500000
v 0.02700000 -0.00312500 -0.00450000
v 0.02700000 -0.00300000 0.00762500
v 0.02700000 -0.00250000 -0.00558333
v 0.02700000 -0.00262500 -0.00550000
v 0.02650000 -0.00250000 0.00762500
v 0.02700000 -0.00250000 0.00712500
v 0.02700000 -0.00200000 -0.00563388
v 0.02700000 -0.00212500 0.00750000
v 0.02700000 -0.00150000 -0.00570492
v 0.02700000 -0.00187500 -0.00350000
v 0.02700000 -0.00150000 -0.00312500
v 0.02700000 -0.00100000 -0.00574112
v 0.02700000 -0.00050000 -0.00574112
v 0.02700000 0.00000000 -0.00568750
v 0.02750000 0.00050000 0.00787500
v 0.02700000 0.00100000 0.00662500
v 0.02800000 0.00162500 -0.00450000
v 0.02650000 0.00137500 0.00700000
v 0.02800000 0.00200000 -0.00362500
v 0.02850000 0.00200000 0.00912500
v 0.02700000 0.00362500 0.00650000
v 0.02800000 0.00412500 -0.00350000
v 0.02700000 0.00412500 -0.00250000
v 0.02650000 0.00500000 -0.00037500
v 0.02650000 0.00550000 -0.00037500
v 0.02700000 0.00637500 0.00000000
v 0.02700000 0.00637500 0.00050000
v 0.02700000 0.00637500 0.00150000
v 0.02712500 0.00700000 0.00100000
v 0.02700000 0.00762500 0.00300000
v 0.02646875 -0.00400000 -0.00262500
v 0.02800000 -0.00462500 0.00400000
v 0.02750000 -0.00362500 -0.00450000
v 0.02800000 -0.00362500 -0.00300000
v 0.02750000 -0.00312500 -0.00500000
v 0.02750000 -0.00250000 -0.00558333
v 0.02800000 -0.00250000 0.00712500
v 0.02750000 -0.00200000 -0.00568750
v 0.02750000 -0.00187500 -0.00400000
v 0.02750000 -0.00187500 -0.00350000
v 0.02750000 -0.00150000 -0.00312500
v 0.02650000 -0.00212500 0.00800000
v 0.02750000 -0.00150000 -0.00568750
v 0.02700000 -0.00150000 -0.00387500
v 0.02700000 -0.00050000 -0.00312500
v 0.02750000 -0.00050000 -0.00568750
v 0.02700000 -0.00050000 -0.00387500
v 0.02750000 0.00000000 -0.00568750
v 0.02700000 -0.00012500 -0.00350000
v 0.02750000 0.00037500 -0.00350000
v 0.02650000 0.00000000 0.00962500
v 0.02750000 0.00012500 0.00700000
v 0.02750000 0.00050000 0.00662500
v 0.02800000 0.00012500 0.00750000
v 0.02750000 0.00100000 0.00662500
v 0.02550000 0.00150000 0.00962500
v 0.02500000 0.00250000 0.00912500
v 0.02750000 0.00312500 0.00800000
v 0.02700000 0.00400000 0.00612500
v 0.02750000 0.00412500 -0.00200000
v 0.02712500 0.00450000 -0.00150000
v 0.02712500 0.00500000 -0.00100000
v 0.02750000 0.00462500 -0.00100000
v 0.02712500 0.00450000 -0.00200000
v 0.02850000 0.00550000 0.00612500
v 0.02712500 0.00600000 -0.00200000
v 0.02712500 0.00550000 -0.00100000
v 0.02700000 0.00637500 0.00200000
v 0.02750000 0.00562500 0.00450000
v 0.02750000 0.00600000 0.00412500
v 0.02750000 0.00562500 0.00500000
v 0.02712500 0.00650000 -0.00150000
v 0.02712500 0.00650000 -0.00050000
v 0.02712500 0.00650000 0.00000000
v 0.02712500 0.00650000 0.00050000
v 0.02712500 0.00650000 0.00150000
v 0.02712500 0.00650000 0.00200000
v 0.02750000 0.00700000 -0.00162500
v 0.02712500 0.00700000 0.00150000
v 0.02750000 0.00650000 0.00412500
v 0.02712500 0.00700000 0.00000000
v 0.02750000 0.00762500 0.00300000
v 0.02750000 0.00762500 -0.00050000
v 0.02750000 0.00762500 0.00250000
v 0.02700000 0.00812500 0.00250000
v 0.02700000 -0.00562500 -0.00250000
v 0.02800000 -0.00562500 0.00000000
v 0.02750000 -0.00562500 0.00050000
v 0.02800000 -0.00512500 0.00350000
v 0.02800000 -0.00462500 0.00650000
v 0.02800000 -0.00412500 0.00700000
v 0.02800000 -0.00362500 -0.00450000
v 0.02800000 -0.00300000 0.00762500
v 0.02800000 -0.00262500 -0.00550000
v 0.02762500 -0.00250000 -0.00350000
v 0.02800000 -0.00250000 -0.00312500
v 0.02762500 -0.00200000 -0.00400000
v 0.02762500 -0.00200000 -0.00350000
v 0.02800000 -0.00250000 -0.00558333
v 0.02850000 -0.00112500 0.00900000
v 0.02812500 -0.00050000 -0.00500000
v 0.02800000 0.00000000 -0.00558333
v 0.02800000 0.00037500 -0.00400000
v 0.02800000 0.00050000 -0.00558333
v 0.02850000 0.00037500 -0.00350000
v 0.02850000 0.00012500 0.00700000
v 0.02800000 0.00050000 0.00787500
v 0.02800000 0.00062500 -0.00550000
v 0.02850000 0.00150000 0.00787500
v 0.02750000 0.00137500 0.00700000
v 0.02800000 0.00150000 0.00662500
v 0.02850000 0.00150000 0.00962500
v 0.02800000 0.00250000 0.00912500
v 0.02800000 0.00312500 0.00850000
v 0.02800000 0.00400000 -0.00362500
v 0.02750000 0.00362500 0.00750000
v 0.02850000 0.00312500 0.00800000
v 0.02850000 0.00400000 0.00612500
v 0.02700000 0.00462500 0.00150000
v 0.02700000 0.00512500 0.00200000
v 0.02762500 0.00550000 0.00450000
v 0.02800000 0.00512500 0.00350000
v 0.02800000 0.00512500 0.00500000
v 0.02762500 0.00600000 0.00400000
v 0.02800000 0.00562500 0.00550000
v 0.02762500 0.00550000 0.00350000
v 0.02762500 0.00650000 0.00400000
v 0.02762500 0.00700000 -0.00150000
v 0.02762500 0.00700000 -0.00050000
v 0.02762500 0.00750000 -0.00100000
v 0.02762500 0.00750000 -0.00050000
v 0.02762500 0.00750000 -0.00000000
v 0.02762500 0.00750000 0.00150000
v 0.02762500 0.00750000 0.00250000
v 0.02762500 0.00750000 0.00300000
v 0.02762500 0.00800000 0.00000000
v 0.02762500 0.00800000 0.00200000
v 0.02900000 -0.00550000 -0.00262500
v 0.02850000 -0.00562500 -0.00100000
v 0.02800000 -0.00562500 -0.00050000
v 0.02900000 -0.00512500 -0.00100000
v 0.02850000 -0.00512500 0.00000000
v 0.02800000 -0.00512500 0.00300000
v 0.02850000 -0.00462500 0.00300000
v 0.02850000 -0.00462500 0.00350000
v 0.02850000 -0.00462500 0.00650000
v 0.02850000 -0.00412500 0.00700000
v 0.02750000 -0.00412500 0.00750000
v 0.02812500 -0.00350000 -0.00450000
v 0.02812500 -0.00350000 -0.00300000
v 0.02850000 -0.00300000 -0.00312500
v 0.02850000 -0.00350000 0.00762500
v 0.02850000 -0.00300000 0.00712500
v 0.02812500 -0.00300000 -0.00350000
v 0.02850000 -0.00250000 0.00712500
v 0.02812500 -0.00250000 -0.00550000
v 0.02850000 -0.00212500 0.00750000
v 0.02812500 -0.00150000 -0.00500000
v 0.02850000 -0.00212500 0.00800000
v 0.02812500 -0.00050000 0.00750000
v 0.02850000 -0.00050000 0.00712500
v 0.02862500 -0.00050000 0.00800000
v 0.02850000 0.00000000 -0.00312500
v 0.02812500 0.00000000 0.00750000
v 0.02900000 -0.00000000 0.00962500
v 0.02812500 0.00050000 -0.00550000
v 0.02812500 0.00050000 -0.00400000
v 0.02850000 0.00050000 0.00662500
v 0.02812500 0.00150000 -0.00450000
v 0.02850000 0.00050000 -0.00362500
v 0.02850000 0.00150000 0.00662500
v 0.02850000 0.00100000 0.00787500
v 0.02812500 0.00150000 -0.00400000
v 0.02800000 0.00187500 0.00700000
v 0.02850000 0.00187500 0.00700000
v 0.02850000 0.00187500 0.00750000
v 0.02850000 0.00362500 0.00650000
v 0.02850000 0.00412500 -0.00300000
v 0.02750000 0.00412500 -0.00150000
v 0.02900000 0.00450000 -0.00112500
v 0.02900000 0.00512500 0.00400000
v 0.02850000 0.00512500 0.00500000
v 0.02850000 0.00562500 0.00550000
v 0.02850000 0.00562500 0.00600000
v 0.02900000 -0.00562500 -0.00250000
v 0.02900000 -0.00562500 -0.00200000
v 0.02850000 -0.00562500 -0.00150000
v 0.02950000 -0.00512500 -0.00200000
v 0.02800000 -0.00400000 -0.00262500
v 0.02900000 -0.00512500 -0.00150000
v 0.02850000 -0.00512500 -0.00050000
v 0.02900000 -0.00512500 0.00200000
v 0.02950000 -0.00462500 0.00250000
v 0.02850000 -0.00462500 0.00600000
v 0.02950000 -0.00412500 0.00550000
v 0.02850000 -0.00350000 -0.00262500
v 0.02900000 -0.00412500 0.00600000
v 0.02900000 -0.00412500 0.00650000
v 0.02950000 -0.00350000 -0.00262500
v 0.02950000 -0.00300000 0.00712500
v 0.02800000 -0.00200000 -0.00312500
v 0.02900000 -0.00200000 0.00712500
v 0.02862500 -0.00200000 0.00800000
v 0.02750000 -0.00000000 -0.00312500
v 0.02862500 -0.00200000 0.00750000
v 0.02862500 -0.00150000 0.00850000
v 0.02862500 -0.00100000 0.00750000
v 0.02862500 -0.00100000 0.00800000
v 0.02900000 -0.00112500 0.00850000
v 0.02900000 -0.00112500 0.00900000
v 0.02900000 -0.00100000 0.00912500
v 0.02900000 -0.00050000 0.00712500
v 0.02912500 -0.00050000 0.00900000
v 0.02850000 0.00000000 0.00712500
v 0.02900000 -0.00000000 0.00662500
v 0.02862500 0.00000000 0.00800000
v 0.02862500 -0.00050000 0.00850000
v 0.02900000 -0.00050000 0.00912500
v 0.02862500 0.00050000 0.00850000
v 0.02850000 0.00150000 -0.00362500
v 0.02862500 0.00100000 0.00800000
v 0.02862500 0.00150000 0.00800000
v 0.02862500 0.00150000 0.00850000
v 0.02900000 0.00100000 0.00962500
v 0.02900000 0.00150000 0.00912500
v 0.02862500 0.00200000 0.00700000
v 0.02900000 0.00200000 0.00662500
v 0.02862500 0.00200000 0.00800000
v 0.02900000 0.00250000 0.00662500
v 0.02862500 0.00250000 0.00700000
v 0.02862500 0.00200000 0.00750000
v 0.02912500 0.00250000 0.00800000
v 0.02900000 0.00200000 0.00912500
v 0.02900000 0.00287500 0.00700000
v 0.02900000 0.00312500 0.00800000
v 0.02900000 0.00312500 0.00650000
v 0.02850000 0.00362500 -0.00350000
v 0.02900000 0.00362500 -0.00300000
v 0.02850000 0.00412500 -0.00250000
v 0.02900000 0.00362500 -0.00250000
v 0.02900000 0.00412500 -0.00150000
v 0.02950000 0.00462500 0.00150000
v 0.02950000 0.00512500 0.00300000
v 0.02900000 0.00512500 0.00350000
v 0.02950000 0.00512500 0.00500000
v 0.02900000 0.00512500 0.00550000
v 0.02900000 0.00512500 0.00600000
v 0.02950000 -0.00512500 -0.00000000
v 0.02950000 -0.00462500 0.00050000
v 0.02900000 -0.00512500 0.00050000
v 0.03000000 -0.00450000 -0.00262500
v 0.02950000 -0.00462500 0.00200000
v 0.02900000 -0.00462500 0.00450000
v 0.02900000 -0.00462500 0.00550000
v 0.02950000 -0.00412500 0.00450000
v 0.02950000 -0.00412500 0.00750000
v 0.02950000 -0.00400000 0.00762500
v 0.02950000 -0.00350000 0.00762500
v 0.02900000 -0.00050000 -0.00312500
v 0.02900000 -0.00100000 0.00712500
v 0.02912500 -0.00100000 0.00850000
v 0.02912500 -0.00100000 0.00900000
v 0.02900000 -0.00000000 -0.00362500
v 0.03000000 -0.00050000 -0.00312500
v 0.02931250 0.00137500 -0.00362500
v 0.02912500 0.00000000 0.00950000
v 0.02912500 0.00100000 0.00950000
v 0.02912500 0.00150000 0.00900000
v 0.02912500 0.00200000 0.00900000
v 0.02950000 0.00250000 0.00662500
v 0.02912500 0.00250000 0.00750000
v 0.02912500 0.00300000 0.00650000
v 0.02950000 0.00300000 0.00612500
v 0.02912500 0.00300000 0.00700000
v 0.02912500 0.00300000 0.00800000
v 0.02900000 0.00412500 -0.00200000
v 0.02950000 0.00362500 -0.00200000
v 0.02950000 0.00362500 -0.00150000
v 0.02950000 0.00400000 -0.00112500
v 0.02900000 0.00500000 0.00612500
v 0.02950000 0.00512500 0.00200000
v 0.02950000 0.00462500 0.00350000
v 0.02950000 0.00462500 0.00400000
v 0.02950000 0.00512500 0.00450000
v 0.03000000 0.00512500 0.00600000
v 0.03000000 -0.00462500 -0.00250000
v 0.03000000 -0.00462500 0.00200000
v 0.02950000 -0.00462500 0.00400000
v 0.03000000 -0.00412500 0.00250000
v 0.03000000 -0.00412500 0.00600000
v 0.02950000 -0.00412500 0.00650000
v 0.02962500 -0.00400000 0.00700000
v 0.02962500 -0.00400000 0.00750000
v 0.03000000 -0.00400000 -0.00262500
v 0.03000000 -0.00350000 -0.00312500
v 0.03000000 -0.00362500 0.00650000
v 0.03000000 -0.00362500 0.00700000
v 0.03000000 -0.00350000 0.00712500
v 0.02962500 -0.00350000 0.00750000
v 0.02950000 -0.00300000 -0.00312500
v 0.03000000 -0.00050000 0.00712500
v 0.03000000 -0.00000000 -0.00362500
v 0.03000000 0.00000000 0.00662500
v 0.02850000 0.00350000 -0.00362500
v 0.03000000 0.00250000 0.00662500
v 0.02950000 0.00350000 -0.00362500
v 0.03000000 0.00300000 0.00612500
v 0.02950000 0.00362500 -0.00250000
v 0.03000000 0.00362500 -0.00200000
v 0.03050000 0.00462500 -0.00100000
v 0.03000000 0.00462500 0.00350000
v 0.03000000 0.00462500 0.00450000
v 0.03000000 0.00462500 0.00500000
v 0.03000000 0.00500000 0.00612500
v 0.03000000 0.00512500 0.00550000
v 0.03050000 -0.00450000 -0.00262500
v 0.03050000 -0.00462500 -0.00250000
v 0.03050000 -0.00462500 -0.00150000
v 0.03100000 -0.00400000 -0.00262500
v 0.03000000 -0.00462500 0.00000000
v 0.03050000 -0.00412500 0.00200000
v 0.03050000 -0.00412500 0.00300000
v 0.03000000 -0.00412500 0.00350000
v 0.03100000 -0.00362500 0.00300000
v 0.03050000 -0.00362500 0.00350000
v 0.03050000 -0.00050000 -0.00362500
v 0.03050000 -0.00100000 0.00712500
v 0.03050000 -0.00050000 0.00662500
v 0.02950000 0.00362500 -0.00350000
v 0.03000000 0.00362500 -0.00150000
v 0.03000000 0.00400000 -0.00112500
v 0.03150000 0.00250000 0.00612500
v 0.03050000 0.00400000 -0.00112500
v 0.03050000 0.00450000 -0.00112500
v 0.03100000 0.00362500 0.00350000
v 0.03050000 0.00412500 0.00400000
v 0.03050000 0.00412500 0.00450000
v 0.03050000 0.00462500 0.00500000
v 0.03062500 -0.00450000 -0.00150000
v 0.03062500 -0.00450000 -0.00250000
v 0.03112500 -0.00400000 -0.00250000
v 0.03000000 -0.00462500 -0.00100000
v 0.03100000 -0.00350000 -0.00312500
v 0.03062500 -0.00400000 -0.00200000
v 0.03100000 -0.00362500 0.00350000
v 0.03050000 -0.00362500 0.00600000
v 0.03000000 -0.00412500 0.00400000
v 0.03050000 -0.00362500 0.00700000
v 0.03050000 -0.00350000 0.00712500
v 0.03050000 -0.00100000 -0.00312500
v 0.03100000 -0.00100000 -0.00312500
v 0.03100000 -0.00100000 0.00712500
v 0.03100000 -0.00050000 -0.00362500
v 0.03100000 -0.00050000 0.00662500
v 0.03100000 0.00150000 -0.00362500
v 0.03100000 0.00200000 -0.00362500
v 0.03050000 0.00200000 0.00662500
v 0.03112500 0.00200000 -0.00350000
v 0.03112500 0.00200000 -0.00250000
v 0.03050000 0.00250000 0.00612500
v 0.03112500 0.00250000 -0.00150000
v 0.03087500 0.00400000 -0.00150000
v 0.03100000 0.00400000 -0.00162500
v 0.03100000 0.00400000 0.00312500
v 0.03100000 0.00362500 0.00400000
v 0.03100000 0.00412500 -0.00150000
v 0.03100000 0.00412500 -0.00100000
v 0.03100000 0.00412500 0.00450000
v 0.03100000 0.00412500 0.00500000
v 0.03050000 0.00462500 0.00550000
v 0.03162500 0.00350000 0.00600000
v 0.03200000 0.00462500 0.00200000
v 0.03000000 0.00462500 0.00200000
v 0.03112500 -0.00350000 0.00150000
v 0.03112500 -0.00350000 0.00350000
v 0.03150000 -0.00300000 -0.00312500
v 0.03112500 -0.00350000 -0.00300000
v 0.03112500 -0.00350000 -0.00200000
v 0.03062500 -0.00400000 -0.00100000
v 0.03162500 -0.00300000 0.00150000
v 0.03112500 -0.00300000 0.00200000
v 0.03112500 -0.00300000 0.00400000
v 0.03050000 -0.00362500 0.00400000
v 0.03150000 -0.00250000 0.00712500
v 0.03150000 -0.00200000 0.00712500
v 0.03150000 -0.00150000 0.00712500
v 0.03150000 -0.00150000 -0.00312500
v 0.03150000 -0.00100000 -0.00362500
v 0.03150000 -0.00100000 0.00662500
v 0.03150000 0.00100000 -0.00362500
v 0.03112500 0.00150000 -0.00350000
v 0.03112500 0.00150000 -0.00300000
v 0.03150000 0.00200000 0.00662500
v 0.03162500 0.00150000 -0.00250000
v 0.03112500 0.00200000 -0.00150000
v 0.03150000 0.00200000 -0.00112500
v 0.03112500 0.00250000 -0.00200000
v 0.03150000 0.00250000 -0.00112500
v 0.03100000 0.00350000 -0.00112500
v 0.03150000 0.00350000 -0.00112500
v 0.03112500 0.00350000 0.00400000
v 0.03150000 0.00350000 0.00362500
v 0.03112500 0.00350000 0.00450000
v 0.03200000 0.00300000 0.00612500
v 0.03150000 0.00400000 -0.00162500
v 0.03150000 0.00362500 0.00350000
v 0.03112500 0.00400000 0.00450000
v 0.03162500 0.00350000 0.00500000
v 0.03112500 0.00400000 0.00500000
v 0.03200000 0.00412500 -0.00150000
v 0.03200000 0.00400000 0.00312500
v 0.03100000 0.00462500 -0.00050000
v 0.03000000 0.00500000 0.00312500
v 0.03250000 0.00512500 0.00300000
v 0.03162500 -0.00250000 0.00200000
v 0.03162500 -0.00250000 0.00700000
v 0.03162500 -0.00300000 -0.00300000
v 0.03162500 -0.00250000 0.00450000
v 0.03212500 -0.00200000 0.00450000
v 0.03162500 -0.00200000 0.00500000
v 0.03162500 -0.00200000 0.00700000
v 0.03162500 -0.00150000 -0.00300000
v 0.03162500 -0.00150000 -0.00250000
v 0.03162500 -0.00200000 -0.00150000
v 0.03162500 -0.00200000 0.00400000
v 0.03212500 -0.00150000 0.00500000
v 0.03212500 -0.00150000 0.00700000
v 0.03200000 -0.00150000 0.00712500
v 0.03162500 -0.00100000 -0.00300000
v 0.03212500 -0.00100000 -0.00250000
v 0.03162500 -0.00150000 -0.00200000
v 0.03200000 -0.00100000 0.00662500
v 0.03162500 -0.00100000 -0.00350000
v 0.03200000 -0.00050000 0.00662500
v 0.03212500 -0.00050000 -0.00250000
v 0.03162500 0.00100000 -0.00150000
v 0.03162500 0.00100000 -0.00350000
v 0.03162500 0.00100000 -0.00300000
v 0.03162500 -0.00050000 -0.00300000
v 0.03250000 0.00000000 0.00662500
v 0.03162500 0.00150000 -0.00150000
v 0.03200000 0.00150000 0.00662500
v 0.03200000 0.00150000 -0.00112500
v 0.03200000 0.00162500 0.00650000
v 0.03200000 0.00200000 0.00612500
v 0.03162500 0.00250000 0.00400000
v 0.03162500 0.00300000 0.00450000
v 0.03162500 0.00300000 0.00400000
v 0.03200000 0.00300000 0.00362500
v 0.03162500 0.00300000 0.00550000
v 0.03200000 0.00300000 -0.00112500
v 0.03200000 0.00350000 -0.00162500
v 0.03200000 0.00350000 0.00362500
v 0.03200000 0.00400000 -0.00162500
v 0.03200000 0.00412500 -0.00100000
v 0.03200000 0.00462500 -0.00050000
v 0.03200000 0.00500000 0.00237500
v 0.03000000 0.00512500 0.00250000
v 0.03212500 -0.00100000 0.00650000
v 0.03212500 -0.00050000 0.00550000
v 0.03212500 -0.00050000 0.00650000
v 0.03250000 -0.00012500 0.00550000
v 0.03250000 -0.00012500 0.00650000
v 0.03212500 -0.00150000 -0.00150000
v 0.03212500 -0.00100000 -0.00200000
v 0.03212500 -0.00150000 0.00400000
v 0.03212500 0.00050000 0.00450000
v 0.03212500 0.00200000 0.00600000
v 0.03250000 0.00050000 0.00487500
v 0.03250000 0.00162500 0.00600000
v 0.03250000 0.00150000 0.00662500
v 0.03212500 0.00100000 -0.00100000
v 0.03212500 0.00200000 0.00400000
v 0.03212500 0.00250000 0.00550000
v 0.03250000 0.00162500 0.00650000
v 0.03212500 0.00250000 0.00450000
v 0.03212500 0.00300000 0.00300000
v 0.03212500 0.00250000 0.00350000
v 0.03212500 0.00300000 0.00600000
v 0.03212500 0.00350000 -0.00150000
v 0.03212500 0.00300000 -0.00100000
v 0.03212500 0.00350000 0.00250000
v 0.03250000 0.00350000 0.00287500
v 0.03250000 0.00337500 0.00300000
v 0.03212500 0.00350000 0.00350000
v 0.03212500 0.00400000 -0.00150000
v 0.03212500 0.00400000 -0.00100000
v 0.03212500 0.00400000 0.00250000
v 0.03250000 0.00400000 0.00287500
v 0.03250000 0.00350000 0.00312500
v 0.03212500 0.00450000 -0.00050000
v 0.03212500 0.00450000 0.00200000
v 0.03250000 0.00450000 0.00237500
v 0.03250000 0.00500000 0.00312500
v 0.03250000 0.00500000 0.00237500
v 0.03250000 0.00512500 0.00250000
v 0.03258333 0.00000000 0.00550000
v 0.03258333 0.00000000 0.00600000
v 0.03258333 0.00000000 0.00650000
v 0.03258333 0.00050000 0.00500000
v 0.03263388 0.00050000 0.00550000
v 0.03268750 0.00050000 0.00600000
v 0.03258333 0.00050000 0.00650000
v 0.03258333 0.00150000 0.00600000
v 0.03263388 0.00100000 0.00600000
v 0.03258333 0.00100000 0.00650000
v 0.03258333 0.00150000 0.00650000
v 0.03258333 0.00350000 0.00300000
v 0.03258333 0.00450000 0.00250000
v 0.03258333 0.00400000 0.00300000
v 0.03258333 0.00500000 0.00250000
v 0.03258333 0.00500000 0.00300000
f 2 7 1
f 2 3 4
f 1 3 2
f 4 3 5
f 3 6 5
f 14 7 2
f 8 14 2
f 4 9 2
f 9 8 2
f 5 10 4
f 10 9 4
f 6 11 5
f 11 10 5
f 11 12 13
f 6 12 11
f 181 7 14
f 8 15 14
f 9 16 8
f 16 15 8
f 10 17 9
f 17 16 9
f 11 18 10
f 18 17 10
f 13 19 11
f 19 18 11
f 20 13 12
f 20 21 13
f 21 19 13
f 21 20 22
f 22 23 24
f 20 23 22
f 181 68 53
f 181 14 68
f 14 25 68
f 15 26 14
f 26 25 14
f 16 27 15
f 27 26 15
f 17 28 16
f 28 27 16
f 18 29 17
f 29 28 17
f 19 30 18
f 30 29 18
f 21 31 19
f 31 30 19
f 22 32 21
f 32 31 21
f 24 33 22
f 33 32 22
f 34 24 23
f 34 35 24
f 35 33 24
f 35 36 37
f 34 36 35
f 25 54 68
f 26 38 25
f 38 54 25
f 27 39 26
f 39 38 26
f 28 40 27
f 40 39 27
f 29 41 28
f 41 40 28
f 30 42 29
f 42 41 29
f 31 43 30
f 43 42 30
f 32 44 31
f 44 43 31
f 33 45 32
f 45 44 32
f 35 46 33
f 46 45 33
f 37 47 35
f 47 46 35
f 48 37 36
f 48 49 37
f 49 47 37
f 49 50 51
f 48 50 49
f 50 52 51
f 38 55 54
f 39 56 38
f 56 55 38
f 40 57 39
f 57 56 39
f 41 58 40
f 58 57 40
f 42 59 41
f 59 58 41
f 43 60 42
f 60 59 42
f 44 61 43
f 61 60 43
f 45 62 44
f 62 61 44
f 46 63 45
f 63 62 45
f 47 64 46
f 64 63 46
f 49 65 47
f 65 64 47
f 51 66 49
f 66 65 49
f 67 51 52
f 66 51 67
f 158 53 68
f 54 69 68
f 55 70 54
f 70 69 54
f 56 71 55
f 71 70 55
f 57 71 56
f 58 71 57
f 59 71 58
f 60 72 59
f 72 71 59
f 61 72 60
f 62 73 61
f 73 72 61
f 63 74 62
f 74 73 62
f 64 75 63
f 75 74 63
f 65 76 64
f 76 75 64
f 66 77 65
f 77 76 65
f 67 78 66
f 78 77 66
f 67 79 78
f 80 158 68
f 69 81 68
f 81 80 68
f 70 82 69
f 82 81 69
f 71 82 70
f 83 82 71
f 72 83 71
f 73 83 72
f 74 84 73
f 84 83 73
f 75 85 74
f 85 84 74
f 76 85 75
f 77 86 76
f 86 85 76
f 79 86 78
f 86 77 78
f 87 158 80
f 81 88 80
f 88 87 80
f 82 88 81
f 83 88 82
f 89 88 83
f 84 89 83
f 90 85 91
f 90 89 85
f 89 84 85
f 92 91 85
f 86 92 85
f 79 92 86
f 87 93 158
f 88 93 87
f 94 93 88
f 89 94 88
f 90 94 89
f 99 95 139
f 98 95 99
f 96 99 139
f 100 99 96
f 101 96 97
f 101 100 96
f 1 98 99
f 1 7 98
f 3 1 99
f 100 3 99
f 6 3 100
f 6 100 104
f 104 100 101
f 102 105 101
f 105 104 101
f 106 105 102
f 107 102 103
f 107 106 102
f 98 7 181
f 12 6 104
f 105 12 104
f 12 105 109
f 106 109 105
f 108 114 107
f 114 106 107
f 110 114 108
f 111 110 108
f 12 109 20
f 106 20 109
f 23 20 106
f 23 106 114
f 115 110 111
f 112 115 111
f 116 112 150
f 113 181 53
f 157 113 53
f 23 114 34
f 36 34 114
f 110 36 114
f 36 110 119
f 115 119 110
f 116 115 112
f 120 117 118
f 120 116 117
f 36 119 48
f 50 48 119
f 115 50 119
f 52 50 115
f 52 115 123
f 116 123 115
f 120 125 116
f 121 125 120
f 125 121 122
f 123 124 67
f 52 123 67
f 116 124 123
f 53 158 157
f 79 67 124
f 79 124 127
f 116 127 124
f 159 125 122
f 79 127 126
f 135 127 116
f 125 128 116
f 128 135 116
f 91 129 90
f 91 92 129
f 129 92 126
f 92 79 126
f 93 131 189
f 93 189 158
f 130 189 131
f 131 93 132
f 93 94 132
f 94 90 132
f 90 129 132
f 126 135 129
f 127 135 126
f 133 128 125
f 159 133 125
f 137 130 131
f 134 130 137
f 132 137 131
f 135 137 132
f 129 135 132
f 136 128 133
f 135 128 136
f 165 164 135
f 139 95 138
f 97 96 140
f 97 140 141
f 177 97 141
f 102 101 97
f 177 102 97
f 103 102 177
f 142 143 103
f 178 143 142
f 103 143 107
f 108 107 143
f 178 108 143
f 108 178 146
f 144 147 178
f 147 146 178
f 147 144 145
f 147 210 148
f 108 146 111
f 147 111 146
f 112 111 147
f 150 112 147
f 150 147 148
f 151 148 149
f 151 150 148
f 113 214 181
f 117 116 150
f 151 117 150
f 118 117 151
f 152 155 151
f 155 118 151
f 156 152 153
f 155 152 156
f 157 154 214
f 157 186 154
f 113 157 214
f 121 120 118
f 155 121 118
f 155 122 121
f 155 156 122
f 161 189 130
f 162 161 130
f 160 133 159
f 163 133 160
f 130 134 162
f 133 163 136
f 167 137 227
f 227 137 164
f 137 135 164
f 135 166 165
f 135 136 166
f 136 163 166
f 137 167 134
f 164 170 168
f 171 170 164
f 172 171 164
f 165 172 164
f 169 165 166
f 172 165 169
f 139 138 201
f 96 139 201
f 173 96 201
f 140 96 173
f 175 140 174
f 141 140 175
f 141 176 177
f 141 175 176
f 138 95 240
f 240 95 98
f 206 103 177
f 142 103 206
f 144 178 179
f 145 144 179
f 145 179 180
f 210 145 180
f 210 147 145
f 149 148 210
f 182 183 149
f 215 183 182
f 149 183 151
f 152 151 183
f 215 152 183
f 153 152 215
f 153 215 185
f 185 215 216
f 219 216 217
f 185 216 219
f 184 214 154
f 186 184 154
f 185 187 153
f 153 187 156
f 219 187 185
f 156 187 122
f 187 188 122
f 157 158 186
f 186 158 189
f 122 188 159
f 159 188 160
f 161 222 189
f 160 188 191
f 162 190 222
f 162 259 190
f 161 162 222
f 163 160 191
f 162 134 259
f 191 166 163
f 167 290 134
f 290 259 134
f 227 164 192
f 164 168 192
f 227 192 193
f 192 168 193
f 168 170 171
f 196 171 234
f 171 172 231
f 197 172 194
f 172 226 194
f 172 169 226
f 168 195 193
f 196 195 168
f 171 196 168
f 231 234 171
f 197 231 172
f 198 200 197
f 199 198 194
f 198 197 194
f 226 199 194
f 202 203 174
f 140 173 202
f 174 140 202
f 174 203 204
f 174 204 175
f 175 204 176
f 205 177 176
f 206 177 205
f 206 207 142
f 240 98 311
f 142 207 178
f 208 178 207
f 179 178 208
f 209 179 208
f 180 179 209
f 180 209 210
f 98 181 214
f 211 149 210
f 212 149 211
f 182 149 212
f 213 182 212
f 182 213 215
f 184 284 214
f 219 253 220
f 219 217 253
f 186 218 284
f 184 186 284
f 187 219 220
f 187 220 188
f 220 221 188
f 186 189 222
f 221 223 188
f 256 222 224
f 224 222 190
f 259 224 190
f 223 191 188
f 225 191 223
f 191 225 166
f 225 226 166
f 259 290 332
f 166 226 169
f 229 167 227
f 229 227 264
f 264 227 228
f 227 193 228
f 193 195 228
f 195 230 228
f 234 230 196
f 196 230 195
f 231 197 232
f 233 199 226
f 200 235 197
f 200 198 237
f 235 200 237
f 198 236 237
f 198 199 236
f 199 233 236
f 201 240 241
f 138 240 201
f 241 173 201
f 202 173 238
f 239 202 238
f 239 242 202
f 202 242 203
f 203 242 243
f 203 243 244
f 203 244 204
f 176 204 244
f 245 176 244
f 205 176 245
f 245 246 205
f 206 205 246
f 206 246 207
f 208 207 247
f 247 248 208
f 209 208 248
f 209 248 211
f 209 211 210
f 212 211 249
f 249 250 212
f 212 250 213
f 213 250 251
f 98 214 487
f 487 214 284
f 213 251 215
f 216 215 251
f 252 216 251
f 252 217 216
f 254 284 218
f 255 220 253
f 218 186 286
f 255 221 220
f 286 186 222
f 325 222 256
f 259 257 256
f 224 259 256
f 225 221 258
f 225 258 289
f 223 221 225
f 225 289 226
f 289 260 226
f 290 262 261
f 167 262 290
f 229 262 167
f 229 263 262
f 264 263 229
f 264 228 230
f 260 233 226
f 301 264 230
f 234 301 230
f 234 265 301
f 266 265 231
f 231 265 234
f 231 232 266
f 268 232 197
f 233 267 236
f 235 268 197
f 237 307 235
f 235 307 268
f 267 237 236
f 307 237 267
f 269 238 173
f 269 270 238
f 270 312 238
f 239 238 271
f 238 312 271
f 271 272 243
f 241 240 269
f 240 311 269
f 173 241 269
f 239 271 242
f 243 242 271
f 243 272 273
f 243 273 244
f 245 244 273
f 245 273 274
f 245 274 275
f 245 275 246
f 276 246 275
f 207 246 276
f 276 277 207
f 207 277 247
f 247 277 278
f 247 278 317
f 247 317 248
f 279 248 317
f 211 248 279
f 279 280 211
f 211 280 249
f 249 280 281
f 249 281 282
f 282 252 251
f 249 282 250
f 251 250 282
f 252 283 217
f 217 283 253
f 283 326 253
f 326 285 253
f 218 286 254
f 285 255 253
f 255 327 221
f 327 287 221
f 287 328 221
f 328 329 221
f 288 256 257
f 329 258 221
f 289 258 329
f 257 259 331
f 259 332 331
f 289 291 260
f 292 293 333
f 292 333 261
f 261 333 290
f 260 291 294
f 295 293 292
f 296 293 295
f 261 262 297
f 261 297 292
f 292 297 295
f 297 262 299
f 299 262 263
f 233 260 294
f 295 298 296
f 297 298 295
f 299 298 297
f 264 299 263
f 264 300 299
f 264 340 300
f 264 341 340
f 301 341 264
f 301 265 303
f 302 301 303
f 265 266 303
f 233 294 267
f 266 304 303
f 232 305 266
f 266 305 304
f 306 305 232
f 232 268 308
f 306 232 308
f 308 268 307
f 267 308 307
f 312 309 310
f 270 311 309
f 269 311 270
f 309 312 270
f 272 271 349
f 272 349 273
f 313 273 349
f 274 273 313
f 276 275 314
f 275 274 314
f 276 314 315
f 315 316 278
f 276 315 277
f 278 277 315
f 278 316 350
f 278 350 317
f 279 317 318
f 318 319 281
f 279 318 280
f 281 280 318
f 281 319 320
f 281 320 282
f 282 320 321
f 252 282 321
f 321 283 252
f 322 283 321
f 487 284 323
f 322 326 283
f 284 254 323
f 323 254 324
f 286 325 324
f 286 222 325
f 254 286 324
f 255 326 327
f 285 326 255
f 329 328 330
f 257 331 288
f 289 329 330
f 289 330 420
f 332 290 333
f 420 334 289
f 289 334 291
f 335 333 293
f 336 335 293
f 334 294 291
f 337 294 334
f 293 296 336
f 337 267 294
f 299 338 298
f 298 338 436
f 299 300 338
f 339 300 340
f 342 339 340
f 341 342 340
f 301 342 341
f 301 302 342
f 302 343 342
f 303 343 302
f 303 344 343
f 304 344 303
f 345 304 383
f 383 304 305
f 304 345 344
f 306 383 305
f 308 485 306
f 306 485 383
f 308 346 485
f 308 385 346
f 308 267 438
f 308 347 385
f 438 347 308
f 309 348 310
f 310 544 312
f 311 348 309
f 312 544 386
f 312 386 271
f 271 386 349
f 313 387 274
f 311 98 487
f 274 387 314
f 317 350 389
f 317 389 318
f 319 318 351
f 319 351 320
f 321 320 351
f 443 321 351
f 443 322 321
f 443 444 322
f 352 392 354
f 353 392 352
f 354 392 487
f 354 487 323
f 322 444 326
f 444 361 326
f 355 357 358
f 356 357 355
f 352 358 357
f 352 359 358
f 354 360 352
f 360 359 352
f 323 324 360
f 354 323 360
f 356 355 362
f 358 359 355
f 325 359 360
f 324 325 360
f 361 327 326
f 363 327 361
f 362 364 448
f 362 355 364
f 359 364 355
f 363 366 327
f 398 365 359
f 365 364 359
f 452 448 364
f 325 256 399
f 327 366 287
f 367 452 364
f 365 368 364
f 368 367 364
f 399 256 403
f 256 288 403
f 427 452 367
f 368 370 367
f 371 370 368
f 368 411 371
f 415 330 328
f 420 330 415
f 403 371 369
f 403 331 371
f 288 331 403
f 427 372 614
f 427 367 372
f 370 372 367
f 371 373 370
f 331 332 373
f 371 331 373
f 370 614 372
f 558 614 370
f 558 370 373
f 373 374 558
f 374 373 332
f 374 332 333
f 374 333 475
f 420 376 334
f 335 475 333
f 336 375 475
f 336 430 375
f 335 336 475
f 337 376 377
f 334 376 337
f 336 296 430
f 337 479 267
f 378 481 338
f 338 300 379
f 378 338 379
f 300 339 379
f 342 484 339
f 343 344 381
f 380 343 381
f 479 438 267
f 344 345 381
f 345 383 382
f 485 346 385
f 385 384 485
f 642 595 348
f 310 348 544
f 348 311 642
f 349 386 387
f 313 349 387
f 311 487 642
f 316 315 442
f 442 388 389
f 316 442 350
f 389 350 442
f 318 389 1131
f 318 1131 351
f 391 353 352
f 353 391 392
f 444 390 361
f 649 391 357
f 649 357 356
f 352 357 391
f 361 390 393
f 394 395 362
f 395 396 362
f 649 356 362
f 396 649 362
f 363 361 393
f 362 448 394
f 363 397 366
f 398 359 325
f 398 325 399
f 451 400 366
f 451 366 397
f 400 549 401
f 451 549 400
f 398 402 365
f 400 404 287
f 366 400 287
f 401 404 400
f 549 410 401
f 549 453 410
f 402 406 368
f 365 402 368
f 406 402 407
f 404 408 287
f 287 408 328
f 410 409 401
f 409 404 401
f 502 405 452
f 368 406 411
f 412 406 407
f 412 413 406
f 413 411 406
f 455 403 414
f 328 408 415
f 404 409 416
f 417 410 453
f 409 410 417
f 452 427 502
f 418 411 413
f 369 413 419
f 369 418 413
f 412 419 413
f 414 403 369
f 419 414 369
f 422 409 417
f 422 423 409
f 423 416 409
f 422 424 423
f 411 418 371
f 369 371 418
f 416 425 421
f 423 425 416
f 426 425 423
f 424 426 423
f 420 428 376
f 428 429 376
f 430 475 375
f 431 376 429
f 431 432 376
f 432 377 376
f 431 433 432
f 432 435 479
f 432 479 377
f 377 479 337
f 433 435 432
f 509 435 433
f 434 509 433
f 296 298 511
f 338 481 436
f 379 437 378
f 379 339 437
f 342 343 484
f 343 380 521
f 381 622 380
f 381 345 622
f 485 384 439
f 384 385 439
f 348 595 544
f 440 314 387
f 314 440 441
f 314 441 315
f 388 598 1131
f 388 442 598
f 388 1131 389
f 351 1131 443
f 444 546 390
f 546 445 390
f 445 393 390
f 446 393 445
f 395 394 447
f 447 547 396
f 447 396 395
f 649 396 547
f 393 446 363
f 446 397 363
f 449 398 399
f 450 449 399
f 449 402 398
f 491 402 449
f 399 403 450
f 450 403 455
f 405 602 452
f 402 491 407
f 491 454 407
f 404 462 408
f 501 405 502
f 501 602 405
f 407 454 456
f 412 407 456
f 412 456 457
f 457 455 414
f 458 459 460
f 408 458 415
f 458 408 459
f 462 459 408
f 459 462 504
f 461 504 462
f 404 416 462
f 412 457 419
f 414 419 457
f 420 458 460
f 415 458 420
f 461 463 503
f 461 462 463
f 416 421 462
f 462 421 463
f 464 422 417
f 464 417 465
f 465 417 453
f 422 464 424
f 460 428 420
f 470 503 463
f 421 425 471
f 464 465 466
f 464 466 425
f 464 425 426
f 471 425 466
f 424 464 426
f 467 470 463
f 421 467 463
f 471 467 421
f 468 558 374
f 470 467 472
f 472 428 469
f 471 478 467
f 478 472 467
f 473 478 471
f 474 471 466
f 473 471 474
f 472 476 429
f 428 472 429
f 477 476 472
f 478 477 472
f 510 473 474
f 510 478 473
f 429 476 431
f 433 431 476
f 477 433 476
f 562 434 477
f 433 477 434
f 478 562 477
f 510 562 478
f 430 296 511
f 562 509 434
f 436 513 298
f 480 513 436
f 436 481 480
f 378 482 481
f 378 437 482
f 484 483 339
f 343 521 484
f 382 522 345
f 485 382 383
f 485 439 382
f 439 385 527
f 387 386 440
f 440 486 545
f 440 545 441
f 441 545 315
f 315 545 442
f 645 444 443
f 444 645 546
f 688 487 392
f 445 546 488
f 446 445 488
f 394 650 447
f 650 547 447
f 446 488 397
f 488 489 397
f 394 448 650
f 650 448 490
f 452 490 448
f 397 489 548
f 451 397 548
f 451 548 549
f 452 602 490
f 449 492 491
f 449 493 492
f 493 449 450
f 493 450 494
f 494 450 455
f 549 701 453
f 495 491 492
f 454 491 495
f 494 455 496
f 454 495 497
f 454 497 456
f 456 497 457
f 496 455 457
f 497 496 457
f 459 498 499
f 460 459 499
f 498 459 504
f 500 498 504
f 503 504 461
f 460 499 428
f 505 503 470
f 499 469 428
f 506 472 469
f 556 472 506
f 505 472 556
f 505 470 472
f 559 468 374
f 374 475 559
f 559 475 507
f 474 508 510
f 507 475 430
f 435 842 770
f 479 435 770
f 435 509 842
f 770 512 479
f 511 621 954
f 298 621 511
f 298 513 621
f 512 514 479
f 515 516 480
f 515 480 482
f 482 480 481
f 482 437 517
f 515 482 517
f 517 437 518
f 518 437 339
f 339 483 518
f 484 519 483
f 479 514 438
f 525 516 515
f 484 521 519
f 345 522 622
f 523 522 382
f 524 525 515
f 517 524 515
f 520 530 517
f 530 520 566
f 439 523 382
f 527 526 439
f 439 526 523
f 347 528 385
f 514 347 438
f 528 347 514
f 524 626 525
f 626 524 529
f 524 517 529
f 530 529 517
f 572 531 530
f 532 626 529
f 534 626 532
f 530 532 529
f 531 533 530
f 534 532 538
f 532 530 538
f 533 538 530
f 535 538 533
f 538 631 534
f 536 538 535
f 539 536 537
f 539 538 536
f 538 587 631
f 541 587 538
f 542 541 538
f 539 542 538
f 540 542 539
f 543 542 540
f 585 543 540
f 440 386 486
f 642 487 688
f 391 601 392
f 646 688 392
f 647 488 546
f 488 647 489
f 493 550 551
f 492 493 551
f 550 493 494
f 552 550 494
f 553 495 551
f 551 495 492
f 553 552 496
f 496 552 494
f 495 553 497
f 496 497 553
f 498 554 555
f 498 555 499
f 554 498 500
f 554 500 610
f 610 500 504
f 555 469 499
f 556 504 503
f 556 610 504
f 503 505 556
f 465 557 466
f 427 614 612
f 466 557 474
f 557 508 474
f 510 508 561
f 430 560 559
f 430 617 560
f 507 430 559
f 510 620 562
f 620 510 561
f 430 511 617
f 617 511 954
f 480 516 513
f 518 563 517
f 518 483 564
f 563 518 564
f 565 564 483
f 565 483 519
f 517 563 520
f 566 520 563
f 566 563 564
f 566 564 565
f 567 622 522
f 522 523 567
f 528 514 512
f 566 624 530
f 624 566 565
f 523 568 567
f 523 526 569
f 568 523 569
f 570 569 526
f 570 526 571
f 571 526 527
f 512 527 528
f 527 385 528
f 530 624 572
f 531 572 573
f 573 627 574
f 572 627 573
f 568 575 567
f 569 576 568
f 584 569 570
f 576 569 584
f 573 577 533
f 531 573 533
f 574 537 573
f 537 577 573
f 578 574 627
f 578 579 574
f 579 537 574
f 579 580 575
f 578 580 579
f 576 575 568
f 533 577 535
f 536 535 577
f 537 536 577
f 581 537 579
f 582 581 579
f 575 582 579
f 585 582 575
f 586 585 575
f 583 576 584
f 583 586 576
f 586 575 576
f 537 581 539
f 540 539 581
f 582 540 581
f 585 540 582
f 541 588 587
f 542 589 541
f 541 589 588
f 542 590 589
f 543 591 542
f 542 591 590
f 585 592 543
f 592 591 543
f 593 592 585
f 586 593 585
f 594 593 586
f 583 594 586
f 486 386 596
f 597 486 596
f 545 486 597
f 545 597 442
f 443 1131 599
f 599 645 443
f 645 600 546
f 392 601 646
f 600 647 546
f 547 648 649
f 601 391 649
f 648 547 650
f 647 697 489
f 697 701 489
f 489 701 548
f 548 701 549
f 603 604 551
f 603 551 550
f 603 550 552
f 603 552 605
f 602 501 652
f 606 551 604
f 607 606 604
f 551 606 608
f 551 608 553
f 608 552 553
f 606 607 609
f 608 606 609
f 502 427 612
f 610 556 611
f 506 469 613
f 611 556 506
f 613 611 506
f 615 468 559
f 508 557 616
f 615 559 560
f 617 615 560
f 508 616 561
f 561 616 618
f 562 620 619
f 618 620 561
f 619 509 562
f 565 519 666
f 710 519 521
f 380 670 521
f 622 567 625
f 512 623 713
f 666 624 565
f 666 714 624
f 625 567 575
f 713 527 512
f 624 714 779
f 624 779 572
f 572 779 627
f 627 628 578
f 625 580 629
f 575 580 625
f 570 675 584
f 578 628 630
f 629 580 630
f 630 580 578
f 780 584 675
f 583 584 780
f 534 631 781
f 583 632 633
f 632 583 780
f 587 634 631
f 588 635 587
f 587 635 634
f 589 636 588
f 588 636 635
f 590 637 589
f 589 637 636
f 591 638 590
f 590 638 637
f 592 639 591
f 591 639 638
f 593 640 592
f 592 640 639
f 594 641 593
f 593 641 640
f 633 594 583
f 641 594 633
f 595 642 742
f 544 595 643
f 544 643 685
f 386 544 685
f 386 685 868
f 596 386 868
f 596 868 687
f 597 596 687
f 442 597 644
f 598 442 644
f 644 1131 598
f 813 1131 644
f 647 600 645
f 650 490 651
f 651 490 602
f 652 651 602
f 604 603 653
f 653 603 605
f 695 653 605
f 654 604 653
f 605 552 695
f 695 552 655
f 604 654 607
f 654 702 607
f 655 552 608
f 703 655 608
f 607 702 704
f 609 607 704
f 703 608 609
f 704 703 609
f 501 657 656
f 502 657 501
f 554 658 659
f 555 554 659
f 658 554 610
f 502 612 657
f 555 659 469
f 659 660 469
f 465 453 557
f 661 612 614
f 469 660 613
f 558 768 614
f 614 768 661
f 768 558 468
f 468 615 662
f 663 616 557
f 617 954 662
f 615 617 662
f 620 618 663
f 618 616 663
f 663 619 620
f 509 664 842
f 770 665 512
f 519 667 666
f 667 519 710
f 623 665 668
f 623 512 665
f 516 525 775
f 521 670 710
f 622 671 380
f 380 671 670
f 671 622 625
f 673 671 625
f 623 668 713
f 669 714 666
f 625 672 673
f 629 672 625
f 570 571 674
f 525 626 775
f 627 779 628
f 628 672 629
f 675 674 717
f 675 570 674
f 629 630 628
f 780 675 717
f 676 781 631
f 631 677 676
f 634 677 631
f 635 678 634
f 634 678 677
f 636 679 635
f 635 679 678
f 637 680 636
f 636 680 679
f 638 681 637
f 637 681 680
f 639 682 638
f 638 682 681
f 640 683 639
f 639 683 682
f 641 684 640
f 640 684 683
f 684 641 633
f 595 742 643
f 685 686 868
f 597 687 644
f 599 1131 989
f 919 599 989
f 599 919 645
f 645 919 647
f 646 601 690
f 689 688 646
f 689 646 690
f 649 648 691
f 691 601 649
f 919 817 647
f 647 817 697
f 692 693 694
f 693 753 696
f 693 696 694
f 694 653 695
f 654 694 698
f 694 696 698
f 653 694 654
f 655 699 695
f 698 702 654
f 703 700 699
f 655 703 699
f 501 656 652
f 704 705 703
f 705 704 760
f 706 658 610
f 610 611 706
f 453 707 557
f 708 768 468
f 468 662 708
f 662 954 885
f 509 619 709
f 709 619 663
f 664 509 709
f 666 667 847
f 667 710 848
f 772 668 665
f 711 668 772
f 712 666 847
f 666 712 669
f 710 776 848
f 710 670 776
f 715 670 671
f 671 673 715
f 668 711 713
f 669 712 714
f 672 896 715
f 715 673 672
f 626 716 775
f 628 779 896
f 896 672 628
f 626 534 716
f 716 534 718
f 534 781 718
f 676 782 781
f 782 676 783
f 855 633 632
f 855 632 719
f 676 720 783
f 676 677 720
f 677 678 720
f 679 721 678
f 678 721 720
f 680 722 679
f 679 722 721
f 681 723 680
f 680 723 722
f 682 724 681
f 681 724 723
f 683 856 682
f 682 856 724
f 855 856 684
f 856 683 684
f 633 855 684
f 725 730 784
f 725 784 728
f 784 726 728
f 726 727 728
f 727 906 728
f 728 731 725
f 732 731 728
f 788 728 906
f 788 736 728
f 736 732 728
f 730 725 729
f 732 733 734
f 736 733 732
f 735 736 788
f 736 737 738
f 735 737 736
f 737 739 738
f 730 729 803
f 794 741 731
f 741 725 731
f 736 738 740
f 912 738 739
f 740 738 912
f 803 729 643
f 803 643 742
f 685 643 729
f 685 729 743
f 725 741 729
f 741 743 729
f 686 685 743
f 741 686 743
f 644 687 744
f 745 808 688
f 688 808 642
f 689 814 745
f 688 689 745
f 601 749 690
f 746 749 601
f 690 749 815
f 690 815 689
f 689 815 814
f 648 748 691
f 747 748 648
f 691 746 601
f 691 748 746
f 749 746 748
f 650 747 648
f 650 750 747
f 692 748 747
f 749 748 751
f 751 748 692
f 816 815 749
f 751 816 749
f 750 651 752
f 650 651 750
f 747 750 692
f 692 750 752
f 751 692 694
f 751 694 695
f 751 695 816
f 652 752 651
f 652 755 752
f 753 752 755
f 692 752 753
f 693 692 753
f 695 699 816
f 816 699 754
f 696 753 698
f 754 699 700
f 753 755 756
f 698 756 702
f 753 756 698
f 700 703 819
f 818 453 701
f 755 656 757
f 652 656 755
f 756 755 759
f 759 755 757
f 702 756 704
f 704 756 760
f 703 705 819
f 818 707 453
f 656 657 757
f 657 759 757
f 756 759 760
f 658 758 659
f 759 612 761
f 657 612 759
f 762 759 763
f 763 759 761
f 760 759 765
f 765 759 762
f 992 705 760
f 765 992 760
f 659 758 660
f 661 761 612
f 661 763 761
f 764 762 763
f 765 762 764
f 769 613 660
f 769 660 766
f 613 769 611
f 763 768 764
f 763 661 768
f 708 662 885
f 707 663 557
f 885 954 953
f 770 771 665
f 772 771 773
f 772 665 771
f 516 774 513
f 711 772 773
f 711 773 853
f 516 775 774
f 847 850 712
f 711 853 713
f 777 712 850
f 777 714 712
f 674 571 964
f 571 527 964
f 853 527 713
f 778 775 716
f 714 777 779
f 964 717 674
f 718 778 716
f 717 931 780
f 900 632 780
f 632 900 719
f 726 784 786
f 784 785 786
f 726 786 787
f 727 726 942
f 726 787 942
f 942 906 727
f 730 793 976
f 788 789 790
f 731 732 792
f 791 731 792
f 732 734 792
f 788 790 735
f 735 790 737
f 790 739 737
f 793 730 803
f 794 731 791
f 792 794 791
f 792 734 794
f 734 733 795
f 733 736 795
f 736 740 795
f 863 793 803
f 797 796 794
f 734 797 794
f 797 799 798
f 797 734 799
f 734 795 799
f 740 807 795
f 795 807 799
f 800 807 912
f 800 801 807
f 807 740 912
f 800 802 801
f 741 794 804
f 796 804 794
f 805 798 799
f 806 798 805
f 741 804 686
f 804 809 686
f 686 809 868
f 805 799 810
f 807 811 799
f 811 810 799
f 801 811 807
f 870 801 802
f 811 801 870
f 687 868 812
f 744 687 988
f 810 744 988
f 644 744 810
f 811 644 810
f 811 813 644
f 811 870 813
f 814 808 745
f 697 817 818
f 701 697 818
f 700 819 754
f 825 820 821
f 758 825 821
f 822 820 824
f 824 820 825
f 824 823 822
f 658 825 758
f 706 825 658
f 826 824 825
f 706 828 825
f 828 826 825
f 828 827 826
f 828 611 829
f 706 611 828
f 764 830 765
f 765 830 880
f 765 880 992
f 660 882 766
f 611 767 831
f 611 831 829
f 830 764 708
f 830 708 885
f 768 708 764
f 769 832 837
f 769 882 832
f 769 766 882
f 769 767 611
f 769 837 767
f 837 834 767
f 834 831 767
f 836 832 833
f 835 836 833
f 836 837 832
f 838 834 837
f 836 835 889
f 709 663 841
f 841 663 707
f 839 709 841
f 664 843 842
f 840 664 839
f 840 843 664
f 709 839 664
f 621 956 954
f 621 513 956
f 845 773 771
f 513 774 895
f 895 774 844
f 667 846 847
f 667 848 846
f 849 848 776
f 773 845 853
f 774 775 778
f 776 670 851
f 852 670 715
f 777 929 854
f 779 777 854
f 779 854 896
f 931 717 964
f 1019 778 718
f 931 897 780
f 897 900 780
f 899 782 783
f 783 720 899
f 721 901 720
f 721 722 901
f 723 902 722
f 723 724 902
f 784 730 1154
f 785 784 1025
f 784 1154 1025
f 785 1025 857
f 786 785 858
f 785 857 858
f 787 786 859
f 786 858 859
f 787 859 942
f 860 976 793
f 860 907 976
f 793 861 860
f 790 789 862
f 862 739 790
f 863 861 793
f 739 862 912
f 797 913 796
f 796 913 864
f 742 865 1030
f 642 865 742
f 742 1030 984
f 803 742 984
f 984 863 803
f 864 804 796
f 866 804 864
f 642 808 865
f 804 866 867
f 809 804 867
f 809 867 915
f 809 915 868
f 869 806 805
f 869 798 806
f 805 810 869
f 687 812 988
f 810 988 869
f 871 808 814
f 814 815 816
f 816 754 948
f 872 817 873
f 873 876 875
f 873 875 872
f 872 875 877
f 817 872 818
f 819 874 948
f 819 705 874
f 754 819 948
f 820 875 876
f 820 876 821
f 822 875 820
f 877 875 822
f 823 877 822
f 823 872 877
f 818 872 881
f 872 823 881
f 821 876 758
f 876 924 758
f 823 824 878
f 881 823 878
f 990 705 992
f 824 826 878
f 827 878 826
f 827 881 878
f 818 881 707
f 924 879 758
f 827 828 829
f 881 827 829
f 758 879 660
f 882 879 883
f 882 660 879
f 881 829 884
f 881 884 707
f 830 885 886
f 886 880 830
f 832 882 883
f 832 883 833
f 831 834 887
f 829 831 887
f 884 829 887
f 837 836 888
f 888 838 837
f 838 887 834
f 884 887 838
f 707 884 841
f 889 835 926
f 889 888 836
f 838 888 890
f 891 838 890
f 841 884 891
f 884 838 891
f 892 889 926
f 893 892 926
f 888 889 840
f 840 889 892
f 839 890 840
f 890 888 840
f 841 890 839
f 891 890 841
f 953 954 994
f 842 892 893
f 842 893 770
f 770 893 894
f 843 892 842
f 840 892 843
f 770 894 771
f 513 895 956
f 894 845 771
f 774 778 844
f 851 849 776
f 851 670 852
f 777 850 929
f 930 852 715
f 527 1063 964
f 898 900 897
f 781 1019 718
f 781 782 1019
f 720 967 899
f 720 901 967
f 722 937 901
f 722 902 937
f 724 938 902
f 856 971 724
f 724 971 938
f 971 856 855
f 857 1025 903
f 858 857 904
f 857 903 904
f 859 858 905
f 858 904 905
f 859 905 942
f 860 910 907
f 788 906 908
f 789 788 909
f 788 908 909
f 911 789 909
f 861 910 860
f 862 789 911
f 944 862 911
f 863 977 910
f 861 863 910
f 862 944 912
f 982 864 913
f 797 798 913
f 800 912 914
f 914 802 800
f 864 945 866
f 982 945 864
f 798 946 913
f 914 870 802
f 865 808 917
f 866 945 915
f 866 915 867
f 868 915 916
f 812 868 916
f 946 798 869
f 871 917 808
f 946 869 988
f 814 918 917
f 814 816 918
f 871 814 917
f 919 920 817
f 920 921 817
f 1128 948 922
f 817 921 873
f 922 948 874
f 923 922 874
f 921 876 873
f 924 876 921
f 874 705 923
f 923 705 990
f 992 880 1038
f 1038 880 1040
f 886 1040 880
f 925 883 879
f 886 953 1040
f 886 885 953
f 883 925 833
f 833 926 835
f 893 927 894
f 845 927 928
f 894 927 845
f 847 846 957
f 848 958 846
f 845 928 853
f 847 957 850
f 957 929 850
f 848 849 958
f 844 778 1004
f 1063 527 853
f 896 854 930
f 854 965 930
f 930 715 896
f 898 931 932
f 898 932 933
f 897 931 898
f 782 934 1019
f 934 782 899
f 719 935 855
f 900 936 719
f 719 936 935
f 933 900 898
f 936 900 933
f 903 1025 939
f 904 903 940
f 903 939 940
f 905 904 941
f 904 940 941
f 905 941 942
f 975 906 942
f 910 1155 907
f 907 1155 976
f 906 975 908
f 1155 910 977
f 909 908 943
f 911 909 943
f 911 943 979
f 979 944 911
f 944 980 912
f 912 980 914
f 865 917 985
f 945 1032 947
f 915 945 947
f 916 915 947
f 914 1189 870
f 985 917 918
f 916 947 987
f 812 916 987
f 812 987 988
f 870 1189 813
f 918 816 948
f 813 1189 1131
f 923 990 1128
f 922 923 1128
f 924 920 949
f 924 949 991
f 921 920 924
f 991 950 924
f 950 951 924
f 924 951 879
f 1091 1040 953
f 952 1091 953
f 951 925 879
f 833 925 926
f 926 925 893
f 893 925 927
f 925 997 927
f 997 928 927
f 955 928 997
f 957 846 1003
f 959 929 957
f 851 960 849
f 852 961 960
f 852 960 851
f 962 929 959
f 930 1015 963
f 852 930 963
f 852 963 961
f 929 962 854
f 854 1013 965
f 1015 930 965
f 964 1016 931
f 932 1016 966
f 1016 932 931
f 936 933 966
f 933 932 966
f 855 935 1077
f 966 935 936
f 901 968 967
f 937 969 901
f 901 969 968
f 902 970 937
f 937 970 969
f 902 938 970
f 1077 971 855
f 939 1025 1084
f 940 939 972
f 939 1084 972
f 941 940 973
f 940 972 973
f 942 941 974
f 941 973 974
f 974 975 942
f 908 975 1123
f 908 1123 978
f 943 908 978
f 979 943 978
f 977 863 1027
f 979 978 980
f 980 944 979
f 981 1027 863
f 982 1032 945
f 983 913 946
f 918 986 985
f 918 948 986
f 986 948 1128
f 1132 919 989
f 919 1132 920
f 1132 1036 920
f 1036 1037 920
f 1184 1128 990
f 1037 949 920
f 991 949 1037
f 925 950 993
f 951 950 925
f 952 953 994
f 994 954 996
f 997 995 998
f 997 925 995
f 954 999 996
f 955 997 998
f 954 1000 999
f 954 956 1000
f 956 1001 1000
f 895 1001 956
f 1001 895 844
f 1004 1001 844
f 998 1059 955
f 1002 957 1003
f 958 1003 846
f 958 849 1107
f 958 1107 1003
f 955 1059 928
f 959 957 1002
f 849 1203 1107
f 960 1005 849
f 849 1005 1203
f 1005 960 961
f 1006 1005 961
f 928 1059 853
f 1004 778 1017
f 1007 959 1054
f 959 1007 962
f 961 963 1006
f 1008 964 1010
f 964 1063 1010
f 1059 1063 853
f 962 1007 1011
f 962 1011 854
f 854 1011 1012
f 1013 854 1012
f 1014 1015 965
f 1016 1008 1009
f 964 1008 1016
f 1013 1012 1074
f 1018 1013 1074
f 965 1013 1018
f 1014 965 1018
f 778 1019 1017
f 967 1020 899
f 968 1021 967
f 967 1021 1020
f 969 1022 968
f 968 1022 1021
f 970 1023 969
f 969 1023 1022
f 938 1024 970
f 970 1024 1023
f 938 971 1024
f 972 1084 1026
f 973 972 1121
f 972 1026 1121
f 1122 974 1121
f 974 973 1121
f 974 1122 975
f 975 1122 1204
f 975 1204 1123
f 1085 1155 977
f 1180 980 978
f 914 980 1180
f 1028 914 1180
f 865 1029 1030
f 981 863 984
f 1031 1032 982
f 1028 1162 914
f 1033 1029 985
f 985 1029 865
f 947 1032 1034
f 914 1162 1189
f 986 1128 1033
f 985 986 1033
f 947 1034 987
f 988 987 1130
f 983 946 988
f 1130 983 988
f 1132 1035 1036
f 1037 1036 1039
f 990 1038 1184
f 991 1037 1039
f 990 992 1038
f 991 1039 950
f 1212 1040 1091
f 1094 993 950
f 1041 993 1094
f 993 1041 925
f 952 994 1043
f 952 1043 1091
f 1091 1043 1042
f 1043 994 1044
f 1044 1141 1043
f 925 1041 995
f 1045 1141 1044
f 1044 996 1046
f 994 996 1044
f 1051 1045 1044
f 1098 998 995
f 1047 998 1098
f 999 1046 996
f 999 1048 1046
f 1044 1046 1049
f 1049 1046 1048
f 1051 1044 1050
f 1050 1044 1049
f 999 1000 1048
f 1001 1048 1000
f 1049 1048 1001
f 1004 1049 1001
f 1004 1052 1049
f 1052 1050 1049
f 1149 1051 1050
f 998 1047 1059
f 1050 1052 1053
f 1002 1003 1149
f 1002 1149 1050
f 1002 1050 1053
f 1003 1107 1149
f 1002 1054 959
f 1002 1053 1054
f 1006 1055 1056
f 1006 1056 1005
f 1055 1057 1058
f 1056 1055 1058
f 1058 1057 1061
f 1052 1017 1069
f 1004 1017 1052
f 1054 1053 1007
f 1007 1053 1052
f 1055 963 1060
f 1006 963 1055
f 1060 1061 1057
f 1060 1057 1055
f 1008 1010 1062
f 1009 1008 1062
f 1007 1052 1069
f 1007 1064 1011
f 1007 1069 1064
f 1011 1065 1012
f 1064 1065 1011
f 1014 1067 1015
f 1066 1067 1014
f 1015 1060 963
f 1015 1067 1060
f 1067 1068 1060
f 1009 1062 1016
f 1062 1071 1016
f 1064 1069 1073
f 1012 1065 1074
f 1065 1064 1074
f 1018 1066 1014
f 1018 1075 1066
f 1067 1066 1070
f 1070 1066 1075
f 1070 1118 1068
f 1070 1068 1067
f 966 1016 1071
f 1017 1019 1069
f 1019 1072 1069
f 1072 1073 1069
f 1064 1073 1078
f 1074 1064 1078
f 1079 1018 1074
f 1079 1075 1018
f 1076 1070 1075
f 1077 966 1071
f 934 1072 1019
f 1073 1072 934
f 899 1073 934
f 899 1078 1073
f 1074 1078 1079
f 1075 1079 1080
f 1077 935 966
f 899 1020 1078
f 1021 1078 1020
f 1022 1078 1021
f 1079 1078 1022
f 1079 1022 1081
f 1022 1023 1081
f 1024 1082 1023
f 1023 1082 1081
f 971 1083 1024
f 1024 1083 1082
f 1083 971 1077
f 977 1027 1085
f 981 1086 1027
f 1031 982 1157
f 913 1125 982
f 982 1125 1157
f 1180 1087 1028
f 984 1030 1159
f 984 1159 1185
f 984 1156 981
f 981 1156 1086
f 1127 1032 1031
f 1127 1031 1088
f 1162 1028 1087
f 1030 1029 1033
f 1089 1030 1033
f 1156 984 1185
f 1032 1127 1163
f 1032 1163 1034
f 1033 1128 1089
f 987 1034 1129
f 987 1129 1130
f 989 1131 1190
f 1190 1132 989
f 1035 1039 1036
f 1135 1039 1035
f 1038 1090 1188
f 1038 1134 1090
f 1184 1038 1188
f 1134 1038 1212
f 1038 1040 1212
f 1039 1135 950
f 1135 1092 950
f 1171 1091 1093
f 1094 1092 1137
f 1094 950 1092
f 1091 1042 1093
f 1093 1042 1095
f 1041 1094 1137
f 1096 1095 1042
f 1097 1096 1042
f 1097 1042 1043
f 1043 1141 1097
f 1097 1141 1140
f 1041 1142 995
f 1098 995 1142
f 1099 1045 1051
f 1099 1145 1045
f 1098 1144 1100
f 1098 1100 1047
f 1102 1101 1100
f 1100 1101 1047
f 1103 1105 1106
f 1104 1103 1106
f 1102 1106 1105
f 1102 1105 1101
f 1101 1105 1114
f 1047 1114 1059
f 1101 1114 1047
f 1108 1110 1152
f 1109 1108 1152
f 1104 1152 1110
f 1104 1110 1103
f 1114 1105 1103
f 1005 1056 1203
f 1058 1111 1056
f 1061 1112 1108
f 1061 1108 1111
f 1061 1111 1058
f 1111 1108 1109
f 1110 1108 1113
f 1113 1108 1112
f 1103 1110 1113
f 1114 1103 1113
f 1061 1060 1115
f 1061 1115 1112
f 1115 1116 1112
f 1010 1116 1062
f 1010 1113 1116
f 1113 1112 1116
f 1063 1113 1010
f 1114 1113 1063
f 1059 1114 1063
f 1115 1068 1118
f 1060 1068 1115
f 1116 1115 1117
f 1117 1115 1118
f 1062 1117 1071
f 1116 1117 1062
f 1080 1076 1075
f 1076 1118 1070
f 1076 1120 1118
f 1077 1117 1120
f 1117 1118 1120
f 1071 1117 1077
f 1080 1079 1119
f 1076 1080 1120
f 1120 1080 1119
f 1079 1081 1119
f 1082 1119 1081
f 1083 1119 1082
f 1120 1119 1083
f 1077 1120 1083
f 976 1155 1247
f 1247 730 976
f 1124 1155 1085
f 1086 1124 1085
f 1086 1156 1124
f 1027 1086 1085
f 1180 1158 1087
f 1030 1274 1126
f 1030 1126 1159
f 913 1160 1125
f 1161 1160 913
f 1162 1087 1158
f 1089 1274 1030
f 1034 1163 1164
f 983 1161 913
f 1034 1164 1129
f 1167 1188 1133
f 1133 1188 1090
f 1134 1133 1090
f 1093 1136 1171
f 1175 1137 1092
f 1138 1136 1093
f 1093 1095 1138
f 1096 1139 1138
f 1095 1096 1138
f 1097 1139 1096
f 1140 1139 1097
f 1098 1142 1143
f 1098 1143 1144
f 1264 1100 1144
f 1100 1146 1102
f 1149 1147 1051
f 1106 1148 1104
f 1104 1148 1200
f 1146 1106 1102
f 1148 1106 1146
f 1107 1150 1149
f 1109 1152 1151
f 1200 1152 1104
f 1056 1111 1153
f 1151 1111 1109
f 1025 1154 1219
f 1025 1219 1084
f 1121 1026 1179
f 1179 1122 1121
f 1246 1122 1179
f 1122 1246 1204
f 1182 1157 1125
f 1125 1160 1182
f 1224 1156 1185
f 1161 983 1165
f 1089 1128 1274
f 1274 1128 1184
f 1130 1129 1166
f 1165 1130 1166
f 983 1130 1165
f 1162 1183 1189
f 1132 1169 1035
f 1134 1168 1167
f 1134 1193 1168
f 1133 1134 1167
f 1135 1169 1170
f 1035 1169 1135
f 1134 1212 1193
f 1194 1092 1135
f 1173 1171 1136
f 1174 1173 1136
f 1172 1175 1092
f 1136 1138 1174
f 1138 1139 1176
f 1139 1140 1176
f 1137 1175 1041
f 1175 1142 1041
f 1177 1176 1140
f 1177 1140 1141
f 1045 1198 1141
f 1199 1198 1045
f 1045 1145 1199
f 1148 1264 1200
f 1148 1146 1264
f 1146 1100 1264
f 1152 1202 1151
f 1202 1152 1200
f 1056 1153 1203
f 1153 1111 1151
f 1154 1178 1334
f 730 1178 1154
f 1154 1334 1219
f 1178 730 1247
f 1124 1156 1224
f 1031 1157 1181
f 1182 1181 1157
f 1126 1274 1250
f 1126 1250 1159
f 1226 1160 1161
f 1158 1183 1162
f 1159 1223 1185
f 1163 1127 1186
f 1164 1163 1186
f 1161 1165 1226
f 1164 1186 1256
f 1129 1164 1256
f 1129 1256 1166
f 1183 1187 1189
f 1191 1132 1190
f 1188 1167 1274
f 1274 1167 1209
f 1132 1191 1169
f 1209 1167 1192
f 1191 1211 1169
f 1192 1167 1168
f 1193 1192 1168
f 1211 1170 1169
f 1194 1170 1211
f 1170 1194 1135
f 1092 1196 1172
f 1173 1260 1171
f 1174 1195 1260
f 1174 1237 1195
f 1173 1174 1260
f 1175 1196 1197
f 1172 1196 1175
f 1174 1138 1237
f 1237 1138 1176
f 1177 1141 1198
f 1143 1286 1144
f 1286 1264 1144
f 1149 1150 1147
f 1201 1151 1202
f 1153 1218 1203
f 1201 1218 1153
f 1151 1201 1153
f 1084 1219 1244
f 1084 1244 1026
f 978 1123 1205
f 1254 1181 1182
f 1159 1250 1223
f 1031 1222 1088
f 1160 1225 1182
f 1225 1160 1226
f 1158 1206 1183
f 1226 1165 1298
f 1187 1183 1206
f 1184 1188 1274
f 1298 1165 1166
f 1131 1189 1207
f 1131 1207 1190
f 1211 1208 1213
f 1211 1191 1208
f 1193 1210 1209
f 1193 1212 1210
f 1192 1193 1209
f 1194 1211 1213
f 1194 1213 1092
f 1213 1233 1092
f 1092 1233 1196
f 1233 1235 1196
f 1234 1260 1195
f 1237 1234 1195
f 1235 1197 1196
f 1214 1197 1235
f 1197 1214 1175
f 1214 1305 1175
f 1175 1305 1142
f 1305 1215 1142
f 1177 1238 1176
f 1177 1198 1238
f 1143 1215 1216
f 1215 1143 1142
f 1143 1216 1286
f 1199 1145 1239
f 1145 1099 1239
f 1347 1200 1264
f 1147 1241 1051
f 1150 1107 1203
f 1217 1150 1203
f 1203 1218 1217
f 1026 1244 1220
f 1026 1220 1179
f 1204 1246 1293
f 1204 1293 1123
f 1180 978 1221
f 1248 1180 1221
f 1031 1181 1222
f 1180 1248 1158
f 1127 1088 1297
f 1182 1225 1254
f 1158 1248 1206
f 1248 1228 1206
f 1185 1223 1227
f 1227 1224 1185
f 1127 1297 1186
f 1187 1206 1228
f 1229 1187 1228
f 1230 1189 1229
f 1189 1187 1229
f 1189 1230 1300
f 1189 1300 1207
f 1207 1300 1190
f 1274 1209 1231
f 1191 1279 1208
f 1231 1209 1210
f 1279 1213 1208
f 1259 1213 1279
f 1210 1212 1258
f 1212 1091 1258
f 1258 1091 1171
f 1213 1232 1233
f 1235 1233 1236
f 1214 1235 1236
f 1237 1176 1283
f 1176 1238 1306
f 1308 1238 1198
f 1198 1199 1308
f 1239 1308 1199
f 1240 1051 1241
f 1200 1287 1202
f 1287 1200 1347
f 1150 1242 1147
f 1217 1242 1150
f 1217 1243 1242
f 1217 1218 1243
f 1179 1220 1245
f 1245 1246 1179
f 1123 1293 1205
f 978 1205 1221
f 1124 1224 1273
f 1249 1222 1181
f 1227 1223 1252
f 1223 1251 1252
f 1252 1273 1224
f 1088 1253 1297
f 1253 1222 1249
f 1253 1088 1222
f 1226 1254 1225
f 1224 1227 1252
f 1297 1256 1186
f 1226 1298 1254
f 1255 1228 1248
f 1228 1255 1229
f 1166 1256 1416
f 1416 1298 1166
f 1230 1255 1452
f 1229 1255 1230
f 1230 1452 1300
f 1257 1191 1190
f 1191 1257 1279
f 1210 1258 1231
f 1258 1171 1260
f 1259 1281 1213
f 1302 1260 1234
f 1213 1281 1232
f 1232 1236 1233
f 1305 1236 1232
f 1237 1261 1324
f 1234 1237 1324
f 1236 1305 1214
f 1283 1176 1327
f 1327 1176 1306
f 1215 1262 1285
f 1215 1305 1262
f 1215 1285 1216
f 1216 1285 1286
f 1239 1263 1308
f 1239 1099 1263
f 1051 1265 1099
f 1265 1051 1240
f 1241 1147 1311
f 1241 1311 1240
f 1147 1266 1311
f 1242 1266 1147
f 1218 1201 1268
f 1201 1202 1268
f 1242 1269 1267
f 1243 1269 1242
f 1218 1289 1243
f 1289 1218 1268
f 1178 1270 1334
f 1219 1334 1271
f 1244 1219 1272
f 1219 1271 1272
f 1244 1272 1220
f 1270 1178 1247
f 1221 1205 1316
f 1294 1248 1221
f 1337 1248 1294
f 1223 1250 1295
f 1251 1223 1295
f 1275 1252 1251
f 1275 1273 1252
f 1251 1295 1276
f 1275 1251 1276
f 1248 1337 1255
f 1256 1277 1416
f 1255 1337 1452
f 1274 1231 1296
f 1301 1190 1339
f 1190 1300 1339
f 1190 1301 1257
f 1280 1279 1301
f 1301 1279 1257
f 1258 1278 1296
f 1231 1258 1296
f 1259 1279 1280
f 1258 1260 1302
f 1259 1280 1281
f 1282 1324 1261
f 1283 1282 1261
f 1261 1237 1283
f 1305 1284 1262
f 1306 1238 1330
f 1307 1285 1262
f 1403 1330 1238
f 1403 1238 1308
f 1285 1307 1286
f 1099 1265 1263
f 1286 1347 1264
f 1242 1267 1266
f 1267 1269 1288
f 1269 1290 1288
f 1269 1243 1290
f 1243 1289 1290
f 1271 1334 1335
f 1272 1271 1291
f 1271 1335 1291
f 1220 1272 1292
f 1272 1291 1292
f 1220 1292 1245
f 1336 1221 1316
f 1124 1357 1366
f 1366 1155 1124
f 1221 1336 1294
f 1124 1273 1357
f 1277 1256 1297
f 1322 1296 1299
f 1299 1296 1278
f 1302 1299 1278
f 1278 1258 1302
f 1302 1234 1324
f 1282 1381 1324
f 1283 1303 1381
f 1283 1327 1303
f 1282 1283 1381
f 1305 1281 1304
f 1232 1281 1305
f 1284 1307 1262
f 1403 1308 1346
f 1265 1309 1263
f 1265 1240 1309
f 1240 1310 1309
f 1240 1311 1310
f 1310 1311 1266
f 1313 1289 1268
f 1202 1314 1268
f 1268 1314 1313
f 1314 1202 1312
f 1287 1312 1202
f 1289 1288 1290
f 1313 1288 1289
f 1291 1335 1353
f 1292 1291 1354
f 1291 1353 1354
f 1355 1245 1354
f 1245 1292 1354
f 1245 1355 1246
f 1155 1366 1247
f 1246 1355 1356
f 1246 1356 1293
f 1293 1356 1367
f 1205 1293 1367
f 1205 1367 1316
f 1316 1367 1315
f 1357 1273 1317
f 1249 1318 1253
f 1249 1181 1318
f 1317 1273 1275
f 1319 1317 1275
f 1297 1253 1447
f 1274 1296 1322
f 1319 1275 1276
f 1320 1297 1447
f 1297 1320 1277
f 1254 1431 1181
f 1298 1431 1254
f 1277 1320 1321
f 1431 1298 1416
f 1302 1323 1322
f 1299 1302 1322
f 1323 1302 1324
f 1301 1325 1280
f 1280 1325 1281
f 1325 1341 1281
f 1326 1381 1303
f 1327 1326 1303
f 1341 1304 1281
f 1328 1304 1341
f 1304 1328 1305
f 1305 1328 1284
f 1328 1329 1284
f 1327 1306 1330
f 1284 1329 1331
f 1307 1284 1331
f 1403 1399 1330
f 1307 1331 1286
f 1331 1386 1286
f 1286 1386 1332
f 1286 1332 1347
f 1263 1349 1308
f 1309 1348 1263
f 1263 1348 1349
f 1348 1309 1333
f 1309 1310 1333
f 1314 1351 1313
f 1351 1314 1312
f 1316 1315 1369
f 1369 1336 1316
f 1336 1373 1294
f 1337 1294 1373
f 1274 1358 1250
f 1319 1371 1357
f 1317 1319 1357
f 1274 1322 1358
f 1276 1295 1414
f 1414 1319 1276
f 1358 1322 1338
f 1277 1321 1416
f 1338 1322 1323
f 1454 1301 1339
f 1323 1324 1379
f 1301 1454 1325
f 1379 1324 1381
f 1326 1417 1381
f 1341 1325 1342
f 1327 1340 1417
f 1326 1327 1417
f 1328 1341 1342
f 1342 1343 1328
f 1328 1343 1329
f 1343 1344 1329
f 1382 1330 1399
f 1344 1331 1329
f 1345 1331 1344
f 1331 1345 1386
f 1404 1332 1386
f 1332 1404 1347
f 1308 1349 1346
f 1362 1287 1347
f 1348 1350 1349
f 1333 1350 1348
f 1267 1443 1266
f 1288 1351 1267
f 1313 1351 1288
f 1334 1352 1512
f 1270 1352 1334
f 1334 1512 1335
f 1352 1270 1247
f 1370 1366 1371
f 1371 1366 1357
f 1181 1372 1318
f 1372 1181 1429
f 1250 1358 1393
f 1295 1250 1374
f 1250 1393 1374
f 1429 1181 1431
f 1295 1374 1414
f 1323 1379 1338
f 1300 1452 1380
f 1300 1380 1339
f 1360 1417 1340
f 1359 1342 1325
f 1383 1342 1359
f 1340 1327 1382
f 1382 1327 1330
f 1345 1343 1361
f 1344 1343 1345
f 1361 1386 1345
f 1404 1387 1347
f 1350 1346 1349
f 1387 1362 1347
f 1351 1312 1363
f 1287 1364 1312
f 1312 1364 1363
f 1364 1287 1362
f 1353 1335 1407
f 1354 1353 1391
f 1353 1407 1391
f 1391 1355 1354
f 1365 1355 1391
f 1355 1365 1427
f 1356 1355 1427
f 1356 1427 1367
f 1466 1366 1370
f 1315 1367 1368
f 1369 1315 1368
f 1369 1368 1373
f 1373 1336 1369
f 1253 1318 1375
f 1372 1394 1318
f 1392 1337 1373
f 1253 1375 1447
f 1372 1429 1394
f 1358 1338 1377
f 1447 1376 1320
f 1320 1376 1321
f 1379 1378 1377
f 1338 1379 1377
f 1454 1359 1325
f 1340 1382 1360
f 1342 1383 1343
f 1383 1384 1343
f 1419 1382 1399
f 1384 1385 1343
f 1385 1361 1343
f 1402 1361 1385
f 1361 1402 1386
f 1399 1403 1480
f 1460 1404 1386
f 1388 1362 1389
f 1389 1362 1387
f 1310 1390 1333
f 1333 1390 1350
f 1390 1310 1266
f 1388 1363 1364
f 1362 1388 1364
f 1247 1366 1464
f 1464 1352 1247
f 1318 1394 1375
f 1373 1408 1392
f 1358 1377 1395
f 1374 1393 1446
f 1374 1446 1414
f 1395 1377 1378
f 1396 1395 1378
f 1321 1376 1415
f 1321 1415 1416
f 1378 1379 1396
f 1339 1380 1476
f 1476 1454 1339
f 1379 1381 1396
f 1396 1381 1417
f 1435 1397 1454
f 1417 1360 1432
f 1454 1397 1359
f 1382 1398 1432
f 1360 1382 1432
f 1383 1397 1384
f 1359 1397 1383
f 1384 1400 1385
f 1402 1400 1401
f 1385 1400 1402
f 1480 1403 1438
f 1402 1422 1386
f 1422 1460 1386
f 1389 1404 1405
f 1389 1387 1404
f 1405 1388 1389
f 1346 1350 1423
f 1405 1363 1388
f 1351 1363 1405
f 1351 1443 1267
f 1335 1512 1406
f 1335 1406 1407
f 1367 1427 1515
f 1373 1368 1408
f 1371 1445 1370
f 1409 1392 1408
f 1393 1412 1469
f 1358 1412 1393
f 1446 1393 1469
f 1371 1319 1445
f 1445 1319 1524
f 1375 1410 1447
f 1394 1410 1375
f 1394 1429 1410
f 1430 1392 1409
f 1430 1337 1392
f 1395 1412 1358
f 1524 1319 1414
f 1430 1452 1337
f 1396 1413 1412
f 1395 1396 1412
f 1413 1396 1417
f 1526 1432 1418
f 1418 1432 1398
f 1419 1418 1398
f 1435 1384 1397
f 1420 1384 1435
f 1398 1382 1419
f 1420 1421 1384
f 1419 1399 1437
f 1421 1400 1384
f 1439 1401 1400
f 1401 1422 1402
f 1440 1438 1403
f 1403 1346 1440
f 1350 1390 1423
f 1266 1462 1390
f 1424 1462 1266
f 1352 1492 1512
f 1406 1512 1425
f 1407 1406 1426
f 1406 1425 1426
f 1407 1426 1391
f 1366 1463 1464
f 1492 1352 1464
f 1428 1496 1466
f 1463 1366 1466
f 1466 1370 1428
f 1469 1412 1413
f 1429 1431 1411
f 1413 1417 1432
f 1454 1433 1435
f 1435 1433 1436
f 1419 1434 1526
f 1418 1419 1526
f 1420 1435 1436
f 1434 1419 1437
f 1535 1437 1399
f 1421 1439 1400
f 1401 1439 1422
f 1439 1458 1422
f 1460 1458 1441
f 1422 1458 1460
f 1351 1405 1442
f 1442 1405 1404
f 1426 1425 1494
f 1444 1391 1494
f 1391 1426 1494
f 1391 1444 1365
f 1365 1444 1495
f 1365 1495 1427
f 1427 1495 1515
f 1515 1368 1367
f 1472 1429 1411
f 1474 1430 1409
f 1413 1448 1469
f 1446 1449 1414
f 1450 1376 1447
f 1451 1411 1431
f 1451 1472 1411
f 1474 1452 1430
f 1413 1432 1448
f 1448 1432 1526
f 1376 1450 1475
f 1376 1475 1415
f 1451 1416 1453
f 1453 1416 1415
f 1431 1416 1451
f 1522 1526 1455
f 1455 1526 1434
f 1479 1436 1433
f 1436 1456 1420
f 1420 1456 1421
f 1535 1399 1480
f 1421 1456 1483
f 1480 1438 1567
f 1567 1438 1482
f 1439 1421 1483
f 1483 1458 1439
f 1482 1438 1457
f 1457 1438 1459
f 1438 1440 1459
f 1488 1441 1458
f 1441 1488 1460
f 1460 1442 1404
f 1443 1351 1461
f 1442 1461 1351
f 1428 1465 1496
f 1428 1370 1465
f 1465 1370 1467
f 1467 1370 1445
f 1408 1473 1409
f 1468 1469 1448
f 1468 1500 1469
f 1447 1410 1470
f 1410 1429 1471
f 1474 1409 1473
f 1448 1526 1468
f 1414 1449 1556
f 1556 1524 1414
f 1470 1450 1447
f 1450 1470 1475
f 1453 1415 1475
f 1477 1454 1476
f 1454 1477 1433
f 1477 1478 1433
f 1434 1437 1455
f 1478 1479 1433
f 1479 1456 1436
f 1481 1483 1456
f 1485 1484 1482
f 1482 1457 1485
f 1483 1486 1458
f 1485 1457 1487
f 1487 1457 1459
f 1486 1540 1458
f 1510 1459 1440
f 1540 1488 1458
f 1510 1440 1346
f 1488 1581 1460
f 1390 1490 1423
f 1443 1491 1266
f 1266 1491 1424
f 1425 1512 1493
f 1425 1493 1494
f 1466 1496 1497
f 1497 1463 1466
f 1445 1498 1465
f 1445 1549 1498
f 1467 1445 1465
f 1469 1500 1501
f 1501 1446 1469
f 1449 1446 1501
f 1445 1524 1549
f 1502 1470 1410
f 1502 1410 1519
f 1499 1519 1471
f 1519 1410 1471
f 1471 1504 1499
f 1429 1504 1471
f 1504 1429 1472
f 1473 1530 1474
f 1470 1502 1503
f 1470 1503 1528
f 1505 1474 1530
f 1470 1528 1561
f 1475 1470 1561
f 1475 1561 1453
f 1474 1505 1452
f 1505 1563 1452
f 1452 1563 1380
f 1522 1455 1532
f 1477 1506 1478
f 1508 1478 1506
f 1437 1507 1532
f 1455 1437 1532
f 1479 1508 1509
f 1478 1508 1479
f 1479 1509 1456
f 1509 1537 1456
f 1535 1480 1567
f 1456 1537 1481
f 1482 1484 1643
f 1482 1643 1567
f 1483 1481 1486
f 1487 1459 1541
f 1459 1510 1541
f 1541 1510 1511
f 1511 1510 1346
f 1460 1489 1442
f 1390 1462 1490
f 1442 1489 1461
f 1462 1424 1490
f 1494 1493 1513
f 1513 1444 1494
f 1604 1444 1513
f 1463 1516 1514
f 1463 1514 1464
f 1444 1604 1495
f 1465 1516 1496
f 1516 1463 1497
f 1516 1497 1496
f 1368 1515 1517
f 1498 1549 1516
f 1516 1465 1498
f 1368 1517 1518
f 1408 1368 1518
f 1553 1499 1520
f 1499 1504 1521
f 1499 1521 1520
f 1408 1518 1473
f 1500 1522 1523
f 1468 1522 1500
f 1501 1500 1523
f 1502 1519 1525
f 1503 1502 1525
f 1499 1553 1519
f 1473 1518 1530
f 1468 1526 1522
f 1501 1523 1527
f 1449 1501 1527
f 1449 1527 1556
f 1503 1525 1528
f 1472 1451 1529
f 1560 1505 1530
f 1453 1561 1531
f 1529 1451 1453
f 1531 1529 1453
f 1505 1560 1563
f 1533 1477 1476
f 1477 1533 1506
f 1565 1532 1534
f 1533 1536 1506
f 1534 1532 1507
f 1535 1534 1507
f 1508 1536 1509
f 1536 1508 1506
f 1507 1437 1535
f 1539 1481 1537
f 1643 1484 1538
f 1484 1570 1538
f 1481 1539 1486
f 1486 1539 1571
f 1484 1485 1570
f 1570 1485 1647
f 1571 1540 1486
f 1647 1485 1487
f 1541 1647 1487
f 1346 1542 1511
f 1346 1423 1542
f 1443 1461 1543
f 1461 1489 1543
f 1424 1544 1490
f 1424 1491 1663
f 1512 1492 1545
f 1493 1512 1546
f 1512 1545 1546
f 1493 1546 1513
f 1516 1548 1514
f 1514 1548 1464
f 1495 1604 1547
f 1495 1547 1515
f 1549 1548 1516
f 1518 1517 1551
f 1552 1518 1551
f 1616 1554 1520
f 1554 1553 1520
f 1520 1521 1550
f 1552 1559 1518
f 1523 1522 1625
f 1555 1523 1625
f 1553 1525 1519
f 1504 1472 1627
f 1504 1627 1521
f 1518 1559 1530
f 1527 1523 1555
f 1527 1555 1556
f 1525 1621 1557
f 1557 1528 1525
f 1472 1529 1627
f 1529 1558 1627
f 1559 1560 1530
f 1529 1531 1562
f 1558 1529 1562
f 1522 1532 1807
f 1807 1532 1565
f 1536 1564 1566
f 1536 1533 1564
f 1535 1567 1565
f 1534 1535 1565
f 1536 1566 1509
f 1509 1568 1537
f 1709 1567 1643
f 1569 1643 1538
f 1570 1569 1538
f 1568 1539 1537
f 1571 1539 1568
f 1647 1541 1572
f 1571 1574 1540
f 1648 1572 1573
f 1541 1511 1573
f 1572 1541 1573
f 1648 1575 1576
f 1648 1573 1575
f 1573 1577 1575
f 1573 1511 1577
f 1488 1574 1650
f 1540 1574 1488
f 1578 1576 1575
f 1652 1576 1578
f 1577 1578 1575
f 1488 1650 1581
f 1579 1578 1577
f 1511 1542 1580
f 1511 1580 1577
f 1577 1580 1579
f 1489 1460 1581
f 1578 1582 1652
f 1579 1582 1578
f 1745 1582 1579
f 1745 1583 1796
f 1745 1579 1583
f 1579 1580 1583
f 1588 1796 1583
f 1580 1585 1583
f 1542 1585 1580
f 1542 1584 1585
f 1542 1423 1584
f 1490 1586 1423
f 1587 1588 1583
f 1585 1589 1583
f 1589 1587 1583
f 1663 1590 1424
f 1491 1591 1663
f 1443 1592 1491
f 1592 1443 1543
f 1587 1593 1588
f 1593 1587 1589
f 1594 1593 1589
f 1595 1593 1594
f 1594 1589 1596
f 1594 1597 1595
f 1598 1599 1600
f 1596 1597 1594
f 1598 1680 1599
f 1599 1601 1600
f 1680 1601 1599
f 1545 1492 1602
f 1602 1603 1545
f 1603 1546 1545
f 1604 1603 1693
f 1604 1513 1603
f 1513 1546 1603
f 1548 1609 1464
f 1608 1609 1548
f 1464 1602 1492
f 1464 1609 1602
f 1609 1605 1602
f 1605 1694 1602
f 1604 1693 1606
f 1604 1606 1547
f 1547 1606 1607
f 1515 1547 1607
f 1694 1605 1610
f 1694 1610 1611
f 1515 1607 1612
f 1517 1515 1612
f 1517 1612 1613
f 1613 1551 1517
f 1614 1551 1613
f 1549 1608 1548
f 1549 1620 1608
f 1609 1608 1620
f 1615 1609 1620
f 1605 1609 1616
f 1616 1609 1615
f 1520 1610 1616
f 1610 1605 1616
f 1550 1610 1520
f 1550 1617 1610
f 1611 1610 1622
f 1622 1610 1617
f 1618 1611 1622
f 1619 1551 1614
f 1551 1619 1552
f 1549 1524 1620
f 1553 1615 1621
f 1615 1620 1621
f 1554 1615 1553
f 1616 1615 1554
f 1521 1617 1550
f 1622 1617 1521
f 1627 1622 1521
f 1623 1618 1628
f 1624 1552 1619
f 1624 1559 1552
f 1620 1524 1626
f 1621 1620 1626
f 1553 1621 1525
f 1627 1618 1622
f 1627 1628 1618
f 1625 1807 1851
f 1625 1522 1807
f 1555 1625 1851
f 1556 1555 1851
f 1556 1851 1629
f 1626 1524 1556
f 1626 1556 1629
f 1630 1626 1629
f 1621 1626 1630
f 1621 1630 1557
f 1557 1630 1702
f 1702 1528 1557
f 1561 1528 1702
f 1627 1558 1631
f 1631 1628 1627
f 1632 1559 1624
f 1559 1632 1560
f 1562 1531 1633
f 1558 1562 1633
f 1558 1633 1634
f 1558 1634 1631
f 1635 1631 1634
f 1636 1563 1632
f 1632 1563 1560
f 1634 1633 1637
f 1635 1634 1637
f 1638 1635 1637
f 1636 1635 1638
f 1563 1636 1380
f 1476 1380 1760
f 1639 1476 1760
f 1476 1639 1533
f 1807 1565 1641
f 1640 1533 1639
f 1640 1564 1533
f 1641 1565 1567
f 1640 1566 1564
f 1642 1566 1640
f 1566 1642 1509
f 1509 1642 1568
f 1642 1644 1568
f 1569 1738 1643
f 1568 1644 1646
f 1570 1645 1738
f 1570 1647 1645
f 1569 1570 1738
f 1571 1568 1646
f 1571 1646 1712
f 1647 1572 1869
f 1869 1572 1648
f 1714 1650 1574
f 1649 1648 1576
f 1651 1649 1576
f 1576 1652 1651
f 1581 1653 1654
f 1581 1650 1653
f 1489 1581 1654
f 1796 1588 1655
f 1584 1660 1585
f 1660 1584 1719
f 1719 1584 1423
f 1423 1586 1719
f 1544 1586 1490
f 1543 1656 1592
f 1543 1489 1657
f 1656 1543 1657
f 1489 1654 1657
f 1658 1657 1654
f 1659 1654 1653
f 1658 1654 1659
f 1661 1662 1660
f 1424 1746 1544
f 1424 1590 1746
f 1664 1591 1491
f 1491 1592 1665
f 1664 1491 1665
f 1592 1656 1665
f 1665 1656 1666
f 1657 1666 1656
f 1658 1666 1657
f 1588 1667 1655
f 1593 1667 1588
f 1585 1660 1589
f 1662 1674 1660
f 1724 1662 1661
f 1674 1662 1724
f 1665 1668 1664
f 1669 1666 1670
f 1669 1668 1666
f 1668 1665 1666
f 1658 1670 1666
f 1671 1670 1658
f 1659 1671 1658
f 1593 1595 1667
f 1667 1595 1672
f 1660 1673 1596
f 1589 1660 1596
f 1674 1673 1660
f 1676 1664 1675
f 1664 1690 1675
f 1668 1684 1664
f 1677 1668 1669
f 1684 1668 1677
f 1595 1678 1672
f 1597 1678 1595
f 1597 1596 1678
f 1673 1678 1596
f 1678 1673 1679
f 1598 1679 1673
f 1679 1598 1600
f 1680 1598 1673
f 1674 1680 1673
f 1681 1680 1674
f 1664 1684 1690
f 1601 1685 1600
f 1685 1679 1600
f 1601 1680 1686
f 1681 1686 1680
f 1682 1689 1681
f 1730 1689 1682
f 1683 1690 1730
f 1675 1690 1683
f 1677 1690 1684
f 1601 1687 1685
f 1686 1687 1601
f 1688 1687 1686
f 1688 1686 1689
f 1681 1689 1686
f 1690 1689 1730
f 1677 1691 1690
f 1689 1692 1688
f 1691 1692 1689
f 1690 1691 1689
f 1603 1602 1693
f 1602 1694 1693
f 1693 1695 1606
f 1693 1694 1695
f 1695 1623 1606
f 1606 1696 1607
f 1623 1696 1606
f 1611 1695 1694
f 1623 1695 1611
f 1607 1697 1612
f 1607 1696 1697
f 1696 1623 1697
f 1612 1698 1613
f 1697 1698 1612
f 1613 1698 1614
f 1611 1618 1623
f 1628 1697 1623
f 1698 1697 1699
f 1699 1697 1628
f 1614 1699 1619
f 1698 1699 1614
f 1619 1700 1624
f 1619 1699 1700
f 1699 1628 1700
f 1700 1628 1703
f 1630 1629 1701
f 1702 1630 1701
f 1628 1631 1703
f 1624 1700 1632
f 1702 1701 1704
f 1561 1702 1704
f 1531 1561 1704
f 1531 1704 1633
f 1631 1635 1703
f 1636 1703 1635
f 1636 1700 1703
f 1700 1636 1632
f 1637 1633 1705
f 1636 1638 1706
f 1706 1638 1637
f 1636 1706 1380
f 1380 1706 1760
f 1708 1640 1639
f 1567 1707 1641
f 1640 1708 1642
f 1707 1567 1709
f 1709 1643 1738
f 1642 1710 1644
f 1711 1738 1645
f 1710 1646 1644
f 1712 1646 1710
f 1645 1647 1741
f 1712 1713 1571
f 1741 1647 1869
f 1713 1714 1571
f 1571 1714 1574
f 1649 1715 1648
f 1650 1714 1743
f 1651 1716 1715
f 1651 1744 1716
f 1649 1651 1715
f 1743 1653 1650
f 1651 1652 1744
f 1719 1718 1660
f 1653 1717 1659
f 1660 1718 1661
f 1718 1723 1661
f 1746 1801 1544
f 1720 1721 1590
f 1720 1590 1663
f 1663 1591 1722
f 1720 1663 1722
f 1591 1664 1722
f 1671 1717 1751
f 1671 1659 1717
f 1752 1655 1667
f 1723 1724 1661
f 1676 1721 1720
f 1725 1721 1676
f 1722 1676 1720
f 1664 1676 1722
f 1751 1670 1671
f 1752 1667 1753
f 1753 1667 1672
f 1724 1726 1674
f 1724 1723 1726
f 1676 1729 1725
f 1676 1675 1729
f 1678 1940 1672
f 1940 1753 1672
f 1674 1726 1681
f 1682 1681 1726
f 1727 1682 1726
f 1682 1754 1730
f 1682 1727 1754
f 1728 1730 1754
f 1728 1683 1730
f 1675 1683 1728
f 1729 1675 1728
f 1678 1732 1940
f 1732 1678 1679
f 1732 1679 1685
f 1685 1687 1732
f 1731 1691 1677
f 1691 1942 1692
f 1691 1733 1942
f 1733 1691 1731
f 1633 1704 1734
f 1807 1641 1735
f 1633 1734 1705
f 1706 1637 1705
f 1706 1705 1760
f 1639 1856 1708
f 1707 1736 1735
f 1707 1737 1736
f 1641 1707 1735
f 1707 1709 1737
f 1642 1739 1710
f 1645 1741 1711
f 1712 1739 1740
f 1712 1740 1781
f 1710 1739 1712
f 1781 1713 1712
f 1648 1715 1791
f 1791 1715 1742
f 1742 1715 1716
f 1744 1742 1716
f 1653 1797 1717
f 1718 1800 1723
f 1746 1590 1721
f 1747 1746 1721
f 1751 1717 1797
f 1655 1752 1796
f 1748 1723 1800
f 1749 1747 1725
f 1725 1747 1721
f 1669 1670 1750
f 1726 1723 1748
f 1727 1726 1804
f 1726 1748 1804
f 1727 1804 1754
f 1754 1755 1728
f 1749 1729 1755
f 1755 1729 1728
f 1725 1729 1749
f 1669 1750 1677
f 1750 1756 1677
f 1731 1756 1757
f 1756 1731 1677
f 1850 1940 1732
f 1687 1850 1732
f 1687 1688 1850
f 1758 1942 1733
f 1731 1758 1733
f 1701 1907 1704
f 1734 1704 1853
f 1807 1735 1759
f 1734 1853 1810
f 1734 1810 1705
f 1760 1705 1810
f 1856 1639 1760
f 1759 1735 1736
f 1761 1759 1736
f 1762 1763 1764
f 1762 1858 1767
f 1764 1858 1762
f 1767 1858 1761
f 1767 1761 1737
f 1737 1761 1736
f 1768 1766 1769
f 1765 1766 1768
f 1767 1737 1709
f 1856 1772 1708
f 1765 1768 1950
f 1775 1768 1769
f 1708 1772 1642
f 1773 1774 1950
f 1950 1768 1773
f 1768 1775 1773
f 1709 1738 1771
f 1772 1822 1642
f 1776 1774 1773
f 1775 1777 1773
f 1738 1711 1771
f 1771 1711 1779
f 1642 1822 1739
f 1778 1776 1773
f 1783 1776 1778
f 1778 1777 1824
f 1778 1773 1777
f 1822 1740 1739
f 1781 1740 1822
f 1782 1783 1778
f 1741 1780 1779
f 1741 1869 1780
f 1711 1741 1779
f 1784 1783 1782
f 1785 1783 1784
f 1786 1784 1782
f 1784 1787 1785
f 1787 1788 1789
f 1787 1784 1788
f 1784 1786 1788
f 1788 1786 1829
f 1788 1790 1789
f 1869 1648 1831
f 1831 1648 1791
f 1794 1792 1742
f 1742 1792 1791
f 1714 1713 1795
f 1744 1793 1794
f 1742 1744 1794
f 1743 1714 1795
f 1582 1901 1652
f 1848 1797 1653
f 1718 1719 1798
f 1586 1847 1719
f 1586 1544 1799
f 1586 1799 1847
f 1798 1800 1718
f 1544 1801 1799
f 1746 1802 1801
f 1803 1746 1747
f 1800 1804 1748
f 1800 1798 1804
f 1805 1806 1749
f 1803 1747 1749
f 1806 1803 1749
f 1904 1751 1797
f 1754 1804 1755
f 1749 1755 1805
f 1756 1750 1906
f 1756 1906 1757
f 1942 2100 1692
f 1629 1851 1944
f 1629 1944 1701
f 1704 1907 1853
f 1759 1808 1807
f 1761 1809 1808
f 1761 2046 1809
f 1759 1761 1808
f 1763 1859 1857
f 1763 1857 1764
f 1764 1857 1858
f 2046 1761 1858
f 1859 1763 1766
f 1859 1766 1765
f 1769 1766 1770
f 1766 1763 1770
f 1763 1762 1770
f 1762 1767 1811
f 1770 1762 1811
f 1767 1709 1811
f 1811 1819 1770
f 1709 1771 1819
f 1811 1709 1819
f 1774 1812 1950
f 1769 1813 1775
f 1769 1770 1813
f 1819 1813 1770
f 1814 1819 1815
f 1815 1819 1771
f 1815 1771 1816
f 1774 1776 1812
f 1812 1776 1817
f 1813 1818 1777
f 1775 1813 1777
f 1819 1818 1813
f 1814 1820 1819
f 1771 1779 1816
f 1816 1779 1821
f 1776 1783 1817
f 1817 1783 1823
f 1824 1777 1818
f 1824 1818 1825
f 1825 1818 1819
f 1820 1825 1819
f 1821 1779 1780
f 1869 1821 1780
f 1823 1783 1826
f 1824 1827 1782
f 1778 1824 1782
f 1825 1874 1824
f 1874 1827 1824
f 1783 1785 1826
f 1826 1785 1828
f 1782 1827 1786
f 1829 1786 1827
f 1829 1827 1874
f 1923 1830 1874
f 1830 1829 1874
f 1785 1832 1828
f 1787 1832 1785
f 1832 1787 1789
f 1833 1832 1789
f 1829 1834 1788
f 1830 1835 1829
f 1835 1834 1829
f 1835 1830 1882
f 1781 1929 1713
f 1790 1838 1789
f 1838 1833 1789
f 1790 1788 1834
f 1790 1834 1839
f 1835 1839 1834
f 1837 1835 1882
f 1837 1836 1791
f 1791 1836 1831
f 1838 1839 1842
f 1838 1790 1839
f 1835 1840 1839
f 1837 1841 1835
f 1841 1840 1835
f 1791 1792 1841
f 1837 1791 1841
f 1840 1842 1839
f 1931 1842 1840
f 1794 1793 1966
f 1794 1966 1840
f 1794 1840 1841
f 1840 1966 1931
f 1792 1794 1841
f 1843 1795 1713
f 1966 1793 1744
f 1795 1843 1743
f 1843 1844 1743
f 1743 1844 1653
f 1844 1845 1653
f 1744 1652 1966
f 1653 1845 1848
f 1582 1745 1901
f 1719 1846 1798
f 1719 1847 1846
f 1799 1801 1847
f 1903 1802 1746
f 1746 1803 1903
f 1797 1848 1849
f 1797 1849 1904
f 1903 1806 1905
f 1905 1806 1805
f 1803 1806 1903
f 1750 1670 1939
f 1670 1751 1939
f 1755 1804 2004
f 2004 1805 1755
f 1939 1906 1750
f 1692 2100 1977
f 1944 1907 1701
f 1807 1808 1852
f 1852 1808 1809
f 1854 1852 1809
f 1810 1853 1855
f 1760 1810 1855
f 1760 1855 1911
f 1911 1856 1760
f 1809 2046 1854
f 1859 1765 1950
f 1981 1859 1950
f 1856 1913 1772
f 1812 1949 1950
f 1913 1866 1772
f 1812 1817 1949
f 1949 1817 1860
f 1820 1861 1862
f 1814 1861 1820
f 1814 1863 1861
f 1814 1815 1863
f 1864 1861 1863
f 1816 1821 1863
f 1815 1816 1863
f 1866 1865 1822
f 1772 1866 1822
f 1817 1823 1860
f 1860 1823 1867
f 1825 1820 1868
f 1820 1862 1868
f 1869 1864 1863
f 1821 1869 1863
f 1781 1822 1865
f 1781 1865 1870
f 1870 1865 1871
f 1872 1866 1913
f 1872 1877 1866
f 1877 1865 1866
f 1823 1826 1867
f 1867 1826 1873
f 1825 1868 1874
f 1874 1868 1955
f 1871 1865 1876
f 1877 1876 1865
f 1826 1828 1873
f 1873 1828 1878
f 1830 1923 1879
f 1923 1874 1955
f 1879 1923 1875
f 1879 1875 1831
f 1831 1875 1869
f 1877 1880 1876
f 1832 1881 1828
f 1881 1878 1828
f 1830 1879 1882
f 1831 1836 1882
f 1879 1831 1882
f 1880 1877 1883
f 1832 1961 1881
f 1961 1832 1833
f 1961 1833 1925
f 1925 1833 1838
f 1836 1837 1882
f 1877 1885 1883
f 1885 1884 1883
f 1885 1877 1872
f 1925 1838 1842
f 1929 1886 1713
f 1884 1887 1888
f 1884 1885 1887
f 1886 1843 1713
f 1885 1891 1887
f 1892 1885 1872
f 1889 1844 1843
f 1885 1894 1891
f 2072 1885 1892
f 2072 1894 1885
f 1889 1896 1845
f 1844 1889 1845
f 1893 1896 1889
f 1890 1893 1889
f 1891 1894 1890
f 1894 1893 1890
f 1895 1894 2072
f 1893 1897 1896
f 1936 1893 1898
f 1936 1897 1893
f 1894 1898 1893
f 1895 1898 1894
f 1896 1899 1900
f 1896 1900 1845
f 1845 1900 1848
f 1897 1899 1896
f 1936 1899 1897
f 1900 1937 1848
f 1798 1846 1970
f 1937 1849 1848
f 1902 1849 1937
f 1796 1752 1968
f 1849 1902 1904
f 1804 1798 2002
f 1804 2002 2004
f 1905 1805 2004
f 1906 2006 1757
f 2006 1974 1757
f 1731 1757 1975
f 1850 1941 1940
f 1850 1688 1941
f 1942 1758 2007
f 1731 1975 1758
f 1758 1975 2007
f 1807 1908 1851
f 1944 1851 1945
f 1852 1908 1807
f 1854 1909 1908
f 1852 1854 1908
f 1911 1855 1910
f 1854 2046 1909
f 1911 1910 1980
f 1980 1856 1911
f 1981 1857 1859
f 1950 1912 1981
f 1949 1860 1914
f 1860 1867 1914
f 1914 1867 1915
f 1861 1916 1917
f 1861 1917 1862
f 1862 1917 1868
f 1916 1861 1864
f 1916 1864 1918
f 1918 1864 1869
f 1872 1913 1985
f 1867 1873 1915
f 1915 1873 1919
f 1868 1917 1955
f 1869 1875 1918
f 1870 1920 1781
f 1870 1871 1921
f 1920 1870 1921
f 1871 1876 1921
f 1956 1872 1985
f 1873 1878 1919
f 1919 1878 1922
f 1920 1959 1781
f 1781 1959 1929
f 1920 1926 1927
f 1920 1921 1926
f 1876 1880 1926
f 1921 1876 1926
f 1878 1881 1922
f 1880 1924 1926
f 1880 1883 1924
f 1956 2071 1872
f 1924 1928 1926
f 1883 1884 1928
f 1924 1883 1928
f 1888 1927 1926
f 1963 1927 1888
f 1928 1888 1926
f 1884 1888 1928
f 1932 1843 1930
f 1843 1929 1930
f 1929 1843 1886
f 1933 1932 1965
f 1963 1933 1965
f 1963 1888 1933
f 1888 1934 1933
f 1887 1891 1934
f 1888 1887 1934
f 1892 2071 1935
f 1892 1872 2071
f 1843 1932 1889
f 1933 1889 1932
f 1890 1889 1933
f 1934 1890 1933
f 1891 1890 1934
f 1892 1935 2072
f 1900 1899 1967
f 1968 1745 1796
f 1937 1967 1938
f 1937 1900 1967
f 1902 1937 1938
f 1902 1938 1972
f 1902 1972 1904
f 1751 1973 1939
f 1972 1751 1904
f 1906 1939 2006
f 1908 1945 1851
f 1944 1945 2101
f 1944 2101 1943
f 1945 1908 1909
f 1944 1943 1946
f 1907 1944 1946
f 1907 1946 1853
f 2049 2046 1858
f 1947 2015 1981
f 1912 1948 1947
f 1981 1912 1947
f 1948 1912 1950
f 1985 1913 2057
f 1914 1915 1951
f 1917 1916 1952
f 1953 1916 1918
f 1915 1919 1951
f 1951 1919 1954
f 1917 1952 1955
f 1918 1875 1953
f 1919 1922 1954
f 1920 1957 1959
f 1920 1927 1957
f 1922 1881 1958
f 1957 1927 1960
f 1881 1961 1958
f 1959 1962 1929
f 1960 1927 1963
f 1929 1962 1930
f 1964 1930 1962
f 1842 2032 1925
f 1842 1931 2032
f 1930 1964 1995
f 1932 1930 1995
f 1995 1965 1932
f 1899 1997 1967
f 1899 1936 1997
f 1652 1901 2130
f 1969 1938 1967
f 1938 1969 1972
f 1802 1971 1801
f 1971 1802 1903
f 1970 2002 1798
f 1973 1751 1972
f 1903 1905 2004
f 1757 1974 1975
f 1942 2007 2100
f 1688 1692 1976
f 1909 1978 1945
f 1855 1853 1979
f 1909 2046 1978
f 1857 2013 1858
f 2013 1857 1981
f 1980 2020 1856
f 1856 2020 1913
f 1950 1982 1983
f 1949 1982 1950
f 1983 1948 1950
f 1913 2020 2057
f 1949 1914 1982
f 1982 1914 1984
f 1914 1951 1984
f 1984 1951 1986
f 1916 1987 1952
f 1987 1916 1953
f 1951 1954 1986
f 1986 1954 1988
f 1953 1875 2060
f 1989 1956 1985
f 1954 1922 1988
f 1988 1922 1990
f 1923 1955 2064
f 2060 1875 1923
f 2064 2060 1923
f 2066 1956 1989
f 2066 2071 1956
f 1922 1958 1990
f 1957 1991 1992
f 1959 1957 1992
f 1991 1957 1960
f 1994 1991 1960
f 1961 2123 1958
f 1992 1962 1959
f 1963 1994 1960
f 1961 1925 2032
f 2033 1995 1993
f 1995 1964 1993
f 1964 1992 1993
f 1995 2033 1965
f 1994 1965 2033
f 1964 1962 1992
f 1963 1965 1994
f 1931 1996 2032
f 1996 1931 1966
f 1966 1652 2034
f 2034 1652 2130
f 1901 2037 2130
f 1997 1969 1967
f 1970 1846 2039
f 1847 2134 1846
f 2040 1970 2039
f 1801 1998 1847
f 1801 1971 1998
f 2000 1971 1903
f 2002 1970 2041
f 1752 2001 1999
f 1753 2001 1752
f 2002 2003 2004
f 2000 1903 2004
f 1939 2005 2006
f 1753 1940 2001
f 2007 1974 2006
f 2093 1940 1941
f 2007 1975 1974
f 1692 1977 1976
f 2008 2101 1945
f 1943 2101 2155
f 1978 2153 2008
f 1945 1978 2008
f 1946 1943 2009
f 1853 1946 2009
f 1853 2009 2010
f 1979 1853 2010
f 1978 2046 2153
f 1979 2010 2011
f 1855 1979 2011
f 1910 1855 2011
f 1910 2011 2012
f 1980 1910 2012
f 1947 2014 2015
f 1981 2015 2016
f 2016 2013 1981
f 1980 2017 2020
f 2019 2014 1948
f 1948 2014 1947
f 2020 2017 2021
f 1983 2018 2019
f 1983 1982 2018
f 1982 2022 2018
f 1948 1983 2019
f 2020 2021 2023
f 2020 2023 2057
f 1982 1984 2022
f 2022 1984 2024
f 1984 1986 2024
f 2024 1986 2027
f 1987 2025 2059
f 1987 2059 1952
f 1952 2059 2062
f 2025 1987 1953
f 2025 1953 2026
f 2026 1953 2060
f 1986 1988 2027
f 2027 1988 2028
f 1952 2062 1955
f 1988 1990 2028
f 2028 1990 2029
f 1955 2062 2064
f 1990 1958 2029
f 2030 1991 1994
f 1991 1993 1992
f 1993 1991 2031
f 1993 2031 2033
f 2034 1996 1966
f 2035 1935 2071
f 1935 2035 2072
f 1936 1898 2073
f 1898 1895 2073
f 2036 1997 2131
f 1997 1936 2131
f 1745 2038 1901
f 1901 2038 2037
f 2038 1745 1968
f 1969 2036 2074
f 1997 2036 1969
f 2039 1846 2077
f 1847 1998 2134
f 1969 2074 1972
f 2040 2039 2077
f 1998 2135 2134
f 1998 1971 2135
f 2074 2080 1972
f 1752 1999 1968
f 1970 2040 2041
f 2080 1973 1972
f 2002 2041 2042
f 2003 2002 2042
f 2043 2004 2003
f 2083 2000 2004
f 2083 2004 2043
f 2003 2042 2044
f 2043 2003 2044
f 2005 2007 2006
f 1688 2098 1941
f 2098 1688 1976
f 2100 2007 2045
f 2008 2153 2101
f 1943 2155 2103
f 2009 1943 2103
f 2009 2158 2010
f 2011 2047 2105
f 2011 2105 2012
f 2163 1980 2012
f 2272 1980 2163
f 2048 2013 2016
f 1858 2013 2049
f 2272 2017 1980
f 2014 2050 2015
f 2048 2016 2050
f 2050 2016 2015
f 2019 2051 2109
f 2018 2051 2019
f 2050 2014 2019
f 2109 2050 2019
f 2052 2021 2017
f 2018 2022 2051
f 2051 2022 2053
f 2021 2052 2023
f 2022 2024 2053
f 2053 2024 2058
f 2173 2059 2025
f 2173 2025 2054
f 2054 2025 2055
f 2055 2025 2026
f 2056 2055 2026
f 2115 1985 2057
f 2024 2027 2058
f 2026 2060 2056
f 1985 2115 2226
f 2027 2028 2058
f 2058 2028 2061
f 1985 2226 1989
f 2028 2029 2061
f 2061 2029 2063
f 2064 2065 2219
f 2064 2219 2060
f 2060 2219 2056
f 2029 1958 2063
f 2067 1991 2069
f 2069 1991 2030
f 2031 2067 2068
f 2031 2068 2070
f 2031 1991 2067
f 2030 2033 2125
f 2033 2030 1994
f 2066 2180 2071
f 2031 2070 2125
f 2033 2031 2125
f 1895 2129 2073
f 2131 1936 2073
f 2038 2075 2037
f 1968 2079 2075
f 1968 2075 2038
f 2079 2076 2194
f 2075 2079 2194
f 2078 2194 2076
f 2078 2076 2077
f 2077 1846 2078
f 2134 2257 1846
f 2077 2076 2082
f 2082 2076 2079
f 2077 2082 2040
f 2000 2141 2137
f 2000 2137 1971
f 1971 2137 2135
f 2079 1999 2081
f 1968 1999 2079
f 2087 2079 2081
f 2082 2079 2087
f 2040 2082 2041
f 2000 2083 2141
f 2084 1939 2086
f 1973 2086 1939
f 1999 2001 2081
f 2001 2087 2081
f 2088 2082 2087
f 2041 2082 2089
f 2082 2088 2089
f 2041 2090 2042
f 2089 2090 2041
f 2043 2092 2083
f 2091 2092 2043
f 2005 2084 2085
f 2005 2085 2095
f 1939 2084 2005
f 2087 2093 2143
f 2087 2001 2093
f 2001 1940 2093
f 2088 2096 2089
f 2090 2089 2096
f 2042 2090 2044
f 2090 2096 2044
f 2044 2091 2043
f 2044 2094 2091
f 2094 2092 2091
f 2007 2005 2095
f 2096 2088 2147
f 2148 2044 2096
f 2094 2044 2148
f 2095 2045 2007
f 2097 2045 2095
f 2099 2045 2097
f 2045 2099 2100
f 2103 2155 2102
f 2103 2102 2157
f 2009 2103 2157
f 2009 2157 2158
f 2010 2158 2104
f 2047 2010 2104
f 2011 2010 2047
f 2012 2105 2106
f 2163 2012 2106
f 2013 2048 2049
f 2048 2107 2049
f 2204 2046 2049
f 2272 2167 2017
f 2050 2109 2107
f 2107 2048 2050
f 2167 2108 2017
f 2051 2114 2109
f 2169 2110 2111
f 2108 2052 2017
f 2051 2053 2114
f 2110 2112 2113
f 2216 2111 2110
f 2113 2216 2110
f 2057 2023 2174
f 2053 2058 2114
f 2112 2173 2054
f 2055 2112 2054
f 2113 2112 2055
f 2113 2055 2056
f 2113 2056 2216
f 2114 2058 2117
f 2173 2116 2059
f 2058 2061 2117
f 2059 2116 2062
f 2226 2233 1989
f 2061 2063 2117
f 2064 2116 2118
f 2064 2062 2116
f 2064 2118 2065
f 1989 2233 2066
f 2063 1958 2117
f 2117 1958 2119
f 2065 2118 2120
f 2178 2219 2065
f 2120 2178 2065
f 2067 2121 2068
f 2067 2069 2121
f 2122 2069 2030
f 1958 2123 2119
f 2030 2125 2124
f 2030 2124 2122
f 1961 2032 2123
f 2125 2070 2126
f 2180 2127 2071
f 2125 2126 2189
f 2127 2035 2071
f 2035 2128 2072
f 2128 1895 2072
f 2129 1895 2128
f 2034 2130 2280
f 2251 2073 2132
f 2073 2129 2132
f 2074 2036 2133
f 2131 2192 2036
f 2073 2251 2131
f 2133 2080 2074
f 2141 2136 2137
f 2137 2136 2138
f 2136 2141 2139
f 2084 2139 2085
f 2084 2136 2139
f 2086 2136 2084
f 2138 2136 2086
f 2138 2086 2140
f 2086 1973 2140
f 2092 2141 2083
f 2085 2142 2095
f 2139 2142 2085
f 2143 2144 2087
f 2087 2144 2088
f 2094 2141 2092
f 2094 2148 2141
f 2148 2149 2141
f 2139 2141 2149
f 1941 2143 2093
f 1941 2145 2143
f 2145 2144 2143
f 2146 2144 2145
f 2088 2144 2147
f 2144 2146 2147
f 2147 2148 2096
f 2139 2149 2150
f 2097 2142 2150
f 2142 2139 2150
f 2095 2142 2097
f 2098 2145 1941
f 2146 2145 2098
f 2098 2151 2146
f 2151 2147 2146
f 2152 2147 2151
f 2148 2147 2152
f 2099 2152 2100
f 2099 2149 2152
f 2149 2148 2152
f 2097 2149 2099
f 2150 2149 2097
f 2098 1976 2151
f 1977 2151 1976
f 2152 2151 1977
f 2100 2152 1977
f 2101 2153 2200
f 2155 2101 2154
f 2101 2202 2154
f 2155 2154 2156
f 2155 2156 2206
f 2102 2155 2206
f 2157 2102 2206
f 2158 2157 2207
f 2153 2046 2204
f 2104 2158 2159
f 2160 2104 2159
f 2047 2104 2160
f 2105 2047 2209
f 2047 2160 2209
f 2105 2209 2161
f 2162 2105 2161
f 2106 2105 2162
f 2106 2162 2163
f 2107 2164 2049
f 2164 2165 2049
f 2049 2165 2211
f 2049 2211 2204
f 2107 2109 2171
f 2107 2171 2164
f 2166 2165 2169
f 2169 2165 2164
f 2211 2165 2166
f 2109 2114 2171
f 2169 2164 2171
f 2169 2111 2166
f 2166 2111 2216
f 2052 2167 2168
f 2052 2168 2170
f 2108 2167 2052
f 2171 2114 2181
f 2110 2169 2112
f 2052 2170 2172
f 2023 2052 2172
f 2023 2172 2174
f 2171 2181 2173
f 2169 2171 2173
f 2112 2169 2173
f 2216 2056 2315
f 2115 2057 2174
f 2114 2117 2181
f 2173 2181 2116
f 2315 2056 2219
f 2116 2181 2182
f 2116 2182 2118
f 2179 2175 2176
f 2229 2179 2176
f 2179 2177 2175
f 2066 2233 2180
f 2117 2119 2181
f 2185 2118 2182
f 2185 2120 2118
f 2068 2121 2183
f 2229 2069 2179
f 2229 2121 2069
f 2069 2122 2234
f 2119 2123 2181
f 2123 2184 2181
f 2182 2181 2188
f 2188 2181 2184
f 2188 2185 2182
f 2068 2183 2070
f 2183 2186 2070
f 2122 2124 2187
f 2234 2122 2187
f 2239 2127 2180
f 2123 2032 2184
f 2235 2185 2188
f 2070 2186 2126
f 2125 2189 2124
f 1996 2184 2032
f 2188 2184 1996
f 2188 1996 2034
f 2188 2034 2235
f 2126 2186 2190
f 2189 2126 2190
f 2191 2189 2190
f 2124 2189 2191
f 2035 2132 2129
f 2128 2035 2129
f 2280 2130 2319
f 2251 2132 2250
f 2252 2319 2130
f 2036 2192 2133
f 2131 2251 2192
f 2130 2037 2193
f 2075 2254 2037
f 2037 2254 2193
f 2195 2194 2078
f 1846 2257 2078
f 2137 2196 2135
f 2138 2197 2137
f 2138 2198 2197
f 2140 2198 2138
f 1973 2199 2140
f 2140 2199 2198
f 2199 1973 2080
f 2101 2200 2201
f 2202 2201 2203
f 2202 2101 2201
f 2202 2203 2205
f 2154 2202 2205
f 2156 2154 2205
f 2157 2206 2265
f 2157 2265 2207
f 2158 2207 2159
f 2160 2159 2268
f 2160 2268 2269
f 2209 2160 2269
f 2209 2269 2210
f 2209 2210 2212
f 2161 2209 2212
f 2213 2161 2212
f 2162 2161 2213
f 2163 2162 2271
f 2162 2213 2271
f 2271 2272 2163
f 2272 2273 2167
f 2214 2211 2166
f 2273 2168 2167
f 2215 2168 2273
f 2168 2215 2170
f 2220 2172 2170
f 2220 2170 2217
f 2217 2170 2215
f 2172 2218 2174
f 2220 2218 2172
f 2275 2220 2217
f 2174 2218 2221
f 2174 2221 2115
f 2222 2220 2275
f 2218 2220 2223
f 2223 2220 2222
f 2223 2224 2221
f 2223 2221 2218
f 2115 2221 2224
f 2115 2224 2225
f 2225 2226 2115
f 2219 2178 2274
f 2175 2222 2275
f 2175 2275 2176
f 2176 2275 2227
f 2177 2222 2175
f 2177 2223 2222
f 2232 2223 2177
f 2229 2227 2230
f 2229 2176 2227
f 2177 2179 2231
f 2232 2177 2231
f 2234 2228 2232
f 2120 2278 2274
f 2120 2185 2278
f 2178 2120 2274
f 2121 2229 2230
f 2121 2230 2183
f 2179 2069 2231
f 2234 2231 2069
f 2234 2232 2231
f 2278 2185 2235
f 2183 2230 2186
f 2187 2236 2234
f 2236 2238 2234
f 2238 2283 2234
f 2236 2124 2237
f 2187 2124 2236
f 2238 2236 2237
f 2241 2190 2186
f 2241 2186 2242
f 2242 2186 2230
f 2190 2246 2191
f 2241 2246 2190
f 2191 2237 2124
f 2191 2246 2237
f 2246 2243 2237
f 2243 2283 2238
f 2243 2238 2237
f 2035 2239 2240
f 2035 2240 2248
f 2127 2239 2035
f 2245 2241 2242
f 2244 2245 2242
f 2245 2246 2241
f 2247 2243 2246
f 2132 2035 2248
f 2245 2244 2249
f 2250 2132 2248
f 2130 2253 2252
f 2253 2254 2255
f 2192 2251 2288
f 2192 2288 2133
f 2133 2288 2295
f 2130 2193 2253
f 2254 2253 2193
f 2254 2291 2255
f 2254 2075 2291
f 2194 2256 2075
f 2075 2256 2291
f 2256 2194 2195
f 2257 2388 2078
f 2257 2134 2135
f 2296 2257 2135
f 2133 2295 2080
f 2135 2258 2296
f 2196 2259 2135
f 2135 2259 2258
f 2137 2260 2196
f 2197 2260 2137
f 2197 2261 2260
f 2262 2080 2295
f 2197 2198 2261
f 2199 2261 2198
f 2262 2261 2199
f 2080 2262 2199
f 2200 2266 2301
f 2200 2153 2266
f 2153 2204 2266
f 2201 2200 2301
f 2203 2201 2301
f 2205 2203 2263
f 2156 2205 2263
f 2206 2156 2263
f 2264 2265 2263
f 2265 2206 2263
f 2207 2267 2159
f 2204 2211 2266
f 2267 2265 2264
f 2207 2265 2267
f 2159 2267 2208
f 2159 2208 2303
f 2268 2159 2303
f 2268 2303 2362
f 2268 2270 2269
f 2266 2211 2214
f 2268 2362 2270
f 2210 2269 2270
f 2213 2212 2306
f 2213 2306 2271
f 2166 2315 2214
f 2166 2216 2315
f 2315 2219 2274
f 2217 2215 2275
f 2224 2223 2276
f 2224 2277 2225
f 2276 2277 2224
f 2225 2277 2226
f 2391 2274 2279
f 2275 2316 2227
f 2223 2232 2276
f 2228 2276 2232
f 2228 2277 2276
f 2226 2228 2233
f 2277 2228 2226
f 2279 2274 2278
f 2316 2230 2227
f 2318 2230 2316
f 2233 2228 2281
f 2233 2281 2180
f 2228 2234 2283
f 2281 2228 2283
f 2180 2281 2239
f 2278 2235 2280
f 2281 2283 2282
f 2281 2282 2239
f 2235 2034 2280
f 2240 2282 2283
f 2239 2282 2240
f 2283 2243 2247
f 2247 2284 2283
f 2240 2284 2248
f 2283 2284 2240
f 2242 2285 2244
f 2246 2245 2286
f 2286 2247 2246
f 2249 2287 2289
f 2249 2285 2287
f 2249 2244 2285
f 2288 2287 2285
f 2249 2286 2245
f 2249 2289 2286
f 2247 2286 2290
f 2290 2286 2289
f 2250 2284 2290
f 2284 2247 2290
f 2248 2284 2250
f 2251 2287 2288
f 2289 2287 2251
f 2250 2289 2251
f 2290 2289 2250
f 2319 2344 2321
f 2252 2344 2319
f 2253 2344 2252
f 2255 2323 2253
f 2253 2323 2344
f 2255 2291 2292
f 2255 2292 2323
f 2292 2291 2293
f 2288 2322 2295
f 2293 2291 2256
f 2293 2256 2195
f 2293 2195 2294
f 2078 2325 2195
f 2078 2388 2325
f 2258 2259 2297
f 2196 2297 2259
f 2298 2297 2196
f 2298 2196 2299
f 2196 2260 2299
f 2261 2300 2260
f 2262 2300 2261
f 2300 2262 2295
f 2203 2301 2263
f 2301 2357 2263
f 2335 2263 2357
f 2264 2263 2335
f 2267 2264 2335
f 2267 2335 2302
f 2208 2302 2336
f 2208 2267 2302
f 2208 2338 2303
f 2304 2338 2208
f 2266 2214 2309
f 2208 2336 2304
f 2362 2303 2338
f 2210 2270 2305
f 2270 2362 2305
f 2212 2210 2305
f 2306 2212 2305
f 2306 2307 2271
f 2307 2308 2271
f 2271 2308 2272
f 2307 2306 2311
f 2312 2307 2311
f 2312 2313 2314
f 2312 2314 2307
f 2307 2314 2308
f 2272 2314 2273
f 2308 2314 2272
f 2315 2310 2309
f 2214 2315 2309
f 2215 2314 2313
f 2273 2314 2215
f 2313 2364 2215
f 2364 2316 2215
f 2215 2316 2275
f 2278 2317 2279
f 2278 2280 2317
f 2368 2280 2319
f 2318 2320 2230
f 2230 2320 2242
f 2242 2320 2285
f 2370 2319 2371
f 2371 2319 2321
f 2320 2288 2285
f 2322 2288 2320
f 2323 2292 2324
f 2293 2345 2292
f 2292 2345 2324
f 2345 2293 2294
f 2346 2345 2294
f 2294 2195 2346
f 2322 2329 2295
f 2296 2388 2257
f 2297 2326 2428
f 2258 2297 2428
f 2298 2326 2297
f 2298 2327 2326
f 2296 2473 2388
f 2296 2258 2473
f 2298 2299 2327
f 2260 2327 2299
f 2328 2327 2260
f 2328 2260 2330
f 2260 2300 2330
f 2329 2300 2295
f 2301 2331 2332
f 2266 2331 2301
f 2301 2332 2333
f 2357 2301 2333
f 2266 2309 2331
f 2331 2309 2334
f 2357 2333 2394
f 2302 2335 2336
f 2304 2336 2337
f 2338 2337 2339
f 2338 2304 2337
f 2338 2398 2362
f 2334 2309 2310
f 2338 2339 2340
f 2398 2338 2340
f 2305 2362 2361
f 2306 2305 2361
f 2306 2361 2311
f 2312 2311 2363
f 2311 2361 2363
f 2363 2313 2312
f 2364 2313 2363
f 2310 2315 2274
f 2364 2342 2316
f 2391 2279 2365
f 2317 2341 2365
f 2317 2280 2341
f 2279 2317 2365
f 2318 2342 2343
f 2316 2342 2318
f 2368 2319 2403
f 2403 2319 2370
f 2318 2372 2320
f 2344 2371 2321
f 2322 2372 2375
f 2320 2372 2322
f 2323 2324 2412
f 2375 2347 2322
f 2345 2412 2324
f 2322 2347 2329
f 2346 2195 2348
f 2348 2195 2349
f 2326 2350 2428
f 2350 2326 2351
f 2195 2325 2349
f 2327 2351 2326
f 2352 2351 2327
f 2352 2327 2353
f 2327 2328 2353
f 2328 2385 2353
f 2328 2330 2385
f 2300 2385 2330
f 2332 2331 2355
f 2355 2354 2332
f 2332 2354 2333
f 2355 2331 2334
f 2355 2356 2359
f 2355 2359 2354
f 2394 2354 2359
f 2333 2354 2394
f 2335 2389 2336
f 2389 2337 2336
f 2310 2358 2334
f 2395 2394 2359
f 2395 2357 2394
f 2335 2357 2395
f 2389 2335 2395
f 2340 2339 2360
f 2398 2340 2360
f 2310 2274 2358
f 2398 2360 2397
f 2274 2391 2358
f 2364 2400 2342
f 2400 2401 2342
f 2402 2365 2366
f 2401 2367 2342
f 2366 2365 2341
f 2368 2366 2341
f 2367 2343 2342
f 2369 2343 2367
f 2341 2280 2368
f 2343 2369 2318
f 2369 2449 2318
f 2408 2375 2372
f 2371 2344 2373
f 2374 2344 2323
f 2323 2412 2374
f 2376 2412 2345
f 2376 2345 2346
f 2376 2346 2413
f 2413 2346 2414
f 2377 2378 2414
f 2377 2414 2348
f 2348 2414 2346
f 2377 2381 2378
f 2377 2348 2349
f 2377 2349 2382
f 2377 2382 2381
f 2350 2379 2428
f 2380 2350 2351
f 2380 2351 2383
f 2351 2352 2383
f 2352 2384 2383
f 2385 2300 2386
f 2300 2329 2386
f 2349 2427 2382
f 2349 2325 2427
f 2388 2387 2325
f 2325 2387 2427
f 2352 2353 2384
f 2385 2384 2353
f 2258 2429 2473
f 2429 2258 2428
f 2355 2334 2356
f 2358 2356 2334
f 2358 2392 2356
f 2356 2393 2359
f 2356 2392 2393
f 2337 2389 2339
f 2339 2390 2360
f 2389 2390 2339
f 2392 2391 2432
f 2392 2358 2391
f 2395 2359 2393
f 2395 2396 2389
f 2397 2389 2396
f 2390 2389 2397
f 2360 2390 2397
f 2398 2433 2362
f 2362 2433 2361
f 2433 2431 2361
f 2361 2431 2363
f 2363 2431 2364
f 2397 2396 2430
f 2398 2397 2433
f 2431 2399 2364
f 2399 2400 2364
f 2391 2365 2402
f 2367 2401 2404
f 2368 2403 2402
f 2366 2368 2402
f 2369 2367 2404
f 2403 2370 2405
f 2449 2455 2318
f 2406 2405 2370
f 2455 2408 2318
f 2406 2371 2373
f 2370 2371 2406
f 2407 2406 2373
f 2409 2407 2374
f 2374 2407 2373
f 2318 2408 2372
f 2374 2373 2344
f 2410 2374 2376
f 2376 2374 2412
f 2413 2411 2410
f 2376 2413 2410
f 2375 2408 2347
f 2415 2414 2378
f 2420 2415 2378
f 2350 2421 2379
f 2417 2380 2416
f 2417 2421 2380
f 2421 2350 2380
f 2380 2422 2416
f 2422 2418 2416
f 2423 2418 2424
f 2424 2418 2422
f 2423 2424 2386
f 2386 2329 2419
f 2329 2347 2419
f 2378 2425 2420
f 2381 2425 2378
f 2381 2382 2425
f 2380 2383 2422
f 2384 2422 2383
f 2424 2422 2384
f 2385 2424 2384
f 2386 2424 2385
f 2379 2426 2428
f 2392 2432 2393
f 2393 2432 2395
f 2391 2402 2432
f 2439 2395 2432
f 2396 2395 2430
f 2395 2439 2430
f 2430 2433 2397
f 2440 2430 2439
f 2433 2430 2440
f 2434 2433 2440
f 2433 2434 2435
f 2431 2433 2436
f 2436 2433 2435
f 2399 2436 2400
f 2431 2436 2399
f 2432 2402 2437
f 2438 2432 2437
f 2446 2432 2438
f 2446 2439 2432
f 2436 2435 2441
f 2442 2400 2436
f 2442 2443 2400
f 2443 2401 2400
f 2403 2437 2402
f 2403 2448 2437
f 2448 2444 2437
f 2445 2438 2444
f 2444 2438 2437
f 2446 2438 2445
f 2443 2404 2401
f 2447 2404 2443
f 2444 2448 2454
f 2450 2445 2444
f 2454 2450 2444
f 2404 2447 2369
f 2447 2449 2369
f 2448 2403 2452
f 2454 2448 2452
f 2403 2405 2452
f 2454 2452 2453
f 2451 2454 2456
f 2405 2406 2452
f 2407 2452 2406
f 2453 2452 2407
f 2409 2453 2407
f 2409 2454 2453
f 2456 2454 2409
f 2458 2487 2451
f 2456 2458 2451
f 2455 2457 2408
f 2456 2409 2374
f 2410 2456 2374
f 2456 2410 2411
f 2456 2411 2458
f 2459 2408 2457
f 2411 2413 2458
f 2458 2413 2466
f 2408 2459 2460
f 2408 2460 2347
f 2413 2414 2466
f 2464 2463 2461
f 2462 2461 2463
f 2460 2419 2347
f 2415 2466 2414
f 2416 2463 2464
f 2416 2464 2417
f 2417 2464 2468
f 2418 2463 2416
f 2462 2463 2418
f 2423 2462 2418
f 2423 2465 2462
f 2386 2465 2423
f 2420 2467 2466
f 2420 2469 2467
f 2415 2420 2466
f 2379 2421 2426
f 2468 2421 2417
f 2426 2421 2468
f 2420 2425 2469
f 2382 2470 2425
f 2470 2382 2427
f 2427 2471 2470
f 2387 2471 2427
f 2472 2387 2388
f 2426 2509 2428
f 2388 2473 2472
f 2509 2429 2428
f 2439 2446 2479
f 2439 2479 2481
f 2439 2481 2440
f 2440 2481 2434
f 2434 2441 2435
f 2434 2481 2441
f 2441 2442 2436
f 2445 2480 2446
f 2446 2480 2479
f 2474 2441 2481
f 2442 2441 2474
f 2447 2442 2474
f 2443 2442 2447
f 2474 2481 2476
f 2476 2481 2475
f 2447 2476 2449
f 2474 2476 2447
f 2477 2475 2482
f 2476 2475 2477
f 2478 2476 2477
f 2478 2449 2476
f 2478 2455 2449
f 2454 2451 2450
f 2487 2450 2451
f 2487 2445 2450
f 2475 2481 2482
f 2477 2482 2484
f 2480 2445 2487
f 2488 2479 2480
f 2481 2479 2488
f 2484 2482 2483
f 2482 2481 2488
f 2485 2484 2483
f 2455 2486 2457
f 2487 2458 2496
f 2488 2480 2487
f 2489 2482 2488
f 2483 2482 2489
f 2483 2460 2459
f 2483 2459 2485
f 2485 2459 2490
f 2486 2459 2457
f 2490 2459 2486
f 2458 2466 2496
f 2488 2487 2493
f 2493 2487 2492
f 2461 2488 2493
f 2462 2488 2461
f 2462 2491 2488
f 2491 2489 2488
f 2492 2487 2496
f 2461 2493 2464
f 2465 2491 2462
f 2489 2491 2465
f 2465 2494 2489
f 2494 2483 2489
f 2460 2494 2419
f 2483 2494 2460
f 2467 2496 2466
f 2467 2495 2496
f 2497 2492 2496
f 2498 2499 2492
f 2498 2492 2497
f 2499 2505 2500
f 2499 2500 2492
f 2492 2500 2493
f 2464 2500 2468
f 2493 2500 2464
f 2465 2386 2494
f 2419 2494 2386
f 2495 2469 2501
f 2467 2469 2495
f 2502 2495 2501
f 2496 2495 2502
f 2503 2496 2502
f 2497 2496 2503
f 2504 2498 2497
f 2503 2504 2497
f 2426 2500 2505
f 2468 2500 2426
f 2469 2425 2501
f 2470 2501 2425
f 2502 2501 2470
f 2470 2506 2502
f 2507 2502 2506
f 2503 2502 2507
f 2508 2503 2507
f 2504 2503 2508
f 2505 2509 2426
f 2470 2471 2506
f 2387 2506 2471
f 2507 2506 2387
f 2507 2387 2472
f 2507 2472 2508
f 2508 2472 2510
f 2472 2511 2510
f 2473 2511 2472
f 2473 2429 2511
f 2477 2513 2478
f 2512 2513 2477
f 2513 2514 2478
f 2478 2514 2455
f 2484 2512 2477
f 2484 2515 2512
f 2515 2516 2512
f 2513 2512 2517
f 2517 2512 2516
f 2514 2513 2518
f 2518 2513 2517
f 2514 2518 2455
f 2484 2519 2515
f 2519 2516 2515
f 2517 2516 2520
f 2520 2516 2519
f 2518 2517 2521
f 2521 2517 2520
f 2518 2521 2455
f 2484 2485 2519
f 2521 2520 2522
f 2522 2520 2519
f 2455 2522 2486
f 2521 2522 2455
f 2490 2519 2485
f 2522 2519 2490
f 2486 2522 2490
f 2499 2498 2523
f 2499 2523 2505
f 2523 2504 2525
f 2498 2504 2523
f 2523 2525 2505
f 2508 2525 2504
f 2508 2524 2525
f 2505 2525 2509
f 2524 2510 2526
f 2508 2510 2524
f 2525 2524 2527
f 2527 2524 2526
f 2525 2527 2509
f 2510 2511 2526
f 2429 2526 2511
f 2527 2526 2429
f 2509 2527 2429

