# https://github.com/mikedh/trimesh
v -0.00008333 -0.00300000 -0.00400000
v 0.00000000 -0.00300000 -0.00412500
v 0.00000000 -0.00312500 -0.00400000
v -0.00013388 -0.00250000 -0.00400000
v -0.00000000 -0.00262500 -0.00350000
v -0.00008333 -0.00250000 -0.00350000
v -0.00008333 -0.00250000 -0.00300000
v -0.00000000 -0.00262500 -0.00250000
v -0.00008333 -0.00250000 -0.00250000
v -0.00018750 -0.00200000 -0.00350000
v -0.00018750 -0.00200000 -0.00300000
v -0.00013388 -0.00200000 -0.00250000
v 0.00000000 -0.00212500 -0.00200000
v -0.00008333 -0.00200000 -0.00200000
v -0.00000000 -0.00212500 -0.00150000
v -0.00008333 -0.00200000 -0.00150000
v 0.00000000 -0.00250000 -0.00462500
v -0.00018750 -0.00200000 -0.00400000
v -0.00025000 -0.00150000 -0.00350000
v -0.00024112 -0.00150000 -0.00300000
v -0.00020492 -0.00150000 -0.00250000
v -0.00018750 -0.00150000 -0.00200000
v 0.00000000 -0.00112500 -0.00050000
v -0.00008333 -0.00250000 -0.00450000
v -0.00018750 -0.00100000 -0.00400000
v -0.00025000 -0.00100000 -0.00350000
v -0.00025000 -0.00100000 -0.00300000
v -0.00025000 -0.00100000 -0.00250000
v -0.00024112 -0.00100000 -0.00200000
v -0.00020492 -0.00100000 -0.00150000
v -0.00013388 -0.00150000 -0.00150000
v -0.00008333 -0.00100000 -0.00050000
v 0.00000000 -0.00112500 0.00000000
v -0.00008333 -0.00100000 0.00000000
v 0.00000000 -0.00100000 0.00012500
v -0.00018750 -0.00050000 -0.00400000
v -0.00020492 -0.00050000 -0.00350000
v -0.00018750 -0.00050000 -0.00300000
v -0.00018750 -0.00050000 -0.00250000
v -0.00020492 -0.00050000 -0.00200000
v -0.00024112 -0.00050000 -0.00150000
v -0.00020492 -0.00050000 -0.00100000
v -0.00013388 -0.00050000 -0.00050000
v -0.00008333 -0.00050000 0.00000000
v 0.00000000 -0.00050000 0.00012500
v -0.00008333 0.00000000 -0.00450000
v -0.00018750 0.00000000 -0.00400000
v -0.00013388 0.00000000 -0.00350000
v -0.00008333 0.00000000 -0.00300000
v -0.00008333 0.00000000 -0.00250000
v -0.00013388 0.00000000 -0.00200000
v -0.00020492 0.00000000 -0.00150000
v -0.00018750 0.00000000 -0.00100000
v -0.00008333 0.00000000 -0.00050000
v -0.00000000 -0.00000000 -0.00037500
v -0.00008333 0.00050000 -0.00450000
v -0.00008333 0.00050000 -0.00400000
v -0.00008333 0.00050000 -0.00350000
v 0.00000000 0.00012500 -0.00300000
v 0.00000000 0.00012500 -0.00250000
v -0.00008333 0.00050000 -0.00200000
v -0.00018750 0.00050000 -0.00150000
v -0.00013388 0.00050000 -0.00100000
v -0.00008333 0.00050000 -0.00050000
v 0.00000000 0.00050000 -0.00037500
v 0.00000000 0.00062500 -0.00450000
v 0.00000000 0.00062500 -0.00350000
v -0.00008333 0.00100000 -0.00200000
v -0.00000000 0.00050000 -0.00212500
v -0.00018750 0.00100000 -0.00150000
v -0.00008333 0.00100000 -0.00100000
v 0.00000000 0.00100000 -0.00087500
v -0.00008333 0.00150000 -0.00200000
v 0.00000000 0.00150000 -0.00212500
v -0.00013388 0.00150000 -0.00150000
v -0.00008333 0.00150000 -0.00100000
v -0.00000000 0.00150000 -0.00087500
v -0.00008333 0.00200000 -0.00250000
v 0.00000000 0.00187500 -0.00250000
v -0.00013388 0.00200000 -0.00200000
v -0.00008333 0.00200000 -0.00150000
v -0.00008333 0.00250000 -0.00200000
v 0.00000000 0.00250000 -0.00187500
v 0.00000000 0.00200000 -0.00262500
v -0.00008333 0.00300000 -0.00200000
v 0.00000000 0.00300000 -0.00187500
v -0.00008333 0.00350000 -0.00250000
v -0.00000000 0.00362500 -0.00250000
v 0.00050000 -0.00400000 -0.00412500
v 0.00037500 -0.00400000 -0.00400000
v 0.00037500 -0.00350000 -0.00400000
v 0.00050000 -0.00350000 -0.00412500
v 0.00037500 -0.00350000 -0.00350000
v 0.00037500 -0.00350000 -0.00200000
v 0.00050000 -0.00300000 -0.00412500
v 0.00037500 -0.00300000 -0.00350000
v 0.00037500 -0.00300000 -0.00250000
v 0.00037500 -0.00300000 -0.00150000
v 0.00037500 -0.00300000 0.00000000
v 0.00087500 -0.00300000 0.00050000
v 0.00037500 -0.00250000 -0.00200000
v 0.00037500 -0.00250000 -0.00150000
v 0.00037500 -0.00250000 0.00050000
v 0.00037500 -0.00250000 0.00150000
v 0.00087500 -0.00300000 0.00150000
v 0.00037500 -0.00150000 -0.00050000
v 0.00037500 -0.00150000 0.00000000
v 0.00037500 -0.00200000 0.00200000
v 0.00087500 -0.00250000 0.00300000
v 0.00037500 -0.00150000 0.00350000
v 0.00037500 -0.00150000 0.00450000
v 0.00087500 -0.00150000 0.00500000
v 0.00037500 -0.00100000 0.00050000
v 0.00037500 -0.00050000 0.00050000
v 0.00037500 -0.00100000 0.00500000
v 0.00037500 -0.00100000 0.00550000
v 0.00050000 -0.00100000 0.00562500
v 0.00037500 -0.00000000 0.00550000
v 0.00037500 0.00000000 0.00000000
v 0.00037500 -0.00200000 0.00300000
v 0.00037500 0.00050000 0.00500000
v 0.00050000 0.00000000 0.00562500
v 0.00050000 0.00050000 -0.00512500
v 0.00037500 0.00050000 -0.00300000
v 0.00037500 0.00050000 -0.00250000
v 0.00037500 0.00050000 0.00000000
v 0.00050000 0.00050000 0.00512500
v 0.00037500 0.00050000 -0.00500000
v 0.00037500 0.00100000 -0.00450000
v 0.00037500 0.00100000 -0.00350000
v 0.00037500 0.00100000 -0.00050000
v 0.00037500 0.00150000 -0.00250000
v 0.00037500 0.00150000 0.00250000
v 0.00037500 0.00150000 0.00500000
v 0.00050000 0.00150000 0.00512500
v 0.00037500 0.00300000 -0.00150000
v 0.00037500 0.00250000 -0.00150000
v 0.00037500 0.00150000 -0.00050000
v 0.00000000 0.00350000 -0.00262500
v 0.00037500 0.00450000 0.00100000
v 0.00037500 0.00400000 -0.00250000
v 0.00037500 0.00200000 0.00200000
v 0.00037500 0.00400000 -0.00200000
v 0.00050000 0.00412500 -0.00200000
v 0.00037500 0.00450000 -0.00150000
v 0.00050000 0.00462500 -0.00150000
v 0.00050000 0.00462500 0.00100000
v 0.00037500 0.00500000 0.00150000
v 0.00037500 0.00500000 0.00200000
v 0.00050000 0.00500000 0.00212500
v 0.00050000 0.00512500 0.00150000
v 0.00050000 0.00512500 0.00200000
v 0.00087500 -0.00450000 -0.00400000
v 0.00087500 -0.00450000 -0.00300000
v 0.00087500 -0.00400000 -0.00350000
v 0.00087500 -0.00400000 -0.00200000
v 0.00087500 -0.00400000 -0.00100000
v 0.00087500 -0.00350000 -0.00150000
v 0.00087500 -0.00350000 -0.00000000
v 0.00087500 -0.00350000 0.00100000
v 0.00137500 -0.00400000 0.00100000
v 0.00100000 -0.00300000 -0.00462500
v 0.00087500 -0.00300000 0.00300000
v 0.00137500 -0.00350000 0.00300000
v 0.00087500 -0.00250000 0.00200000
v 0.00087500 -0.00250000 0.00350000
v 0.00087500 -0.00250000 0.00500000
v 0.00137500 -0.00300000 0.00500000
v 0.00050000 -0.00250000 -0.00462500
v 0.00087500 -0.00200000 0.00350000
v 0.00087500 -0.00200000 0.00450000
v 0.00100000 -0.00200000 0.00562500
v 0.00087500 -0.00200000 0.00550000
v -0.00000000 0.00050000 -0.00462500
v 0.00087500 -0.00150000 0.00550000
v 0.00100000 0.00000000 -0.00462500
v 0.00100000 0.00050000 -0.00512500
v 0.00100000 -0.00000000 0.00562500
v 0.00100000 0.00050000 0.00512500
v 0.00050000 0.00150000 -0.00512500
v 0.00037500 0.00150000 -0.00500000
v 0.00037500 0.00150000 -0.00300000
v 0.00087500 0.00200000 0.00250000
v 0.00087500 0.00200000 0.00500000
v 0.00200000 0.00312500 -0.00500000
v 0.00050000 0.00200000 -0.00262500
v 0.00087500 0.00250000 0.00250000
v 0.00100000 0.00250000 0.00512500
v 0.00087500 0.00250000 0.00500000
v 0.00050000 0.00250000 0.00212500
v 0.00050000 0.00412500 -0.00250000
v 0.00100000 0.00450000 0.00212500
v 0.00100000 0.00462500 0.00100000
v 0.00100000 0.00462500 0.00200000
v 0.00100000 0.00512500 0.00150000
v 0.00150000 -0.00512500 -0.00400000
v 0.00150000 -0.00512500 -0.00300000
v 0.00100000 -0.00350000 -0.00412500
v 0.00200000 -0.00512500 -0.00250000
v 0.00087500 -0.00400000 -0.00250000
v 0.00150000 -0.00462500 -0.00150000
v 0.00150000 -0.00462500 -0.00100000
v 0.00087500 -0.00350000 -0.00050000
v 0.00150000 -0.00412500 0.00100000
v 0.00150000 -0.00412500 0.00150000
v 0.00137500 -0.00400000 0.00150000
v 0.00150000 -0.00350000 -0.00412500
v 0.00137500 -0.00350000 0.00150000
v 0.00137500 -0.00350000 0.00200000
v 0.00137500 -0.00350000 0.00350000
v 0.00150000 -0.00300000 -0.00462500
v 0.00137500 -0.00300000 0.00350000
v 0.00137500 -0.00300000 0.00400000
v 0.00137500 -0.00300000 0.00550000
v 0.00137500 -0.00250000 0.00550000
v 0.00150000 -0.00250000 0.00562500
v 0.00100000 -0.00150000 0.00562500
v 0.00150000 -0.00050000 0.00562500
v 0.00150000 0.00000000 -0.00512500
v 0.00150000 0.00000000 0.00512500
v 0.00100000 0.00200000 0.00512500
v 0.00250000 0.00362500 -0.00300000
v 0.00137500 0.00300000 0.00300000
v 0.00137500 0.00300000 0.00500000
v 0.00137500 0.00350000 0.00350000
v 0.00137500 0.00350000 0.00450000
v 0.00150000 0.00350000 0.00462500
v 0.00050000 0.00400000 -0.00262500
v 0.00150000 0.00362500 0.00350000
v 0.00150000 0.00362500 0.00400000
v 0.00150000 0.00412500 -0.00200000
v 0.00150000 0.00450000 0.00212500
v 0.00150000 0.00462500 0.00150000
v 0.00150000 0.00462500 0.00200000
v 0.00200000 -0.00562500 -0.00400000
v 0.00200000 -0.00550000 -0.00412500
v 0.00200000 -0.00512500 -0.00350000
v 0.00200000 -0.00512500 -0.00150000
v 0.00200000 -0.00462500 -0.00100000
v 0.00200000 -0.00462500 -0.00050000
v 0.00200000 -0.00462500 0.00050000
v 0.00200000 -0.00462500 0.00100000
v 0.00200000 -0.00412500 0.00150000
v 0.00200000 -0.00412500 0.00200000
v 0.00200000 -0.00412500 0.00300000
v 0.00200000 -0.00412500 0.00350000
v 0.00200000 -0.00350000 -0.00462500
v 0.00250000 -0.00412500 0.00450000
v 0.00250000 -0.00412500 0.00550000
v 0.00150000 -0.00300000 0.00562500
v 0.00250000 -0.00050000 -0.00462500
v 0.00200000 -0.00050000 0.00562500
v 0.00200000 -0.00000000 0.00512500
v 0.00200000 0.00250000 0.00512500
v 0.00200000 0.00300000 -0.00512500
v 0.00150000 0.00300000 0.00512500
v 0.00200000 0.00300000 0.00462500
v 0.00200000 0.00312500 -0.00350000
v 0.00250000 0.00400000 -0.00262500
v 0.00250000 0.00412500 0.00250000
v 0.00200000 0.00362500 0.00300000
v 0.00200000 0.00400000 0.00212500
v 0.00200000 0.00412500 0.00400000
v 0.00200000 0.00412500 0.00450000
v 0.00200000 0.00400000 0.00462500
v 0.00300000 0.00412500 -0.00250000
v 0.00150000 0.00462500 -0.00150000
v 0.00200000 0.00412500 -0.00150000
v 0.00200000 0.00412500 0.00200000
v 0.00200000 0.00462500 -0.00100000
v 0.00250000 -0.00550000 -0.00412500
v 0.00250000 -0.00562500 -0.00350000
v 0.00250000 -0.00562500 -0.00250000
v 0.00250000 -0.00512500 -0.00200000
v 0.00250000 -0.00512500 -0.00100000
v 0.00250000 -0.00512500 0.00050000
v 0.00250000 -0.00462500 0.00100000
v 0.00250000 -0.00462500 0.00150000
v 0.00250000 -0.00462500 0.00250000
v 0.00250000 -0.00462500 0.00300000
v 0.00250000 -0.00412500 0.00350000
v 0.00250000 -0.00412500 0.00400000
v 0.00250000 -0.00400000 0.00562500
v 0.00300000 -0.00400000 -0.00412500
v 0.00050000 -0.00000000 -0.00462500
v 0.00250000 -0.00100000 0.00562500
v 0.00250000 -0.00050000 0.00512500
v 0.00300000 0.00200000 -0.00512500
v 0.00250000 0.00300000 -0.00562500
v 0.00250000 0.00250000 0.00512500
v 0.00250000 0.00300000 0.00462500
v 0.00250000 0.00312500 -0.00550000
v 0.00250000 0.00312500 -0.00500000
v 0.00250000 0.00362500 -0.00350000
v 0.00200000 0.00362500 0.00350000
v 0.00250000 0.00400000 0.00462500
v 0.00250000 0.00412500 0.00350000
v 0.00350000 0.00462500 -0.00100000
v 0.00200000 0.00462500 0.00150000
v 0.00250000 -0.00562500 -0.00400000
v 0.00300000 -0.00562500 -0.00350000
v 0.00300000 -0.00562500 -0.00200000
v 0.00300000 -0.00562500 -0.00100000
v 0.00200000 -0.00400000 -0.00412500
v 0.00300000 -0.00512500 -0.00050000
v 0.00300000 -0.00512500 0.00100000
v 0.00300000 -0.00512500 0.00150000
v 0.00300000 -0.00462500 0.00200000
v 0.00300000 -0.00462500 0.00250000
v 0.00300000 -0.00462500 0.00350000
v 0.00300000 -0.00462500 0.00450000
v 0.00300000 -0.00412500 0.00500000
v 0.00300000 -0.00412500 0.00550000
v 0.00300000 -0.00400000 0.00562500
v 0.00300000 -0.00350000 -0.00462500
v 0.00300000 -0.00300000 -0.00462500
v 0.00150000 -0.00050000 -0.00462500
v 0.00300000 -0.00100000 -0.00462500
v 0.00300000 -0.00050000 -0.00512500
v 0.00350000 -0.00050000 0.00512500
v 0.00250000 -0.00000000 -0.00512500
v 0.00300000 0.00150000 -0.00512500
v 0.00300000 0.00250000 -0.00562500
v 0.00300000 0.00250000 0.00462500
v 0.00300000 0.00300000 -0.00562500
v 0.00250000 0.00312500 -0.00400000
v 0.00300000 0.00362500 -0.00500000
v 0.00300000 0.00362500 -0.00400000
v 0.00350000 0.00412500 -0.00150000
v 0.00250000 0.00412500 0.00450000
v 0.00300000 0.00450000 0.00462500
v 0.00300000 0.00462500 0.00150000
v 0.00300000 0.00462500 0.00250000
v 0.00300000 0.00462500 0.00450000
v 0.00350000 -0.00612500 -0.00300000
v 0.00350000 -0.00562500 -0.00050000
v 0.00350000 -0.00562500 -0.00000000
v 0.00350000 -0.00512500 0.00250000
v 0.00350000 -0.00462500 0.00300000
v 0.00350000 -0.00462500 0.00500000
v 0.00337500 -0.00400000 -0.00550000
v 0.00350000 -0.00412500 -0.00450000
v 0.00337500 -0.00400000 -0.00450000
v 0.00337500 -0.00350000 -0.00650000
v 0.00350000 -0.00362500 -0.00650000
v 0.00337500 -0.00350000 -0.00600000
v 0.00337500 -0.00300000 -0.00550000
v 0.00337500 -0.00350000 -0.00500000
v 0.00400000 -0.00300000 0.00562500
v 0.00337500 -0.00300000 -0.00700000
v 0.00350000 -0.00300000 -0.00712500
v 0.00337500 -0.00300000 -0.00500000
v 0.00350000 -0.00250000 0.00562500
v 0.00350000 -0.00250000 -0.00712500
v 0.00337500 -0.00250000 -0.00700000
v 0.00337500 -0.00200000 -0.00650000
v 0.00350000 -0.00200000 -0.00758333
v 0.00337500 -0.00200000 -0.00750000
v 0.00350000 -0.00200000 0.00562500
v 0.00350000 -0.00100000 0.00562500
v 0.00350000 -0.00150000 -0.00758333
v 0.00337500 -0.00050000 -0.00750000
v 0.00350000 -0.00100000 -0.00462500
v 0.00350000 -0.00050000 -0.00758333
v 0.00350000 -0.00050000 -0.00512500
v 0.00337500 -0.00000000 -0.00700000
v 0.00350000 0.00000000 -0.00712500
v 0.00337500 -0.00050000 -0.00650000
v 0.00300000 0.00050000 -0.00512500
v 0.00337500 0.00050000 -0.00700000
v 0.00337500 0.00050000 -0.00550000
v 0.00337500 0.00100000 -0.00650000
v 0.00337500 0.00100000 -0.00600000
v 0.00337500 0.00150000 -0.00550000
v 0.00350000 0.00200000 -0.00512500
v 0.00300000 0.00200000 0.00512500
v 0.00400000 0.00250000 0.00462500
v 0.00300000 0.00312500 -0.00550000
v 0.00350000 0.00362500 -0.00550000
v 0.00450000 0.00362500 -0.00450000
v 0.00300000 0.00362500 -0.00300000
v 0.00350000 0.00450000 0.00462500
v 0.00400000 0.00412500 -0.00150000
v 0.00300000 0.00412500 0.00200000
v 0.00350000 0.00462500 0.00200000
v 0.00350000 0.00462500 0.00450000
v 0.00300000 -0.00600000 -0.00412500
v 0.00300000 -0.00612500 -0.00400000
v 0.00450000 -0.00612500 -0.00200000
v 0.00400000 -0.00512500 0.00300000
v 0.00400000 -0.00512500 0.00350000
v 0.00350000 -0.00462500 0.00550000
v 0.00350000 -0.00412500 -0.00550000
v 0.00450000 -0.00412500 -0.00450000
v 0.00350000 -0.00362500 -0.00600000
v 0.00387500 -0.00250000 0.00600000
v 0.00350000 -0.00212500 -0.00750000
v 0.00400000 -0.00200000 -0.00587500
v 0.00400000 -0.00237500 -0.00500000
v 0.00400000 -0.00200000 -0.00462500
v 0.00387500 -0.00200000 0.00600000
v 0.00400000 -0.00200000 0.00662500
v 0.00387500 -0.00200000 0.00650000
v 0.00387500 -0.00150000 0.00650000
v 0.00400000 -0.00150000 0.00662500
v 0.00400000 -0.00100000 -0.00768750
v 0.00400000 -0.00150000 -0.00462500
v 0.00400000 -0.00100000 -0.00512500
v 0.00400000 -0.00150000 0.00562500
v 0.00400000 -0.00100000 0.00512500
v 0.00437500 -0.00100000 0.00650000
v 0.00400000 -0.00050000 -0.00587500
v 0.00450000 -0.00050000 0.00512500
v 0.00350000 -0.00037500 -0.00750000
v 0.00450000 -0.00062500 -0.00550000
v 0.00350000 0.00112500 -0.00600000
v 0.00400000 0.00150000 -0.00562500
v 0.00400000 0.00200000 0.00512500
v 0.00400000 0.00200000 -0.00512500
v 0.00400000 0.00250000 -0.00562500
v 0.00400000 0.00300000 0.00462500
v 0.00400000 0.00412500 -0.00100000
v 0.00350000 0.00462500 0.00000000
v 0.00400000 0.00450000 0.00037500
v 0.00400000 0.00462500 0.00050000
v 0.00400000 0.00512500 0.00350000
v 0.00400000 0.00500000 0.00462500
v 0.00400000 0.00512500 0.00450000
v 0.00350000 -0.00612500 -0.00350000
v 0.00300000 -0.00562500 -0.00300000
v 0.00450000 -0.00562500 -0.00150000
v 0.00450000 -0.00562500 0.00100000
v 0.00300000 -0.00512500 0.00000000
v 0.00350000 -0.00450000 -0.00412500
v 0.00350000 -0.00512500 0.00200000
v 0.00500000 -0.00512500 0.00450000
v 0.00450000 -0.00450000 -0.00412500
v 0.00350000 -0.00450000 0.00562500
v 0.00450000 -0.00412500 -0.00550000
v 0.00450000 -0.00362500 -0.00600000
v 0.00500000 -0.00250000 -0.00712500
v 0.00400000 -0.00200000 -0.00758333
v 0.00400000 -0.00237500 -0.00550000
v 0.00450000 -0.00237500 -0.00500000
v 0.00400000 -0.00150000 -0.00768750
v 0.00450000 -0.00150000 -0.00587500
v 0.00450000 -0.00150000 -0.00462500
v 0.00437500 -0.00150000 0.00600000
v 0.00437500 -0.00150000 0.00700000
v 0.00450000 -0.00112500 0.00750000
v 0.00500000 -0.00100000 -0.00768750
v 0.00450000 -0.00100000 -0.00512500
v 0.00437500 -0.00100000 0.00550000
v 0.00437500 -0.00100000 0.00600000
v 0.00450000 -0.00100000 0.00758333
v 0.00450000 -0.00087500 0.00550000
v 0.00450000 -0.00087500 0.00600000
v 0.00437500 -0.00100000 0.00750000
v 0.00450000 -0.00050000 0.00758333
v 0.00437500 -0.00050000 0.00650000
v 0.00350000 0.00050000 -0.00712500
v 0.00437500 0.00100000 0.00650000
v 0.00437500 0.00200000 0.00550000
v 0.00437500 0.00300000 0.00500000
v 0.00450000 0.00200000 -0.00562500
v 0.00437500 0.00150000 0.00750000
v 0.00437500 0.00250000 0.00500000
v 0.00450000 0.00162500 0.00750000
v 0.00350000 0.00350000 -0.00562500
v 0.00437500 0.00300000 0.00600000
v 0.00450000 0.00312500 0.00600000
v 0.00450000 0.00312500 0.00500000
v 0.00450000 0.00362500 -0.00150000
v 0.00450000 0.00362500 -0.00100000
v 0.00462500 0.00350000 -0.00100000
v 0.00462500 0.00350000 -0.00000000
v 0.00450000 0.00412500 -0.00400000
v 0.00450000 0.00412500 -0.00200000
v 0.00450000 0.00450000 0.00037500
v 0.00450000 0.00462500 0.00050000
v 0.00500000 0.00512500 0.00250000
v 0.00450000 0.00450000 0.00462500
v 0.00450000 0.00512500 0.00400000
v 0.00450000 -0.00512500 0.00150000
v 0.00350000 -0.00462500 0.00350000
v 0.00500000 -0.00462500 0.00500000
v 0.00500000 -0.00500000 -0.00412500
v 0.00500000 -0.00362500 -0.00650000
v 0.00500000 -0.00200000 -0.00758333
v 0.00500000 -0.00212500 -0.00750000
v 0.00500000 -0.00150000 -0.00768750
v 0.00500000 -0.00200000 -0.00462500
v 0.00500000 -0.00150000 -0.00512500
v 0.00500000 -0.00087500 0.00550000
v 0.00500000 -0.00050000 0.00512500
v 0.00500000 -0.00050000 0.00768750
v 0.00500000 -0.00050000 0.00587500
v 0.00500000 0.00000000 0.00768750
v 0.00650000 0.00050000 -0.00712500
v 0.00500000 0.00012500 -0.00050000
v 0.00500000 0.00050000 -0.00087500
v 0.00462500 0.00050000 0.00050000
v 0.00500000 0.00012500 0.00050000
v 0.00500000 0.00050000 0.00087500
v 0.00462500 0.00050000 -0.00050000
v 0.00550000 0.00050000 0.00512500
v 0.00500000 0.00100000 0.00587500
v 0.00750000 0.00112500 -0.00600000
v 0.00450000 0.00150000 0.00758333
v 0.00500000 0.00250000 -0.00087500
v 0.00462500 0.00100000 -0.00000000
v 0.00462500 0.00250000 -0.00050000
v 0.00462500 0.00300000 -0.00100000
v 0.00500000 0.00300000 -0.00137500
v 0.00500000 0.00100000 0.00037500
v 0.00550000 0.00262500 0.00650000
v 0.00500000 0.00350000 -0.00137500
v 0.00550000 0.00312500 0.00600000
v 0.00500000 0.00362500 -0.00150000
v 0.00550000 0.00412500 -0.00400000
v 0.00500000 0.00400000 0.00037500
v 0.00500000 0.00462500 0.00100000
v 0.00350000 0.00462500 0.00350000
v 0.00500000 0.00462500 0.00200000
v 0.00500000 0.00450000 0.00462500
v 0.00550000 -0.00612500 -0.00200000
v 0.00550000 -0.00562500 -0.00150000
v 0.00550000 -0.00500000 -0.00412500
v 0.00550000 -0.00462500 0.00500000
v 0.00550000 -0.00450000 -0.00462500
v 0.00550000 -0.00300000 -0.00712500
v 0.00550000 -0.00250000 -0.00758333
v 0.00550000 -0.00200000 -0.00763388
v 0.00550000 -0.00150000 -0.00770492
v 0.00600000 -0.00150000 -0.00587500
v 0.00550000 -0.00100000 -0.00768750
v 0.00450000 -0.00100000 -0.00587500
v 0.00600000 -0.00050000 -0.00758333
v 0.00600000 -0.00037500 -0.00750000
v 0.00550000 -0.00037500 0.00550000
v 0.00550000 0.00000000 0.00775000
v 0.00550000 0.00012500 -0.00050000
v 0.00550000 0.00050000 -0.00087500
v 0.00550000 0.00012500 0.00000000
v 0.00550000 0.00050000 0.00037500
v 0.00550000 0.00050000 0.00587500
v 0.00550000 0.00050000 0.00775000
v 0.00550000 0.00087500 0.00550000
v 0.00500000 0.00100000 0.00768750
v 0.00350000 0.00112500 -0.00650000
v 0.00550000 0.00300000 0.00037500
v 0.00550000 0.00250000 -0.00087500
v 0.00550000 0.00300000 -0.00137500
v 0.00550000 0.00350000 -0.00137500
v 0.00500000 0.00350000 0.00037500
v 0.00562500 0.00362500 -0.00550000
v 0.00550000 0.00362500 -0.00450000
v 0.00550000 0.00362500 -0.00150000
v 0.00650000 0.00412500 -0.00050000
v 0.00550000 0.00400000 0.00037500
v 0.00600000 0.00412500 -0.00350000
v 0.00550000 0.00412500 0.00050000
v 0.00550000 0.00450000 0.00412500
v 0.00600000 -0.00612500 -0.00250000
v 0.00600000 -0.00562500 0.00100000
v 0.00600000 -0.00550000 -0.00412500
v 0.00600000 -0.00500000 -0.00462500
v 0.00600000 -0.00512500 0.00150000
v 0.00600000 -0.00512500 0.00400000
v 0.00550000 -0.00512500 0.00450000
v 0.00600000 -0.00462500 0.00450000
v 0.00500000 -0.00412500 -0.00500000
v 0.00850000 -0.00300000 0.00562500
v 0.00600000 -0.00200000 -0.00768750
v 0.00600000 -0.00237500 -0.00500000
v 0.00600000 -0.00150000 -0.00774112
v 0.00600000 -0.00150000 -0.00512500
v 0.00600000 -0.00100000 -0.00768750
v 0.00650000 -0.00100000 -0.00512500
v 0.00600000 0.00000000 -0.00712500
v 0.00550000 -0.00000000 0.00512500
v 0.00550000 -0.00000000 0.00587500
v 0.00587500 0.00050000 -0.00000000
v 0.00600000 0.00050000 0.00775000
v 0.00600000 0.00100000 0.00768750
v 0.00587500 0.00050000 -0.00050000
v 0.00587500 0.00250000 -0.00050000
v 0.00587500 0.00300000 0.00000000
v 0.00587500 0.00300000 -0.00100000
v 0.00587500 0.00350000 -0.00050000
v 0.00600000 0.00262500 0.00600000
v 0.00587500 0.00350000 -0.00100000
v 0.00450000 0.00350000 0.00462500
v 0.00600000 0.00312500 0.00550000
v 0.00600000 0.00362500 -0.00400000
v 0.00600000 0.00362500 -0.00150000
v 0.00600000 0.00362500 -0.00100000
v 0.00550000 0.00400000 0.00462500
v 0.00600000 0.00412500 -0.00200000
v 0.00600000 0.00412500 0.00050000
v 0.00650000 0.00450000 0.00412500
v 0.00500000 0.00500000 0.00412500
v 0.00600000 -0.00612500 -0.00400000
v 0.00650000 -0.00612500 -0.00250000
v 0.00650000 -0.00600000 -0.00237500
v 0.00600000 -0.00562500 -0.00200000
v 0.00650000 -0.00562500 0.00050000
v 0.00650000 -0.00512500 0.00100000
v 0.00650000 -0.00512500 0.00400000
v 0.00650000 -0.00462500 0.00450000
v 0.00543750 -0.00462500 0.00550000
v 0.00700000 -0.00412500 -0.00600000
v 0.00500000 -0.00412500 -0.00600000
v 0.00600000 -0.00250000 -0.00758333
v 0.00550000 -0.00262500 -0.00750000
v 0.00650000 -0.00200000 -0.00768750
v 0.00650000 -0.00237500 -0.00550000
v 0.00650000 -0.00200000 -0.00587500
v 0.00600000 -0.00200000 -0.00462500
v 0.00650000 -0.00150000 -0.00768750
v 0.00650000 -0.00100000 -0.00587500
v 0.00650000 -0.00200000 -0.00512500
v 0.00450000 -0.00200000 0.00662500
v 0.00650000 -0.00100000 -0.00768750
v 0.00650000 -0.00050000 -0.00763388
v 0.00650000 -0.00062500 -0.00550000
v 0.00550000 -0.00050000 0.00768750
v 0.00650000 -0.00000000 -0.00758333
v 0.00700000 -0.00037500 0.00550000
v 0.00700000 0.00000000 0.00512500
v 0.00650000 0.00000000 0.00775000
v 0.00650000 0.00012500 -0.00750000
v 0.00650000 0.00050000 0.00512500
v 0.00650000 0.00050000 0.00774112
v 0.00650000 0.00087500 0.00550000
v 0.00650000 0.00100000 0.00768750
v 0.00650000 0.00150000 0.00758333
v 0.00700000 0.00162500 0.00750000
v 0.00700000 0.00200000 0.00712500
v 0.00750000 0.00362500 -0.00400000
v 0.00650000 0.00412500 -0.00150000
v 0.00700000 0.00462500 -0.00000000
v 0.00600000 0.00462500 0.00100000
v 0.00700000 0.00512500 0.00250000
v 0.00700000 -0.00662500 -0.00250000
v 0.00700000 -0.00650000 -0.00237500
v 0.00750000 -0.00600000 -0.00412500
v 0.00700000 -0.00612500 -0.00300000
v 0.00700000 -0.00600000 -0.00237500
v 0.00700000 -0.00550000 -0.00412500
v 0.00700000 -0.00562500 -0.00200000
v 0.00700000 -0.00562500 -0.00150000
v 0.00700000 -0.00562500 0.00050000
v 0.00700000 -0.00500000 -0.00462500
v 0.00700000 -0.00512500 0.00100000
v 0.00750000 -0.00512500 0.00250000
v 0.00700000 -0.00512500 0.00350000
v 0.00700000 -0.00462500 0.00400000
v 0.00825000 -0.00450000 0.00562500
v 0.00700000 -0.00412500 -0.00550000
v 0.00700000 -0.00262500 -0.00750000
v 0.00700000 -0.00250000 -0.00758333
v 0.00700000 -0.00237500 -0.00600000
v 0.00700000 -0.00237500 -0.00550000
v 0.00700000 -0.00200000 -0.00512500
v 0.00700000 -0.00100000 -0.00758333
v 0.00500000 -0.00100000 0.00758333
v 0.00700000 -0.00050000 -0.00758333
v 0.00700000 0.00000000 0.00587500
v 0.00700000 0.00000000 0.00775000
v 0.00700000 0.00050000 0.00770492
v 0.00662500 0.00100000 0.00500000
v 0.00700000 0.00062500 0.00500000
v 0.00700000 0.00100000 0.00462500
v 0.00700000 0.00050000 0.00587500
v 0.00700000 0.00100000 0.00763388
v 0.00700000 0.00137500 0.00500000
v 0.00700000 0.00150000 0.00758333
v 0.00700000 0.00350000 0.00462500
v 0.00650000 0.00400000 0.00462500
v 0.00750000 0.00412500 -0.00350000
v 0.00750000 0.00412500 -0.00300000
v 0.00750000 0.00412500 -0.00100000
v 0.00700000 0.00462500 -0.00050000
v 0.00700000 0.00412500 -0.00100000
v 0.00650000 0.00412500 0.00000000
v 0.00700000 0.00462500 0.00200000
v 0.00750000 -0.00850000 -0.00062500
v 0.00750000 -0.00858333 -0.00050000
v 0.00737500 -0.00850000 -0.00050000
v 0.00750000 -0.00858333 0.00100000
v 0.00750000 -0.00858333 0.00150000
v 0.00737500 -0.00850000 0.00150000
v 0.00737500 -0.00800000 -0.00150000
v 0.00750000 -0.00812500 -0.00100000
v 0.00737500 -0.00800000 -0.00100000
v 0.00737500 -0.00750000 -0.00050000
v 0.00737500 -0.00800000 0.00050000
v 0.00737500 -0.00800000 0.00200000
v 0.00737500 -0.00750000 -0.00200000
v 0.00750000 -0.00750000 -0.00212500
v 0.00737500 -0.00750000 0.00000000
v 0.00737500 -0.00800000 0.00100000
v 0.00737500 -0.00750000 0.00150000
v 0.00737500 -0.00750000 0.00200000
v 0.00737500 -0.00800000 0.00250000
v 0.00750000 -0.00700000 0.00362500
v 0.00750000 -0.00700000 -0.00212500
v 0.00737500 -0.00700000 -0.00200000
v 0.00737500 -0.00700000 -0.00100000
v 0.00787500 -0.00700000 -0.00050000
v 0.00737500 -0.00700000 0.00350000
v 0.00750000 -0.00650000 -0.00262500
v 0.00750000 -0.00662500 -0.00250000
v 0.00737500 -0.00600000 -0.00200000
v 0.00737500 -0.00650000 -0.00100000
v 0.00737500 -0.00600000 0.00350000
v 0.00737500 -0.00650000 0.00350000
v 0.00800000 -0.00612500 -0.00400000
v 0.00750000 -0.00612500 -0.00300000
v 0.00737500 -0.00600000 -0.00150000
v 0.00750000 -0.00600000 0.00412500
v 0.00750000 -0.00550000 -0.00462500
v 0.00800000 -0.00562500 -0.00050000
v 0.00750000 -0.00562500 -0.00000000
v 0.00737500 -0.00550000 0.00350000
v 0.00737500 -0.00600000 0.00400000
v 0.00750000 -0.00512500 0.00050000
v 0.00750000 -0.00512500 0.00300000
v 0.00737500 -0.00500000 0.00400000
v 0.00712500 -0.00400000 -0.00550000
v 0.00750000 -0.00412500 -0.00500000
v 0.00712500 -0.00400000 -0.00600000
v 0.00712500 -0.00350000 -0.00500000
v 0.00750000 -0.00350000 -0.00462500
v 0.00712500 -0.00300000 -0.00500000
v 0.00712500 -0.00250000 -0.00600000
v 0.00712500 -0.00250000 -0.00550000
v 0.00712500 -0.00250000 -0.00750000
v 0.00712500 -0.00200000 -0.00650000
v 0.00712500 -0.00100000 -0.00650000
v 0.00800000 -0.00100000 0.00758333
v 0.00712500 -0.00050000 -0.00750000
v 0.00750000 -0.00050000 0.00768750
v 0.00750000 0.00000000 -0.00758333
v 0.00712500 -0.00050000 -0.00700000
v 0.00762500 0.00000000 -0.00700000
v 0.00712500 -0.00000000 -0.00600000
v 0.00712500 0.00000000 -0.00550000
v 0.00750000 -0.00050000 0.00587500
v 0.00750000 0.00000000 0.00768750
v 0.00750000 0.00012500 -0.00750000
v 0.00712500 -0.00000000 -0.00650000
v 0.00762500 0.00050000 -0.00600000
v 0.00750000 0.00050000 0.00587500
v 0.00750000 0.00050000 0.00768750
v 0.00712500 0.00050000 -0.00550000
v 0.00750000 0.00100000 0.00462500
v 0.00700000 0.00100000 0.00537500
v 0.00750000 0.00100000 0.00587500
v 0.00750000 0.00100000 0.00758333
v 0.00750000 0.00112500 -0.00650000
v 0.00750000 0.00150000 -0.00562500
v 0.00750000 0.00137500 0.00550000
v 0.00750000 0.00112500 0.00750000
v 0.00750000 0.00150000 0.00712500
v 0.00800000 0.00262500 0.00600000
v 0.00750000 0.00350000 -0.00562500
v 0.00750000 0.00362500 -0.00550000
v 0.00700000 0.00400000 0.00412500
v 0.00800000 0.00400000 0.00412500
v 0.00750000 0.00462500 -0.00050000
v 0.00850000 0.00462500 0.00150000
v 0.00800000 0.00462500 0.00200000
v 0.00750000 0.00462500 0.00250000
v 0.00800000 0.00500000 0.00412500
v 0.00750000 0.00512500 0.00300000
v 0.00800000 -0.00858333 -0.00050000
v 0.00800000 -0.00868750 0.00000000
v 0.00800000 -0.00868750 0.00050000
v 0.00800000 -0.00868750 0.00100000
v 0.00787500 -0.00750000 0.00050000
v 0.00787500 -0.00750000 0.00100000
v 0.00787500 -0.00700000 0.00000000
v 0.00787500 -0.00700000 0.00200000
v 0.00850000 -0.00650000 -0.00262500
v 0.00787500 -0.00650000 -0.00050000
v 0.00800000 -0.00687500 -0.00000000
v 0.00787500 -0.00700000 0.00150000
v 0.00787500 -0.00600000 0.00300000
v 0.00750000 -0.00650000 0.00362500
v 0.00800000 -0.00612500 -0.00350000
v 0.00800000 -0.00562500 -0.00300000
v 0.00800000 -0.00600000 -0.00262500
v 0.00787500 -0.00600000 0.00250000
v 0.00800000 -0.00600000 0.00237500
v 0.00800000 -0.00550000 -0.00462500
v 0.00787500 -0.00550000 0.00250000
v 0.00800000 -0.00550000 0.00237500
v 0.00787500 -0.00550000 0.00300000
v 0.00750000 -0.00450000 -0.00462500
v 0.00800000 -0.00512500 0.00050000
v 0.00800000 -0.00512500 0.00200000
v 0.00800000 -0.00400000 -0.00462500
v 0.00750000 -0.00250000 -0.00512500
v 0.00850000 -0.00300000 -0.00462500
v 0.00800000 -0.00262500 0.00600000
v 0.00800000 -0.00112500 0.00750000
v 0.00850000 -0.00150000 0.00512500
v 0.00812500 -0.00150000 0.00550000
v 0.00762500 -0.00000000 -0.00750000
v 0.00800000 0.00000000 0.00512500
v 0.00762500 0.00100000 -0.00650000
v 0.00762500 0.00050000 -0.00650000
v 0.00750000 0.00050000 0.00512500
v 0.00800000 0.00050000 0.00462500
v 0.00800000 0.00050000 0.00758333
v 0.00762500 0.00100000 -0.00600000
v 0.00762500 0.00100000 -0.00550000
v 0.00800000 0.00100000 0.00587500
v 0.00800000 0.00100000 0.00758333
v 0.00762500 0.00150000 -0.00550000
v 0.00750000 0.00137500 0.00500000
v 0.00800000 0.00137500 0.00550000
v 0.00800000 0.00112500 0.00750000
v 0.00800000 0.00150000 0.00712500
v 0.00762500 0.00200000 -0.00500000
v 0.00800000 0.00200000 -0.00462500
v 0.00762500 0.00250000 -0.00500000
v 0.00800000 0.00200000 0.00712500
v 0.00762500 0.00350000 -0.00400000
v 0.00800000 0.00250000 -0.00462500
v 0.00800000 0.00262500 0.00650000
v 0.00762500 0.00350000 -0.00550000
v 0.00800000 0.00312500 0.00500000
v 0.00800000 0.00312500 0.00550000
v 0.00800000 0.00362500 -0.00300000
v 0.00800000 0.00412500 -0.00250000
v 0.00800000 0.00412500 -0.00050000
v 0.00800000 0.00462500 0.00250000
v 0.00800000 0.00512500 0.00300000
v 0.00800000 0.00512500 0.00400000
v 0.00850000 -0.00850000 -0.00062500
v 0.00850000 -0.00858333 -0.00050000
v 0.00850000 -0.00863388 0.00000000
v 0.00850000 -0.00870492 0.00050000
v 0.00850000 -0.00868750 0.00100000
v 0.00800000 -0.00858333 0.00150000
v 0.00750000 -0.00812500 -0.00150000
v 0.00850000 -0.00812500 -0.00100000
v 0.00750000 -0.00812500 0.00200000
v 0.00750000 -0.00812500 0.00250000
v 0.00850000 -0.00700000 -0.00212500
v 0.00850000 -0.00687500 -0.00000000
v 0.00800000 -0.00687500 0.00150000
v 0.00850000 -0.00637500 0.00150000
v 0.00850000 -0.00600000 -0.00462500
v 0.00850000 -0.00612500 -0.00450000
v 0.00850000 -0.00612500 -0.00350000
v 0.00850000 -0.00637500 -0.00050000
v 0.00800000 -0.00600000 -0.00087500
v 0.00850000 -0.00600000 0.00187500
v 0.00850000 -0.00562500 -0.00050000
v 0.00800000 -0.00562500 0.00000000
v 0.00850000 -0.00550000 0.00237500
v 0.00850000 -0.00512500 0.00000000
v 0.00850000 -0.00512500 0.00200000
v 0.00850000 -0.00250000 0.00512500
v 0.00812500 -0.00250000 0.00600000
v 0.00812500 -0.00250000 0.00550000
v 0.00812500 -0.00100000 0.00750000
v 0.00812500 -0.00050000 0.00650000
v 0.00850000 0.00000000 0.00512500
v 0.00812500 0.00100000 0.00750000
v 0.00800000 0.00100000 -0.00512500
v 0.00850000 0.00050000 0.00462500
v 0.00850000 0.00200000 0.00462500
v 0.00812500 0.00050000 0.00650000
v 0.00812500 0.00150000 0.00700000
v 0.00812500 0.00200000 0.00500000
v 0.00812500 0.00200000 0.00700000
v 0.00850000 0.00250000 0.00412500
v 0.00812500 0.00250000 0.00450000
v 0.00812500 0.00250000 0.00600000
v 0.00812500 0.00250000 0.00650000
v 0.00850000 0.00250000 -0.00462500
v 0.00812500 0.00300000 0.00450000
v 0.00850000 0.00300000 0.00412500
v 0.00812500 0.00300000 0.00550000
v 0.00812500 0.00300000 0.00500000
v 0.00850000 0.00362500 0.00350000
v 0.00850000 0.00412500 0.00200000
v 0.00812500 0.00450000 0.00250000
v 0.00812500 0.00450000 0.00300000
v 0.00850000 0.00412500 0.00300000
v 0.00812500 0.00400000 0.00400000
v 0.00800000 0.00462500 0.00000000
v 0.00812500 0.00500000 0.00300000
v 0.00812500 0.00500000 0.00400000
v 0.00900000 -0.00850000 -0.00012500
v 0.00900000 -0.00858333 0.00000000
v 0.00900000 -0.00868750 0.00050000
v 0.00900000 -0.00868750 0.00100000
v 0.00750000 -0.00850000 0.00162500
v 0.00950000 -0.00812500 0.00200000
v 0.00900000 -0.00700000 -0.00262500
v 0.00900000 -0.00687500 0.00050000
v 0.00900000 -0.00612500 -0.00400000
v 0.00900000 -0.00637500 0.00100000
v 0.00900000 -0.00600000 0.00412500
v 0.00900000 -0.00562500 -0.00350000
v 0.00900000 -0.00512500 0.00000000
v 0.00900000 -0.00550000 0.00187500
v 0.00750000 -0.00500000 0.00412500
v 0.00900000 -0.00512500 0.00150000
v 0.00750000 -0.00300000 -0.00462500
v 0.00750000 -0.00462500 0.00450000
v 0.00900000 -0.00350000 0.00562500
v 0.00900000 -0.00300000 -0.00512500
v 0.00900000 -0.00300000 0.00512500
v 0.00850000 -0.00250000 -0.00512500
v 0.00900000 -0.00050000 0.00512500
v 0.00900000 -0.00000000 0.00462500
v 0.00800000 0.00150000 -0.00512500
v 0.00850000 0.00200000 -0.00512500
v 0.00800000 0.00362500 -0.00350000
v 0.01000000 0.00412500 -0.00250000
v 0.00900000 0.00362500 0.00300000
v 0.00900000 0.00412500 0.00200000
v 0.00900000 0.00412500 0.00250000
v 0.00950000 0.00462500 0.00100000
v 0.00900000 0.00462500 0.00150000
v 0.00950000 -0.00858333 0.00000000
v 0.00950000 -0.00868750 0.00050000
v 0.00950000 -0.00863388 0.00100000
v 0.00950000 -0.00858333 0.00150000
v 0.01100000 -0.00812500 -0.00150000
v 0.00900000 -0.00750000 -0.00212500
v 0.01000000 -0.00700000 0.00362500
v 0.00950000 -0.00612500 -0.00400000
v 0.01000000 -0.00637500 -0.00050000
v 0.00900000 -0.00600000 -0.00087500
v 0.00900000 -0.00637500 -0.00000000
v 0.01050000 -0.00600000 0.00187500
v 0.00900000 -0.00650000 0.00362500
v 0.00950000 -0.00600000 0.00362500
v 0.00850000 -0.00562500 -0.00300000
v 0.00950000 -0.00550000 -0.00087500
v 0.00950000 -0.00550000 0.00412500
v 0.00950000 -0.00512500 -0.00050000
v 0.00900000 -0.00350000 -0.00462500
v 0.01000000 -0.00462500 0.00450000
v 0.00950000 -0.00350000 0.00562500
v 0.01000000 -0.00350000 -0.00462500
v 0.00950000 -0.00300000 0.00512500
v 0.00750000 0.00000000 -0.00512500
v 0.01000000 -0.00050000 0.00512500
v 0.00950000 0.00000000 -0.00512500
v 0.00950000 0.00200000 -0.00512500
v 0.00950000 0.00350000 -0.00362500
v 0.00950000 0.00300000 0.00412500
v 0.00950000 0.00362500 0.00350000
v 0.00950000 0.00412500 0.00150000
v 0.01000000 -0.00863388 0.00050000
v 0.01000000 -0.00858333 0.00100000
v 0.00950000 -0.00850000 0.00162500
v 0.00900000 -0.00812500 -0.00050000
v 0.01050000 -0.00812500 0.00250000
v 0.01050000 -0.00700000 -0.00262500
v 0.01000000 -0.00750000 0.00312500
v 0.01000000 -0.00637500 0.00000000
v 0.01000000 -0.00687500 0.00050000
v 0.01000000 -0.00600000 -0.00462500
v 0.01000000 -0.00612500 -0.00450000
v 0.01000000 -0.00600000 -0.00262500
v 0.01000000 -0.00600000 -0.00087500
v 0.01000000 -0.00637500 0.00100000
v 0.01000000 -0.00600000 0.00362500
v 0.00950000 -0.00562500 -0.00350000
v 0.01000000 -0.00550000 0.00412500
v 0.01000000 -0.00512500 -0.00050000
v 0.01000000 -0.00512500 0.00150000
v 0.01000000 -0.00400000 0.00562500
v 0.01000000 -0.00350000 0.00512500
v 0.01000000 -0.00300000 -0.00512500
v 0.00750000 0.00050000 -0.00512500
v 0.01000000 0.00000000 -0.00562500
v 0.00987500 0.00200000 -0.00550000
v 0.00987500 0.00250000 -0.00550000
v 0.00987500 0.00300000 -0.00600000
v 0.01000000 0.00300000 -0.00612500
v 0.01000000 0.00250000 0.00412500
v 0.01000000 0.00350000 -0.00612500
v 0.00987500 0.00350000 -0.00600000
v 0.00987500 0.00350000 -0.00450000
v 0.00987500 0.00350000 -0.00400000
v 0.01000000 0.00362500 0.00300000
v 0.01000000 0.00362500 -0.00600000
v 0.01000000 0.00362500 -0.00450000
v 0.00987500 0.00400000 -0.00400000
v 0.01000000 0.00362500 -0.00350000
v 0.01000000 0.00362500 -0.00300000
v 0.01000000 0.00412500 0.00250000
v 0.00987500 0.00450000 -0.00400000
v 0.01100000 0.00462500 0.00000000
v 0.01000000 0.00412500 0.00150000
v 0.01000000 0.00450000 0.00112500
v 0.01000000 -0.00858333 0.00000000
v 0.01050000 -0.00858333 0.00050000
v 0.01050000 -0.00850000 0.00062500
v 0.01100000 -0.00812500 -0.00050000
v 0.01050000 -0.00812500 0.00100000
v 0.01050000 -0.00750000 -0.00212500
v 0.01050000 -0.00762500 0.00300000
v 0.01050000 -0.00700000 0.00312500
v 0.01050000 -0.00687500 -0.00000000
v 0.01050000 -0.00687500 0.00100000
v 0.01050000 -0.00650000 0.00362500
v 0.01000000 -0.00562500 -0.00300000
v 0.01050000 -0.00650000 -0.00262500
v 0.01050000 -0.00600000 -0.00137500
v 0.01050000 -0.00637500 0.00150000
v 0.01050000 -0.00562500 -0.00350000
v 0.01000000 -0.00550000 -0.00087500
v 0.01050000 -0.00550000 -0.00137500
v 0.01000000 -0.00550000 0.00187500
v 0.01050000 -0.00550000 0.00237500
v 0.01050000 -0.00550000 0.00362500
v 0.01050000 -0.00512500 0.00200000
v 0.01000000 -0.00500000 0.00412500
v 0.01050000 -0.00500000 0.00362500
v 0.01050000 -0.00462500 0.00400000
v 0.01050000 -0.00462500 0.00550000
v 0.01050000 -0.00450000 0.00562500
v 0.01050000 -0.00350000 -0.00512500
v 0.01050000 -0.00100000 0.00512500
v 0.01050000 -0.00050000 0.00462500
v 0.01000000 -0.00000000 0.00462500
v 0.01050000 0.00250000 -0.00562500
v 0.01050000 0.00300000 -0.00612500
v 0.01037500 0.00300000 0.00400000
v 0.01050000 0.00300000 0.00412500
v 0.01050000 0.00400000 -0.00462500
v 0.01037500 0.00400000 -0.00350000
v 0.01037500 0.00400000 -0.00300000
v 0.01050000 0.00500000 0.00412500
v 0.01050000 0.00450000 -0.00462500
v 0.01050000 0.00412500 -0.00300000
v 0.01037500 0.00450000 0.00150000
v 0.01037500 0.00450000 0.00250000
v 0.01037500 0.00450000 0.00300000
v 0.01037500 0.00500000 -0.00400000
v 0.01050000 0.00500000 -0.00412500
v 0.01037500 0.00500000 -0.00300000
v 0.01050000 0.00462500 0.00050000
v 0.01050000 0.00462500 0.00100000
v 0.01037500 0.00500000 0.00200000
v 0.01050000 0.00462500 0.00250000
v 0.01037500 0.00500000 0.00350000
v 0.01050000 0.00462500 0.00300000
v 0.01037500 0.00500000 0.00400000
v 0.01037500 0.00500000 0.00150000
v 0.01037500 0.00600000 -0.00400000
v 0.01037500 0.00550000 -0.00300000
v 0.01087500 0.00550000 -0.00250000
v 0.01037500 0.00600000 0.00200000
v 0.01050000 0.00600000 -0.00412500
v 0.01037500 0.00650000 -0.00200000
v 0.01037500 0.00650000 -0.00000000
v 0.01037500 0.00700000 -0.00300000
v 0.01037500 0.00700000 -0.00250000
v 0.01037500 0.00700000 0.00000000
v 0.01037500 0.00700000 0.00100000
v 0.01050000 0.00712500 0.00100000
v 0.01050000 0.00712500 -0.00300000
v 0.01037500 0.00750000 -0.00200000
v 0.01037500 0.00750000 -0.00050000
v 0.01050000 0.00750000 -0.00037500
v 0.01050000 0.00712500 0.00000000
v 0.01050000 0.00758333 -0.00200000
v 0.01050000 0.00758333 -0.00100000
v 0.01050000 0.00758333 -0.00050000
v 0.01100000 -0.00850000 -0.00012500
v 0.01100000 -0.00858333 0.00000000
v 0.01100000 -0.00858333 0.00050000
v 0.01100000 -0.00850000 0.00062500
v 0.01100000 -0.00812500 0.00100000
v 0.01100000 -0.00812500 0.00200000
v 0.01100000 -0.00750000 -0.00212500
v 0.01100000 -0.00762500 0.00250000
v 0.01100000 -0.00762500 0.00300000
v 0.01100000 -0.00750000 0.00312500
v 0.01062500 -0.00700000 -0.00250000
v 0.01100000 -0.00737500 -0.00200000
v 0.01062500 -0.00700000 -0.00050000
v 0.01112500 -0.00750000 0.00100000
v 0.01062500 -0.00650000 -0.00250000
v 0.01062500 -0.00600000 -0.00150000
v 0.01100000 -0.00700000 0.00312500
v 0.01100000 -0.00650000 0.00362500
v 0.01062500 -0.00600000 -0.00300000
v 0.01050000 -0.00550000 -0.00462500
v 0.01100000 -0.00562500 -0.00300000
v 0.01100000 -0.00562500 -0.00150000
v 0.01100000 -0.00550000 -0.00137500
v 0.01100000 -0.00500000 0.00362500
v 0.01050000 -0.00400000 -0.00462500
v 0.01050000 -0.00512500 -0.00100000
v 0.01062500 -0.00500000 0.00250000
v 0.01100000 -0.00462500 0.00400000
v 0.01100000 -0.00462500 0.00500000
v 0.01100000 -0.00450000 0.00512500
v 0.01100000 -0.00400000 -0.00462500
v 0.01100000 -0.00350000 0.00512500
v 0.01100000 -0.00350000 -0.00512500
v 0.01100000 -0.00100000 0.00512500
v 0.01050000 -0.00050000 -0.00562500
v 0.01150000 -0.00100000 -0.00512500
v 0.01100000 -0.00050000 0.00462500
v 0.01100000 0.00250000 -0.00612500
v 0.01150000 0.00250000 0.00412500
v 0.01150000 0.00450000 -0.00462500
v 0.01037500 0.00450000 -0.00350000
v 0.01100000 0.00412500 -0.00050000
v 0.01087500 0.00500000 -0.00250000
v 0.01087500 0.00600000 -0.00150000
v 0.01100000 0.00587500 -0.00150000
v 0.01087500 0.00500000 0.00050000
v 0.01100000 0.00500000 0.00037500
v 0.01087500 0.00500000 0.00100000
v 0.01050000 0.00600000 0.00212500
v 0.01050000 0.00512500 0.00350000
v 0.01087500 0.00600000 -0.00200000
v 0.01100000 0.00587500 -0.00050000
v 0.01087500 0.00600000 -0.00050000
v 0.01087500 0.00600000 0.00000000
v 0.01050000 0.00712500 -0.00250000
v 0.01050000 0.00750000 -0.00212500
v 0.01100000 0.00758333 -0.00200000
v 0.01100000 0.00768750 -0.00150000
v 0.01100000 0.00768750 -0.00100000
v 0.01100000 0.00758333 -0.00050000
v 0.01112500 -0.00850000 0.00000000
v 0.01112500 -0.00850000 0.00050000
v 0.01112500 -0.00800000 -0.00150000
v 0.01112500 -0.00800000 -0.00050000
v 0.01112500 -0.00800000 0.00100000
v 0.01112500 -0.00800000 0.00200000
v 0.01112500 -0.00750000 -0.00200000
v 0.01112500 -0.00750000 0.00250000
v 0.01112500 -0.00750000 0.00300000
v 0.01112500 -0.00700000 0.00300000
v 0.01112500 -0.00550000 0.00300000
v 0.01112500 -0.00650000 0.00350000
v 0.01112500 -0.00500000 0.00350000
v 0.01050000 -0.00562500 -0.00450000
v 0.01150000 -0.00512500 -0.00100000
v 0.01150000 -0.00512500 0.00150000
v 0.01100000 -0.00512500 0.00200000
v 0.01200000 -0.00462500 0.00150000
v 0.01112500 -0.00500000 0.00300000
v 0.01100000 -0.00462500 0.00250000
v 0.01150000 -0.00462500 0.00350000
v 0.01150000 -0.00462500 0.00500000
v 0.01150000 -0.00450000 0.00512500
v 0.01150000 -0.00450000 -0.00462500
v 0.01150000 -0.00400000 -0.00512500
v 0.01100000 -0.00400000 0.00562500
v 0.01150000 -0.00400000 0.00512500
v 0.01150000 -0.00150000 0.00512500
v 0.01150000 -0.00100000 0.00462500
v 0.01150000 -0.00050000 -0.00562500
v 0.01200000 0.00250000 -0.00612500
v 0.01150000 0.00450000 -0.00237500
v 0.01150000 0.00412500 -0.00200000
v 0.01150000 0.00412500 0.00000000
v 0.01150000 0.00450000 0.00037500
v 0.01150000 0.00500000 -0.00412500
v 0.01150000 0.00500000 0.00037500
v 0.01050000 0.00500000 0.00212500
v 0.01150000 0.00537500 -0.00200000
v 0.01050000 0.00512500 0.00400000
v 0.01150000 0.00587500 -0.00150000
v 0.01150000 0.00587500 -0.00050000
v 0.01150000 0.00600000 0.00212500
v 0.01150000 0.00650000 0.00162500
v 0.01150000 0.00712500 -0.00250000
v 0.01150000 0.00750000 -0.00212500
v 0.01200000 0.00712500 0.00100000
v 0.01150000 0.00758333 -0.00200000
v 0.01150000 0.00763388 -0.00150000
v 0.01150000 0.00768750 -0.00100000
v 0.01200000 -0.00562500 -0.00200000
v 0.01150000 -0.00562500 -0.00150000
v 0.01200000 -0.00512500 -0.00150000
v 0.01150000 -0.00512500 0.00000000
v 0.01200000 -0.00450000 -0.00462500
v 0.01200000 -0.00462500 0.00100000
v 0.01150000 -0.00462500 0.00300000
v 0.01200000 -0.00462500 0.00450000
v 0.01200000 -0.00400000 -0.00512500
v 0.01250000 -0.00150000 0.00512500
v 0.01200000 -0.00100000 -0.00562500
v 0.01000000 0.00250000 -0.00562500
v 0.01250000 -0.00100000 0.00462500
v 0.01300000 0.00150000 0.00462500
v 0.01200000 0.00150000 0.00462500
v 0.01200000 0.00200000 -0.00562500
v 0.01150000 0.00200000 0.00462500
v 0.01250000 0.00450000 0.00412500
v 0.01200000 0.00500000 0.00412500
v 0.01200000 0.00450000 0.00037500
v 0.01200000 0.00537500 -0.00150000
v 0.01200000 0.00512500 0.00400000
v 0.01315625 0.00712500 -0.00300000
v 0.01200000 0.00662500 0.00150000
v 0.01200000 0.00712500 -0.00200000
v 0.01200000 0.00750000 -0.00162500
v 0.01200000 0.00758333 -0.00150000
v 0.01200000 0.00768750 -0.00100000
v 0.01300000 0.00758333 -0.00050000
v 0.01250000 -0.00562500 -0.00200000
v 0.01250000 -0.00512500 -0.00150000
v 0.01212500 -0.00450000 -0.00000000
v 0.01250000 -0.00500000 -0.00462500
v 0.01250000 -0.00450000 -0.00512500
v 0.01212500 -0.00450000 0.00050000
v 0.01250000 -0.00462500 0.00150000
v 0.01250000 -0.00462500 0.00450000
v 0.01250000 -0.00412500 0.00050000
v 0.01250000 -0.00412500 0.00100000
v 0.01050000 -0.00100000 -0.00512500
v 0.01212500 -0.00400000 0.00000000
v 0.01250000 -0.00250000 0.00037500
v 0.01250000 -0.00200000 -0.00087500
v 0.01212500 -0.00250000 0.00000000
v 0.01250000 -0.00150000 -0.00512500
v 0.01212500 -0.00200000 -0.00050000
v 0.01250000 -0.00100000 -0.00562500
v 0.01212500 -0.00100000 -0.00050000
v 0.01250000 -0.00100000 -0.00087500
v 0.01212500 -0.00100000 0.00000000
v 0.01250000 -0.00100000 0.00037500
v 0.01250000 -0.00062500 -0.00050000
v 0.01250000 -0.00062500 0.00000000
v 0.01250000 0.00200000 -0.00612500
v 0.01300000 0.00200000 0.00412500
v 0.01200000 0.00200000 0.00412500
v 0.01300000 0.00362500 -0.00600000
v 0.01050000 0.00362500 -0.00500000
v 0.01350000 0.00450000 -0.00237500
v 0.01100000 0.00500000 -0.00237500
v 0.01250000 0.00512500 0.00350000
v 0.01200000 0.00600000 0.00162500
v 0.01250000 0.00650000 0.00162500
v 0.01250000 0.00662500 0.00100000
v 0.01250000 0.00662500 0.00150000
v 0.01250000 0.00758333 -0.00150000
v 0.01250000 0.00768750 -0.00100000
v 0.01300000 -0.00562500 -0.00250000
v 0.01300000 -0.00512500 -0.00200000
v 0.01300000 -0.00512500 -0.00150000
v 0.01300000 -0.00450000 -0.00087500
v 0.01300000 -0.00462500 0.00400000
v 0.01200000 -0.00150000 -0.00512500
v 0.01300000 -0.00400000 -0.00087500
v 0.01300000 -0.00400000 0.00087500
v 0.01300000 -0.00412500 0.00100000
v 0.01300000 -0.00412500 0.00450000
v 0.01200000 -0.00400000 0.00512500
v 0.01300000 -0.00350000 0.00087500
v 0.01300000 -0.00250000 0.00087500
v 0.01300000 -0.00200000 0.00512500
v 0.01300000 -0.00250000 -0.00087500
v 0.01300000 -0.00200000 0.00037500
v 0.01300000 -0.00150000 -0.00562500
v 0.01300000 -0.00100000 -0.00087500
v 0.01300000 -0.00150000 0.00462500
v 0.01300000 -0.00100000 0.00037500
v 0.01300000 -0.00062500 -0.00050000
v 0.01300000 -0.00062500 0.00000000
v 0.01100000 0.00200000 -0.00562500
v 0.01300000 0.00150000 -0.00562500
v 0.01300000 0.00200000 -0.00612500
v 0.01300000 0.00350000 -0.00612500
v 0.01300000 0.00462500 0.00300000
v 0.01300000 0.00462500 0.00400000
v 0.01200000 0.00550000 -0.00412500
v 0.01300000 0.00512500 0.00350000
v 0.01500000 0.00600000 -0.00412500
v 0.01300000 0.00600000 0.00162500
v 0.01300000 0.00750000 -0.00162500
v 0.01250000 0.00712500 0.00050000
v 0.01300000 0.00758333 -0.00150000
v 0.01300000 0.00763388 -0.00100000
v 0.01350000 -0.00562500 -0.00250000
v 0.01350000 -0.00500000 -0.00462500
v 0.01350000 -0.00512500 -0.00200000
v 0.01350000 -0.00450000 -0.00512500
v 0.01350000 -0.00450000 -0.00087500
v 0.01350000 -0.00462500 0.00400000
v 0.01350000 -0.00412500 0.00100000
v 0.01350000 -0.00412500 0.00450000
v 0.01250000 -0.00412500 0.00500000
v 0.01387500 -0.00400000 0.00000000
v 0.01387500 -0.00350000 0.00000000
v 0.01350000 -0.00400000 0.00087500
v 0.01337500 -0.00250000 -0.00050000
v 0.01387500 -0.00250000 -0.00000000
v 0.01337500 -0.00100000 -0.00050000
v 0.01337500 -0.00200000 -0.00000000
v 0.01400000 -0.00200000 -0.00512500
v 0.01350000 -0.00150000 0.00462500
v 0.01337500 -0.00100000 0.00000000
v 0.01350000 0.00150000 -0.00612500
v 0.01350000 0.00100000 0.00462500
v 0.01350000 0.00150000 0.00412500
v 0.01400000 0.00400000 0.00412500
v 0.01237500 0.00400000 -0.00462500
v 0.01350000 0.00450000 0.00412500
v 0.01200000 0.00500000 -0.00462500
v 0.01350000 0.00412500 -0.00200000
v 0.01550000 0.00462500 0.00250000
v 0.01350000 0.00462500 0.00350000
v 0.01350000 0.00462500 0.00400000
v 0.01200000 0.00537500 -0.00050000
v 0.01300000 0.00662500 0.00100000
v 0.01300000 0.00712500 -0.00200000
v 0.01362500 0.00750000 -0.00100000
v 0.01300000 0.00712500 0.00000000
v 0.01300000 0.00750000 -0.00037500
v 0.01350000 0.00758333 -0.00100000
v 0.01400000 -0.00550000 -0.00462500
v 0.01400000 -0.00562500 -0.00300000
v 0.01400000 -0.00500000 -0.00512500
v 0.01400000 -0.00512500 -0.00250000
v 0.01350000 -0.00512500 -0.00150000
v 0.01300000 -0.00200000 -0.00512500
v 0.01400000 -0.00462500 0.00150000
v 0.01400000 -0.00462500 0.00350000
v 0.01400000 -0.00412500 0.00050000
v 0.01387500 -0.00400000 0.00050000
v 0.01400000 -0.00412500 0.00100000
v 0.01400000 -0.00412500 0.00400000
v 0.01400000 -0.00250000 0.00512500
v 0.01350000 -0.00200000 0.00512500
v 0.01400000 -0.00150000 -0.00562500
v 0.01400000 -0.00200000 0.00462500
v 0.01450000 0.00050000 0.00462500
v 0.01400000 0.00100000 -0.00562500
v 0.01400000 0.00150000 -0.00612500
v 0.01350000 0.00300000 -0.00612500
v 0.01500000 0.00400000 -0.00462500
v 0.01450000 0.00500000 -0.00462500
v 0.01400000 0.00412500 -0.00250000
v 0.01400000 0.00450000 -0.00287500
v 0.01450000 0.00450000 0.00037500
v 0.01400000 0.00500000 -0.00237500
v 0.01500000 0.00500000 0.00212500
v 0.01400000 0.00462500 0.00350000
v 0.01200000 0.00550000 0.00212500
v 0.01400000 0.00712500 -0.00100000
v 0.01450000 -0.00562500 -0.00450000
v 0.01450000 -0.00562500 -0.00300000
v 0.01450000 -0.00500000 -0.00512500
v 0.01500000 -0.00512500 -0.00000000
v 0.01450000 -0.00462500 -0.00000000
v 0.01450000 -0.00462500 0.00100000
v 0.01450000 -0.00462500 0.00350000
v 0.01450000 -0.00412500 0.00400000
v 0.01425000 -0.00400000 0.00512500
v 0.01500000 -0.00250000 0.00512500
v 0.01450000 -0.00200000 -0.00562500
v 0.01250000 0.00150000 -0.00562500
v 0.01400000 0.00100000 0.00462500
v 0.01400000 0.00150000 0.00412500
v 0.01437500 0.00300000 -0.00612500
v 0.01500000 0.00350000 0.00412500
v 0.01350000 0.00362500 -0.00550000
v 0.01500000 0.00362500 -0.00500000
v 0.01450000 0.00450000 -0.00287500
v 0.01500000 0.00412500 0.00000000
v 0.01450000 0.00400000 0.00412500
v 0.01450000 0.00537500 -0.00200000
v 0.01450000 0.00537500 -0.00050000
v 0.01450000 0.00550000 -0.00412500
v 0.01450000 0.00537500 -0.00150000
v 0.01400000 0.00537500 -0.00100000
v 0.01500000 0.00587500 -0.00150000
v 0.01450000 0.00550000 0.00212500
v 0.01450000 0.00600000 0.00162500
v 0.01550000 0.00712500 -0.00300000
v 0.01500000 -0.00562500 -0.00350000
v 0.01500000 -0.00512500 -0.00300000
v 0.01450000 -0.00512500 -0.00250000
v 0.01500000 -0.00462500 0.00300000
v 0.01500000 -0.00412500 0.00350000
v 0.01500000 -0.00250000 -0.00512500
v 0.01500000 -0.00200000 -0.00562500
v 0.01500000 -0.00200000 0.00462500
v 0.01550000 0.00050000 0.00462500
v 0.01450000 0.00100000 -0.00612500
v 0.01450000 0.00050000 -0.00562500
v 0.01450000 0.00100000 0.00412500
v 0.01500000 0.00362500 -0.00300000
v 0.01462500 0.00400000 -0.00300000
v 0.01500000 0.00450000 -0.00462500
v 0.01500000 0.00412500 -0.00250000
v 0.01500000 0.00450000 0.00037500
v 0.01512500 0.00450000 -0.00350000
v 0.01500000 0.00500000 0.00037500
v 0.01500000 0.00550000 -0.00462500
v 0.01450000 0.00587500 -0.00100000
v 0.01550000 0.00587500 0.00000000
v 0.01500000 0.00550000 0.00162500
v 0.01550000 0.00712500 0.00050000
v 0.01500000 -0.00550000 -0.00512500
v 0.01500000 -0.00562500 -0.00500000
v 0.01550000 -0.00512500 -0.00300000
v 0.01550000 -0.00512500 -0.00050000
v 0.01550000 -0.00462500 0.00000000
v 0.01500000 -0.00462500 0.00050000
v 0.01700000 -0.00412500 0.00500000
v 0.01550000 -0.00300000 0.00512500
v 0.01550000 -0.00250000 -0.00562500
v 0.01550000 -0.00250000 0.00462500
v 0.01600000 0.00000000 0.00462500
v 0.01550000 0.00050000 -0.00562500
v 0.01550000 0.00100000 -0.00612500
v 0.01550000 0.00100000 0.00412500
v 0.01500000 0.00362500 -0.00550000
v 0.01512500 0.00400000 -0.00450000
v 0.01550000 0.00362500 -0.00450000
v 0.01512500 0.00400000 -0.00350000
v 0.01550000 0.00362500 -0.00350000
v 0.01550000 0.00362500 -0.00250000
v 0.01500000 0.00400000 0.00362500
v 0.01512500 0.00450000 -0.00400000
v 0.01550000 0.00412500 -0.00200000
v 0.01550000 0.00412500 0.00050000
v 0.01550000 0.00450000 0.00087500
v 0.01450000 0.00450000 0.00362500
v 0.01550000 0.00500000 -0.00462500
v 0.01512500 0.00450000 -0.00450000
v 0.01512500 0.00500000 -0.00350000
v 0.01637500 0.00462500 0.00350000
v 0.01550000 0.00550000 -0.00462500
v 0.01512500 0.00550000 -0.00350000
v 0.01512500 0.00550000 -0.00300000
v 0.01550000 0.00500000 0.00087500
v 0.01550000 0.00550000 0.00162500
v 0.01562500 0.00600000 -0.00300000
v 0.01512500 0.00600000 -0.00200000
v 0.01550000 0.00587500 -0.00050000
v 0.01512500 0.00600000 -0.00250000
v 0.01500000 0.00587500 -0.00100000
v 0.01562500 0.00650000 -0.00100000
v 0.01550000 0.00600000 0.00162500
v 0.01650000 -0.00550000 -0.00512500
v 0.01600000 -0.00562500 -0.00450000
v 0.01550000 -0.00562500 -0.00350000
v 0.01650000 -0.00512500 -0.00400000
v 0.01450000 -0.00250000 -0.00512500
v 0.01650000 -0.00462500 0.00200000
v 0.01600000 -0.00412500 0.00350000
v 0.01600000 -0.00300000 0.00512500
v 0.01600000 -0.00300000 -0.00512500
v 0.01600000 -0.00250000 0.00462500
v 0.01600000 0.00050000 -0.00612500
v 0.01600000 0.00050000 0.00412500
v 0.01600000 0.00350000 0.00412500
v 0.01700000 0.00312500 -0.00600000
v 0.01500000 0.00312500 -0.00600000
v 0.01700000 0.00362500 -0.00350000
v 0.01600000 0.00400000 0.00362500
v 0.01600000 0.00450000 0.00087500
v 0.01562500 0.00500000 -0.00450000
v 0.01562500 0.00500000 -0.00400000
v 0.01600000 0.00462500 0.00100000
v 0.01562500 0.00500000 0.00100000
v 0.01562500 0.00500000 0.00200000
v 0.01600000 0.00462500 0.00200000
v 0.01562500 0.00550000 -0.00400000
v 0.01562500 0.00550000 0.00150000
v 0.01562500 0.00550000 -0.00450000
v 0.01562500 0.00600000 -0.00350000
v 0.01562500 0.00600000 0.00150000
v 0.01562500 0.00650000 -0.00250000
v 0.01562500 0.00600000 -0.00050000
v 0.01562500 0.00600000 0.00000000
v 0.01562500 0.00700000 -0.00300000
v 0.01562500 0.00700000 0.00050000
v 0.01650000 -0.00562500 -0.00500000
v 0.01650000 -0.00512500 -0.00450000
v 0.01600000 -0.00562500 -0.00400000
v 0.01700000 -0.00512500 -0.00400000
v 0.01650000 -0.00512500 -0.00200000
v 0.01600000 -0.00512500 -0.00050000
v 0.01550000 -0.00300000 -0.00512500
v 0.01600000 -0.00462500 -0.00000000
v 0.01650000 -0.00462500 0.00250000
v 0.01600000 -0.00462500 0.00300000
v 0.01612500 -0.00400000 0.00512500
v 0.01650000 -0.00350000 -0.00512500
v 0.01650000 -0.00300000 -0.00562500
v 0.01650000 -0.00350000 0.00512500
v 0.01650000 -0.00300000 0.00462500
v 0.01600000 -0.00250000 -0.00562500
v 0.01350000 0.00100000 -0.00562500
v 0.01650000 0.00050000 -0.00612500
v 0.01650000 -0.00000000 -0.00562500
v 0.01650000 0.00050000 0.00412500
v 0.01650000 0.00300000 0.00412500
v 0.01650000 0.00350000 0.00362500
v 0.01600000 0.00412500 0.00050000
v 0.01650000 0.00462500 0.00150000
v 0.01700000 -0.00500000 -0.00512500
v 0.01700000 -0.00512500 -0.00500000
v 0.01700000 -0.00512500 -0.00250000
v 0.01650000 -0.00512500 -0.00100000
v 0.01700000 -0.00462500 -0.00200000
v 0.01700000 -0.00462500 -0.00100000
v 0.01700000 -0.00462500 -0.00000000
v 0.01700000 -0.00462500 0.00150000
v 0.01700000 -0.00412500 0.00200000
v 0.01700000 -0.00412500 0.00250000
v 0.01700000 -0.00412500 0.00450000
v 0.01700000 -0.00400000 0.00512500
v 0.01700000 -0.00350000 0.00512500
v 0.01750000 -0.00350000 -0.00512500
v 0.01700000 -0.00300000 0.00462500
v 0.01750000 -0.00300000 -0.00562500
v 0.01700000 0.00000000 -0.00612500
v 0.01650000 -0.00000000 0.00462500
v 0.01700000 -0.00000000 0.00412500
v 0.01850000 0.00250000 0.00412500
v 0.01700000 0.00300000 -0.00612500
v 0.01700000 0.00312500 -0.00400000
v 0.01700000 0.00350000 0.00362500
v 0.01750000 0.00362500 -0.00250000
v 0.01750000 0.00412500 0.00150000
v 0.01700000 0.00412500 0.00150000
v 0.01650000 0.00462500 0.00200000
v 0.01700000 0.00412500 0.00200000
v 0.01700000 0.00462500 0.00250000
v 0.01750000 -0.00500000 -0.00512500
v 0.01750000 -0.00512500 -0.00450000
v 0.01800000 -0.00462500 -0.00450000
v 0.01750000 -0.00462500 -0.00400000
v 0.01750000 -0.00462500 -0.00250000
v 0.01750000 -0.00412500 -0.00000000
v 0.01750000 -0.00412500 0.00150000
v 0.01750000 -0.00412500 0.00200000
v 0.01712500 -0.00400000 0.00450000
v 0.01712500 -0.00400000 0.00500000
v 0.01750000 -0.00362500 0.00450000
v 0.01750000 -0.00350000 0.00462500
v 0.01712500 -0.00350000 0.00500000
v 0.01600000 -0.00000000 -0.00562500
v 0.01800000 -0.00050000 -0.00562500
v 0.01800000 0.00000000 0.00412500
v 0.01750000 0.00250000 -0.00612500
v 0.01750000 0.00250000 0.00412500
v 0.01750000 0.00262500 -0.00600000
v 0.01700000 0.00312500 -0.00500000
v 0.01750000 0.00262500 -0.00500000
v 0.01700000 0.00300000 0.00412500
v 0.01750000 0.00312500 -0.00450000
v 0.01750000 0.00412500 -0.00200000
v 0.01800000 0.00412500 0.00100000
v 0.01750000 0.00412500 0.00250000
v 0.01700000 0.00462500 0.00300000
v 0.01750000 0.00412500 0.00300000
v 0.01750000 0.00462500 0.00350000
v 0.01750000 -0.00512500 -0.00500000
v 0.01750000 -0.00462500 -0.00050000
v 0.01750000 -0.00462500 -0.00200000
v 0.01800000 -0.00412500 0.00150000
v 0.01800000 -0.00362500 0.00200000
v 0.01750000 -0.00412500 0.00400000
v 0.01800000 -0.00400000 -0.00512500
v 0.01800000 -0.00350000 -0.00562500
v 0.01800000 -0.00362500 0.00400000
v 0.01800000 -0.00362500 0.00450000
v 0.01700000 -0.00050000 0.00462500
v 0.01700000 -0.00050000 -0.00562500
v 0.01800000 -0.00050000 0.00462500
v 0.01800000 -0.00000000 -0.00612500
v 0.01812500 0.00200000 -0.00600000
v 0.01800000 0.00262500 -0.00550000
v 0.01800000 0.00262500 -0.00450000
v 0.01750000 0.00312500 -0.00400000
v 0.01800000 0.00262500 -0.00400000
v 0.01750000 0.00300000 0.00362500
v 0.01800000 0.00362500 -0.00200000
v 0.01800000 0.00362500 0.00150000
v 0.01750000 0.00450000 0.00362500
v 0.01800000 0.00412500 -0.00150000
v 0.01800000 0.00412500 0.00200000
v 0.01850000 -0.00400000 -0.00512500
v 0.01862500 -0.00400000 -0.00400000
v 0.01800000 -0.00462500 -0.00250000
v 0.01850000 -0.00362500 -0.00550000
v 0.01862500 -0.00350000 -0.00200000
v 0.01800000 -0.00350000 0.00462500
v 0.01850000 -0.00100000 0.00462500
v 0.01850000 -0.00050000 0.00412500
v 0.01812500 0.00200000 -0.00550000
v 0.01812500 0.00250000 -0.00550000
v 0.01862500 0.00200000 -0.00500000
v 0.01812500 0.00250000 -0.00500000
v 0.01812500 0.00250000 -0.00400000
v 0.01850000 0.00212500 -0.00400000
v 0.01850000 0.00300000 0.00362500
v 0.01950000 0.00362500 -0.00200000
v 0.01850000 0.00362500 0.00200000
v 0.01800000 0.00412500 0.00350000
v 0.01850000 0.00412500 0.00100000
v 0.01862500 -0.00400000 -0.00250000
v 0.01900000 -0.00362500 -0.00550000
v 0.01900000 -0.00362500 -0.00500000
v 0.01912500 -0.00350000 -0.00400000
v 0.01800000 -0.00412500 -0.00050000
v 0.01900000 -0.00350000 -0.00562500
v 0.01862500 -0.00350000 -0.00350000
v 0.01850000 -0.00362500 0.00150000
v 0.01850000 -0.00362500 0.00300000
v 0.01800000 -0.00362500 0.00350000
v 0.01962500 -0.00200000 0.00450000
v 0.01900000 -0.00250000 -0.00562500
v 0.01850000 -0.00100000 -0.00562500
v 0.01900000 -0.00100000 0.00462500
v 0.01850000 -0.00050000 -0.00612500
v 0.01950000 -0.00100000 -0.00562500
v 0.01900000 0.00000000 -0.00612500
v 0.01900000 -0.00050000 0.00412500
v 0.01900000 0.00100000 -0.00612500
v 0.01862500 0.00150000 -0.00550000
v 0.01862500 0.00150000 -0.00500000
v 0.01912500 0.00150000 -0.00450000
v 0.01900000 0.00200000 0.00412500
v 0.01862500 0.00200000 -0.00450000
v 0.01912500 0.00150000 -0.00400000
v 0.01900000 0.00250000 0.00362500
v 0.01750000 0.00350000 -0.00362500
v 0.01950000 0.00250000 0.00362500
v 0.01950000 0.00350000 -0.00362500
v 0.01912500 0.00300000 0.00150000
v 0.01962500 0.00250000 0.00350000
v 0.01850000 0.00362500 0.00150000
v 0.01900000 0.00412500 0.00050000
v 0.01912500 -0.00350000 -0.00550000
v 0.01912500 -0.00300000 -0.00350000
v 0.01912500 -0.00300000 0.00300000
v 0.01912500 -0.00250000 -0.00550000
v 0.01912500 -0.00250000 0.00350000
v 0.01950000 -0.00200000 -0.00562500
v 0.01950000 -0.00200000 0.00462500
v 0.01950000 -0.00150000 0.00462500
v 0.01950000 -0.00137500 0.00450000
v 0.01950000 -0.00100000 0.00412500
v 0.01950000 -0.00050000 -0.00612500
v 0.01912500 0.00000000 -0.00600000
v 0.01912500 0.00100000 -0.00600000
v 0.01962500 -0.00000000 -0.00550000
v 0.01912500 0.00050000 -0.00550000
v 0.01912500 0.00050000 -0.00450000
v 0.01912500 0.00100000 -0.00500000
v 0.01912500 0.00100000 -0.00400000
v 0.01950000 0.00150000 -0.00362500
v 0.01912500 0.00250000 0.00150000
v 0.01950000 0.00250000 0.00112500
v 0.01912500 0.00250000 0.00200000
v 0.01950000 0.00200000 0.00412500
v 0.01950000 0.00300000 0.00112500
v 0.01912500 0.00300000 0.00250000
v 0.01962500 0.00250000 0.00250000
v 0.01900000 0.00350000 0.00112500
v 0.01950000 0.00362500 -0.00350000
v 0.01950000 0.00400000 -0.00162500
v 0.02000000 0.00412500 -0.00150000
v 0.02000000 0.00412500 0.00050000
v 0.01962500 -0.00200000 0.00248438
v 0.01962500 -0.00100000 0.00100000
v 0.01962500 -0.00150000 0.00250000
v 0.01962500 -0.00150000 0.00400000
v 0.01962500 -0.00150000 0.00450000
v 0.01962500 -0.00200000 -0.00550000
v 0.01962500 -0.00100000 0.00200000
v 0.02000000 -0.00112500 0.00250000
v 0.02000000 -0.00112500 0.00400000
v 0.02000000 -0.00100000 0.00412500
v 0.01962500 -0.00050000 -0.00600000
v 0.01962500 -0.00000000 -0.00000000
v 0.02000000 -0.00062500 0.00100000
v 0.02000000 -0.00062500 0.00200000
v 0.02000000 -0.00000000 0.00037500
v 0.01962500 -0.00100000 -0.00550000
v 0.01962500 0.00150000 -0.00100000
v 0.01962500 0.00050000 -0.00000000
v 0.02000000 0.00150000 0.00412500
v 0.02000000 0.00050000 0.00037500
v 0.02000000 0.00100000 0.00112500
v 0.02000000 0.00062500 0.00150000
v 0.01962500 -0.00000000 -0.00450000
v 0.02000000 0.00150000 -0.00062500
v 0.01962500 0.00100000 0.00150000
v 0.02000000 0.00200000 0.00112500
v 0.02000000 0.00112500 0.00200000
v 0.01962500 0.00150000 0.00300000
v 0.02000000 0.00112500 0.00300000
v 0.01962500 0.00100000 -0.00350000
v 0.01962500 0.00200000 -0.00100000
v 0.02000000 0.00200000 -0.00062500
v 0.01962500 0.00200000 0.00150000
v 0.01962500 0.00200000 0.00200000
v 0.01962500 0.00150000 0.00200000
v 0.02000000 0.00162500 0.00350000
v 0.01962500 0.00200000 0.00350000
v 0.01962500 0.00200000 0.00400000
v 0.02000000 0.00162500 0.00400000
v 0.01962500 0.00250000 -0.00150000
v 0.02000000 0.00250000 -0.00112500
v 0.01962500 0.00300000 -0.00150000
v 0.02000000 0.00300000 -0.00112500
v 0.01962500 0.00350000 -0.00350000
v 0.01962500 0.00350000 -0.00200000
v 0.02000000 0.00350000 -0.00162500
v 0.02000000 0.00400000 -0.00162500
v 0.02000000 0.00350000 0.00112500
v 0.02008333 -0.00100000 0.00250000
v 0.02008333 -0.00100000 0.00350000
v 0.02008333 -0.00100000 0.00400000
v 0.02008333 -0.00050000 0.00100000
v 0.02008333 -0.00050000 0.00200000
v 0.02013388 -0.00050000 0.00250000
v 0.02018750 -0.00050000 0.00300000
v 0.02018750 -0.00050000 0.00350000
v 0.02008333 0.00000000 0.00050000
v 0.02013388 0.00000000 0.00100000
v 0.02018750 0.00000000 0.00150000
v 0.02018750 0.00000000 0.00200000
v 0.02020491 0.00000000 0.00250000
v 0.02024112 0.00000000 0.00300000
v 0.02018750 0.00000000 0.00350000
v 0.02008333 -0.00050000 0.00400000
v 0.02008333 0.00050000 0.00050000
v 0.02013388 0.00050000 0.00100000
v 0.02008333 0.00050000 0.00150000
v 0.02013388 0.00050000 0.00200000
v 0.02018750 0.00050000 0.00250000
v 0.02018750 0.00050000 0.00300000
v 0.02018750 0.00050000 0.00350000
v 0.02008333 0.00100000 0.00000000
v 0.02013388 0.00100000 0.00050000
v 0.02008333 0.00100000 0.00100000
v 0.02008333 0.00100000 0.00200000
v 0.02008333 0.00100000 0.00250000
v 0.02008333 0.00100000 0.00300000
v 0.02013388 0.00100000 0.00350000
v 0.02008333 0.00100000 0.00400000
v 0.02008333 0.00150000 -0.00050000
v 0.02013388 0.00150000 0.00000000
v 0.02018750 0.00150000 0.00050000
v 0.02008333 0.00150000 0.00350000
v 0.02008333 0.00150000 0.00400000
v 0.02008333 0.00200000 -0.00050000
v 0.02018750 0.00200000 0.00000000
v 0.02018750 0.00200000 0.00050000
v 0.02008333 0.00250000 -0.00100000
v 0.02013388 0.00250000 -0.00050000
v 0.02020491 0.00250000 0.00000000
v 0.02018750 0.00250000 0.00050000
v 0.02008333 0.00300000 -0.00100000
v 0.02018750 0.00300000 -0.00050000
v 0.02024112 0.00300000 0.00000000
v 0.02018750 0.00300000 0.00050000
v 0.02008333 0.00150000 0.00100000
v 0.02008333 0.00350000 -0.00150000
v 0.02013388 0.00350000 -0.00100000
v 0.02018750 0.00350000 -0.00050000
v 0.02018750 0.00350000 0.00000000
v 0.02013388 0.00350000 0.00050000
v 0.02008333 0.00350000 0.00100000
v 0.02008333 0.00400000 -0.00150000
v 0.02008333 0.00400000 -0.00100000
v 0.02008333 0.00400000 -0.00050000
v 0.02008333 0.00400000 0.00050000
f 1 2 3
f 2 24 17
f 2 1 24
f 1 4 24
f 5 1 3
f 5 6 1
f 6 4 1
f 6 5 7
f 7 8 9
f 5 8 7
f 4 18 24
f 6 10 4
f 10 18 4
f 7 11 6
f 11 10 6
f 9 12 7
f 12 11 7
f 13 9 8
f 13 14 9
f 14 12 9
f 14 15 16
f 13 15 14
f 10 19 18
f 11 20 10
f 20 19 10
f 12 21 11
f 21 20 11
f 14 22 12
f 22 21 12
f 16 31 14
f 31 22 14
f 15 23 16
f 174 17 24
f 18 25 24
f 19 26 18
f 26 25 18
f 20 27 19
f 27 26 19
f 21 28 20
f 28 27 20
f 22 29 21
f 29 28 21
f 31 30 22
f 30 29 22
f 23 32 16
f 32 31 16
f 32 33 34
f 23 33 32
f 33 35 34
f 46 174 24
f 25 36 24
f 36 46 24
f 26 37 25
f 37 36 25
f 27 38 26
f 38 37 26
f 28 39 27
f 39 38 27
f 29 40 28
f 40 39 28
f 30 41 29
f 41 40 29
f 31 42 30
f 42 41 30
f 32 43 31
f 43 42 31
f 34 44 32
f 44 43 32
f 45 34 35
f 44 34 45
f 36 47 46
f 37 48 36
f 48 47 36
f 38 49 37
f 49 48 37
f 39 50 38
f 50 49 38
f 40 51 39
f 51 50 39
f 41 52 40
f 52 51 40
f 42 53 41
f 53 52 41
f 43 54 42
f 54 53 42
f 55 54 44
f 54 43 44
f 45 55 44
f 56 174 46
f 47 57 46
f 57 56 46
f 48 58 47
f 58 57 47
f 59 58 49
f 58 48 49
f 50 59 49
f 60 59 50
f 60 61 69
f 60 50 61
f 50 51 61
f 52 62 51
f 62 61 51
f 53 63 52
f 63 62 52
f 54 64 53
f 64 63 53
f 65 54 55
f 64 54 65
f 56 66 174
f 57 66 56
f 58 66 57
f 67 66 58
f 59 67 58
f 68 69 61
f 62 70 61
f 70 68 61
f 63 71 62
f 71 70 62
f 72 71 64
f 71 63 64
f 65 72 64
f 73 69 68
f 74 69 73
f 70 75 68
f 75 73 68
f 71 76 70
f 76 75 70
f 77 71 72
f 76 71 77
f 78 84 79
f 74 78 79
f 74 73 78
f 73 80 78
f 75 81 73
f 81 80 73
f 77 81 76
f 81 75 76
f 80 82 78
f 83 82 81
f 82 80 81
f 77 83 81
f 87 84 78
f 82 85 78
f 85 87 78
f 86 82 83
f 85 82 86
f 139 84 87
f 88 85 86
f 88 87 85
f 87 88 139
f 91 89 90
f 92 89 91
f 155 93 90
f 93 91 90
f 3 92 91
f 3 2 92
f 2 95 92
f 3 91 96
f 96 91 93
f 94 97 93
f 97 96 93
f 98 97 94
f 95 2 17
f 169 95 17
f 3 96 5
f 8 5 96
f 97 8 96
f 8 97 101
f 98 102 97
f 102 101 97
f 99 102 98
f 103 99 100
f 8 101 13
f 15 13 101
f 102 15 101
f 15 102 106
f 99 107 102
f 107 106 102
f 103 107 99
f 108 104 105
f 23 15 106
f 113 107 103
f 104 113 103
f 110 120 109
f 17 174 169
f 33 23 106
f 107 33 106
f 35 33 107
f 35 107 113
f 108 114 104
f 120 114 108
f 111 115 110
f 112 115 111
f 112 116 115
f 113 114 45
f 35 113 45
f 104 114 113
f 116 118 115
f 118 116 117
f 55 45 114
f 55 114 119
f 118 121 115
f 122 118 117
f 128 123 285
f 128 285 174
f 59 60 125
f 124 59 125
f 60 69 125
f 119 126 65
f 55 119 65
f 114 126 119
f 110 133 120
f 121 110 115
f 127 121 118
f 122 127 118
f 180 123 128
f 174 66 129
f 174 129 128
f 66 67 130
f 129 66 130
f 67 59 124
f 67 124 130
f 72 65 126
f 72 126 131
f 120 133 114
f 133 126 114
f 121 134 110
f 134 121 127
f 181 180 128
f 129 181 128
f 182 181 129
f 130 182 129
f 124 182 130
f 125 132 124
f 132 182 124
f 69 74 132
f 125 69 132
f 131 138 77
f 72 131 77
f 126 138 131
f 110 134 133
f 135 134 127
f 79 84 186
f 79 186 182
f 79 182 132
f 74 79 132
f 126 142 138
f 133 142 126
f 183 142 133
f 184 183 134
f 83 77 138
f 83 138 137
f 136 137 138
f 190 142 183
f 186 84 139
f 137 136 86
f 83 137 86
f 86 141 88
f 86 136 141
f 138 140 136
f 142 140 138
f 141 139 88
f 141 228 139
f 136 143 141
f 140 143 136
f 142 149 140
f 150 142 190
f 149 142 150
f 141 191 228
f 143 191 141
f 144 191 143
f 144 143 145
f 140 145 143
f 145 146 144
f 140 146 145
f 147 146 140
f 147 148 151
f 147 140 148
f 149 148 140
f 149 151 148
f 152 151 149
f 150 152 149
f 90 89 153
f 155 90 153
f 155 153 154
f 200 155 154
f 89 92 198
f 200 93 155
f 94 93 200
f 156 94 200
f 94 156 158
f 157 158 156
f 203 158 157
f 95 198 92
f 94 158 98
f 203 98 158
f 99 98 203
f 159 99 203
f 100 99 159
f 100 159 160
f 105 160 161
f 105 100 160
f 169 162 198
f 169 211 162
f 95 169 198
f 104 103 100
f 105 104 100
f 163 165 105
f 109 165 163
f 166 163 164
f 166 109 163
f 105 165 108
f 120 108 165
f 109 120 165
f 170 109 166
f 167 171 166
f 171 170 166
f 172 167 168
f 172 173 167
f 173 171 167
f 109 170 110
f 111 110 170
f 171 111 170
f 112 111 171
f 173 175 171
f 175 112 171
f 217 173 172
f 175 173 217
f 175 116 112
f 175 117 116
f 175 217 117
f 117 178 122
f 176 285 123
f 177 176 123
f 127 178 179
f 178 127 122
f 123 180 177
f 127 179 135
f 133 134 183
f 134 221 184
f 134 135 221
f 181 185 180
f 183 187 190
f 189 187 183
f 184 189 183
f 188 184 221
f 189 184 188
f 186 139 228
f 144 231 191
f 190 192 150
f 144 146 231
f 147 193 146
f 193 147 151
f 195 193 151
f 194 150 192
f 195 152 194
f 195 151 152
f 150 194 152
f 153 89 196
f 197 153 196
f 154 153 197
f 154 199 200
f 154 197 199
f 199 156 200
f 201 156 199
f 157 156 201
f 202 157 201
f 157 202 203
f 161 205 206
f 204 205 161
f 204 159 203
f 161 159 204
f 160 159 161
f 208 161 206
f 209 206 205
f 209 208 206
f 207 198 162
f 211 207 162
f 161 208 105
f 209 105 208
f 163 105 209
f 164 163 209
f 212 164 210
f 282 213 210
f 213 212 210
f 282 214 168
f 164 212 166
f 213 166 212
f 167 166 213
f 282 167 213
f 168 167 282
f 215 168 214
f 216 214 250
f 215 214 216
f 168 215 172
f 215 216 172
f 169 174 211
f 211 174 285
f 172 216 217
f 217 218 117
f 176 317 285
f 178 218 220
f 178 117 218
f 177 219 317
f 176 177 317
f 178 220 179
f 219 177 180
f 179 221 135
f 185 255 180
f 185 181 182
f 182 222 258
f 222 182 186
f 187 189 223
f 223 189 224
f 189 256 224
f 189 188 256
f 187 262 190
f 223 225 229
f 226 225 223
f 224 226 223
f 227 226 224
f 256 227 224
f 226 229 225
f 230 229 226
f 191 266 228
f 191 231 266
f 190 232 192
f 146 267 231
f 193 233 146
f 146 233 299
f 195 233 193
f 195 194 233
f 233 194 234
f 232 194 192
f 234 194 232
f 196 236 235
f 196 89 236
f 235 237 196
f 197 196 237
f 197 237 199
f 89 198 236
f 201 199 238
f 238 239 201
f 201 239 202
f 202 239 240
f 241 242 204
f 236 198 304
f 202 240 203
f 204 203 240
f 241 204 240
f 204 242 243
f 204 243 205
f 205 243 244
f 207 304 198
f 205 244 209
f 279 209 244
f 164 209 279
f 245 164 279
f 210 164 245
f 246 210 245
f 210 246 282
f 211 247 304
f 207 211 304
f 249 214 248
f 249 250 214
f 217 252 218
f 251 317 219
f 220 252 253
f 252 220 218
f 219 180 321
f 220 253 179
f 321 180 322
f 179 253 221
f 253 254 221
f 180 255 322
f 221 254 188
f 185 182 258
f 256 254 257
f 256 188 254
f 222 186 259
f 259 186 228
f 187 260 262
f 187 223 261
f 260 187 261
f 223 229 261
f 227 256 257
f 229 295 261
f 230 263 295
f 230 295 229
f 230 226 264
f 226 265 264
f 226 227 265
f 227 257 265
f 231 267 268
f 231 268 266
f 269 232 262
f 232 190 262
f 264 263 230
f 267 270 268
f 267 146 270
f 299 425 146
f 299 234 269
f 299 233 234
f 232 269 234
f 235 271 300
f 236 271 235
f 235 300 272
f 235 272 237
f 199 237 272
f 273 199 272
f 273 274 199
f 199 274 238
f 238 274 275
f 238 275 239
f 240 239 275
f 241 240 275
f 276 241 275
f 276 277 241
f 241 277 242
f 242 277 278
f 279 280 245
f 242 278 243
f 244 243 278
f 279 244 278
f 245 280 281
f 245 281 246
f 246 281 282
f 284 304 247
f 248 214 282
f 249 283 250
f 283 314 250
f 247 211 285
f 250 359 216
f 216 359 217
f 359 286 217
f 252 286 287
f 252 217 286
f 219 321 251
f 252 287 253
f 289 288 255
f 255 288 322
f 257 290 291
f 290 257 254
f 255 292 289
f 255 185 292
f 185 293 292
f 258 326 185
f 185 326 293
f 258 294 326
f 222 294 258
f 260 261 295
f 257 291 265
f 291 296 265
f 228 266 259
f 269 384 299
f 260 269 262
f 260 384 269
f 297 260 295
f 263 297 295
f 264 330 263
f 263 330 297
f 296 264 265
f 330 264 296
f 270 298 268
f 300 387 388
f 300 271 387
f 300 388 301
f 300 301 272
f 272 301 430
f 273 272 302
f 272 430 302
f 271 236 304
f 273 302 274
f 275 274 302
f 303 275 302
f 303 305 275
f 275 305 433
f 276 275 306
f 306 307 278
f 276 306 277
f 278 277 306
f 278 307 308
f 279 278 309
f 278 308 309
f 280 279 310
f 279 309 310
f 280 310 281
f 282 281 310
f 311 282 310
f 248 282 311
f 248 311 312
f 249 248 313
f 248 312 313
f 313 283 249
f 314 283 313
f 247 315 284
f 247 285 315
f 315 285 316
f 316 285 317
f 317 251 318
f 320 287 286
f 321 319 318
f 251 321 318
f 287 320 253
f 321 322 369
f 253 376 254
f 290 376 324
f 290 254 376
f 289 323 288
f 289 325 323
f 290 324 291
f 289 378 325
f 292 378 289
f 293 378 292
f 326 294 328
f 326 327 293
f 328 327 326
f 294 381 328
f 222 381 294
f 381 222 259
f 266 381 259
f 266 268 329
f 333 384 260
f 333 260 334
f 260 297 334
f 330 296 331
f 296 291 331
f 270 423 298
f 146 423 270
f 146 425 423
f 299 332 425
f 332 299 384
f 330 334 297
f 331 334 330
f 429 335 430
f 388 429 301
f 430 301 429
f 302 430 336
f 303 302 336
f 336 337 433
f 271 304 387
f 303 336 305
f 433 305 336
f 307 306 435
f 435 338 309
f 304 284 387
f 387 284 434
f 307 435 308
f 309 308 435
f 309 338 339
f 309 339 310
f 310 339 485
f 311 340 312
f 311 310 340
f 340 392 312
f 393 342 341
f 341 342 343
f 343 342 434
f 343 434 284
f 392 313 312
f 392 314 313
f 392 438 314
f 344 395 346
f 345 395 344
f 393 346 395
f 393 341 346
f 341 347 346
f 348 347 341
f 315 348 343
f 343 348 341
f 284 315 343
f 438 349 314
f 345 350 351
f 345 344 350
f 348 352 347
f 315 316 352
f 348 315 352
f 349 353 314
f 355 351 350
f 354 351 355
f 344 355 350
f 346 356 344
f 356 355 344
f 356 346 347
f 314 353 250
f 358 357 397
f 354 358 397
f 354 355 358
f 356 358 355
f 317 318 316
f 250 353 359
f 361 357 358
f 356 362 358
f 359 360 286
f 362 361 358
f 356 368 362
f 400 318 363
f 364 361 362
f 363 318 319
f 365 363 319
f 360 320 286
f 362 414 364
f 414 366 367
f 414 362 366
f 368 366 362
f 319 321 365
f 365 321 369
f 370 367 366
f 461 367 370
f 368 373 366
f 371 368 412
f 371 373 368
f 461 372 550
f 461 370 372
f 370 366 372
f 373 372 366
f 369 322 371
f 373 550 372
f 416 550 373
f 416 373 374
f 373 371 374
f 371 322 374
f 374 375 416
f 375 374 322
f 375 322 288
f 375 288 323
f 377 324 376
f 378 469 325
f 324 377 291
f 377 382 291
f 378 379 469
f 293 379 378
f 293 327 379
f 328 380 327
f 328 381 380
f 266 477 381
f 329 383 266
f 329 268 298
f 291 382 331
f 384 385 332
f 333 385 384
f 334 523 333
f 334 386 523
f 382 334 331
f 386 334 382
f 335 389 430
f 336 430 431
f 337 432 433
f 275 433 306
f 338 435 390
f 390 391 485
f 338 390 339
f 485 339 390
f 342 393 394
f 394 434 342
f 488 345 351
f 347 443 356
f 347 352 399
f 443 347 399
f 352 316 399
f 349 396 353
f 357 442 397
f 356 443 398
f 399 316 400
f 400 316 318
f 396 401 359
f 353 396 359
f 402 396 349
f 402 403 396
f 403 401 396
f 357 361 442
f 442 361 445
f 401 409 359
f 359 409 360
f 401 403 404
f 405 403 402
f 404 403 405
f 445 361 406
f 356 398 368
f 363 407 400
f 405 411 404
f 361 364 406
f 398 412 368
f 365 408 407
f 365 369 408
f 363 365 407
f 320 409 410
f 320 410 413
f 360 409 320
f 412 415 371
f 369 371 415
f 413 581 320
f 320 581 253
f 581 418 253
f 375 417 416
f 419 417 375
f 253 418 376
f 323 420 375
f 420 419 375
f 418 377 376
f 323 325 420
f 420 325 469
f 377 421 382
f 381 477 380
f 421 593 382
f 298 422 329
f 329 422 383
f 423 425 424
f 333 523 385
f 523 386 428
f 426 523 428
f 386 427 428
f 386 382 427
f 382 593 427
f 388 387 603
f 388 603 429
f 335 429 389
f 389 431 430
f 336 431 432
f 337 336 432
f 432 484 433
f 433 484 306
f 306 484 435
f 391 436 485
f 392 340 611
f 340 310 611
f 611 438 392
f 395 439 393
f 393 439 394
f 437 434 394
f 395 345 440
f 345 488 440
f 440 439 395
f 351 354 441
f 397 442 490
f 441 354 397
f 490 441 397
f 444 443 399
f 444 399 400
f 349 623 402
f 443 446 398
f 444 446 443
f 400 407 447
f 401 448 409
f 401 404 448
f 623 449 405
f 623 405 402
f 623 450 449
f 445 406 451
f 446 537 398
f 447 407 408
f 452 447 408
f 410 409 448
f 410 448 453
f 453 448 454
f 404 411 448
f 448 411 454
f 411 405 449
f 411 449 458
f 450 458 449
f 450 455 458
f 406 364 451
f 415 412 537
f 537 412 398
f 415 452 369
f 369 452 408
f 453 456 413
f 453 413 410
f 454 456 453
f 457 456 454
f 457 454 460
f 454 411 460
f 458 460 411
f 459 458 455
f 458 466 460
f 466 458 459
f 466 462 460
f 509 466 459
f 466 464 462
f 417 419 465
f 462 464 463
f 509 468 466
f 419 420 465
f 377 418 463
f 377 463 467
f 467 463 464
f 468 470 466
f 470 464 466
f 420 469 465
f 467 464 421
f 377 467 421
f 468 471 470
f 464 472 593
f 464 593 421
f 471 472 464
f 470 471 464
f 327 380 379
f 473 423 474
f 474 423 475
f 475 423 476
f 476 423 424
f 383 478 266
f 473 478 383
f 422 473 383
f 423 473 422
f 298 423 422
f 424 480 479
f 425 480 424
f 332 524 425
f 332 385 524
f 523 426 481
f 427 593 482
f 426 483 481
f 428 483 426
f 483 428 482
f 427 482 428
f 429 603 389
f 387 434 487
f 435 484 390
f 391 390 436
f 436 486 485
f 437 487 434
f 485 486 310
f 310 486 611
f 613 572 439
f 572 487 394
f 572 394 439
f 437 394 487
f 488 613 440
f 439 440 613
f 442 489 490
f 492 444 400
f 442 445 489
f 489 445 491
f 447 492 400
f 445 451 491
f 452 493 492
f 447 452 492
f 667 455 450
f 415 537 626
f 626 452 415
f 456 494 495
f 413 456 495
f 497 494 457
f 457 494 456
f 457 460 497
f 455 667 459
f 667 496 459
f 414 539 364
f 539 414 367
f 495 581 413
f 496 498 459
f 367 461 499
f 505 500 501
f 505 502 503
f 500 505 503
f 503 502 504
f 497 460 507
f 515 502 511
f 511 502 505
f 504 502 515
f 460 462 507
f 459 498 509
f 498 549 509
f 416 508 550
f 508 416 417
f 512 505 501
f 511 505 512
f 548 418 506
f 506 418 581
f 507 463 548
f 462 463 507
f 510 512 501
f 418 548 463
f 417 465 763
f 511 512 476
f 476 515 511
f 465 469 763
f 510 514 513
f 510 513 512
f 476 512 513
f 516 471 468
f 475 513 514
f 517 475 514
f 476 513 475
f 555 515 476
f 471 518 472
f 379 556 469
f 380 557 379
f 517 474 475
f 517 519 474
f 519 473 474
f 476 424 555
f 555 424 521
f 380 520 557
f 477 520 380
f 266 599 477
f 266 478 599
f 519 478 473
f 521 424 479
f 593 598 482
f 598 525 482
f 479 522 521
f 479 480 522
f 480 425 522
f 425 524 522
f 523 524 385
f 482 525 602
f 483 482 602
f 523 481 524
f 527 389 526
f 431 389 527
f 431 527 432
f 387 487 528
f 484 432 568
f 484 568 390
f 570 486 436
f 529 486 570
f 572 530 487
f 530 528 487
f 486 529 611
f 351 531 488
f 438 573 349
f 615 531 441
f 441 531 351
f 349 573 623
f 490 532 615
f 490 489 532
f 489 533 532
f 441 490 615
f 575 444 492
f 489 491 533
f 533 491 534
f 575 446 444
f 577 492 493
f 491 451 534
f 534 451 536
f 446 535 537
f 493 452 577
f 451 364 536
f 536 364 538
f 667 627 496
f 364 539 538
f 494 540 581
f 494 581 495
f 540 494 497
f 540 497 582
f 496 627 498
f 627 541 498
f 500 542 543
f 501 500 543
f 500 544 542
f 545 544 503
f 503 544 500
f 503 504 545
f 497 507 582
f 582 507 546
f 541 547 498
f 550 499 461
f 504 515 545
f 548 546 507
f 498 547 549
f 549 637 509
f 501 543 510
f 545 515 551
f 637 468 509
f 638 468 637
f 543 552 510
f 552 514 510
f 553 514 552
f 514 553 517
f 553 554 517
f 555 551 515
f 518 594 472
f 518 471 516
f 469 556 768
f 379 557 556
f 554 519 517
f 558 519 554
f 559 555 560
f 560 555 521
f 477 561 520
f 599 561 477
f 558 478 519
f 599 478 558
f 521 562 560
f 525 598 563
f 521 522 562
f 525 563 602
f 389 603 564
f 526 389 564
f 526 564 606
f 527 526 606
f 432 527 606
f 568 432 565
f 528 566 387
f 436 390 568
f 436 568 569
f 570 436 569
f 530 567 566
f 528 530 566
f 570 569 571
f 529 570 571
f 529 571 611
f 613 488 531
f 532 614 615
f 532 533 614
f 614 533 574
f 619 575 492
f 533 534 574
f 574 534 576
f 446 575 535
f 619 492 577
f 534 536 576
f 576 536 578
f 577 452 579
f 536 538 578
f 579 452 626
f 580 539 367
f 367 499 580
f 542 586 543
f 542 544 583
f 586 542 583
f 544 545 583
f 541 584 547
f 548 506 635
f 635 546 548
f 547 584 549
f 584 585 549
f 763 508 417
f 549 585 637
f 586 587 543
f 583 588 586
f 588 587 586
f 545 551 588
f 583 545 588
f 543 587 552
f 763 469 768
f 553 552 587
f 553 587 589
f 589 587 590
f 588 590 587
f 591 518 516
f 589 592 554
f 553 589 554
f 590 592 589
f 555 590 588
f 551 555 588
f 594 518 591
f 557 595 556
f 557 520 595
f 592 558 554
f 592 597 558
f 597 596 558
f 590 597 592
f 559 590 555
f 520 561 595
f 596 599 558
f 560 562 559
f 562 600 559
f 643 600 562
f 601 563 598
f 522 643 562
f 522 524 643
f 563 601 602
f 387 647 603
f 564 603 604
f 605 564 604
f 387 566 647
f 647 566 650
f 564 605 651
f 606 564 651
f 432 606 607
f 565 432 607
f 650 566 567
f 565 607 608
f 568 565 608
f 569 568 609
f 568 608 609
f 610 569 609
f 567 530 801
f 571 569 610
f 571 610 611
f 659 438 611
f 613 612 572
f 801 530 572
f 659 573 438
f 614 574 616
f 619 622 617
f 619 617 575
f 573 807 623
f 574 576 616
f 616 576 620
f 535 617 618
f 535 618 621
f 617 535 575
f 619 577 622
f 576 578 620
f 620 578 624
f 535 621 537
f 577 579 622
f 578 538 624
f 624 538 625
f 537 621 626
f 539 628 538
f 628 625 538
f 540 629 630
f 581 540 630
f 629 540 582
f 627 631 541
f 539 632 628
f 632 539 580
f 632 580 499
f 581 630 506
f 630 633 506
f 541 631 584
f 631 634 584
f 506 633 635
f 584 634 585
f 634 636 585
f 585 636 637
f 516 468 639
f 639 468 638
f 472 835 679
f 593 472 679
f 472 594 835
f 556 769 768
f 595 640 556
f 641 596 597
f 593 679 598
f 679 680 598
f 599 683 561
f 641 599 596
f 641 683 599
f 590 641 597
f 559 641 590
f 600 642 686
f 600 686 559
f 680 601 598
f 643 642 600
f 524 687 643
f 601 776 602
f 481 644 524
f 776 483 602
f 645 604 648
f 648 604 603
f 645 605 604
f 645 646 605
f 646 649 605
f 605 649 651
f 606 651 652
f 655 607 653
f 567 654 650
f 608 607 655
f 608 655 656
f 608 656 657
f 609 608 657
f 567 801 654
f 609 657 658
f 610 609 658
f 610 658 917
f 611 610 1033
f 610 917 1033
f 1033 659 611
f 572 612 660
f 572 660 732
f 732 801 572
f 613 661 612
f 531 661 613
f 615 662 661
f 614 662 615
f 661 531 615
f 614 616 662
f 740 618 617
f 740 617 663
f 663 617 664
f 664 617 622
f 665 664 622
f 616 620 662
f 662 620 666
f 618 740 621
f 665 622 579
f 620 624 666
f 621 740 741
f 808 667 450
f 624 625 666
f 666 625 668
f 626 749 579
f 625 628 668
f 669 629 582
f 627 670 631
f 632 752 628
f 752 632 499
f 582 546 669
f 669 546 675
f 631 670 634
f 670 671 634
f 762 499 550
f 672 673 674
f 635 759 675
f 759 635 672
f 633 672 635
f 672 633 673
f 675 546 635
f 634 671 636
f 671 676 636
f 672 674 677
f 759 672 677
f 636 676 637
f 676 678 637
f 678 638 637
f 516 833 591
f 833 516 639
f 556 640 769
f 681 640 595
f 680 679 770
f 561 681 595
f 561 682 681
f 641 685 683
f 684 685 559
f 559 685 641
f 684 559 686
f 601 680 770
f 601 770 776
f 642 684 686
f 687 840 643
f 687 524 644
f 481 483 777
f 690 688 689
f 690 691 693
f 689 691 690
f 691 692 693
f 692 904 693
f 694 695 696
f 849 695 694
f 688 696 695
f 688 690 696
f 690 697 696
f 693 698 690
f 698 697 690
f 703 698 693
f 699 703 693
f 851 693 904
f 851 699 693
f 699 852 706
f 851 852 699
f 849 700 701
f 849 694 700
f 702 697 698
f 703 704 789
f 703 699 704
f 705 704 699
f 706 718 699
f 718 705 699
f 852 707 706
f 709 701 700
f 708 701 709
f 694 709 700
f 696 710 694
f 710 709 694
f 710 697 711
f 710 696 697
f 702 711 697
f 784 711 702
f 707 712 706
f 712 718 706
f 645 713 714
f 646 709 715
f 646 714 709
f 646 645 714
f 714 708 709
f 710 716 709
f 716 715 709
f 716 710 787
f 705 718 717
f 791 712 707
f 718 712 791
f 603 647 719
f 648 603 720
f 603 719 720
f 713 645 648
f 720 713 648
f 646 715 649
f 721 715 716
f 722 718 791
f 722 727 718
f 727 717 718
f 723 647 650
f 649 715 651
f 652 651 715
f 721 652 715
f 606 652 724
f 607 606 725
f 606 724 725
f 653 607 725
f 800 717 726
f 727 726 717
f 654 801 723
f 650 654 723
f 653 725 728
f 655 653 728
f 655 728 656
f 800 726 657
f 800 657 729
f 729 657 656
f 657 726 730
f 730 726 727
f 914 727 722
f 730 727 914
f 657 730 658
f 730 914 917
f 730 917 658
f 612 731 660
f 733 731 612
f 731 732 660
f 612 661 733
f 734 731 736
f 916 735 734
f 736 916 734
f 661 662 739
f 661 739 733
f 731 733 739
f 736 731 738
f 738 731 737
f 805 736 738
f 916 736 805
f 731 739 740
f 663 737 740
f 737 731 740
f 664 737 663
f 738 737 664
f 738 664 665
f 738 665 805
f 739 666 743
f 662 666 739
f 740 739 741
f 741 739 743
f 665 579 805
f 742 667 808
f 666 668 743
f 741 743 746
f 621 741 626
f 626 741 749
f 667 742 627
f 742 744 627
f 743 745 811
f 743 668 745
f 668 628 745
f 746 743 811
f 746 747 753
f 746 753 741
f 748 741 753
f 741 748 749
f 749 956 579
f 579 956 805
f 629 669 750
f 627 744 670
f 744 751 670
f 628 752 745
f 748 754 757
f 748 757 749
f 986 956 749
f 757 986 749
f 630 812 633
f 812 815 633
f 669 675 750
f 750 675 755
f 670 751 671
f 751 756 671
f 499 762 752
f 673 815 758
f 674 673 758
f 633 815 673
f 675 759 760
f 675 760 755
f 671 756 676
f 756 761 676
f 550 508 762
f 674 758 823
f 677 674 823
f 759 677 764
f 764 677 823
f 760 759 764
f 765 678 761
f 678 676 761
f 638 765 766
f 638 766 639
f 678 765 638
f 594 591 767
f 591 833 767
f 679 835 770
f 683 839 561
f 772 683 685
f 770 771 776
f 684 772 685
f 643 773 642
f 642 773 684
f 840 774 643
f 687 644 775
f 687 775 840
f 644 777 775
f 644 481 777
f 689 688 778
f 689 778 779
f 691 689 780
f 689 779 780
f 691 780 781
f 692 691 848
f 691 781 848
f 848 904 692
f 695 849 850
f 850 688 695
f 698 782 702
f 698 703 783
f 782 698 783
f 703 789 783
f 784 702 782
f 783 784 782
f 783 789 784
f 704 705 785
f 789 704 785
f 705 790 785
f 713 786 714
f 786 708 714
f 710 711 787
f 788 787 784
f 787 711 784
f 855 788 784
f 789 855 784
f 785 790 789
f 705 717 790
f 720 719 792
f 793 720 792
f 720 793 794
f 720 794 713
f 713 794 786
f 716 861 721
f 787 861 716
f 788 861 787
f 789 796 855
f 796 789 795
f 789 790 795
f 719 647 723
f 797 719 723
f 721 861 652
f 861 724 652
f 725 724 864
f 802 725 864
f 798 796 795
f 799 796 798
f 790 800 795
f 800 798 795
f 790 717 800
f 723 801 797
f 728 725 802
f 728 802 803
f 799 798 656
f 799 656 803
f 803 656 728
f 729 656 798
f 800 729 798
f 732 731 804
f 732 804 801
f 731 734 804
f 804 734 735
f 804 735 916
f 806 916 805
f 808 623 807
f 808 450 623
f 921 805 956
f 629 810 809
f 629 809 630
f 630 809 812
f 629 750 810
f 811 747 746
f 744 742 751
f 745 752 811
f 752 813 811
f 813 747 811
f 747 814 753
f 747 813 814
f 753 754 748
f 814 754 753
f 815 812 816
f 755 878 750
f 751 742 756
f 742 817 756
f 752 762 813
f 754 814 818
f 818 814 813
f 754 819 757
f 754 818 819
f 757 819 875
f 757 875 986
f 815 816 758
f 755 820 878
f 755 760 820
f 756 817 761
f 817 821 761
f 508 813 762
f 818 813 508
f 763 818 508
f 763 822 818
f 822 819 818
f 924 875 819
f 822 924 819
f 824 764 823
f 820 760 764
f 824 820 764
f 765 825 826
f 766 765 826
f 821 765 761
f 825 765 821
f 924 822 827
f 924 827 828
f 823 758 880
f 824 823 880
f 766 826 639
f 826 830 639
f 822 763 834
f 827 822 829
f 829 822 834
f 832 828 827
f 829 832 827
f 763 768 834
f 832 829 831
f 831 829 834
f 830 833 639
f 926 832 831
f 594 836 835
f 836 594 767
f 768 769 834
f 640 834 769
f 831 834 640
f 640 681 926
f 640 926 831
f 926 682 837
f 771 770 835
f 682 926 681
f 682 838 837
f 682 561 838
f 839 838 561
f 772 839 683
f 772 897 839
f 772 684 897
f 773 897 684
f 643 774 773
f 775 841 840
f 777 841 775
f 483 842 777
f 777 842 841
f 842 483 776
f 778 843 844
f 688 843 778
f 779 778 845
f 778 844 845
f 780 779 846
f 779 845 846
f 781 780 847
f 780 846 847
f 781 847 848
f 843 688 850
f 701 938 849
f 701 708 938
f 938 708 853
f 853 708 786
f 707 945 791
f 719 857 858
f 792 719 859
f 719 858 859
f 859 793 792
f 786 794 975
f 854 861 788
f 860 861 854
f 796 862 856
f 796 856 855
f 945 722 791
f 910 722 945
f 797 857 719
f 793 859 947
f 975 794 793
f 947 975 793
f 724 861 863
f 864 724 863
f 865 862 796
f 865 796 799
f 797 801 804
f 864 863 866
f 802 864 866
f 802 866 867
f 803 802 867
f 865 799 803
f 867 865 803
f 722 910 914
f 973 804 916
f 805 921 806
f 807 870 869
f 807 573 870
f 807 869 808
f 810 870 868
f 809 810 868
f 872 869 870
f 808 869 871
f 869 872 871
f 872 870 810
f 808 871 742
f 809 873 812
f 750 872 810
f 872 750 878
f 871 872 874
f 874 872 878
f 871 874 742
f 873 816 812
f 876 816 873
f 742 874 817
f 816 876 758
f 876 877 758
f 874 878 880
f 817 874 821
f 824 878 820
f 824 880 878
f 874 880 879
f 825 879 826
f 825 874 879
f 821 874 825
f 924 828 925
f 880 758 877
f 879 880 881
f 826 881 830
f 879 881 826
f 886 925 828
f 886 828 832
f 877 882 883
f 877 883 880
f 884 880 883
f 881 880 885
f 885 880 884
f 830 881 885
f 887 883 882
f 888 887 882
f 890 883 887
f 889 883 890
f 767 889 836
f 767 884 889
f 884 883 889
f 833 884 767
f 885 884 833
f 830 885 833
f 832 926 886
f 836 890 835
f 889 890 836
f 888 891 887
f 771 890 896
f 890 887 896
f 835 890 771
f 892 893 895
f 893 894 895
f 891 895 894
f 891 894 887
f 896 887 894
f 773 932 897
f 773 774 892
f 840 892 774
f 893 892 840
f 840 898 893
f 898 894 893
f 899 894 898
f 896 894 899
f 771 899 776
f 896 899 771
f 840 841 898
f 899 898 841
f 842 899 841
f 776 899 842
f 900 844 843
f 900 901 844
f 901 845 844
f 846 845 902
f 845 901 902
f 847 846 903
f 846 902 903
f 848 847 936
f 847 903 936
f 936 904 848
f 850 849 937
f 843 850 967
f 967 850 937
f 900 843 967
f 851 904 905
f 851 905 852
f 707 852 939
f 786 906 938
f 786 975 906
f 853 786 938
f 943 854 907
f 907 854 788
f 855 907 788
f 855 856 907
f 707 939 945
f 859 858 908
f 861 860 942
f 943 860 854
f 856 909 907
f 859 908 911
f 859 911 947
f 863 861 942
f 912 863 942
f 913 862 865
f 797 804 857
f 857 804 973
f 866 863 912
f 867 866 912
f 867 912 915
f 913 867 915
f 865 867 913
f 914 1030 917
f 916 806 951
f 659 918 573
f 573 918 920
f 921 919 951
f 806 921 951
f 870 573 920
f 870 920 868
f 868 920 809
f 920 922 809
f 809 922 873
f 876 922 923
f 873 922 876
f 876 923 877
f 886 959 925
f 927 837 838
f 928 891 962
f 773 892 929
f 895 930 892
f 892 930 929
f 928 930 895
f 891 928 895
f 932 931 897
f 932 773 929
f 901 900 933
f 902 901 934
f 901 933 934
f 903 902 935
f 902 934 935
f 903 935 936
f 966 904 936
f 904 966 905
f 937 849 938
f 969 938 906
f 907 972 943
f 858 973 974
f 857 973 858
f 908 858 940
f 858 974 940
f 979 908 940
f 860 941 942
f 860 943 941
f 907 977 972
f 909 977 907
f 909 856 977
f 944 856 862
f 946 945 939
f 911 908 979
f 911 979 947
f 942 948 912
f 862 913 944
f 945 946 949
f 949 910 945
f 949 914 910
f 912 948 950
f 912 950 915
f 914 949 1030
f 973 916 951
f 917 1030 952
f 917 952 1033
f 1102 951 954
f 659 953 918
f 954 951 919
f 953 920 918
f 955 920 953
f 919 921 956
f 985 956 986
f 920 955 922
f 955 957 922
f 957 923 922
f 1038 923 957
f 875 924 958
f 924 925 958
f 958 925 959
f 923 1038 877
f 960 959 886
f 882 961 888
f 926 960 886
f 891 961 962
f 961 891 888
f 837 1002 926
f 1002 837 927
f 928 962 997
f 838 839 927
f 963 929 1003
f 929 930 1003
f 997 930 928
f 897 931 1056
f 963 931 932
f 929 963 932
f 933 900 1008
f 934 933 964
f 933 1008 964
f 935 934 965
f 934 964 965
f 966 936 965
f 936 935 965
f 852 905 968
f 852 968 970
f 970 939 852
f 906 975 969
f 943 972 971
f 942 941 976
f 943 971 941
f 939 978 946
f 940 974 979
f 947 979 1019
f 979 1023 1019
f 1019 975 947
f 942 976 948
f 976 1024 948
f 944 913 1026
f 949 946 978
f 980 949 978
f 948 1024 981
f 950 948 981
f 915 950 982
f 950 981 982
f 1026 913 915
f 982 1026 915
f 949 980 1030
f 973 951 1102
f 659 983 953
f 919 985 954
f 955 983 984
f 955 984 1114
f 953 983 955
f 919 956 985
f 958 959 987
f 1204 987 988
f 987 959 988
f 989 1204 988
f 882 1209 992
f 1209 882 877
f 1204 990 991
f 1204 989 990
f 988 995 989
f 959 996 988
f 988 996 995
f 959 960 996
f 961 882 992
f 994 991 990
f 993 991 994
f 989 994 990
f 995 994 989
f 992 997 962
f 992 962 961
f 994 998 993
f 995 998 994
f 999 998 995
f 999 995 1000
f 995 996 1000
f 960 1000 996
f 960 1001 1000
f 960 926 1001
f 1001 1044 1000
f 926 1002 1001
f 1004 1000 1044
f 1005 839 897
f 963 1006 1007
f 1003 1006 963
f 1003 930 997
f 1007 931 963
f 1056 931 1007
f 964 1008 1009
f 1010 965 1009
f 965 964 1009
f 965 1010 966
f 967 937 1011
f 1011 900 967
f 966 1010 1012
f 966 1012 905
f 905 1012 968
f 938 1013 937
f 970 968 1014
f 1092 970 1014
f 1013 938 969
f 1015 970 1092
f 970 1015 939
f 969 975 1020
f 941 971 1016
f 971 972 1016
f 972 1017 1016
f 1018 939 1015
f 974 973 1156
f 1019 1020 975
f 941 1021 976
f 972 977 1017
f 1017 977 1022
f 977 856 1022
f 1022 856 944
f 939 1018 978
f 1156 973 1102
f 974 1156 979
f 979 1156 1023
f 1020 1019 1023
f 1025 1024 1021
f 1021 1024 976
f 1028 978 1018
f 978 1028 980
f 1024 1025 1108
f 1024 1108 981
f 1026 982 1029
f 1027 1026 1029
f 1031 1030 1028
f 1028 1030 980
f 1030 1031 1032
f 1030 1032 952
f 952 1032 1033
f 1034 659 1033
f 1102 954 1107
f 659 1034 983
f 1114 984 983
f 985 1035 1107
f 985 1115 1035
f 954 985 1107
f 985 986 1115
f 1115 986 875
f 1114 1036 955
f 955 1036 957
f 958 1232 875
f 957 1036 1037
f 987 1117 1232
f 958 987 1232
f 1038 957 1037
f 1117 987 1172
f 987 1204 1172
f 1038 1209 877
f 1039 1204 991
f 1040 1039 991
f 992 1042 1041
f 991 993 1040
f 997 992 1041
f 1043 1250 999
f 999 1250 998
f 999 1000 1043
f 1001 1002 1045
f 1044 1001 1045
f 1002 927 1045
f 997 1050 1003
f 997 1041 1050
f 1046 1041 1042
f 1000 1004 1047
f 1043 1000 1047
f 1044 1123 1004
f 1123 1045 1048
f 1123 1044 1045
f 927 1048 1045
f 839 1124 927
f 1124 839 1005
f 1006 1049 1007
f 1006 1003 1050
f 1049 1006 1050
f 1041 1051 1050
f 1052 1053 1047
f 1052 1047 1004
f 1052 1004 1123
f 1056 1055 897
f 897 1055 1005
f 1007 1062 1056
f 1007 1049 1062
f 1057 1062 1049
f 1180 1050 1058
f 1180 1057 1050
f 1057 1049 1050
f 1051 1058 1050
f 1060 1058 1051
f 1060 1051 1059
f 1041 1061 1051
f 1061 1059 1051
f 1061 1041 1046
f 1067 1053 1052
f 1123 1064 1052
f 1054 1064 1123
f 1064 1054 1065
f 1057 1066 1062
f 1066 1057 1180
f 1059 1132 1060
f 1061 1132 1059
f 1182 1132 1061
f 1046 1182 1061
f 1063 1067 1052
f 1064 1063 1052
f 1064 1065 1068
f 1062 1073 1069
f 1066 1073 1062
f 1131 1066 1180
f 1131 1073 1066
f 1063 1075 1067
f 1075 1063 1070
f 1063 1064 1070
f 1068 1071 1064
f 1071 1070 1064
f 1069 1077 1068
f 1077 1071 1068
f 1072 1077 1069
f 1073 1072 1069
f 1131 1074 1073
f 1071 1075 1070
f 1137 1075 1071
f 1137 1076 1138
f 1137 1071 1076
f 1077 1076 1071
f 1078 1072 1079
f 1078 1077 1072
f 1073 1079 1072
f 1074 1079 1073
f 1076 1080 1138
f 1081 1080 1076
f 1077 1081 1076
f 1082 1081 1077
f 1078 1082 1077
f 1008 1083 1084
f 900 1083 1008
f 1009 1008 1085
f 1008 1084 1085
f 1085 1010 1009
f 1086 1010 1085
f 1083 900 1011
f 1010 1086 1087
f 1012 1010 1087
f 968 1012 1088
f 1012 1087 1088
f 1089 937 1013
f 968 1088 1090
f 1014 968 1090
f 1014 1090 1091
f 1091 1092 1014
f 1094 1089 1013
f 1094 1013 1093
f 1093 1013 969
f 1094 1093 1096
f 1093 1095 1096
f 1095 1017 1096
f 1092 1099 1015
f 1093 1020 1097
f 969 1020 1093
f 1098 1093 1097
f 941 1095 1098
f 1095 1093 1098
f 1016 1095 941
f 1017 1095 1016
f 1018 1015 1099
f 1100 1018 1099
f 1020 1101 1097
f 1098 1097 1101
f 941 1098 1021
f 1101 1020 1023
f 1101 1023 1103
f 1104 1101 1103
f 1098 1101 1104
f 1104 1021 1098
f 1104 1105 1021
f 1105 1025 1021
f 1026 1027 944
f 944 1027 1153
f 1018 1100 1028
f 1100 1106 1028
f 1025 1105 1108
f 1029 982 1159
f 1027 1029 1159
f 1027 1159 1109
f 1109 1153 1027
f 1028 1106 1031
f 1031 1106 1110
f 1032 1031 1110
f 1033 1032 1111
f 1032 1110 1111
f 1112 1033 1111
f 1033 1112 1034
f 1166 1107 1113
f 1168 1034 1112
f 1168 983 1034
f 1113 1107 1035
f 1115 1113 1035
f 1168 1114 983
f 1115 875 1232
f 1114 1116 1036
f 1118 1232 1117
f 1116 1037 1036
f 1119 1037 1116
f 1037 1119 1038
f 1038 1119 1209
f 1205 1207 1209
f 1039 1282 1204
f 992 1209 1121
f 1040 1120 1282
f 1040 1173 1120
f 1039 1040 1282
f 992 1121 1042
f 1040 993 1173
f 1319 1250 1043
f 1043 1047 1319
f 1319 1047 1122
f 1174 1123 1048
f 1047 1053 1122
f 1054 1174 1125
f 1054 1123 1174
f 1174 1252 1125
f 1128 1129 1005
f 1128 1005 1055
f 1055 1056 1130
f 1128 1055 1130
f 1056 1062 1130
f 1053 1067 1178
f 1054 1125 1065
f 1252 1126 1125
f 1126 1065 1125
f 1252 1127 1126
f 1133 1065 1126
f 1126 1134 1135
f 1127 1134 1126
f 1129 1135 1134
f 1129 1128 1135
f 1128 1136 1135
f 1069 1136 1130
f 1130 1136 1128
f 1062 1069 1130
f 1065 1133 1068
f 1126 1068 1133
f 1135 1068 1126
f 1069 1068 1135
f 1136 1069 1135
f 1186 1074 1131
f 1075 1215 1067
f 1075 1137 1215
f 1080 1139 1138
f 1081 1140 1080
f 1080 1140 1139
f 1081 1141 1140
f 1082 1142 1081
f 1081 1142 1141
f 1142 1082 1078
f 1084 1083 1143
f 1084 1144 1085
f 1143 1144 1084
f 1085 1144 1086
f 937 1145 1011
f 1145 1146 1011
f 1011 1143 1083
f 1011 1146 1143
f 1086 1147 1087
f 1086 1144 1147
f 1144 1143 1147
f 1087 1148 1088
f 1147 1148 1087
f 1089 1145 937
f 1089 1149 1145
f 1096 1145 1149
f 1146 1145 1096
f 1143 1146 1096
f 1147 1143 1096
f 1088 1150 1090
f 1088 1148 1150
f 1090 1151 1091
f 1150 1151 1090
f 1091 1151 1092
f 1089 1094 1149
f 1096 1149 1094
f 1017 1153 1096
f 1153 1147 1096
f 1150 1148 1147
f 1151 1150 1152
f 1092 1152 1099
f 1151 1152 1092
f 1150 1147 1153
f 1099 1152 1154
f 1099 1154 1100
f 1017 1022 1153
f 944 1153 1022
f 1154 1152 1155
f 1155 1152 1150
f 1154 1155 1100
f 1023 1156 1103
f 1104 1103 1194
f 1194 1105 1104
f 1157 1105 1194
f 1155 1150 1153
f 1100 1155 1106
f 1102 1107 1166
f 1108 1105 1157
f 1108 1157 1196
f 981 1108 1196
f 982 981 1158
f 981 1196 1158
f 1159 1158 1160
f 1159 982 1158
f 1153 1109 1161
f 1155 1153 1161
f 1109 1159 1160
f 1109 1160 1162
f 1161 1109 1162
f 1161 1162 1199
f 1155 1161 1199
f 1163 1155 1199
f 1106 1155 1163
f 1106 1163 1110
f 1111 1110 1164
f 1110 1163 1164
f 1164 1112 1111
f 1165 1112 1164
f 1168 1112 1169
f 1169 1112 1165
f 1115 1167 1166
f 1115 1201 1167
f 1113 1115 1166
f 1114 1168 1169
f 1169 1170 1114
f 1114 1170 1116
f 1117 1172 1118
f 1119 1170 1171
f 1116 1170 1119
f 1203 1172 1204
f 1119 1171 1209
f 1171 1205 1209
f 1173 1282 1120
f 993 998 1285
f 1042 1121 1046
f 1174 1048 1175
f 927 1175 1048
f 1124 1176 927
f 1178 1122 1053
f 1124 1005 1176
f 1176 1005 1129
f 1176 1129 1177
f 1177 1129 1179
f 1253 1060 1132
f 1181 1127 1252
f 1184 1179 1129
f 1211 1182 1046
f 1127 1181 1183
f 1134 1127 1184
f 1127 1183 1184
f 1184 1129 1134
f 1180 1185 1131
f 1185 1186 1131
f 1137 1187 1215
f 1187 1137 1138
f 1188 1187 1138
f 1074 1189 1079
f 1216 1074 1186
f 1138 1190 1188
f 1139 1190 1138
f 1140 1191 1139
f 1139 1191 1190
f 1141 1192 1140
f 1140 1192 1191
f 1141 1142 1192
f 1103 1156 1193
f 1194 1103 1193
f 1194 1193 1195
f 1157 1194 1195
f 1157 1195 1196
f 1102 1166 1197
f 1198 1196 1224
f 1158 1196 1198
f 1160 1158 1198
f 1163 1199 1200
f 1164 1163 1200
f 1197 1166 1167
f 1201 1197 1167
f 1164 1200 1270
f 1270 1165 1164
f 1270 1169 1165
f 1201 1115 1232
f 1169 1270 1170
f 1270 1202 1170
f 1232 1118 1265
f 1202 1171 1170
f 1205 1171 1202
f 1172 1203 1265
f 1118 1172 1265
f 1205 1206 1207
f 1209 1207 1248
f 1208 1282 1173
f 1121 1209 1248
f 1173 993 1285
f 927 1176 1175
f 1212 1176 1177
f 1121 1210 1046
f 1210 1211 1046
f 1321 1319 1122
f 1122 1178 1321
f 1179 1212 1177
f 1321 1178 1288
f 1288 1178 1067
f 1181 1252 1384
f 1181 1384 1213
f 1212 1184 1326
f 1179 1184 1212
f 1182 1214 1132
f 1132 1214 1253
f 1214 1182 1211
f 1181 1213 1183
f 1184 1183 1213
f 1326 1184 1213
f 1185 1361 1254
f 1185 1180 1361
f 1185 1254 1186
f 1186 1254 1255
f 1255 1216 1186
f 1187 1217 1215
f 1188 1217 1187
f 1217 1188 1218
f 1189 1074 1216
f 1188 1219 1218
f 1188 1190 1219
f 1190 1191 1219
f 1192 1220 1191
f 1191 1220 1219
f 1142 1221 1192
f 1192 1221 1220
f 1221 1142 1078
f 1193 1156 1222
f 1223 1193 1222
f 1195 1193 1223
f 1195 1223 1196
f 1197 1225 1102
f 1224 1227 1198
f 1228 1160 1198
f 1162 1160 1228
f 1199 1162 1228
f 1200 1199 1229
f 1304 1200 1229
f 1201 1226 1225
f 1197 1201 1225
f 1233 1230 1227
f 1233 1227 1224
f 1198 1227 1230
f 1231 1198 1230
f 1228 1198 1231
f 1270 1200 1304
f 1271 1267 1233
f 1234 1271 1233
f 1236 1234 1233
f 1243 1234 1236
f 1338 1265 1237
f 1236 1238 1242
f 1242 1243 1236
f 1237 1265 1203
f 1239 1237 1203
f 1240 1238 1235
f 1241 1240 1235
f 1242 1238 1240
f 1240 1241 1244
f 1242 1240 1244
f 1245 1242 1244
f 1243 1242 1245
f 1203 1204 1239
f 1204 1282 1239
f 1208 1374 1282
f 1206 1248 1207
f 1247 1248 1206
f 1173 1246 1374
f 1173 1284 1246
f 1208 1173 1374
f 1248 1247 1121
f 1173 1285 1284
f 1121 1247 1210
f 998 1249 1285
f 1174 1175 1251
f 1174 1251 1252
f 1058 1323 1359
f 1180 1058 1359
f 1060 1286 1058
f 1058 1286 1323
f 1214 1210 1253
f 1214 1211 1210
f 1213 1384 1326
f 1180 1359 1361
f 1060 1253 1286
f 1256 1216 1257
f 1257 1216 1255
f 1328 1217 1218
f 1079 1330 1078
f 1189 1293 1079
f 1079 1293 1330
f 1293 1189 1256
f 1216 1256 1189
f 1219 1258 1218
f 1220 1259 1219
f 1219 1259 1258
f 1220 1221 1259
f 1156 1333 1363
f 1102 1333 1156
f 1156 1363 1260
f 1222 1156 1260
f 1102 1225 1333
f 1333 1225 1297
f 1222 1260 1261
f 1223 1222 1261
f 1223 1261 1262
f 1196 1223 1262
f 1196 1262 1224
f 1297 1225 1226
f 1224 1262 1263
f 1229 1199 1264
f 1226 1201 1265
f 1224 1266 1233
f 1263 1266 1224
f 1230 1233 1267
f 1267 1268 1230
f 1268 1231 1230
f 1339 1228 1231
f 1268 1339 1231
f 1229 1264 1269
f 1304 1229 1269
f 1201 1232 1265
f 1233 1274 1236
f 1266 1274 1233
f 1271 1234 1272
f 1238 1274 1235
f 1236 1274 1238
f 1234 1243 1275
f 1272 1234 1275
f 1270 1273 1202
f 1274 1277 1235
f 1275 1243 1279
f 1278 1202 1273
f 1239 1276 1338
f 1237 1239 1338
f 1235 1277 1241
f 1205 1278 1313
f 1202 1278 1205
f 1241 1277 1280
f 1244 1241 1280
f 1245 1244 1281
f 1244 1280 1281
f 1279 1243 1245
f 1281 1279 1245
f 1313 1316 1205
f 1205 1316 1206
f 1283 1374 1246
f 1284 1283 1246
f 998 1250 1249
f 1253 1210 1287
f 1253 1289 1286
f 1289 1253 1287
f 1288 1067 1290
f 1254 1361 1291
f 1257 1255 1291
f 1255 1254 1291
f 1256 1327 1293
f 1291 1327 1257
f 1327 1256 1257
f 1217 1328 1215
f 1292 1328 1218
f 1078 1330 1331
f 1218 1294 1292
f 1258 1294 1218
f 1259 1295 1258
f 1258 1295 1294
f 1259 1221 1295
f 1331 1221 1078
f 1298 1260 1296
f 1261 1260 1298
f 1262 1261 1337
f 1261 1298 1337
f 1226 1299 1297
f 1262 1337 1300
f 1263 1262 1300
f 1228 1339 1301
f 1199 1228 1301
f 1264 1199 1301
f 1303 1264 1301
f 1226 1265 1299
f 1299 1265 1338
f 1305 1266 1300
f 1300 1266 1263
f 1268 1307 1302
f 1267 1307 1268
f 1302 1339 1268
f 1269 1264 1303
f 1269 1303 1304
f 1371 1270 1304
f 1305 1308 1266
f 1306 1307 1271
f 1271 1307 1267
f 1271 1272 1306
f 1270 1371 1273
f 1266 1308 1274
f 1272 1309 1306
f 1371 1346 1273
f 1308 1310 1274
f 1311 1310 1308
f 1272 1311 1309
f 1272 1275 1311
f 1312 1338 1276
f 1274 1310 1277
f 1275 1279 1311
f 1346 1278 1273
f 1313 1278 1346
f 1311 1314 1310
f 1311 1279 1314
f 1276 1239 1347
f 1277 1310 1280
f 1281 1280 1310
f 1314 1281 1310
f 1279 1281 1314
f 1347 1239 1374
f 1239 1282 1374
f 1283 1509 1374
f 1284 1315 1509
f 1284 1285 1315
f 1283 1284 1509
f 1247 1316 1317
f 1206 1316 1247
f 1402 1285 1352
f 1352 1285 1379
f 1247 1378 1210
f 1378 1318 1210
f 1285 1249 1379
f 1249 1250 1379
f 1318 1320 1210
f 1175 1322 1251
f 1176 1322 1175
f 1286 1360 1323
f 1286 1324 1360
f 1324 1287 1325
f 1320 1287 1210
f 1325 1287 1320
f 1288 1354 1321
f 1286 1289 1324
f 1287 1324 1289
f 1067 1392 1290
f 1392 1067 1215
f 1293 1327 1416
f 1328 1292 1329
f 1293 1416 1330
f 1292 1332 1329
f 1292 1294 1332
f 1294 1295 1332
f 1331 1332 1221
f 1332 1295 1221
f 1260 1363 1334
f 1296 1260 1334
f 1335 1333 1297
f 1296 1334 1336
f 1298 1296 1336
f 1299 1338 1335
f 1297 1299 1335
f 1305 1341 1342
f 1342 1302 1307
f 1342 1341 1302
f 1341 1343 1302
f 1343 1339 1302
f 1301 1340 1344
f 1303 1301 1344
f 1304 1303 1423
f 1303 1344 1423
f 1423 1371 1304
f 1307 1306 1342
f 1342 1306 1305
f 1306 1309 1308
f 1305 1306 1308
f 1371 1345 1346
f 1308 1309 1311
f 1346 1345 1348
f 1276 1347 1312
f 1313 1346 1348
f 1313 1348 1316
f 1348 1349 1316
f 1508 1374 1509
f 1349 1375 1316
f 1350 1509 1315
f 1351 1350 1315
f 1375 1317 1316
f 1376 1317 1375
f 1315 1285 1351
f 1351 1285 1402
f 1317 1376 1247
f 1376 1378 1247
f 1250 1380 1379
f 1380 1250 1319
f 1353 1380 1319
f 1319 1321 1353
f 1353 1321 1354
f 1356 1251 1322
f 1356 1322 1355
f 1357 1176 1212
f 1325 1320 1318
f 1358 1251 1356
f 1358 1252 1251
f 1385 1357 1212
f 1318 1360 1325
f 1360 1324 1325
f 1386 1354 1288
f 1252 1358 1384
f 1326 1384 1388
f 1326 1388 1385
f 1385 1212 1326
f 1288 1290 1386
f 1328 1362 1215
f 1329 1362 1328
f 1329 1331 1330
f 1329 1330 1362
f 1330 1416 1362
f 1331 1329 1332
f 1363 1393 1334
f 1395 1334 1364
f 1363 1333 1335
f 1365 1363 1335
f 1336 1334 1395
f 1298 1336 1395
f 1337 1366 1300
f 1337 1298 1366
f 1335 1338 1365
f 1365 1338 1417
f 1300 1367 1305
f 1300 1366 1367
f 1367 1368 1341
f 1301 1339 1368
f 1301 1368 1340
f 1370 1340 1369
f 1341 1305 1367
f 1368 1343 1341
f 1339 1343 1368
f 1344 1340 1370
f 1344 1370 1423
f 1338 1312 1463
f 1371 1372 1345
f 1372 1348 1345
f 1400 1348 1372
f 1347 1373 1463
f 1347 1374 1373
f 1312 1347 1463
f 1350 1403 1509
f 1375 1349 1404
f 1351 1402 1403
f 1350 1351 1403
f 1376 1375 1404
f 1402 1352 1429
f 1429 1352 1377
f 1352 1379 1377
f 1378 1383 1318
f 1356 1355 1381
f 1176 1382 1322
f 1318 1383 1442
f 1358 1356 1381
f 1384 1358 1381
f 1442 1360 1318
f 1388 1387 1389
f 1388 1384 1387
f 1413 1385 1388
f 1359 1390 1361
f 1388 1389 1413
f 1291 1390 1391
f 1390 1291 1361
f 1391 1327 1291
f 1458 1327 1391
f 1417 1418 1363
f 1363 1418 1393
f 1364 1334 1393
f 1363 1365 1417
f 1364 1393 1394
f 1395 1364 1394
f 1366 1298 1395
f 1366 1422 1367
f 1368 1367 1422
f 1340 1368 1396
f 1369 1340 1396
f 1369 1396 1397
f 1370 1369 1397
f 1499 1463 1398
f 1398 1463 1373
f 1399 1398 1373
f 1373 1374 1399
f 1399 1374 1508
f 1400 1427 1348
f 1348 1401 1349
f 1401 1404 1349
f 1430 1404 1401
f 1429 1377 1510
f 1431 1473 1377
f 1379 1431 1377
f 1379 1380 1431
f 1383 1378 1437
f 1353 1354 1407
f 1381 1355 1408
f 1381 1408 1406
f 1381 1406 1410
f 1382 1515 1322
f 1322 1515 1355
f 1382 1176 1357
f 1409 1382 1357
f 1383 1437 1442
f 1381 1410 1384
f 1385 1411 1357
f 1357 1411 1409
f 1412 1354 1386
f 1453 1387 1384
f 1385 1413 1414
f 1385 1414 1411
f 1390 1359 1415
f 1290 1412 1386
f 1389 1387 1453
f 1413 1389 1456
f 1390 1415 1391
f 1391 1415 1458
f 1416 1327 1458
f 1362 1416 1215
f 1393 1418 1461
f 1419 1393 1461
f 1394 1393 1419
f 1395 1394 1419
f 1395 1419 1420
f 1366 1395 1420
f 1366 1420 1422
f 1459 1417 1338
f 1422 1420 1421
f 1396 1465 1397
f 1370 1397 1423
f 1503 1371 1423
f 1371 1503 1372
f 1503 1424 1372
f 1372 1424 1426
f 1399 1425 1499
f 1399 1508 1425
f 1398 1399 1499
f 1400 1372 1426
f 1427 1401 1348
f 1402 1429 1403
f 1429 1428 1403
f 1404 1430 1376
f 1376 1430 1378
f 1377 1473 1537
f 1430 1471 1378
f 1353 1432 1433
f 1353 1433 1380
f 1380 1433 1431
f 1432 1434 1435
f 1433 1432 1435
f 1434 1406 1405
f 1434 1405 1435
f 1406 1408 1436
f 1406 1436 1405
f 1471 1437 1378
f 1475 1437 1471
f 1432 1407 1444
f 1353 1407 1432
f 1438 1432 1444
f 1434 1432 1410
f 1410 1432 1438
f 1434 1410 1406
f 1408 1439 1436
f 1408 1355 1439
f 1409 1440 1382
f 1382 1440 1515
f 1440 1409 1441
f 1444 1407 1443
f 1407 1354 1443
f 1478 1438 1444
f 1478 1445 1438
f 1438 1445 1410
f 1409 1411 1450
f 1450 1441 1409
f 1360 1446 1323
f 1354 1412 1443
f 1443 1412 1447
f 1448 1445 1478
f 1410 1445 1449
f 1449 1445 1448
f 1410 1453 1384
f 1410 1449 1453
f 1411 1414 1450
f 1323 1415 1359
f 1451 1415 1323
f 1290 1447 1412
f 1449 1452 1455
f 1449 1455 1453
f 1453 1456 1389
f 1454 1413 1456
f 1414 1413 1454
f 1415 1451 1458
f 1488 1453 1455
f 1456 1453 1488
f 1454 1456 1457
f 1290 1392 1447
f 1215 1416 1392
f 1418 1459 1493
f 1417 1459 1418
f 1418 1493 1460
f 1461 1418 1495
f 1418 1460 1495
f 1461 1495 1462
f 1419 1461 1462
f 1419 1462 1519
f 1420 1419 1498
f 1500 1420 1498
f 1421 1420 1500
f 1422 1421 1500
f 1422 1500 1464
f 1368 1422 1464
f 1396 1368 1502
f 1368 1464 1502
f 1502 1465 1396
f 1397 1465 1423
f 1504 1499 1467
f 1503 1466 1424
f 1467 1499 1425
f 1508 1467 1425
f 1466 1426 1424
f 1468 1426 1466
f 1426 1468 1400
f 1400 1468 1427
f 1509 1403 1532
f 1532 1403 1559
f 1428 1559 1403
f 1429 1469 1559
f 1429 1510 1469
f 1428 1429 1559
f 1430 1427 1470
f 1401 1427 1430
f 1510 1377 1533
f 1533 1377 1537
f 1473 1472 1537
f 1473 1431 1474
f 1431 1433 1474
f 1435 1540 1433
f 1405 1436 1435
f 1355 1570 1439
f 1515 1541 1355
f 1515 1440 1441
f 1476 1515 1441
f 1437 1475 1442
f 1475 1597 1442
f 1444 1443 1477
f 1477 1478 1444
f 1479 1450 1480
f 1479 1476 1450
f 1476 1441 1450
f 1480 1481 1482
f 1479 1480 1482
f 1481 1323 1482
f 1323 1446 1482
f 1597 1360 1442
f 1446 1360 1597
f 1477 1447 1485
f 1443 1447 1477
f 1478 1477 1483
f 1483 1477 1485
f 1478 1483 1448
f 1451 1481 1484
f 1481 1480 1484
f 1323 1481 1451
f 1448 1483 1486
f 1483 1485 1486
f 1448 1452 1449
f 1486 1452 1448
f 1454 1490 1414
f 1489 1490 1454
f 1414 1480 1450
f 1414 1490 1480
f 1484 1480 1490
f 1451 1487 1458
f 1484 1487 1451
f 1447 1491 1485
f 1491 1486 1485
f 1452 1488 1455
f 1452 1486 1488
f 1488 1457 1456
f 1457 1489 1454
f 1457 1492 1489
f 1484 1490 1487
f 1447 1392 1491
f 1488 1486 1491
f 1457 1488 1492
f 1492 1488 1491
f 1490 1489 1492
f 1416 1487 1492
f 1487 1490 1492
f 1458 1487 1416
f 1416 1491 1392
f 1492 1491 1416
f 1494 1460 1493
f 1494 1495 1460
f 1462 1495 1494
f 1462 1496 1519
f 1419 1519 1497
f 1419 1497 1520
f 1498 1520 1522
f 1498 1419 1520
f 1338 1463 1459
f 1459 1463 1499
f 1500 1498 1522
f 1500 1522 1523
f 1502 1464 1501
f 1502 1501 1526
f 1502 1526 1465
f 1423 1465 1527
f 1503 1506 1466
f 1508 1505 1504
f 1467 1508 1504
f 1468 1506 1507
f 1468 1507 1531
f 1466 1506 1468
f 1531 1585 1468
f 1468 1585 1427
f 1585 1534 1427
f 1469 1510 1511
f 1511 1559 1469
f 1534 1470 1427
f 1512 1470 1534
f 1470 1512 1430
f 1533 1537 1588
f 1430 1513 1471
f 1473 1474 1538
f 1540 1474 1433
f 1435 1436 1540
f 1475 1513 1514
f 1471 1513 1475
f 1541 1570 1355
f 1476 1479 1516
f 1482 1543 1479
f 1479 1543 1516
f 1493 1459 1518
f 1493 1518 1494
f 1518 1459 1517
f 1462 1494 1496
f 1494 1518 1496
f 1522 1520 1497
f 1459 1499 1517
f 1522 1497 1521
f 1500 1523 1524
f 1464 1500 1524
f 1464 1524 1552
f 1499 1504 1517
f 1464 1552 1525
f 1501 1464 1525
f 1526 1501 1525
f 1465 1526 1527
f 1528 1503 1423
f 1517 1504 1530
f 1503 1528 1506
f 1528 1529 1506
f 1530 1504 1505
f 1529 1507 1506
f 1531 1507 1529
f 1505 1508 1532
f 1508 1509 1532
f 1511 1586 1559
f 1534 1585 1535
f 1511 1533 1586
f 1511 1510 1533
f 1512 1534 1535
f 1512 1535 1561
f 1561 1536 1512
f 1512 1536 1430
f 1536 1563 1430
f 1430 1563 1513
f 1563 1567 1513
f 1473 1565 1472
f 1567 1514 1513
f 1539 1514 1567
f 1514 1539 1475
f 1539 1597 1475
f 1436 1439 1540
f 1439 1570 1569
f 1476 1542 1515
f 1515 1542 1541
f 1542 1543 1544
f 1476 1516 1542
f 1543 1542 1516
f 1543 1545 1544
f 1543 1482 1545
f 1446 1572 1482
f 1482 1572 1545
f 1518 1546 1575
f 1517 1546 1518
f 1518 1575 1547
f 1496 1547 1548
f 1496 1518 1547
f 1496 1550 1519
f 1496 1548 1549
f 1550 1496 1549
f 1497 1519 1550
f 1497 1550 1521
f 1521 1550 1577
f 1522 1521 1577
f 1522 1577 1576
f 1523 1522 1576
f 1551 1523 1576
f 1552 1523 1551
f 1524 1523 1552
f 1525 1552 1553
f 1526 1525 1553
f 1526 1553 1580
f 1527 1526 1580
f 1554 1527 1580
f 1527 1555 1423
f 1554 1555 1527
f 1423 1555 1528
f 1556 1557 1558
f 1556 1558 1554
f 1554 1558 1555
f 1528 1558 1529
f 1555 1558 1528
f 1505 1532 1530
f 1531 1558 1557
f 1531 1557 1605
f 1529 1558 1531
f 1531 1605 1585
f 1624 1559 1586
f 1560 1586 1533
f 1587 1535 1585
f 1561 1535 1587
f 1588 1537 1562
f 1564 1562 1537
f 1564 1565 1566
f 1567 1563 1594
f 1537 1472 1564
f 1565 1564 1472
f 1565 1568 1566
f 1565 1473 1568
f 1538 1592 1473
f 1473 1592 1568
f 1645 1592 1538
f 1539 1567 1594
f 1539 1594 1597
f 1538 1474 1645
f 1439 1569 1540
f 1544 1599 1542
f 1542 1599 1541
f 1544 1571 1599
f 1571 1572 1573
f 1544 1545 1571
f 1572 1571 1545
f 1572 1574 1573
f 1572 1446 1574
f 1574 1446 1597
f 1548 1547 1575
f 1550 1549 1548
f 1550 1548 1602
f 1577 1550 1602
f 1517 1530 1546
f 1546 1530 1581
f 1623 1576 1577
f 1551 1576 1623
f 1552 1551 1623
f 1552 1623 1578
f 1579 1553 1578
f 1553 1552 1578
f 1579 1580 1553
f 1580 1583 1554
f 1580 1579 1628
f 1583 1580 1628
f 1554 1583 1556
f 1556 1583 1584
f 1584 1557 1556
f 1605 1557 1584
f 1532 1582 1581
f 1530 1532 1581
f 1532 1559 1624
f 1533 1588 1560
f 1589 1562 1590
f 1589 1637 1562
f 1637 1588 1562
f 1562 1564 1590
f 1564 1566 1590
f 1566 1591 1590
f 1591 1592 1593
f 1593 1592 1645
f 1536 1594 1563
f 1614 1594 1536
f 1566 1568 1591
f 1592 1591 1568
f 1540 1595 1474
f 1569 1595 1540
f 1569 1598 1595
f 1569 1570 1598
f 1596 1570 1541
f 1596 1541 1599
f 1573 1599 1571
f 1573 1617 1599
f 1573 1574 1617
f 1597 1617 1574
f 1575 1601 1548
f 1601 1602 1548
f 1575 1600 1621
f 1575 1546 1600
f 1546 1581 1600
f 1601 1575 1621
f 1577 1602 1604
f 1604 1623 1577
f 1578 1626 1579
f 1582 1624 1603
f 1600 1581 1582
f 1603 1600 1582
f 1626 1578 1623
f 1628 1579 1627
f 1579 1626 1627
f 1583 1629 1584
f 1628 1629 1583
f 1584 1629 1605
f 1582 1532 1624
f 1624 1586 1630
f 1630 1586 1631
f 1586 1560 1631
f 1585 1606 1587
f 1588 1633 1631
f 1560 1588 1631
f 1561 1606 1607
f 1587 1606 1561
f 1590 1609 1589
f 1609 1608 1589
f 1610 1608 1611
f 1611 1608 1609
f 1611 1612 1613
f 1613 1612 1670
f 1611 1609 1590
f 1591 1611 1590
f 1593 1611 1591
f 1612 1611 1593
f 1612 1593 1645
f 1612 1645 1670
f 1614 1597 1594
f 1595 1615 1474
f 1596 1616 1650
f 1570 1618 1651
f 1650 1570 1596
f 1618 1570 1650
f 1596 1599 1616
f 1617 1616 1599
f 1601 1619 1602
f 1603 1624 1620
f 1621 1600 1603
f 1621 1603 1620
f 1601 1621 1622
f 1601 1622 1625
f 1619 1601 1604
f 1604 1601 1625
f 1602 1619 1604
f 1653 1604 1625
f 1654 1604 1653
f 1623 1604 1654
f 1626 1623 1654
f 1654 1627 1626
f 1628 1627 1656
f 1629 1628 1656
f 1629 1658 1605
f 1658 1585 1605
f 1657 1631 1634
f 1585 1658 1606
f 1658 1632 1606
f 1634 1631 1633
f 1632 1607 1606
f 1636 1607 1632
f 1607 1636 1561
f 1633 1588 1635
f 1635 1588 1637
f 1561 1636 1701
f 1701 1641 1561
f 1637 1589 1664
f 1608 1664 1589
f 1638 1664 1608
f 1610 1638 1608
f 1610 1639 1638
f 1642 1640 1639
f 1642 1639 1610
f 1561 1641 1536
f 1642 1610 1611
f 1613 1642 1611
f 1643 1642 1613
f 1643 1613 1670
f 1614 1641 1644
f 1614 1644 1646
f 1536 1641 1614
f 1650 1648 1678
f 1649 1597 1646
f 1597 1614 1646
f 1645 1679 1647
f 1474 1679 1645
f 1615 1595 1598
f 1650 1678 1651
f 1648 1650 1616
f 1649 1616 1617
f 1597 1649 1617
f 1570 1681 1598
f 1651 1681 1570
f 1651 1618 1650
f 1620 1624 1652
f 1620 1652 1621
f 1652 1622 1621
f 1622 1652 1655
f 1622 1653 1625
f 1622 1655 1653
f 1652 1630 1655
f 1624 1630 1652
f 1656 1653 1655
f 1654 1653 1656
f 1627 1654 1656
f 1655 1630 1657
f 1630 1631 1657
f 1656 1655 1688
f 1660 1632 1659
f 1632 1658 1659
f 1633 1662 1634
f 1636 1660 1661
f 1636 1661 1692
f 1632 1660 1636
f 1663 1662 1635
f 1662 1633 1635
f 1663 1637 1664
f 1635 1637 1663
f 1665 1663 1666
f 1666 1663 1664
f 1666 1664 1668
f 1667 1666 1668
f 1669 1705 1667
f 1668 1664 1638
f 1639 1668 1638
f 1640 1668 1639
f 1640 1667 1668
f 1669 1667 1643
f 1643 1667 1640
f 1670 1712 1669
f 1643 1670 1669
f 1643 1640 1642
f 1701 1674 1641
f 1644 1674 1646
f 1674 1644 1641
f 1670 1645 1647
f 1648 1671 1672
f 1675 1648 1672
f 1673 1671 1676
f 1676 1671 1648
f 1677 1673 1676
f 1648 1675 1678
f 1616 1676 1648
f 1649 1676 1616
f 1474 1615 1679
f 1680 1615 1598
f 1598 1681 1680
f 1651 1682 1681
f 1682 1651 1678
f 1655 1657 1688
f 1656 1688 1683
f 1683 1629 1656
f 1657 1634 1688
f 1683 1688 1684
f 1686 1683 1685
f 1629 1683 1686
f 1687 1629 1686
f 1658 1687 1659
f 1629 1687 1658
f 1688 1634 1698
f 1684 1688 1694
f 1685 1683 1689
f 1689 1683 1684
f 1690 1685 1689
f 1691 1685 1690
f 1686 1685 1691
f 1660 1692 1661
f 1660 1686 1692
f 1660 1687 1686
f 1686 1691 1692
f 1659 1687 1660
f 1662 1698 1634
f 1662 1693 1698
f 1694 1688 1698
f 1689 1684 1695
f 1696 1689 1695
f 1690 1689 1696
f 1662 1663 1693
f 1665 1693 1663
f 1698 1693 1665
f 1705 1698 1665
f 1694 1698 1699
f 1697 1684 1694
f 1695 1684 1697
f 1667 1665 1666
f 1705 1665 1667
f 1694 1699 1700
f 1702 1697 1694
f 1700 1702 1694
f 1692 1701 1636
f 1705 1669 1712
f 1699 1698 1705
f 1702 1700 1699
f 1707 1704 1703
f 1713 1699 1705
f 1702 1699 1706
f 1708 1707 1703
f 1709 1704 1707
f 1709 1707 1717
f 1717 1710 1711
f 1709 1717 1711
f 1712 1670 1726
f 1713 1705 1712
f 1714 1706 1699
f 1713 1714 1699
f 1715 1707 1708
f 1717 1707 1716
f 1716 1707 1715
f 1718 1711 1710
f 1718 1710 1719
f 1719 1720 1721
f 1718 1719 1721
f 1720 1701 1721
f 1720 1674 1701
f 1713 1712 1722
f 1722 1712 1726
f 1723 1713 1722
f 1714 1713 1723
f 1671 1715 1708
f 1671 1708 1672
f 1672 1708 1730
f 1673 1715 1671
f 1716 1715 1673
f 1677 1716 1673
f 1677 1717 1716
f 1710 1717 1649
f 1649 1717 1677
f 1719 1710 1649
f 1674 1649 1646
f 1674 1720 1649
f 1720 1719 1649
f 1670 1647 1726
f 1725 1723 1722
f 1724 1725 1722
f 1672 1730 1675
f 1649 1677 1676
f 1727 1722 1726
f 1728 1724 1727
f 1727 1724 1722
f 1725 1724 1728
f 1675 1730 1678
f 1647 1679 1726
f 1615 1726 1679
f 1727 1726 1615
f 1727 1615 1680
f 1727 1680 1728
f 1728 1680 1729
f 1680 1681 1729
f 1730 1682 1678
f 1690 1731 1691
f 1731 1732 1691
f 1732 1733 1691
f 1691 1733 1692
f 1695 1734 1696
f 1734 1735 1696
f 1696 1731 1690
f 1696 1735 1731
f 1735 1736 1731
f 1737 1731 1736
f 1732 1731 1738
f 1738 1731 1737
f 1733 1732 1746
f 1746 1732 1738
f 1733 1746 1692
f 1697 1734 1695
f 1697 1739 1734
f 1739 1740 1734
f 1741 1734 1740
f 1735 1734 1742
f 1742 1734 1741
f 1736 1735 1743
f 1743 1735 1742
f 1737 1736 1744
f 1744 1736 1743
f 1738 1737 1745
f 1745 1737 1744
f 1746 1738 1745
f 1739 1702 1747
f 1697 1702 1739
f 1740 1739 1748
f 1748 1739 1747
f 1741 1740 1749
f 1749 1740 1748
f 1742 1741 1750
f 1750 1741 1749
f 1743 1742 1751
f 1751 1742 1750
f 1744 1743 1752
f 1752 1743 1751
f 1745 1744 1753
f 1753 1744 1752
f 1746 1745 1761
f 1761 1745 1753
f 1692 1761 1701
f 1746 1761 1692
f 1702 1754 1747
f 1754 1755 1747
f 1748 1747 1756
f 1756 1747 1755
f 1704 1756 1703
f 1704 1749 1756
f 1749 1748 1756
f 1704 1757 1749
f 1757 1750 1749
f 1751 1750 1758
f 1758 1750 1757
f 1752 1751 1759
f 1759 1751 1758
f 1753 1752 1760
f 1760 1752 1759
f 1761 1753 1760
f 1706 1754 1702
f 1706 1762 1754
f 1762 1763 1754
f 1755 1754 1764
f 1764 1754 1763
f 1756 1755 1778
f 1778 1755 1764
f 1703 1778 1708
f 1756 1778 1703
f 1704 1709 1757
f 1758 1757 1709
f 1711 1758 1709
f 1759 1758 1711
f 1711 1765 1759
f 1765 1760 1759
f 1761 1760 1766
f 1766 1760 1765
f 1761 1766 1701
f 1762 1714 1767
f 1706 1714 1762
f 1763 1762 1768
f 1768 1762 1767
f 1764 1763 1769
f 1769 1763 1768
f 1778 1764 1769
f 1711 1718 1765
f 1721 1765 1718
f 1766 1765 1721
f 1701 1766 1721
f 1723 1767 1714
f 1723 1770 1767
f 1770 1771 1767
f 1768 1767 1772
f 1772 1767 1771
f 1769 1768 1773
f 1773 1768 1772
f 1778 1769 1773
f 1708 1778 1730
f 1770 1725 1774
f 1723 1725 1770
f 1771 1770 1775
f 1775 1770 1774
f 1772 1771 1776
f 1776 1771 1775
f 1773 1772 1777
f 1777 1772 1776
f 1778 1773 1777
f 1728 1774 1725
f 1728 1779 1774
f 1779 1780 1774
f 1775 1774 1781
f 1781 1774 1780
f 1776 1775 1782
f 1782 1775 1781
f 1777 1776 1783
f 1783 1776 1782
f 1778 1777 1784
f 1784 1777 1783
f 1778 1784 1730
f 1779 1729 1785
f 1728 1729 1779
f 1780 1779 1786
f 1786 1779 1785
f 1781 1780 1787
f 1787 1780 1786
f 1782 1781 1787
f 1783 1782 1788
f 1788 1782 1787
f 1730 1784 1788
f 1784 1783 1788
f 1729 1681 1785
f 1786 1785 1681
f 1787 1786 1681
f 1682 1787 1681
f 1788 1787 1682
f 1730 1788 1682

