case,time_s,rope_speed_m_s,analytic_speed_m_s,speed_error_m_s,acceleration_m_s2,pulley_rim_speed_m_s,left_tension_N,right_tension_N,tension_ratio,capstan_static_upper_ratio,transport_distance_m,equation_11_residual_m2_s2,kinetic_wrap_residual_N,regime
sliding_limited,0.0,0.0,0.0,0.0,3.5446330424636234,2.24,0.7048537827228425,1.5023962172771577,2.131500538272516,2.1932800507380152,0.0,0.0,-4.440892098500626e-16,sliding
sliding_limited,0.0020000000000000005,0.007089231540478188,0.007089225682138183,5.858340004945284e-09,3.544572438456176,2.24,0.7048606006736803,1.5024019636272785,2.1314880732322634,2.1932800507380152,7.798172693973187e-06,0.0,-1.1102230246251565e-16,sliding
sliding_limited,0.004000000000000001,0.014178232790182517,0.014178208954173363,2.383600915430162e-08,3.5443906343085545,2.24,0.7048810536402877,1.5024192019309757,2.1314506811778835,2.1932800507380152,2.977459514544857e-05,0.0,-5.551115123125783e-17,sliding
sliding_limited,0.0059999999999999975,0.021266761367917282,0.021266707439157435,5.392875984666645e-08,3.544087654264403,2.24,0.7049151388952547,1.5024479298895155,2.1313883714345483,2.1932800507380152,6.592854014583616e-05,0.0,1.6653345369377348e-16,sliding
sliding_limited,0.007999999999999995,0.02835457495588792,0.028354478826442486,9.612944543505031e-08,3.543663539136614,2.24,0.704962851847131,1.5024881436331015,2.1313011596232467,2.1932800507380152,0.00011625879578842785,0.0,1.1102230246251565e-16,sliding
sliding_limited,0.01,0.03544143133282976,0.035441280904806784,1.5042802297554614e-07,3.5431183462956075,2.24,0.7050241860417443,1.5025398377219858,2.1311890676513907,2.1932800507380152,0.000180763665631645,0.0,-3.3306690738754696e-16,sliding
sliding_limited,0.012000000000000005,0.04252708840710898,0.042526871595551845,2.168115571382634e-07,3.5424521496528016,2.24,0.7050991331640599,1.5026030051480368,2.1310521236996283,2.1932800507380152,0.0002594409689285146,0.0,-5.551115123125783e-17,sliding
sliding_limited,0.01400000000000001,0.04961130424978625,0.04961100898556111,2.9526422513914685e-07,3.5416650396392813,2.24,0.7051876830405809,1.5026776373367605,2.130890362204876,2.1932800507380152,0.00035228804092230827,0.0,0.0,sliding
sliding_limited,0.016000000000000014,0.056693837127633276,0.05669345136031045,3.8576732282885606e-07,3.540757123179682,2.24,0.7052898236422858,1.502763724149778,2.1307038238396037,2.1932800507380152,0.00045930173320825747,0.0,-5.551115123125783e-17,sliding
sliding_limited,0.018000000000000002,0.06377444553609289,0.06377395723682104,4.882992718502344e-07,3.5397285236612945,2.24,0.7054055410881045,1.5028612538877548,2.1304925554873817,2.1932800507380152,0.0005804784141612422,0.0,-1.1102230246251565e-16,sliding
sliding_limited,0.01999999999999999,0.07085288823217314,0.07085228539654517,6.028356279719205e-07,3.538579380898405,2.24,0.7055348196489295,1.5029702132937808,2.1302566102147176,2.1932800507380152,0.0007158139694293284,0.0,-1.6653345369377348e-16,sliding
sliding_limited,0.021999999999999978,0.07792892426726561,0.07792819491817518,7.293490904280997e-07,3.5373098510919028,2.24,0.705677641752161,1.5030905875572027,2.129996047239228,2.1932800507380152,0.0008653038024930114,0.0,2.220446049250313e-16,sliding
sliding_limited,0.023999999999999966,0.08500231301987883,0.08500144521036637,8.678095124586838e-07,3.5359201067841513,2.24,0.7058339879867831,1.5032223603178996,2.129710931894155,2.1932800507380152,0.001028942835290005,0.0,-5.551115123125783e-17,sliding
sliding_limited,0.025999999999999954,0.09207281422827712,0.09207179604436423,1.0181839128903247e-06,3.534410336809167,2.24,0.7060038371089689,1.50336551367101,2.129401335589302,2.1932800507380152,0.0012067255089053951,0.0,-4.440892098500626e-16,sliding
sliding_limited,0.02799999999999994,0.0991401880230157,0.09913900758652695,1.1804364887513241e-06,3.532780746238121,2.24,0.7061871660482115,1.5035200281720984,2.1290673357683945,2.1932800507380152,0.001398645784326955,0.0,-3.3306690738754696e-16,sliding
sliding_limited,0.02999999999999993,0.10620419495936245,0.10620284043073348,1.3545286289690095e-06,3.5310315563201864,2.24,0.706383949913979,1.5036858828427626,2.12870901586294,2.1932800507380152,0.0016046971432654145,0.0,5.551115123125783e-17,sliding
sliding_limited,0.03199999999999992,0.11326459604959732,0.11326305563066805,1.5404189292744785e-06,3.5291630044187725,2.24,0.7065941620028882,1.5038630551766816,2.128326465242625,2.1932800507380152,0.0018248725890394326,0.0,0.0,sliding
sliding_limited,0.033999999999999905,0.12032115279517998,0.1203194147319721,1.7380632078844993e-06,3.5271753439431652,2.24,0.706817773806394,1.5040515211460965,2.127919779162309,2.1932800507380152,0.0020591646475250306,0.0,2.220446049250313e-16,sliding
sliding_limited,0.03599999999999989,0.12737362721877682,0.12737167980425423,1.947414522585067e-06,3.5250688442756144,2.24,0.7070547550189935,1.5042512552087237,2.127489058705666,2.1932800507380152,0.0023075653681692027,0.0,-3.3306690738754696e-16,sliding
sliding_limited,0.03799999999999988,0.13442178189613785,0.1344196134729494,2.168423188453339e-06,3.5228437906939054,2.24,0.7073050735469357,1.5044622303150976,2.127034410725549,2.1932800507380152,0.0025700663250674215,0.0,-1.1102230246251565e-16,sliding
sliding_limited,0.03999999999999987,0.14146537998781475,0.14146297895101775,2.401036796995104e-06,3.5205004842894434,2.24,0.7075686955174377,1.5046844179163368,2.126555947781122,2.1932800507380152,0.0028466586181047217,0.0,-1.1102230246251565e-16,sliding
sliding_limited,0.04199999999999986,0.1485041852707111,0.14850154007047525,2.6452002358512416e-06,3.518039241880903,2.24,0.7078455852883985,1.504917787972331,2.126053788071844,2.1932800507380152,0.0031373328741600387,0.0,-1.6653345369377348e-16,sliding
sliding_limited,0.043999999999999845,0.15553796216945617,0.15553506131374611,2.900855710058492e-06,3.5154603959234767,2.24,0.708135705458609,1.5051623089603479,2.1255280553683726,2.1932800507380152,0.003442079248373449,0.0,-4.440892098500626e-16,sliding
sliding_limited,0.04599999999999983,0.16256647578759284,0.1625633078448289,3.1679427639486057e-06,3.5127642944137722,2.24,0.7084390168784507,1.505417947884049,2.124978878940456,2.1932800507380152,0.0037608874254759644,0.0,0.0,sliding
sliding_limited,0.04799999999999982,0.16958949193857178,0.16958604554026788,3.446398303907916e-06,3.5099513007903993,2.24,0.7087554786610801,1.5056846702829159,2.1244063934818898,2.1932800507380152,0.004093746621181481,0.0,2.220446049250313e-16,sliding
sliding_limited,0.04999999999999981,0.17660677717654288,0.17660304101992041,3.736156622469178e-06,3.5070217938303005,2.24,0.7090850481940912,1.5059624402420804,2.123810739032629,2.1932800507380152,0.004440645583640505,0.0,1.6653345369377348e-16,sliding
sliding_limited,0.051999999999999796,0.18361809882693547,0.18361406167751232,4.037149423152808e-06,3.5039761675408756,2.24,0.7094276811516517,1.506251220402553,2.1231920608981247,2.1932800507380152,0.004801572594955219,0.0,-3.885780586188048e-16,sliding
sliding_limited,0.053999999999999784,0.190623225016819,0.19061887571097297,4.349305846029772e-06,3.500814831047944,2.24,0.7097833315071065,1.5065509719718468,2.1225505095659787,2.1932800507380152,0.0051765154727554785,0.0,-6.106226635438361e-16,sliding
sliding_limited,0.05599999999999977,0.19762192470503623,0.1976172521525415,4.672552494727755e-06,3.4975382084796136,2.24,0.7101519515460435,1.5068616547349871,2.121886240619995,2.1932800507380152,0.005565461571835277,0.0,-3.885780586188048e-16,sliding
sliding_limited,0.05799999999999976,0.2046139677121001,0.20460896089863614,5.006813463964699e-06,3.494146738846101,2.24,0.7105334918798136,1.5071832270659087,2.1211994146517275,2.1932800507380152,0.005968397785849217,0.0,3.885780586188048e-16,sliding
sliding_limited,0.05999999999999975,0.21159912474984696,0.21159377273947919,5.3520103677762165e-06,3.490640875915562,2.24,0.7109279014594995,1.507515645939226,2.120490197169603,2.1932800507380152,0.00638531054906851,0.0,-5.551115123125783e-16,sliding
sliding_limited,0.061999999999999736,0.21857716745083786,0.21857145938846842,5.7080623694361066e-06,3.4870210880860024,2.24,0.7113351275903248,1.5078588669423834,2.119758758505732,2.1932800507380152,0.006816185838196009,0.0,5.551115123125783e-17,sliding
sliding_limited,0.06399999999999978,0.22554786839749993,0.22554179351128908,6.074886210849506e-06,3.483287858253317,2.24,0.7117551159465019,1.5082128442881624,2.1190052737204703,2.1932800507380152,0.00726100917423975,0.0,5.551115123125783e-17,sliding
sliding_limited,0.06599999999999984,0.23251100115100082,0.23250454875475604,6.452396244777114e-06,3.4794416836755286,2.24,0.7121878105865032,1.508577530827557,2.1182299225048635,2.1932800507380152,0.007719765624444501,0.0,-2.7755575615628914e-16,sliding
sliding_limited,0.0679999999999999,0.23946634027984787,0.23945949977538206,6.840504465810415e-06,3.47548307583329,2.24,0.7126331539687549,1.5089528780630013,2.1174328890810497,2.1932800507380152,0.008192439804280742,0.0,0.0,sliding
sliding_limited,0.06999999999999995,0.2464136613882052,0.2464064222676616,7.239120543595101e-06,3.4714125602867156,2.24,0.7130910869677446,1.5093388361619409,2.1166143621007185,2.1932800507380152,0.008679015879490541,0.0,-1.6653345369377348e-16,sliding
sliding_limited,0.07200000000000001,0.25335274114392103,0.2533450929920654,7.648151855610408e-06,3.4672306765286107,2.24,0.7135615488905314,1.5097353539707534,2.115774534541749,2.1932800507380152,0.009179477568189749,0.0,-2.220446049250313e-16,sliding
sliding_limited,0.07400000000000007,0.2602833573062584,0.26027528980273607,8.067503522335429e-06,3.4629379778341645,2.24,0.7140444774936566,1.510142379028998,2.1149136036030947,2.1932800507380152,0.009693808143025912,0.0,-2.220446049250313e-16,sliding
sliding_limited,0.07600000000000012,0.2672052887533223,0.26719679167488075,8.49707844152725e-06,3.4585350311071865,2.24,0.7145398090004416,1.5105598575839951,2.1140317705980487,2.1932800507380152,0.01022199043339134,0.0,-1.1102230246251565e-16,sliding
sliding_limited,0.07800000000000018,0.2741183155091758,0.27410937873185126,8.936777324553002e-06,3.4540224167229483,2.24,0.7150474781186684,1.5109877346057288,2.1131292408459723,2.1932800507380152,0.010764006827690646,0.0,-2.7755575615628914e-16,sliding
sliding_limited,0.08000000000000024,0.2810222187706389,0.2810128322719071,9.386498731778214e-06,3.4494007283677144,2.24,0.7155674180586322,1.5114259538020614,2.1122062235625965,2.1932800507380152,0.011319839275662213,0.0,2.220446049250313e-16,sliding
sliding_limited,0.0820000000000003,0.2879167809337643,0.2879069347946531,9.846139111202579e-06,3.444670572875027,2.24,0.7160995605515595,1.511874457634256,2.1112629317489997,2.1932800507380152,0.011889469290752882,0.0,1.1102230246251565e-16,sliding
sliding_limited,0.08400000000000035,0.29480178561998194,0.29479147002714706,1.0315592834875265e-05,3.439832570058832,2.24,0.7166438358683814,1.512333187332801,2.1102995820793686,2.1932800507380152,0.012472877952545222,0.0,-1.1102230246251565e-16,sliding
sliding_limited,0.08600000000000041,0.3016770177019071,0.301666222949669,1.0794752238085792e-05,3.434887352543515,2.24,0.7172001728388546,1.5128020829135247,2.109316394787639,2.1932800507380152,0.013070045909236735,0.0,5.551115123125783e-17,sliding
sliding_limited,0.08800000000000047,0.3085422633288064,0.30853097982114835,1.1283507658055303e-05,3.4298355655909285,2.24,0.7177684988710206,1.5132810831939953,2.1083135935531274,2.1932800507380152,0.013680953380170297,0.0,-5.551115123125783e-17,sliding
sliding_limited,0.09000000000000052,0.31539730995171483,0.31538552820424126,1.1781747473571524e-05,3.4246778669244957,2.24,0.7183487399709944,1.5137701258102005,2.1072914053852503,2.1932800507380152,0.014305580158415154,0.0,0.0,sliding
sliding_limited,0.09200000000000058,0.3222419463481987,0.3222296569900531,1.228935814556742e-05,3.4194149265504588,2.24,0.7189408207630734,1.5142691472334955,2.106250060507445,2.1932800507380152,0.014943905613397743,0.0,-1.1102230246251565e-16,sliding
sliding_limited,0.09400000000000064,0.3290759626467579,0.32906315642250017,1.280622425775535e-05,3.4140474265763694,2.24,0.7195446645101585,1.5147780827878141,2.1051897922403793,2.1932800507380152,0.01559590869358167,0.0,-2.220446049250313e-16,sliding
sliding_limited,0.0960000000000007,0.3358991503508636,0.33588581812230606,1.3332228557538794e-05,3.4085760610268916,2.24,0.7201601931344748,1.5152968666671334,2.10411083688457,2.1932800507380152,0.01626156792919606,0.0,0.0,sliding
sliding_limited,0.09800000000000075,0.34271130236262454,0.34269743511062595,1.3867251998589403e-05,3.4030015356570065,2.24,0.7207873272385869,1.515825431953185,2.103013433602494,2.1932800507380152,0.01694086143501163,0.0,-1.6653345369377348e-16,sliding
sliding_limited,0.10000000000000081,0.3495122130060777,0.3494978018322954,1.4411173782313824e-05,3.397324567762702,2.24,0.7214259861266961,1.5163637106334056,2.1018978243003064,2.1932800507380152,0.017633766913163606,0.0,-5.551115123125783e-17,sliding
sliding_limited,0.10200000000000087,0.3563016780500983,0.3562867141786968,1.4963871401540985e-05,3.391545885989232,2.24,0.7220760878262115,1.5169116336191177,2.1007642535092597,2.1932800507380152,0.018340261656020866,0.0,1.1102230246251565e-16,sliding
sliding_limited,0.10400000000000093,0.36307949473092394,0.36306396951024095,1.5525220682988117e-05,3.385666230137029,2.24,0.7227375491095843,1.5174691307639314,2.0996129682669173,2.1932800507380152,0.019060322549100454,0.0,-1.6653345369377348e-16,sliding
sliding_limited,0.10600000000000098,0.3698454617742887,0.3698293666784571,1.609509583155866e-05,3.379686350965366,2.24,0.7234102855163963,1.5180361308823629,2.0984442179982747,2.1932800507380152,0.01979392607402672,0.0,5.551115123125783e-17,sliding
sliding_limited,0.10800000000000104,0.37659937941716215,0.37658270604768845,1.6673369473696464e-05,3.3736070099938393,2.24,0.7240942113756932,1.5186125617686548,2.0972582543968565,2.1932800507380152,0.020541048311534277,0.0,-1.6653345369377348e-16,sliding
sliding_limited,0.1100000000000011,0.3833410494290903,0.3833237895163876,1.72599127026829e-05,3.367428979301772,2.24,0.7247892398285507,1.5191983502157984,2.0960553313059194,2.1932800507380152,0.021301664944514027,0.0,-1.1102230246251565e-16,sliding
sliding_limited,0.11200000000000115,0.39007027513313286,0.39005242053801015,1.7854595122712702e-05,3.3611530413256228,2.24,0.7254952828508675,1.5197934220347422,2.094835704599819,2.1932800507380152,0.022075751261101412,0.0,1.6653345369377348e-16,sliding
sliding_limited,0.11400000000000121,0.3967868614263936,0.3967684041414992,1.8457284894357606e-05,3.354779988654485,2.24,0.7262122512763705,1.5203977020737818,2.0935996320656574,2.1932800507380152,0.022863282157806083,0.0,0.0,sliding
sliding_limited,0.11600000000000127,0.4034906148001403,0.40347154695136045,1.906784877986345e-05,3.3483106238237714,2.24,0.7269400548198258,1.521011114238123,2.092347373285284,2.1932800507380152,0.0236642321426822,0.0,-2.220446049250313e-16,sliding
sliding_limited,0.11800000000000133,0.4101813433595107,0.4101616572073217,1.968615218900238e-05,3.3417457591071646,2.24,0.7276786021004441,1.5216335815096094,2.0910791895177545,2.1932800507380152,0.024478575338538488,0.0,-1.1102230246251565e-16,sliding
sliding_limited,0.12000000000000138,0.4168588568428002,0.4168385447835752,2.0312059225036094e-05,3.335086216306933,2.24,0.7284278006654701,1.5222650259666013,2.0897953435823085,2.1932800507380152,0.025306285486187276,0.0,-2.7755575615628914e-16,sliding
sliding_limited,0.12200000000000144,0.42352296664032923,0.4235020212075988,2.0945432730457014e-05,3.3283328265426917,2.24,0.7291875570139472,1.5229053688040093,2.088496099741977,2.1932800507380152,0.026147335947731644,0.0,-5.551115123125783e-17,sliding
sliding_limited,0.1240000000000015,0.43017348581288706,0.4301518996785528,2.1586134334283802e-05,3.321486430038707,2.24,0.7299577766206455,1.5235545303534572,2.0871817235878822,2.1932800507380152,0.027001699709889814,0.0,-5.551115123125783e-17,sliding
sliding_limited,0.12600000000000156,0.43681022910974826,0.4367879950852504,2.223402449785805e-05,3.3145478759098235,2.24,0.7307383639601449,1.524212430103583,2.085852481924317,2.1932800507380152,0.027869349387355975,0.0,1.1102230246251565e-16,sliding
sliding_limited,0.1280000000000016,0.44343301298626053,0.4434101240236984,2.2888962562139792e-05,3.3075180219461173,2.24,0.7315292225310618,1.5248789867204566,2.0845086426546797,2.1932800507380152,0.028750257226196684,0.0,2.7755575615628914e-16,sliding
sliding_limited,0.13000000000000167,0.4500416556210005,0.45001810481420595,2.35508067945589e-05,3.3003977343963506,2.24,0.7323302548804107,1.5255541180681123,2.083150474668338,2.1932800507380152,0.02964439510728196,0.0,-1.6653345369377348e-16,sliding
sliding_limited,0.13200000000000173,0.4566359769324949,0.45661175751805944,2.4219414435477926e-05,3.2931878877503267,2.24,0.7331413626280884,1.5262377412291854,2.0817782477284985,2.1932800507380152,0.030551734549750183,0.0,-1.1102230246251565e-16,sliding
sliding_limited,0.13400000000000178,0.46321579859550677,0.4631909039537603,2.4894641746486812e-05,3.285889364520235,2.24,0.7339624464914736,1.5269297725256448,2.0803922323611457,2.1932800507380152,0.03147224671450602,0.0,1.6653345369377348e-16,sliding
sliding_limited,0.13600000000000184,0.4697809440568821,0.4697553677128256,2.557634405647713e-05,3.2785030550210625,2.24,0.7347934063101306,1.5276301275396134,2.0789926997451227,2.1932800507380152,0.03240590240775033,0.0,-3.885780586188048e-16,sliding
sliding_limited,0.1380000000000019,0.47633123855095744,0.47630497417514805,2.626437580938168e-05,3.2710298571501846,2.24,0.7356341410706043,1.528338721134268,2.077579921603424,2.1932800507380152,0.033352672084541436,0.0,-5.551115123125783e-17,sliding
sliding_limited,0.14000000000000196,0.48286650911452583,0.482839550523914,2.695859061185857e-05,3.2634706761661945,2.24,0.7364845489313031,1.5290554674748091,2.0761541700957458,2.1932800507380152,0.0343125258523866,0.0,1.6653345369377348e-16,sliding
sliding_limited,0.142000000000002,0.4893865846013596,0.48935892576007983,2.7658841279754043e-05,3.2558264244670867,2.24,0.7373445272474529,1.5297802800494933,2.074715717712378,2.1932800507380152,0.03528543347486297,0.0,-3.3306690738754696e-16,sliding
sliding_limited,0.14400000000000207,0.49589129569628904,0.4958629307164027,2.836497988634168e-05,3.248098021367863,2.24,0.7382139725961155,1.530513071690721,2.073264837169481,2.1932800507380152,0.03627136437526715,0.0,-5.551115123125783e-17,sliding
sliding_limited,0.14600000000000213,0.502380474928836,0.5023513980710274,2.9076857808618684e-05,3.240286392877659,2.24,0.7390927808012635,1.5312537545961673,2.0718018013057957,2.1932800507380152,0.03727028764029232,0.0,-4.996003610813204e-16,sliding
sliding_limited,0.14800000000000219,0.5088539566864013,0.508824162360626,2.979432577532304e-05,3.232392471476474,2.24,0.7399808469588968,1.532002240349955,2.070326882980867,2.1932800507380152,0.03828217202373223,0.0,-5.551115123125783e-17,sliding
sliding_limited,0.15000000000000224,0.5153115772270053,0.5152810599930913,3.0517233914006958e-05,3.2244171958915895,2.24,0.7408780654621963,1.5327584399438499,2.0688403549747956,2.1932800507380152,0.03930698595021105,0.0,-5.551115123125783e-17,sliding
sliding_limited,0.1520000000000023,0.5217531746915807,0.5217219292597837,3.124543179700012e-05,3.2163615108737678,2.24,0.7417843300267013,1.5335222637984847,2.0673424898895933,2.1932800507380152,0.04034469751893823,0.0,-2.7755575615628914e-16,sliding
sliding_limited,0.15400000000000236,0.5281785891158184,0.5281466103473286,3.19787684898154e-05,3.2082263669733098,2.24,0.7426995337155027,1.5342936217845915,2.0658335600521807,2.1932800507380152,0.04139527450748739,0.0,5.551115123125783e-17,sliding
sliding_limited,0.15600000000000241,0.5345876624415652,0.5345549453489683,3.271709259689004e-05,3.200012720316056,2.24,0.7436235689644437,1.5350724232442408,2.0643138374190504,2.1932800507380152,0.04245868437559844,0.0,5.551115123125783e-17,sliding
sliding_limited,0.15800000000000247,0.5409802385277723,0.5409467782754637,3.346025230865912e-05,3.1917215323794244,2.24,0.7445563276073148,1.5358585770120767,2.0627835934826697,2.1932800507380152,0.04353489426900204,0.0,0.0,sliding
sliding_limited,0.16000000000000253,0.5473561631609982,0.5473219550655505,3.420809544774084e-05,3.1833537697685506,2.24,0.7454977009010382,1.5366519914365444,2.0612430991796296,2.1932800507380152,0.04462387102326544,0.0,5.551115123125783e-17,sliding
sliding_limited,0.1620000000000026,0.5537152840654619,0.553680323595947,3.496046951489973e-05,3.1749104039926324,2.24,0.746447579550829,1.537452574401095,2.059692624800591,2.1932800507380152,0.04572558116765879,0.0,-2.7755575615628914e-16,sliding
sliding_limited,0.16400000000000264,0.5600574509126504,0.5600217336909145,3.5717221735898086e-05,3.166392411241545,2.24,0.7474058537353263,1.5382602333453679,2.058132439902058,2.1932800507380152,0.04683999092904115,0.0,5.551115123125783e-17,sliding
sliding_limited,0.1660000000000027,0.5663825153304787,0.5663460371313724,3.647819910623795e-05,3.157800772162812,2.24,0.7483724131316838,1.5390748752863364,2.0565628132200007,2.1932800507380152,0.04796706623576511,0.0,-2.7755575615628914e-16,sliding
sliding_limited,0.16800000000000276,0.5726903309120056,0.5726530876635681,3.724324843745741e-05,3.149136471639015,2.24,0.749347146940611,1.5398964068394148,2.054984012585369,2.1932800507380152,0.04910677272159938,0.0,-4.996003610813204e-16,sliding
sliding_limited,0.17000000000000282,0.5789807532237032,0.5789427410073014,3.801221640187258e-05,3.140400498565715,2.24,0.7503299439113572,1.5407247342395147,2.053396304841505,2.1932800507380152,0.050259075729668194,0.0,0.0,sliding
sliding_limited,0.17200000000000287,0.5852536398132833,0.5852148548637062,3.878494957709755e-05,3.1315938456299666,2.24,0.7513206923666288,1.5415597633620453,2.0517999557634923,2.1932800507380152,0.051423940316406846,0.0,-5.551115123125783e-17,sliding
sliding_limited,0.17400000000000293,0.5915088502170821,0.5914692889225901,3.9561294492007626e-05,3.122717509089499,2.24,0.7523192802274314,1.5424013997438524,2.0501952299794493,2.1932800507380152,0.052601331255532374,0.0,-2.7755575615628914e-16,sliding
sliding_limited,0.176000000000003,0.5977462459670029,0.5977059048693332,4.034109766970495e-05,3.113772488552645,2.24,0.7533255950378276,1.5432495486040838,2.0485823908937952,2.1932800507380152,0.05379121304202851,0.0,-5.551115123125783e-17,sliding
sliding_limited,0.17800000000000304,0.6039656905970199,0.6039245663913483,4.112420567159436e-05,3.104759786759077,2.24,0.7543395239896039,1.5441041148649801,2.0469617006124956,2.1932800507380152,0.05499354989614399,0.0,-1.1102230246251565e-16,sliding
sliding_limited,0.1800000000000031,0.6101670496492445,0.6101251391841029,4.191046514157026e-05,3.0956804093614485,2.24,0.7553609539468371,1.544965003172579,2.0453334198703033,2.1932800507380152,0.0562083057674035,0.0,1.6653345369377348e-16,sliding
sliding_limited,0.18200000000000316,0.6163501906795548,0.6163074909567062,4.269972284853818e-05,3.0865353647079843,2.24,0.7563897714703518,1.5458321179173293,2.043697807960008,2.1932800507380152,0.05743544433863023,0.0,5.551115123125783e-17,sliding
sliding_limited,0.18400000000000322,0.622514983262793,0.6224714914370632,4.349182572982446e-05,3.077325663626114,2.24,0.7574258628420623,1.5467053632546068,2.042055122663701,2.1932800507380152,0.05867492902997913,0.0,-5.551115123125783e-17,sliding
sliding_limited,0.18600000000000327,0.6286612989975285,0.6286170123765955,4.4286620933031706e-05,3.0680523192072036,2.24,0.7584691140891897,1.5475846431251254,2.040405620186061,2.1932800507380152,0.05992672300298021,0.0,-2.7755575615628914e-16,sliding
sliding_limited,0.18800000000000333,0.6347890115103937,0.6347439275545361,4.5083955857561087e-05,3.0587163465924587,2.24,0.7595194110083485,1.5484698612752372,2.038749555089668,2.1932800507380152,0.06119078916459077,0.0,-3.885780586188048e-16,sliding
sliding_limited,0.1900000000000034,0.6408979964599916,0.6408521127817943,4.5883678197244926e-05,3.049318762760069,2.24,0.7605766391894924,1.5493609212771156,2.0370871802323434,2.1932800507380152,0.06246709017125597,0.0,-2.220446049250313e-16,sliding
sliding_limited,0.19200000000000345,0.6469881315403794,0.6469414459043992,4.66856359802037e-05,3.039860586313651,2.24,0.7616406840397143,1.5502577265488138,2.0354187467065223,2.1932800507380152,0.06375558843297663,0.0,3.885780586188048e-16,sliding
sliding_limited,0.1940000000000035,0.6530592964841296,0.6530118068065197,4.7489677609924286e-05,3.0303428372720647,2.24,0.7627114308068929,1.551160180374194,2.03374450378065,2.1932800507380152,0.06505624611738357,0.0,-2.7755575615628914e-16,sliding
sliding_limited,0.19600000000000356,0.6591113730649729,0.6590630774130678,4.8295651905116976e-05,3.0207665368606587,2.24,0.7637887646031759,1.5520681859227226,2.032064698842611,2.1932800507380152,0.06636902515381762,0.0,-5.551115123125783e-17,sliding
sliding_limited,0.19800000000000362,0.6651442451000242,0.6650951416918838,4.910340814046066e-05,3.0111327073040077,2.24,0.7648725704282993,1.5529816462691213,2.0303795773451663,2.1932800507380152,0.06769388723741447,0.0,-2.7755575615628914e-16,sliding
sliding_limited,0.20000000000000367,0.6711577984515948,0.6711078856555118,4.991279608301813e-05,3.0014423716202057,2.24,0.7659627331927269,1.553900464412871,2.0286893827534143,2.1932800507380152,0.06903079383319352,0.0,1.1102230246251565e-16,sliding
sliding_limited,0.20200000000000373,0.6771519210285971,0.6771011973625639,5.072366603320333e-05,2.9916965534167654,2.24,0.767059137740614,1.554824543297566,2.0269943564942445,2.1932800507380152,0.0703797061801498,0.0,0.0,sliding
sliding_limited,0.2040000000000038,0.6831265027875394,0.6830749669186776,5.1535868861751766e-05,2.9818962766881976,2.24,0.7681616688725779,1.555753785830106,2.0252947379078003,2.1932800507380152,0.07174058529534844,0.0,5.551115123125783e-17,sliding
sliding_limited,0.20600000000000385,0.6890814357331198,0.689029086477073,5.234925604680196e-05,2.9720425656153044,2.24,0.7692702113682783,1.5566880948997261,2.0235907642009052,2.1932800507380152,0.07311339197802048,0.0,-2.7755575615628914e-16,sliding
sliding_limited,0.2080000000000039,0.6950166139184195,0.6949634502387079,5.316367971164304e-05,2.9621364443662594,2.24,0.7703846500087959,1.5576273733968606,2.0218826704024755,2.1932800507380152,0.07449808681365963,0.0,1.6653345369377348e-16,sliding
sliding_limited,0.21000000000000396,0.7009319334446995,0.7008779544520394,5.397899266013084e-05,2.952178936899518,2.24,0.7715048695988043,1.558571524231827,2.0201706893208735,2.1932800507380152,0.0758946301781188,0.0,1.6653345369377348e-16,sliding
sliding_limited,0.21200000000000402,0.7068272924608056,0.7067724974123922,5.4795048413325276e-05,2.9421710667686143,2.24,0.7726307549885311,1.5595204503533375,2.0184550515032074,2.1932800507380152,0.07730298224170594,0.0,-4.440892098500626e-16,sliding
sliding_limited,0.21400000000000408,0.7127025911621836,0.7126469794609401,5.561170124346315e-05,2.9321138569288947,2.24,0.7737621910954994,1.5604740547668237,2.0167359851965507,2.1932800507380152,0.07872310297327803,0.0,1.6653345369377348e-16,sliding
sliding_limited,0.21600000000000413,0.7185577317895112,0.7185013029833015,5.642880620970736e-05,2.9220083295462276,2.24,0.7748990629260495,1.5614322405525727,2.0150137163110546,2.1932800507380152,0.08015495214433307,0.0,3.3306690738754696e-16,sliding
sliding_limited,0.2180000000000042,0.7243926186269478,0.724335372407757,5.724621919078743e-05,2.9118555058077495,2.24,0.7760412555966283,1.5623949108836734,2.0132884683849555,2.1932800507380152,0.08159848933309852,0.0,-2.7755575615628914e-16,sliding
sliding_limited,0.22000000000000425,0.7302071580000087,0.7301490942030893,5.806379691941643e-05,2.90165640573469,2.24,0.7771886543548475,1.5633619690437652,2.011560462551436,2.1932800507380152,0.08305367392861604,0.0,-1.1102230246251565e-16,sliding
sliding_limited,0.2220000000000043,0.7360012582730662,0.7359423768760517,5.888139701448747e-05,2.891412047997308,2.24,0.7783411446003029,1.5643333184445816,2.0098299175073224,2.1932800507380152,0.08452046513482149,0.0,0.0,sliding
sliding_limited,0.22400000000000436,0.7417748298464822,0.7417151309684694,5.969887801282603e-05,2.881123449732001,2.24,0.7794986119051499,1.5653088626432947,2.008097049483602,2.1932800507380152,0.08599882197461957,0.0,-5.551115123125783e-17,sliding
sliding_limited,0.22600000000000442,0.7475277851533784,0.7474672690539773,6.05160994010534e-05,2.870791626360611,2.24,0.7806609420344314,1.5662885053596478,2.006362072217731,2.1932800507380152,0.08748870329395234,0.0,1.1102230246251565e-16,sliding
sliding_limited,0.22800000000000448,0.7532600386560452,0.7531987057343995,6.133292164567372e-05,2.8604175914119754,2.24,0.7818280209661529,1.5672721504928742,2.004625196927708,2.1932800507380152,0.08899006776586077,0.0,2.220446049250313e-16,sliding
sliding_limited,0.23000000000000453,0.7589715068419981,0.7589093576357734,6.214920622471531e-05,2.850002356345763,2.24,0.7829997349111016,1.5682597021384017,2.002886632287883,2.1932800507380152,0.09050287389453882,0.0,2.220446049250313e-16,sliding
sliding_limited,0.2320000000000046,0.7646621082196812,0.7645991434040261,6.29648156550422e-05,2.839546930378626,2.24,0.7841759703324046,1.5692510646043374,2.001146584406491,2.1932800507380152,0.09202708001937933,0.0,1.6653345369377348e-16,sliding
sliding_limited,0.23400000000000465,0.7703317633138266,0.7702679837003042,6.377961352233008e-05,2.8290523203127034,2.24,0.7853566139648209,1.5702461424277265,1.999405256804858,2.1932800507380152,0.09356264431901062,0.0,-2.7755575615628914e-16,sliding
sliding_limited,0.2360000000000047,0.7759803946604737,0.7759158011959644,6.459346450937709e-05,2.818519530366513,2.24,0.7865415528337673,1.571244840390589,1.9976628503982752,2.1932800507380152,0.09510952481532386,0.0,2.7755575615628914e-16,sliding
sliding_limited,0.23800000000000476,0.781607926801651,0.7815425205672281,6.540623442297111e-05,2.8079495620082593,2.24,0.787730674274071,1.572247063535723,1.9959195634784936,2.1932800507380152,0.09666767937748973,0.0,-5.551115123125783e-17,sliding
sliding_limited,0.24000000000000482,0.7872142862797267,0.787148068489506,6.621779022064622e-05,2.797343413791595,2.24,0.7889238659484457,1.5732527171822794,1.9941755916978279,2.1932800507380152,0.09823706572596434,0.0,-1.1102230246251565e-16,sliding
sliding_limited,0.24200000000000488,0.7927994016314346,0.792732373631397,6.702800003755005e-05,2.7867020811938548,2.24,0.7901210158656914,1.5742617069410991,1.992431128054819,2.1932800507380152,0.09981764143648332,0.0,2.220446049250313e-16,sliding
sliding_limited,0.24400000000000494,0.7983632033815767,0.7982953666483665,6.783673321020256e-05,2.7760265564567987,2.24,0.7913220123986102,1.5752739387298131,1.9906863628814426,2.1932800507380152,0.10140936394404373,0.0,-2.220446049250313e-16,sliding
sliding_limited,0.246000000000005,0.8039056240364116,0.8038369801761083,6.864386030336345e-05,2.7653178284298843,2.24,0.792526744301638,1.5762893187877052,1.9889414838318247,2.1932800507380152,0.10301219054687298,0.0,2.220446049250313e-16,sliding
sliding_limited,0.24800000000000505,0.8094265980767303,0.809357148823598,6.944925313234762e-05,2.7545768824160906,2.24,0.7937351007281899,1.5773077536903275,1.9871966758724302,2.1932800507380152,0.10462607841038403,0.0,-1.6653345369377348e-16,sliding
sliding_limited,0.2500000000000051,0.8149260619506258,0.8148558091658388,7.025278478700603e-05,2.7438047000203314,2.24,0.7949469712477127,1.5783291503638763,1.9854521212737026,2.1932800507380152,0.1062509845711168,0.0,1.1102230246251565e-16,sliding
sliding_limited,0.2520000000000049,0.8204039540659628,0.8203328997363081,7.105432965470726e-05,2.7330022590004566,2.24,0.7961622458624487,1.579353416099318,1.9837079996031106,2.1932800507380152,0.10788686594066438,0.0,-5.551115123125783e-17,sliding
sliding_limited,0.25400000000000467,0.8258602147825523,0.8257883610191113,7.18537634409877e-05,2.7221705331208774,2.24,0.7973808150239013,1.5803804585662695,1.9819644877195821,2.1932800507380152,0.10953367930958402,0.0,-2.220446049250313e-16,sliding
sliding_limited,0.25600000000000445,0.8312947864040335,0.8312221354408418,7.265096319175601e-05,2.7113104920088347,2.24,0.7986025696490062,1.5814101858266258,1.9802217597692822,2.1932800507380152,0.1111913813512922,0.0,-2.7755575615628914e-16,sliding
sliding_limited,0.2580000000000042,0.8367076131694734,0.8366341673621589,7.344580731449835e-05,2.700423101013314,2.24,0.7998274011360023,1.5824425063479373,1.978479987182709,2.1932800507380152,0.11285992862594302,0.0,1.6653345369377348e-16,sliding
sliding_limited,0.260000000000004,0.8420986412446837,0.8420244030690873,7.423817559637502e-05,2.6895093210666388,2.24,0.8010552013800032,1.5834773290165325,1.9767393386730725,2.1932800507380152,0.11453927758428963,0.0,-1.6653345369377348e-16,sliding
sliding_limited,0.2620000000000038,0.8474678187132665,0.8473927907640412,7.502794922531475e-05,2.6785701085487483,2.24,0.8022858627882659,1.5845145631503899,1.9749999802359284,2.1932800507380152,0.11622938457152784,0.0,2.7755575615628914e-16,sliding
sliding_limited,0.26400000000000357,0.8528150955673882,0.8527392805565811,7.581501080711206e-05,2.667606415154167,2.24,0.8035192782951562,1.5855541185117472,1.973262075150021,2.1932800507380152,0.11793020583112161,0.0,5.551115123125783e-17,sliding
sliding_limited,0.26600000000000334,0.8581404236982917,0.858063824453908,7.659924438363497e-05,2.6566191877616947,2.24,0.8047553413768094,1.5865959053194616,1.9715257839793228,2.1932800507380152,0.11964169750860985,0.0,0.0,sliding
sliding_limited,0.2680000000000031,0.8634437568865491,0.8633663763510988,7.738053545025547e-05,2.6456093683068054,2.24,0.8059939460654845,1.5876398342611053,1.9697912645762163,2.1932800507380152,0.12136381565539385,0.0,3.3306690738754696e-16,sliding
sliding_limited,0.2700000000000029,0.8687250507920626,0.868646892021091,7.815877097161472e-05,2.6345778936567816,2.24,0.8072349869636122,1.588685816504806,1.9680586720858015,2.1932800507380152,0.12309651623250495,0.0,-3.885780586188048e-16,sliding
sliding_limited,0.2720000000000027,0.8739842629438174,0.87390532910442,7.893383939738818e-05,2.623525695488587,2.24,0.8084783592575341,1.5897337637108282,1.966328158951292,2.1932800507380152,0.124839755114352,0.0,2.220446049250313e-16,sliding
sliding_limited,0.27400000000000246,0.8792213527293937,0.8791416470987151,7.970563067860592e-05,2.6124537001694685,2.24,0.8097239587309348,1.5907835880428915,1.9645998749204565,2.1932800507380152,0.12659348809244805,0.0,-5.551115123125783e-17,sliding
sliding_limited,0.27600000000000224,0.8844362813842411,0.8843558073479616,8.047403627953198e-05,2.6013628286403234,2.24,0.8109716817779636,1.5918352021792328,1.9628739670530964,2.1932800507380152,0.12835767087911576,0.0,2.7755575615628914e-16,sliding
sliding_limited,0.278000000000002,0.8896290119807235,0.8895477730315299,8.12389491936516e-05,2.590253996301801,2.24,0.8122214254160475,1.5928885193234021,1.9611505797294997,2.1932800507380152,0.13013225911117102,0.0,-4.996003610813204e-16,sliding
sliding_limited,0.2800000000000018,0.8947995094169381,0.8947175091529825,8.20002639555506e-05,2.579128112903168,2.24,0.8134730872983936,1.593943453214805,1.9594298546598672,2.1932800507380152,0.13191720835358467,0.0,-1.1102230246251565e-16,sliding
sliding_limited,0.2820000000000016,0.8999477404053144,0.8998649825286608,8.275787665368295e-05,2.5679860824339187,2.24,0.8147265657261842,1.5949999181389738,1.9577119308946485,2.1932800507380152,0.13371247410312156,0.0,5.551115123125783e-17,sliding
sliding_limited,0.28400000000000136,0.9050736734609992,0.9049901617760582,8.35116849410289e-05,2.556828803018148,2.24,0.8159817596604585,1.5960578289375886,1.95599694483579,2.1932800507380152,0.13551801179195613,0.0,-1.1102230246251565e-16,sliding
sliding_limited,0.28600000000000114,0.9101772788900329,0.9100930173019851,8.426158804775152e-05,2.5456571668116688,2.24,0.8172385687336874,1.597117101018229,1.9542850302488353,2.1932800507380152,0.13733377679126513,0.0,-2.7755575615628914e-16,sliding
sliding_limited,0.2880000000000009,0.9152585287773215,0.9151735212905319,8.500748678963443e-05,2.534472059901886,2.24,0.8184968932610379,1.598177650363869,1.9525763182758624,2.1932800507380152,0.13915972441479615,0.0,-4.996003610813204e-16,sliding
sliding_limited,0.2900000000000007,0.9203173969744138,0.9202316476908343,8.574928357951705e-05,2.5232743622104095,2.24,0.8197566342513289,1.5992393935421114,1.9508709374492248,2.1932800507380152,0.14099580992241192,0.0,1.1102230246251565e-16,sliding
sliding_limited,0.2920000000000005,0.9253538590870819,0.9252673722046465,8.648688243539926e-05,2.5120649473984114,2.24,0.8210176934176788,1.60030224771416,1.9491690137060582,2.1932800507380152,0.14284198852361,0.0,-2.7755575615628914e-16,sliding
sliding_limited,0.29400000000000026,0.9303678924627186,0.93028067227373,8.7220188988546e-05,2.50084468277472,2.24,0.8222799731878441,1.6013661306435365,1.9474706704035412,2.1932800507380152,0.1446982153810173,0.0,1.1102230246251565e-16,sliding
sliding_limited,0.29600000000000004,0.9353594761775506,0.9352715270670587,8.794911049181398e-05,2.4896144292066427,2.24,0.8235433767142527,1.6024309607045328,1.9457760283348537,2.1932800507380152,0.1465644456138595,0.0,-5.551115123125783e-17,sliding
sliding_limited,0.2979999999999998,0.9403285910236787,0.9402399174678523,8.8673555826424e-05,2.478375041033502,2.24,0.8248078078837311,1.6034966568904132,1.9440852057458333,2.1932800507380152,0.1484406343014042,0.0,-1.6653345369377348e-16,sliding
sliding_limited,0.2999999999999996,0.9452752194959457,0.9451858260604368,8.93934355089554e-05,2.467127365982888,2.24,0.8260731713269251,1.6045631388213522,1.9423983183522775,2.1932800507380152,0.15032673648637848,0.0,5.551115123125783e-17,sliding
sliding_limited,0.3019999999999994,0.9501993457786385,0.9501092371169423,9.0108661696231e-05,2.455872245089612,2.24,0.8273393724274187,1.6056303267521197,1.940715479357873,2.1932800507380152,0.15222270717835967,0.0,-5.551115123125783e-17,sliding
sliding_limited,0.30399999999999916,0.955100955732033,0.9550101365838412,9.081914819186743e-05,2.444610512617345,2.24,0.8286063173305488,1.6066981415795123,1.9390367994727296,2.1932800507380152,0.15412850135713954,0.0,-5.551115123125783e-17,sliding
sliding_limited,0.30599999999999894,0.9599800368787819,0.9598885120683321,9.152481044971683e-05,2.4333429959829393,2.24,0.8298739129519194,1.6077665048495275,1.9373623869324799,2.1932800507380152,0.15604407397606124,0.0,-1.6653345369377348e-16,sliding
sliding_limited,0.3079999999999987,0.9648365783901559,0.9647443528245777,9.222556557819672e-05,2.4220705156834073,2.24,0.8311420669856168,1.608835338764289,1.935692347517925,2.1932800507380152,0.15796937996532892,0.0,-2.7755575615628914e-16,sliding
sliding_limited,0.3099999999999985,0.96967057107214,0.9695776497397955,9.292133234450883e-05,2.4107938852255546,2.24,0.8324106879121251,1.6099045661887175,1.9340267845751997,2.1932800507380152,0.1599043742352899,0.0,-5.551115123125783e-17,sliding
sliding_limited,0.3119999999999983,0.9744820073513916,0.9743883953202152,9.361203117641548e-05,2.3995139110582486,2.24,0.8336796850059471,1.6109741106569524,1.9323657990364254,2.1932800507380152,0.16184901167968846,0.0,-5.551115123125783e-17,sliding
sliding_limited,0.31399999999999806,0.9792708812610657,0.9791765836769,9.429758416568124e-05,2.388231392507303,2.24,0.8349489683429285,1.6120438963785277,1.9307094894408354,2.1932800507380152,0.16380324717889178,0.0,-5.551115123125783e-17,sliding
sliding_limited,0.31599999999999784,0.9840371884265114,0.9839422105114433,9.497791506818398e-05,2.3769471217129694,2.24,0.836218448807291,1.6131138482442975,1.9290579519563367,2.1932800507380152,0.16576703560308698,0.0,-1.6653345369377348e-16,sliding
sliding_limited,0.3179999999999976,0.988780926050848,0.9886852731015412,9.565294930680146e-05,2.365661883570007,2.24,0.8374880380983742,1.614183891832119,1.9274112804014896,2.1932800507380152,0.16774033181544995,0.0,-1.6653345369377348e-16,sliding
sliding_limited,0.3199999999999974,0.9935020929004201,0.9934057702864495,9.632261397063413e-05,2.3543764556703293,2.24,0.838757648737088,1.615253953412291,1.9257695662678824,2.1932800507380152,0.16972309067528474,0.0,-1.6653345369377348e-16,sliding
sliding_limited,0.3219999999999972,0.998200689290144,0.9981037024523276,9.698683781644846e-05,2.3430916082481827,2.24,0.8400271940720795,1.6163239599527501,1.9241328987428705,2.1932800507380152,0.17171526704113382,0.0,-3.885780586188048e-16,sliding
sliding_limited,0.32399999999999696,1.0028767170687434,1.0027790715174767,9.764555126667851e-05,2.3318081041278735,2.24,0.8412965882856144,1.617393839124031,1.9225013647326679,2.1932800507380152,0.1737168157738593,0.0,-5.551115123125783e-17,sliding
sliding_limited,0.32599999999999674,1.0075301796038845,1.0074318809174756,9.829868640887085e-05,2.3205266986739805,2.24,0.8425657463991774,1.6184635193039818,1.9208750488857542,2.1932800507380152,0.17572769173969405,0.0,-6.106226635438361e-16,sliding
sliding_limited,0.3279999999999965,1.0121610817672142,1.0120621355902195,9.894617699468533e-05,2.3092481397440725,2.24,0.8438345842787919,1.6195329295822525,1.9192540336165933,2.1932800507380152,0.17774784981326291,0.0,-1.6653345369377348e-16,sliding
sliding_limited,0.3299999999999963,1.0167694299193057,1.0166698419608682,9.958795843756363e-05,2.297973167643871,2.24,0.8451030186400645,1.620601999764543,1.9176383991296204,2.1932800507380152,0.17977724488057456,0.0,2.7755575615628914e-16,sliding
sliding_limited,0.3319999999999961,1.0213552318945154,1.0212550079267049,0.0001002239678105088,2.2867025150848703,2.24,0.8463709670529521,1.621670660376623,1.9160282234434978,2.1932800507380152,0.18181583184198236,0.0,3.885780586188048e-16,sliding
sliding_limited,0.33399999999999586,1.0259184969857578,1.0258176428419155,0.0001008541438423105,2.2754369071443676,2.24,0.8476383479462587,1.6227388426681204,1.9144235824156035,2.1932800507380152,0.1838635656151153,0.0,-1.6653345369377348e-16,sliding
sliding_limited,0.33599999999999564,1.030459235929204,1.03035775750229,0.00010147842691399234,2.2641770612278864,2.24,0.8489050806118628,1.623806478616087,1.912824549766743,2.1932800507380152,0.18592040113777847,0.0,5.551115123125783e-17,sliding
sliding_limited,0.3379999999999954,1.0349774608889046,1.0348753641298496,0.00010209675905503701,2.252923687033974,2.24,0.850171085208678,1.624873500928333,1.911231197106052,2.1932800507380152,0.18798629337082237,0.0,-2.7755575615628914e-16,sliding
sliding_limited,0.3399999999999952,1.0394731854413477,1.0393704763574083,0.0001027090839393896,2.241677486521337,2.24,0.8514362827663496,1.6259398430465462,1.9096435939560907,2.1932800507380152,0.1900611973009818,0.0,5.551115123125783e-17,sliding
sliding_limited,0.341999999999995,1.0439464245599495,1.0438431092130696,0.0001033153468799064,2.2304391538783013,2.24,0.8527005951886912,1.6270054391491846,1.9080618077780866,2.1932800507380152,0.1921450679436839,0.0,5.551115123125783e-17,sliding
sliding_limited,0.34399999999999475,1.0483971945994892,1.048293279104666,0.00010391549482324791,2.2192093754945597,2.24,0.8539639452568621,1.6280702241541578,1.906485903997333,2.1932800507380152,0.19423786034582452,0.0,-2.7755575615628914e-16,sliding
sliding_limited,0.34599999999999453,1.0528255132804867,1.0527210038041435,0.0001045094763432175,2.207988829935195,2.24,0.8552262566322907,1.6291341337212897,1.9049159460287068,2.1932800507380152,0.1963395295885141,0.0,-3.885780586188048e-16,sliding
sliding_limited,0.3479999999999943,1.0572313996735325,1.0571263024318966,0.00010509724163587641,2.19677818791693,2.24,0.8564874538593454,1.6301971042545689,1.9033519953022966,2.1932800507380152,0.1984500307897917,4.440892098500626e-16,-1.6653345369377348e-16,sliding
sliding_limited,0.3499999999999941,1.0616148741835718,1.0615091954410594,0.00010567874251243836,2.185578112286594,2.24,0.8577474623677582,1.631259072904192,1.901794111289124,2.1932800507380152,0.200569319107308,0.0,-1.6653345369377348e-16,sliding
sliding_limited,0.3519999999999939,1.0659759585341457,1.065869704601754,0.00010625393239171999,2.174389258001777,2.24,0.8590062084748001,1.6323199775683976,1.900242351526943,2.1932800507380152,0.2026973497409766,-4.440892098500626e-16,5.551115123125783e-17,sliding
sliding_limited,0.35399999999999365,1.0703146757515962,1.0702078529853047,0.00010682276629148113,2.163212272113639,2.24,0.8602636193872157,1.6333797568950956,1.8986967716460998,2.1932800507380152,0.2048340779355939,-4.440892098500626e-16,-5.551115123125783e-17,sliding
sliding_limited,0.35599999999999343,1.074631050149242,1.074523664948419,0.00010738520082287373,2.1520477937518354,2.24,0.8615196232029186,1.6344383502832973,1.8971574253954384,2.1932800507380152,0.20697945898342732,0.0,-5.551115123125783e-17,sliding
sliding_limited,0.3579999999999932,1.0789251073115216,1.0788171661173402,0.00010794119418133796,2.140896454111552,2.24,0.8627741489124505,1.6354956978843442,1.8956243646682385,2.1932800507380152,0.2091334482267716,0.0,-2.7755575615628914e-16,sliding
sliding_limited,0.359999999999993,1.0831968740781146,1.0830883833719778,0.00010849070613683232,2.129758876442603,2.24,0.8640271264002073,1.6365517406029426,1.8940976395281726,2.1932800507380152,0.211296001060474,0.0,-1.6653345369377348e-16,sliding
sliding_limited,0.36199999999999277,1.0874463785280428,1.0873373448300168,0.000109033698026062,2.1186356760405674,2.24,0.8652784864454363,1.6376064200980025,1.8925772982352642,2.1932800507380152,0.21346707293442677,0.0,-3.885780586188048e-16,sliding
sliding_limited,0.36399999999999255,1.0916736499637547,1.0915640798310124,0.0001095701327422649,2.107527460239936,2.24,0.8665281607230073,1.6386596787832894,1.891063387271842,2.1932800507380152,0.21564661935602872,-4.440892098500626e-16,-1.6653345369377348e-16,sliding
sliding_limited,0.36599999999999233,1.0958787188952002,1.0957686189204736,0.00011009997472655186,2.096434828409231,2.24,0.8677760818039616,1.639711459827885,1.8895559513684668,2.1932800507380152,0.21783459589261447,-4.440892098500626e-16,1.6653345369377348e-16,sliding
sliding_limited,0.3679999999999921,1.1000616170238937,1.0999509938339371,0.00011062318995658238,2.0853583719480806,2.24,0.869022183155841,1.6407617071564653,1.8880550335298274,2.1932800507380152,0.22003095817385188,0.0,1.6653345369377348e-16,sliding
sliding_limited,0.3699999999999919,1.104222377226976,1.1041112374810396,0.00011113974593635056,2.0742986742862097,2.24,0.8702663991428015,1.6418103654493972,1.8865606750605954,2.1932800507380152,0.22223566189410762,0.0,-1.6653345369377348e-16,sliding
sliding_limited,0.37199999999999167,1.1083610335412746,1.1082493839295884,0.00011164961168619314,2.0632563108843085,2.24,0.8715086650255154,1.6428573801426554,1.8850729155912145,2.1932800507380152,0.22444866281478096,4.440892098500626e-16,-2.7755575615628914e-16,sliding
sliding_limited,0.37399999999999145,1.1124776211473688,1.1123654683896378,0.00011215275773102107,2.0522318492367644,2.24,0.8727489169608641,1.643902697427563,1.8835917931036277,2.1932800507380152,0.22666991676660556,0.0,-4.996003610813204e-16,sliding
sliding_limited,0.37599999999999123,1.1165721763536596,1.11645952719757,0.00011264915608966142,2.0412258488762145,2.24,0.873987092001426,1.6449462642503612,1.8821173439569256,2.1932800507380152,0.22889937965191945,-4.440892098500626e-16,5.551115123125783e-17,sliding
sliding_limited,0.377999999999991,1.1206447365804526,1.1205315978001902,0.00011313878026242286,2.030238861379887,2.24,0.8752231280947628,1.6459880283116055,1.8806496029129043,2.1932800507380152,0.23113700744690321,0.0,5.551115123125783e-17,sliding
sliding_limited,0.3799999999999908,1.1246953403440543,1.1245817187388338,0.00011362160522043752,2.0192714303777097,2.24,0.8764569640825077,1.6470279380653994,1.879188603161526,2.1932800507380152,0.23338275620378626,4.440892098500626e-16,-2.7755575615628914e-16,sliding
sliding_limited,0.38199999999999057,1.1287240272408843,1.1286099296334926,0.00011409760739167218,2.008324091562144,2.24,0.8776885396992589,1.6480659427184614,1.877734376346276,2.1932800507380152,0.23563658205302138,-4.440892098500626e-16,-1.6653345369377348e-16,sliding
sliding_limited,0.38399999999999035,1.132730837931613,1.1326162711669627,0.00011456676465027016,1.9973973726997096,2.24,0.8789177955712827,1.649101992229031,1.8762869525893953,2.1932800507380152,0.23789844120542744,0.0,1.6653345369377348e-16,sliding
sliding_limited,0.38599999999999013,1.1367158141253189,1.136600785069017,0.0001150290563018963,1.9864917936441888,2.24,0.8801446732150289,1.6501360373056182,1.8748463605169967,2.1932800507380152,0.2401682899543006,0.0,-5.551115123125783e-17,sliding
sliding_limited,0.3879999999999899,1.1406789985636783,1.140563514100605,0.00011548446307330096,1.9756078663514456,2.24,0.8813691150354624,1.6511680294055968,1.8734126272840421,2.1932800507380152,0.2424460846774935,0.0,5.551115123125783e-17,sliding
sliding_limited,0.3899999999999897,1.1446204350051827,1.1445045020380855,0.0001159329670972209,1.9647460948958624,2.24,0.8825910643242155,1.652197920733648,1.8719857785991827,2.1932800507380152,0.24473178183946342,0.0,1.6653345369377348e-16,sliding
sliding_limited,0.39199999999998947,1.1485401682093923,1.1484237936574928,0.00011637455189950074,1.9539069754883347,2.24,0.8838104652575625,1.6532256642400527,1.8705658387494486,2.1932800507380152,0.24702533799328819,0.0,1.6653345369377348e-16,sliding
sliding_limited,0.39399999999998925,1.152438243921226,1.1523214347188409,0.00011680920238510417,1.9430909964958085,2.24,0.8850272628942216,1.654251213618838,1.8691528306247827,2.1932800507380152,0.24932670978265137,0.0,-4.996003610813204e-16,sliding
sliding_limited,0.395999999999989,1.156314708855292,1.1561974719504668,0.0001172369048252353,1.932298638462323,2.24,0.8862414031729887,1.6552745233057862,1.8677467757424182,2.1932800507380152,0.2516358539437957,0.0,5.551115123125783e-17,sliding
sliding_limited,0.3979999999999888,1.160169610680263,1.1600519530334206,0.00011765764684246172,1.9215303741315202,2.24,0.887452832910204,1.6562955484762945,1.8663476942710768,2.1932800507380152,0.2539527273074448,0.0,5.551115123125783e-17,sliding
sliding_limited,0.3999999999999886,1.1640029980032962,1.1638849265858993,0.00011807141739694771,1.9107866684706,2.24,0.8886614997970577,1.657314245043108,1.864955605055003,2.1932800507380152,0.2562772868006949,0.0,-2.7755575615628914e-16,sliding
sliding_limited,0.40199999999998837,1.1678149203545023,1.1676964421477303,0.00011847820677202137,1.9000679786956896,2.24,0.889867352396735,1.6583305696539135,1.8635705256378141,2.1932800507380152,0.2586094894488743,0.0,1.6653345369377348e-16,sliding
sliding_limited,0.40399999999998815,1.1716054281714687,1.1714865501649097,0.00011887800655907554,1.889374754298578,2.24,0.8910703401414101,1.6593444796888026,1.8621924722861607,2.1932800507380152,0.26094929237737224,0.0,-2.7755575615628914e-16,sliding
sliding_limited,0.4059999999999879,1.1753745727838336,1.1752553019741907,0.00011927080964291292,1.8787074370748105,2.24,0.8922704133290839,1.660355933257611,1.8608214600132043,2.1932800507380152,0.2632966528134369,0.0,-1.6653345369377348e-16,sliding
sliding_limited,0.4079999999999877,1.1791224063979224,1.1790027497877347,0.0001196566101877572,1.868066461153081,2.24,0.8934675231202784,1.6613648891971287,1.8594575026018891,2.1932800507380152,0.26565152808794246,0.0,5.551115123125783e-17,sliding
sliding_limited,0.4099999999999875,1.18284898208144,1.1827289466778184,0.00012003540362170995,1.8574522530259205,2.24,0.8946616215345841,1.662371307068191,1.8581006126280228,2.1932800507380152,0.26801387563712614,0.0,-1.6653345369377348e-16,sliding
sliding_limited,0.41199999999998727,1.186554353748227,1.1864339465616065,0.0001204071866205414,1.846865231581631,2.24,0.8958526614470665,1.6633751471526517,1.8567508014831475,2.1932800507380152,0.2703836530042937,0.0,-5.551115123125783e-17,sliding
sliding_limited,0.41399999999998705,1.190238576143081,1.1901178041859872,0.00012077195709370159,1.8363058081374368,2.24,0.8970405965845384,1.664376370450239,1.8554080793972023,2.1932800507380152,0.27276081784149503,0.0,1.6653345369377348e-16,sliding
sliding_limited,0.4159999999999868,1.1939017048266447,1.1937805751124764,0.00012112971416833318,1.8257743864738296,2.24,0.8982253815216942,1.665374938675298,1.8540724554609744,2.1932800507380152,0.2751453279111696,0.0,5.551115123125783e-17,sliding
sliding_limited,0.4179999999999866,1.197543796160366,1.1974223157021917,0.00012148045817439446,1.8152713628700634,2.24,0.8994069716771179,1.6663708142534275,1.8527439376483346,2.1932800507380152,0.27753714108776156,0.0,1.6653345369377348e-16,sliding
sliding_limited,0.4199999999999864,1.2011649072915274,1.2010430831008991,0.00012182419062822802,1.8047971261407818,2.24,0.9005853233091621,1.667363960318004,1.851422532838251,2.1932800507380152,0.2799362153593049,0.0,-5.551115123125783e-17,sliding
sliding_limited,0.42199999999998616,1.204765096138347,1.204642935224132,0.0001221609142150193,1.7943520576737502,2.24,0.9017603935117032,1.668354340706607,1.850108246836586,2.1932800507380152,0.28234250882897843,0.0,-1.6653345369377348e-16,sliding
sliding_limited,0.42399999999998594,1.208344421375166,1.208221930742388,0.00012249063277791628,1.7839365314686226,2.24,0.9029321402097801,1.6693419199573412,1.8488010843976597,2.1932800507380152,0.28475597971663175,0.0,-3.885780586188048e-16,sliding
sliding_limited,0.4259999999999857,1.2119029424177035,1.2117801290664072,0.00012281335129626925,1.7735509141767818,2.24,0.904100522155112,1.67032666330506,1.8475010492455952,2.1932800507380152,0.2871765863602809,0.0,-5.551115123125783e-17,sliding
sliding_limited,0.4279999999999855,1.2154407194083978,1.215317590332524,0.00012312907587386235,1.76319556514216,2.24,0.9052654989215071,1.671308536677494,1.8462081440954243,2.1932800507380152,0.2896042872175756,0.0,-5.551115123125783e-17,sliding
sliding_limited,0.4299999999999853,1.2189578132018288,1.2188343753881086,0.00012343781372026186,1.7528708364430414,2.24,0.906427030900158,1.6722875066912883,1.8449223706739712,2.1932800507380152,0.2920390408672356,0.0,-2.7755575615628914e-16,sliding
sliding_limited,0.43199999999998506,1.222454285350226,1.2223305457770892,0.00012373957313682737,1.7425770729348102,2.24,0.9075850792948339,1.6732635406479492,1.8436437297404937,2.1932800507380152,0.29448080601046,0.0,-1.6653345369377348e-16,sliding
sliding_limited,0.43399999999998484,1.2259301980890605,1.2258061637255624,0.00012403436349806007,1.732314612293617,2.24,0.9087396061169681,1.6742366065297027,1.8423722211070923,2.1932800507380152,0.29692954147230627,0.0,-5.551115123125783e-17,sliding
sliding_limited,0.4359999999999846,1.2293856143227273,1.2292612921274901,0.0001243221952371698,1.7220837850609279,2.24,0.9098905741806457,1.6752066729952717,1.8411078436588832,2.1932800507380152,0.29938520620304077,0.0,-3.885780586188048e-16,sliding
sliding_limited,0.4379999999999844,1.2328205976103161,1.2326959945304874,0.00012460307982875563,1.7118849146889383,2.24,0.9110379470974944,1.6761737093755702,1.8398505953739324,2.1932800507380152,0.30184775927946134,0.0,3.885780586188048e-16,sliding
sliding_limited,0.4399999999999842,1.236235212151475,1.2361103351217015,0.0001248770297734847,1.7017183175868074,2.24,0.9121816892714841,1.6771376856693165,1.8386004733429435,2.1932800507380152,0.304317159906191,0.0,5.551115123125783e-17,sliding
sliding_limited,0.44199999999998396,1.2396295227723657,1.2395043787137858,0.00012514405857988464,1.6915843031677025,2.24,0.9133217658936335,1.6780985725385775,1.8373574737887184,2.1932800507380152,0.3067933674169434,0.0,3.885780586188048e-16,sliding
sliding_limited,0.44399999999998374,1.2430035949117157,1.2428781907309656,0.0001254041807501327,1.6814831738966096,2.24,0.9144581429366315,1.6790563413042308,1.8361215920853613,2.1932800507380152,0.30927634127576065,0.0,-2.7755575615628914e-16,sliding
sliding_limited,0.4459999999999835,1.2463574946069638,1.2462318371952021,0.00012565741176162604,1.6714152253388967,2.24,0.9155907871493741,1.680010963941363,1.8348928227772539,2.1932800507380152,0.3117660410782233,0.0,-5.551115123125783e-17,sliding
sliding_limited,0.4479999999999833,1.2496912884805067,1.2495653847124546,0.00012590376805210468,1.6613807462095864,2.24,0.9167196660514216,1.6809624130745957,1.8336711595977755,2.1932800507380152,0.3142624265526323,0.0,-2.7755575615628914e-16,sliding
sliding_limited,0.4499999999999831,1.2530050437260423,1.25287890045904,0.00012614326700233214,1.6513800184233256,2.24,0.9178447479273758,1.6819106619733495,1.8324565954877918,2.1932800507380152,0.3167654575611642,0.0,5.551115123125783e-17,sliding
sliding_limited,0.45199999999998286,1.2562988280950143,1.2561724521680948,0.000126375926919442,1.6414133171450185,2.24,0.9189660018211856,1.682855684547041,1.8312491226138905,2.1932800507380152,0.31927509410099875,0.0,-6.106226635438361e-16,sliding
sliding_limited,0.45399999999998264,1.2595727098831595,1.259446108116138,0.0001266017670213948,1.6314809108410906,2.24,0.9200833975303773,1.6837974553402244,1.830048732386384,2.1932800507380152,0.3217912963054192,0.0,2.7755575615628914e-16,sliding
sliding_limited,0.4559999999999824,1.262826757917157,1.2626999371097374,0.00012682080741965862,1.621583061331371,2.24,0.9211969056002208,1.6847359495276688,1.8288554154770544,2.1932800507380152,0.3243140244448869,0.0,5.551115123125783e-17,sliding
sliding_limited,0.4579999999999822,1.2660610415413822,1.2659340084722788,0.0001270330691034438,1.6117200238415574,2.24,0.9223064973178248,1.6856711429093878,1.8276691618366745,2.1932800507380152,0.32684323892808803,0.0,2.7755575615628914e-16,sliding
sliding_limited,0.459999999999982,1.2692756306047657,1.269148392030843,0.00012723857392260562,1.6018920470562372,2.24,0.9234121447061734,1.6866030119056081,1.8264899607122662,2.1932800507380152,0.32937890030295475,0.0,-5.551115123125783e-17,sliding
sliding_limited,0.46199999999998176,1.2724705954477595,1.2723431581031874,0.0001274373445721011,1.592099373172447,2.24,0.9245138205180998,1.6875315335516943,1.8253178006641344,2.1932800507380152,0.3319209692576597,0.0,-5.551115123125783e-17,sliding
sliding_limited,0.46399999999998154,1.2756460068894109,1.2755183774848367,0.00012762940457422545,1.5823422379537377,2.24,0.9256114982302046,1.6884566854930203,1.824152669582646,2.1932800507380152,0.3344694066215852,0.0,-4.996003610813204e-16,sliding
sliding_limited,0.4659999999999813,1.2788019362145449,1.27867412143628,0.00012781477826484533,1.572620870784722,2.24,0.9267051520367189,1.6893784459797985,1.8229945547047743,2.1932800507380152,0.337024173366266,0.0,-2.7755575615628914e-16,sliding
sliding_limited,0.4679999999999811,1.281938455161054,1.2818104616702788,0.00012799349077519118,1.5629354947260905,2.24,0.9277947568433149,1.6902967938618627,1.8218434426304033,2.1932800507380152,0.3395852306063072,0.0,-2.7755575615628914e-16,sliding
sliding_limited,0.4699999999999809,1.2850556359073022,1.284927470339287,0.00012816556801520385,1.553286326570054,2.24,0.928880288260869,1.6912117085834115,1.8206993193383898,2.1932800507380152,0.34215253960027586,0.0,1.6653345369377348e-16,sliding
sliding_limited,0.47199999999998066,1.2881535510596354,1.2880252200229774,0.0001283310366579915,1.543673576896209,2.24,0.9299617225991765,1.6921231701777109,1.8195621702023903,2.1932800507380152,0.34472606175156917,0.0,-5.551115123125783e-17,sliding
sliding_limited,0.47399999999998044,1.291232273640011,1.2911037837158859,0.00012848992412517468,1.5340974501277709,2.24,0.9310390368606258,1.6930311592617624,1.8184319800064461,2.1932800507380152,0.34730575860925567,0.0,-5.551115123125783e-17,sliding
sliding_limited,0.4759999999999802,1.294291877073733,1.2941632348151637,0.00012864225856934475,1.5245581445882022,2.24,0.9321122087338274,1.6939356570309347,1.8173087329603388,2.1932800507380152,0.34989159186889374,0.0,-1.6653345369377348e-16,sliding
sliding_limited,0.47799999999998,1.2973324351773035,1.297203647108446,0.00012878806885741056,1.5150558525581648,2.24,0.9331812165872065,1.6948366452535617,1.8161924127147042,2.1932800507380152,0.3524835233733247,0.0,1.6653345369377348e-16,sliding
sliding_limited,0.4799999999999798,1.30035402214639,1.3002250947618335,0.00012892738455660968,1.5055907603327954,2.24,0.9342460394625606,1.6957341062655134,1.8150830023759164,2.1932800507380152,0.35508151511344205,0.0,4.996003610813204e-16,sliding
sliding_limited,0.48199999999997956,1.3033567125439063,1.3032276523079886,0.00012906023591763294,1.496163048279287,2.24,0.9353066570685803,1.6966280229647346,1.8139804845207375,2.1932800507380152,0.35768552922893626,0.0,-2.7755575615628914e-16,sliding
sliding_limited,0.48399999999997934,1.3063405812882065,1.3062113946343485,0.00012918665385797112,1.4867728908947457,2.24,0.936363049774341,1.6975183788057613,1.8128848412107408,2.1932800507380152,0.36029552800901665,0.0,1.6653345369377348e-16,sliding
sliding_limited,0.4859999999999791,1.3093057036413998,1.3091763969714516,0.0001293066699481482,1.4774204568642977,2.24,0.9374151986027666,1.6984051577942088,1.8117960540064966,2.1932800507380152,0.3629114738931094,0.0,5.551115123125783e-17,sliding
sliding_limited,0.4879999999999789,1.3122521551977773,1.3121227348813818,0.0001294203163955121,1.4681059091194415,2.24,0.9384630852240629,1.69928834448124,1.8107141039815395,2.1932800507380152,0.36553332947153233,0.0,5.551115123125783e-17,sliding
sliding_limited,0.4899999999999787,1.315180011872358,1.3150504842463306,0.00012952762602735923,1.4588294048966102,2.24,0.9395066919491314,1.7001679239580125,1.8096389717361017,2.1932800507380152,0.3681610574861462,0.0,1.6653345369377348e-16,sliding
sliding_limited,0.49199999999997845,1.3180893498895507,1.3179597212572736,0.0001296286322771678,1.4495910957959326,2.24,0.9405460017229577,1.701043881850107,1.8085706374106278,2.1932800507380152,0.3707946208309841,0.0,-3.885780586188048e-16,sliding
sliding_limited,0.49399999999997823,1.3209802457719357,1.3208505224027676,0.0001297233691681665,1.4403911278401647,2.24,0.9415809981179815,1.7019162043119396,1.8075090806990637,2.1932800507380152,0.3734339825528578,0.0,-5.551115123125783e-17,sliding
sliding_limited,0.495999999999978,1.3238527763291628,1.323722964457863,0.00012981187129978977,1.4312296415337786,2.24,0.9426116653274499,1.7027848780211583,1.8064542808619233,2.1932800507380152,0.376079105851942,0.0,3.885780586188048e-16,sliding
sliding_limited,0.4979999999999778,1.326707018646967,1.3265771244731368,0.00012989417383013624,1.422106771922196,2.24,0.943637988158753,1.7036498901730281,1.8054062167391405,2.1932800507380152,0.3787299540823358,0.0,5.551115123125783e-17,sliding
sliding_limited,0.4999999999999776,1.329543050076305,1.3294130797638422,0.00012997031246286816,1.4130226486511284,2.24,0.944659952026748,1.7045112284748032,1.8043648667627015,2.1932800507380152,0.3813864907526036,0.0,5.551115123125783e-17,sliding
sliding_limited,0.5019999999999774,1.3323609482226095,1.3322309078991779,0.00013004032343166827,1.4039773960260256,2.24,0.9456775429470722,1.7053688811400907,1.8033302089690597,2.1932800507380152,0.3840486795262935,0.0,-2.7755575615628914e-16,sliding
sliding_limited,0.5039999999999771,1.335160790935161,1.3350306866916748,0.00013010424348625094,1.394971133071604,2.24,0.9466907475294447,1.7062228368832066,1.8023022210113429,2.1932800507380152,0.38671648422243426,0.0,-3.885780586188048e-16,sliding
sliding_limited,0.5059999999999769,1.3379426562965804,1.3378124941867051,0.00013016210987526478,1.3860039735914413,2.24,0.947699552970963,1.7070730849135247,1.8012808801713431,2.1932800507380152,0.38938986881601134,0.0,-1.6653345369377348e-16,sliding
sliding_limited,0.5079999999999767,1.340706622612441,1.3405764086521064,0.00013021396033452426,1.3770760262276138,2.24,0.9487039470493934,1.7079196149298213,1.8002661633713009,2.1932800507380152,0.392068797438423,0.0,3.885780586188048e-16,sliding
sliding_limited,0.5099999999999765,1.3434527684009983,1.3433225085679266,0.00013025983307168865,1.3681873945203695,2.24,0.9497039181164586,1.708762417114618,1.7992580471854798,2.1932800507380152,0.3947532343779138,0.0,-3.885780586188048e-16,sliding
sliding_limited,0.5119999999999763,1.3461811723830412,1.3460508726162903,0.0001302997667509409,1.3593381769678126,2.24,0.9506994550911212,1.709601482128524,1.7982565078515425,2.1932800507380152,0.3974431440799895,0.0,-5.551115123125783e-17,sliding
sliding_limited,0.513999999999976,1.3488919134718602,1.3487615796713799,0.00013033380048033116,1.3505284670855855,2.24,0.9516905474528717,1.7104368011045725,1.797261521281711,2.1932800507380152,0.40013849114781064,0.0,-4.996003610813204e-16,sliding
sliding_limited,0.5159999999999758,1.3515850707633368,1.3514547087895403,0.00013036197379645564,1.341758353466536,2.24,0.9526771852350148,1.7112683656425691,1.7962730630737405,2.1932800507380152,0.40283924034256696,0.0,2.7755575615628914e-16,sliding
sliding_limited,0.5179999999999756,1.3542607235261512,1.3541303391995008,0.00013038432665046784,1.3330279198403459,2.24,0.9536593590179612,1.7120961678034328,1.7952911085216825,2.1932800507380152,0.40554535658383156,0.0,-1.6653345369377348e-16,sliding
sliding_limited,0.5199999999999754,1.3569189511921107,1.3567885502927144,0.00013040089939631017,1.3243372451331146,2.24,0.9546370599225248,1.71292020010355,1.794315632626461,2.1932800507380152,0.4082568049498961,0.0,-1.6653345369377348e-16,sliding
sliding_limited,0.5219999999999752,1.359559833346595,1.3594294216138205,0.00013041173277450469,1.315686403526878,2.24,0.9556102796032264,1.7137404555091291,1.7933466101062472,2.1932800507380152,0.4109735506780861,0.0,-2.7755575615628914e-16,sliding
sliding_limited,0.5239999999999749,1.3621834497191216,1.3620530328512221,0.00013041686789949658,1.3070754645190519,2.24,0.9565790102416067,1.7145569274305652,1.7923840154066448,2.1932800507380152,0.41369555916505824,0.0,5.551115123125783e-17,sliding
sliding_limited,0.5259999999999747,1.364789880174031,1.3646594638277834,0.00013041634624766374,1.298504492981779,2.24,0.9575432445395499,1.7153696097168116,1.791427822710686,2.1932800507380152,0.4164227959670778,0.0,-5.551115123125783e-17,sliding
sliding_limited,0.5279999999999745,1.3673792047012876,1.3672487944916463,0.00013041020964132954,1.2899735492211781,2.24,0.9585029757126174,1.716178496649764,1.790478005948639,2.1932800507380152,0.4191552268002786,0.0,-5.551115123125783e-17,sliding
sliding_limited,0.5299999999999743,1.3699515034074035,1.3698211049071656,0.00013039850023788269,1.2814826890364601,2.24,0.9594581974833983,1.7169835829386533,1.78953453880763,2.1932800507380152,0.42189281754090385,0.0,5.551115123125783e-17,sliding
sliding_limited,0.531999999999974,1.3725068565064749,1.372376475245959,0.00013038126051578836,1.2730319637789325,2.24,0.9604089040748702,1.7177848637144513,1.7885973947410827,2.1932800507380152,0.4246355342255299,0.0,-5.551115123125783e-17,sliding
sliding_limited,0.5339999999999738,1.375045344311342,1.3749149857780802,0.00013035853326170965,1.2646214204108353,2.24,0.9613550902037812,1.7185823345242932,1.7876665469779751,2.1932800507380152,0.4273833430512711,0.0,-2.7755575615628914e-16,sliding
sliding_limited,0.5359999999999736,1.3775670472248618,1.3774367168633028,0.00013033036155896127,1.2562511015640405,2.24,0.9622967510740454,1.7193759913259108,1.78674196853192,2.1932800507380152,0.4301362103759681,0.0,1.6653345369377348e-16,sliding
sliding_limited,0.5379999999999734,1.380072045731302,1.379941748942528,0.00013029678877396478,1.2479210455985659,2.24,0.9632338823701614,1.7201658304820842,1.7858236322100651,2.1932800507380152,0.4328941027183582,0.0,3.885780586188048e-16,sliding
sliding_limited,0.5399999999999732,1.3825604203878465,1.382430162529304,0.00013025785854248184,1.2396312866609265,2.24,0.9641664802506458,1.7209518487551092,1.784911510621826,2.1932800507380152,0.43565698675822884,0.0,1.6653345369377348e-16,sliding
sliding_limited,0.541999999999973,1.3850322518162241,1.384902038201464,0.00013021361476006632,1.2313818547422704,2.24,0.9650945413414946,1.7217340433012858,1.7840055761874394,2.1932800507380152,0.43842482933655413,0.0,2.7755575615628914e-16,sliding
sliding_limited,0.5439999999999727,1.3874876206944484,1.38735745659288,0.00013016410156851954,1.223172775736327,2.24,0.9660180627296633,1.7225124116654222,1.783105801146351,2.1932800507380152,0.4411975974556148,0.0,-1.6653345369377348e-16,sliding
sliding_limited,0.5459999999999725,1.389926607748675,1.389796498385332,0.0001301093633430117,1.2150040714971384,2.24,0.9669370419565719,1.7232869517753628,1.7822121575654364,2.1932800507380152,0.44397525827910217,0.0,2.7755575615628914e-16,sliding
sliding_limited,0.5479999999999723,1.3923492937451747,1.3922192443004915,0.00013004944468320012,1.2068757598965552,2.24,0.9678514770116377,1.7240576619365342,1.7813246173470516,2.1932800507380152,0.44675777913220516,0.0,5.551115123125783e-17,sliding
sliding_limited,0.5499999999999721,1.3947557594824203,1.3946257750920221,0.00012998439039813015,1.1987878548815132,2.24,0.9687613663258299,1.724824540826516,1.7804431522369302,2.1932800507380152,0.44954512750168196,0.0,-1.6653345369377348e-16,sliding
sliding_limited,0.5519999999999718,1.3971460857832865,1.3970161715377902,0.0001299142454962432,1.190740366531057,2.24,0.9696667087652561,1.7255875874896338,1.7795677338319105,2.1932800507380152,0.4523372710359159,0.0,3.885780586188048e-16,sliding
sliding_limited,0.5539999999999716,1.3995203534873681,1.3993905144321934,0.0001298390551747186,1.182733301113101,2.24,0.9705675036247762,1.7263468013315761,1.778698333587507,2.1932800507380152,0.45513417754495566,0.0,3.885780586188048e-16,sliding
sliding_limited,0.5559999999999714,1.4018786434434076,1.4017488845785997,0.0001297588648079273,1.1747666611409362,2.24,0.9714637506216448,1.7271021821140375,1.77783492282533,2.1932800507380152,0.45793581500054026,0.0,-1.6653345369377348e-16,sliding
sliding_limited,0.5579999999999712,1.4042210365018346,1.4040913627819,0.00012967371993455323,1.1668404454294692,2.24,0.9723554498891848,1.7278537299493872,1.7769774727403476,2.1932800507380152,0.46074215153610953,0.0,5.551115123125783e-17,sliding
sliding_limited,0.559999999999971,1.4065476135074226,1.4064180298411744,0.00012958366624826745,1.1589546491511586,2.24,0.9732426019704947,1.728601445295362,1.7761259544079915,2.1932800507380152,0.463553155446799,0.0,-5.551115123125783e-17,sliding
sliding_limited,0.5619999999999707,1.4088584552920524,1.4087289665424638,0.00012948874958862433,1.1511092638916816,2.24,0.9741252078121859,1.7293453289497913,1.7752803387911238,2.1932800507380152,0.4663687951894207,0.0,-3.885780586188048e-16,sliding
sliding_limited,0.5639999999999705,1.411153642667589,1.411024253651662,0.00012938901592707275,1.1433042777052933,2.24,0.9750032687581545,1.730085382045347,1.774440596746848,2.1932800507380152,0.4691890393824297,0.0,1.6653345369377348e-16,sliding
sliding_limited,0.5659999999999703,1.413433256418867,1.4133039719075096,0.00012928451135740815,1.1355396751698807,2.24,0.9758767865433885,1.7308216060443222,1.7736066990331756,2.1932800507380152,0.47201385680587615,0.0,-2.7755575615628914e-16,sliding
sliding_limited,0.5679999999999701,1.4156973772967893,1.4155682020147018,0.0001291752820875569,1.1278154374417007,2.24,0.9767457632878087,1.7315540027334433,1.772778616315556,2.1932800507380152,0.47484321640134386,0.0,-2.7755575615628914e-16,sliding
sliding_limited,0.5699999999999699,1.4179460860115318,1.4178170246371051,0.00012906137442669774,1.1201315423097997,2.24,0.9776102014901477,1.7322825742187082,1.771956319173257,2.1932800507380152,0.47767708727187447,0.0,5.551115123125783e-17,sliding
sliding_limited,0.5719999999999696,1.420179463225858,1.4200505203910796,0.0001289428347783783,1.1124879642501018,2.24,0.9784701040218636,1.7330073229202583,1.7711397781056115,2.1932800507380152,0.4805154386818789,0.0,5.551115123125783e-17,sliding
sliding_limited,0.5739999999999694,1.4223975895485397,1.4222687698389138,0.0001288197096258603,1.1048846744791705,2.24,0.9793254741210933,1.733728251567281,1.770328963538128,2.1932800507380152,0.4833582400570355,0.0,4.996003610813204e-16,sliding
sliding_limited,0.5759999999999692,1.424600545527889,1.424471853482361,0.0001286920455279006,1.097321641007612,2.24,0.9801763153866437,1.7344453631929462,1.7695238458284628,2.1932800507380152,0.4862054609841746,-2.220446049250313e-16,-2.7755575615628914e-16,sliding
sliding_limited,0.577999999999969,1.4267884116453922,1.426659851756287,0.00012855988910520644,1.0897988286931481,2.24,0.981022631772021,1.7351586611293746,1.7687243952722658,2.1932800507380152,0.4890570712111508,0.0,-5.551115123125783e-17,sliding
sliding_limited,0.5799999999999688,1.4289612683094526,1.428832845022419,0.00012842328703355221,1.082316199293322,2.24,0.9818644275795013,1.7358681490026386,1.7679305821088889,2.1932800507380152,0.4919130406467022,0.0,1.6653345369377348e-16,sliding
sliding_limited,0.5819999999999685,1.4311191958492373,1.4309909135632046,0.0001282822860326771,1.0748737115178502,2.24,0.9827017074542418,1.7365738307278002,1.7671423765269703,2.1932800507380152,0.49477333936029766,2.220446049250313e-16,1.6653345369377348e-16,sliding
sliding_limited,0.5839999999999683,1.4332622745086268,1.4331341375757687,0.00012813693285806949,1.0674713210806144,2.24,0.983534476378431,1.7372757105039796,1.7663597486698923,2.1932800507380152,0.4976379375819713,0.0,-3.885780586188048e-16,sliding
sliding_limited,0.5859999999999681,1.4353905844402721,1.4352625971659798,0.00012798727429230716,1.060108980751267,2.24,0.9843627396654826,1.737973792809464,1.7655826686411171,2.1932800507380152,0.5005068057021459,0.0,-2.7755575615628914e-16,sliding
sliding_limited,0.5879999999999679,1.4375042056997513,1.4373763723426156,0.00012783335713573152,1.0527866404064745,2.24,0.9851865029542718,1.7386680823968468,1.7648111065093919,2.1932800507380152,0.5033799142714431,0.0,-1.6653345369377348e-16,sliding
sliding_limited,0.5899999999999677,1.439603218239829,1.4394755430116308,0.00012767522819823185,1.045504247080779,2.24,0.9860057722034126,1.7393585842882058,1.7640450323138441,2.1932800507380152,0.506257234000485,0.0,-6.106226635438361e-16,sliding
sliding_limited,0.5919999999999674,1.4416877019048187,1.4415601889705285,0.00012751293429014154,1.038261745017066,2.24,0.9868205536855802,1.7400453037703192,1.763284416068953,2.1932800507380152,0.5091387357596792,0.0,-3.885780586188048e-16,sliding
sliding_limited,0.5939999999999672,1.4437577364250438,1.443630389902829,0.00012734652221468856,1.0310590757166487,2.24,0.9876308539818772,1.7407282463899145,1.7625292277694034,2.1932800507380152,0.5120243905789984,0.0,-3.885780586188048e-16,sliding
sliding_limited,0.595999999999967,1.4458134014113995,1.4456862253726401,0.0001271760387593357,1.0238961779889602,2.24,0.988436679976242,1.7414074179489585,1.7617794373948312,2.1932800507380152,0.5149141696477452,0.0,3.885780586188048e-16,sliding
sliding_limited,0.5979999999999668,1.4478547763500131,1.4477277748193258,0.00012700153068734288,1.0167729880008454,2.24,0.989238038849905,1.742082824499982,1.7610350149144482,2.1932800507380152,0.5178080443143073,0.0,1.6653345369377348e-16,sliding
sliding_limited,0.5999999999999666,1.4498819405970045,1.4497551175522727,0.00012682304473177197,1.009689439325444,2.24,0.9900349380758877,1.7427544723414463,1.7602959302915646,2.1932800507380152,0.5207059860859035,2.220446049250313e-16,-6.106226635438361e-16,sliding
sliding_limited,0.6019999999999663,1.451894973373339,1.451768332745755,0.0001266406275841625,1.0026454629906898,2.24,0.9908273854135474,1.743422368013145,1.759562153487999,2.1932800507380152,0.5236079666283154,0.0,4.996003610813204e-16,sliding
sliding_limited,0.6039999999999661,1.453893953759785,1.4537674994338936,0.00012645432589142303,0.99564098752737,2.24,0.9916153889031709,1.744086518291644,1.758833654468376,2.1932800507380152,0.5265139577656149,0.0,-5.551115123125783e-17,sliding
sliding_limited,0.6059999999999659,1.4558789606919575,1.455752696505714,0.00012626418624361868,0.9886759390168076,2.24,0.9923989568606092,1.7447469301857645,1.7581104032043324,2.1932800507380152,0.5294239314798755,0.0,-5.551115123125783e-17,sliding
sliding_limited,0.6079999999999657,1.4578500729554664,1.4577240027002953,0.0001260702551710846,0.9817502411380981,2.24,0.9931780978719641,1.745403610932101,1.7573923696786056,2.1932800507380152,0.532337859910878,0.0,-5.551115123125783e-17,sliding
sliding_limited,0.6099999999999655,1.4598073691811515,1.459681496602017,0.00012587257913443395,0.9748638152149499,2.24,0.9939528207883181,1.7460565679905806,1.7566795238890296,2.1932800507380152,0.5352557153558046,0.0,1.6653345369377348e-16,sliding
sliding_limited,0.6119999999999652,1.4617509278404142,1.4616252566358954,0.00012567120451878466,0.9680165802620985,2.24,0.994723134720514,1.746705809040064,1.755971835852429,2.1932800507380152,0.5381774702689253,0.0,-1.6653345369377348e-16,sliding
sliding_limited,0.613999999999965,1.4636808272406405,1.4635553610630156,0.00012546617762487777,0.9612084530312963,2.24,0.9954890490339792,1.7473513419739826,1.755269275608415,2.1932800507380152,0.5411030972612724,0.0,2.7755575615628914e-16,sliding
sliding_limited,0.6159999999999648,1.4655971455207184,1.465471887976052,0.0001252575446664128,0.9544393480568774,2.24,0.9962505733436012,1.7479931748960182,1.7545718132230828,2.1932800507380152,0.5440325691003092,0.0,5.551115123125783e-17,sliding
sliding_limited,0.6179999999999646,1.4674999606466415,1.4673749152948814,0.00012504535176005582,0.9477091777009006,2.24,0.9970077175086487,1.7486313161158251,1.7538794187926197,2.1932800507380152,0.5469658587095865,0.0,2.7755575615628914e-16,sliding
sliding_limited,0.6199999999999644,1.4693893504072053,1.4692645207622852,0.00012482964492011028,0.9410178521978646,2.24,0.9977604916277403,1.7492657741447872,1.7531920624468162,2.1932800507380152,0.5499029391683935,0.0,1.6653345369377348e-16,sliding
sliding_limited,0.6219999999999641,1.4712653924097907,1.471140781939741,0.00012461047004963532,0.9343652796989923,2.24,0.9985089060338634,1.7498965576918206,1.7525097143524873,2.1932800507380152,0.5528437837113978,0.0,-1.6653345369377348e-16,sliding
sliding_limited,0.6239999999999639,1.473128164076241,1.4730037762033004,0.00012438787294066778,0.9277513663160717,2.24,0.999252971289442,1.7505236756592173,1.751832344716805,2.1932800507380152,0.5557883657282784,0.0,-1.6653345369377348e-16,sliding
sliding_limited,0.6259999999999637,1.4749777426388169,1.4748535807395562,0.00012416189926067744,0.9211760161648901,2.24,0.9999926981814499,1.7511471371385254,1.7511599237905413,2.1932800507380152,0.5587366587633501,0.0,2.7755575615628914e-16,sliding
sliding_limited,0.6279999999999635,1.4768142051362474,1.4766902725416962,0.00012393259455123484,0.9146391314082066,2.24,1.000728097716577,1.7517669514064749,1.7504924218712252,2.1932800507380152,0.5616886365151802,0.0,-2.7755575615628914e-16,sliding
sliding_limited,0.6299999999999633,1.4786376284098606,1.4785139284056386,0.000123700004222016,0.9081406122983076,2.24,1.0014591811164404,1.752383127920944,1.74982980930622,2.1932800507380152,0.5646442728361968,0.0,3.885780586188048e-16,sliding
sliding_limited,0.631999999999963,1.4804480890998002,1.4803246249262572,0.00012346417354303085,0.9016803572191225,2.24,1.0021859598128489,1.7529956763169636,1.7491720564957058,2.1932800507380152,0.5676035417322896,0.0,-2.7755575615628914e-16,sliding
sliding_limited,0.6339999999999628,1.4822456636413268,1.4821224384936864,0.0001232251476404045,0.8952582627278999,2.24,1.0029084454431114,1.7536046064027682,1.7485191338955963,2.1932800507380152,0.5705664173624043,0.0,-1.6653345369377348e-16,sliding
sliding_limited,0.6359999999999626,1.4840304282612031,1.4839074452897112,0.00012298297149193615,0.8888742235964463,2.24,1.0036266498453998,1.7542099281558827,1.7478710120203602,2.1932800507380152,0.5735328740381281,0.0,-1.6653345369377348e-16,sliding
sliding_limited,0.6379999999999624,1.485802458974157,1.4856797212842374,0.0001227376899195498,0.8825281328519371,2.24,1.0043405850541574,1.754811651719256,1.7472276614457742,2.1932800507380152,0.5765028862232694,0.0,-1.6653345369377348e-16,sliding
sliding_limited,0.6399999999999622,1.4875618315794308,1.4874393422318448,0.00012248934758596342,0.8762198818172735,2.24,1.0050502632955567,1.755409787397431,1.7465890528115955,2.1932800507380152,0.5794764285334292,0.0,-2.7755575615628914e-16,sliding
sliding_limited,0.6419999999999619,1.4893086216574083,1.4891863836684196,0.00012223798898869376,0.8699493601510185,2.24,1.0057556969830106,1.7560043456527619,1.7459551568241574,2.1932800507380152,0.5824534757355668,0.0,-2.7755575615628914e-16,sliding
sliding_limited,0.6439999999999617,1.491042904566322,1.4909209209078653,0.00012198365845672576,0.8637164558868765,2.24,1.0064568987127265,1.7565953371016674,1.745325944258894,2.1932800507380152,0.585434002747559,0.0,5.551115123125783e-17,sliding
sliding_limited,0.6459999999999615,1.4927647554390373,1.4926430290388941,0.00012172640014318503,0.85752105547276,2.24,1.0071538812593146,1.757182772510928,1.7447013859627885,2.1932800507380152,0.5884179846377511,0.0,1.6653345369377348e-16,sliding
sliding_limited,0.6479999999999613,1.4944742491799172,1.4943527829218937,0.00012146625802356148,0.8513630438093885,2.24,1.0078466575714438,1.7577666627940256,1.7440814528567525,2.1932800507380152,0.5914053966245034,0.0,1.6653345369377348e-16,sliding
sliding_limited,0.649999999999961,1.496171460461761,1.496050257185873,0.00012120327588815982,0.8452423042884794,2.24,1.008535240767546,1.7583470190075239,1.7434661159379352,2.1932800507380152,0.5943962140757306,0.0,5.551115123125783e-17,sliding
sliding_limited,0.6519999999999608,1.4978564637228222,1.497735526225482,0.00012093749734032322,0.8391587188304771,2.24,1.0092196441315715,1.7589238523474884,1.7428553462819618,2.1932800507380152,0.597390412508436,0.0,-1.6653345369377348e-16,sliding
sliding_limited,0.6539999999999606,1.4995293331638986,1.4994086641981061,0.00012066896579243647,0.8331121679218604,2.24,1.0098998811087907,1.759497174145951,1.7422491150451087,2.1932800507380152,0.6003879675882381,0.0,3.885780586188048e-16,sliding
sliding_limited,0.6559999999999604,1.5011901427454957,1.501069745021038,0.00012039772445771035,0.8271025306520189,2.24,1.010575965301648,1.7600669958674127,1.7416473934664063,2.1932800507380152,0.6033888551288935,0.0,2.7755575615628914e-16,sliding
sliding_limited,0.6579999999999602,1.5028389661850692,1.502718842368718,0.00012012381635106983,0.821129684749673,2.24,1.011247910465662,1.7606333291053904,1.7410501528696851,2.1932800507380152,0.6063930510918126,0.0,-1.6653345369377348e-16,sliding
sliding_limited,0.65999999999996,1.5044758769543327,1.5043560296700504,0.00011984728428227065,0.8151935066188858,2.24,1.0119157305053754,1.761196185579002,1.7404573646655512,2.1932800507380152,0.6094005315855712,0.0,1.6653345369377348e-16,sliding
sliding_limited,0.6619999999999597,1.5061009482766436,1.5059813801057897,0.00011956817085390092,0.8092938713746177,2.24,1.0125794394703556,1.7617555771295959,1.7398690003533035,2.1932800507380152,0.6124112728654153,0.0,-2.7755575615628914e-16,sliding
sliding_limited,0.6639999999999595,1.507714253124453,1.5075949666059978,0.00011928651845516391,0.803430652877877,2.24,1.013239051551239,1.762311515717418,1.7392850315227895,2.1932800507380152,0.6154252513327624,0.0,-6.106226635438361e-16,sliding
sliding_limited,0.6659999999999593,1.5093158642168323,1.509196861847571,0.00011900236926121188,0.7976037237704082,2.24,1.0138945810758293,1.7628640134183216,1.7387054298562,2.1932800507380152,0.6184424435346965,0.0,-3.885780586188048e-16,sliding
sliding_limited,0.6679999999999591,1.5109058540170635,1.510787138251836,0.00011871576522737293,0.791812955508978,2.24,1.01454604250524,1.7634130824205183,1.7381301671298084,2.1932800507380152,0.6214628261634588,0.0,7.216449660063518e-16,sliding
sliding_limited,0.6699999999999589,1.5124842947303012,1.5123658679822136,0.00011842674808759668,0.7860582183992174,2.24,1.0151934504300881,1.7639587350213661,1.7375592152156445,2.1932800507380152,0.6244863760559335,0.0,-1.6653345369377348e-16,sliding
sliding_limited,0.6719999999999586,1.5140512583013,1.5139331229419501,0.00011813535934979136,0.7803393816290435,2.24,1.0158368195667329,1.764500983624205,1.7369925460831266,2.1932800507380152,0.6275130701931286,0.0,-4.996003610813204e-16,sliding
sliding_limited,0.6739999999999584,1.515606816412207,1.5154889747719142,0.00011784164029271516,0.7746563133016597,2.24,1.0164761647535634,1.7650398407352232,1.7364301318006243,2.1932800507380152,0.6305428856996541,0.0,-2.7755575615628914e-16,sliding
sliding_limited,0.6759999999999582,1.5171510404804254,1.517033494848461,0.00011754563196442191,0.7690088804681185,2.24,1.0171115009473366,1.765575318960373,1.7358719445369735,2.1932800507380152,0.6335757998431926,0.0,6.106226635438361e-16,sliding
sliding_limited,0.677999999999958,1.5186840016565368,1.518566754281359,0.00011724737517782025,0.763396949159478,2.24,1.0177428432195588,1.7661074310023195,1.7353179565629382,2.1932800507380152,0.6366117900339684,0.0,5.551115123125783e-17,sliding
sliding_limited,0.6799999999999577,1.5202057708222898,1.5200888239117814,0.00011694691050845307,0.7578203844185367,2.24,1.0183702067529148,1.7666361896574334,1.7347681402526232,2.1932800507380152,0.639650833824212,0.0,-4.996003610813204e-16,sliding
sliding_limited,0.6819999999999575,1.521716418588652,1.521599774310361,0.00011664427829094492,0.7522790503311417,2.24,1.0189936068377468,1.767161607812822,1.734222468084832,2.1932800507380152,0.6426929089076194,0.0,-1.6653345369377348e-16,sliding
sliding_limited,0.6839999999999573,1.5232160152939247,1.523099675775307,0.00011633951861766967,0.7467728100570865,2.24,1.019613058868578,1.7676836984433977,1.7336809126443737,2.1932800507380152,0.645737993118809,0.0,-4.996003610813204e-16,sliding
sliding_limited,0.6859999999999571,1.5247046310019183,1.5245885983305822,0.00011603267133608597,0.7413015258605923,2.24,1.0202285783406835,1.7682024746089908,1.7331434466233286,2.1932800507380152,0.6487860644327743,0.0,1.6653345369377348e-16,sliding
sliding_limited,0.6879999999999569,1.5261823355001867,1.5260666117241424,0.0001157237760442964,0.7358650591403857,2.24,1.0208401808467067,1.7687179494514944,1.7326100428222584,2.1932800507380152,0.6518371009643328,0.0,-5.551115123125783e-17,sliding
sliding_limited,0.6899999999999566,1.5276491982983238,1.527533785426233,0.0001154128720908254,0.7304632704593585,2.24,1.0214478820733224,1.7692301361920557,1.7320806741513763,2.1932800507380152,0.654891080967572,0.0,-6.106226635438361e-16,sliding
sliding_limited,0.6919999999999564,1.5291052886263203,1.5289901886277486,0.0001150999985717327,0.7250960195738123,2.24,1.0220516977979464,1.7697390481282995,1.7315553136316657,2.1932800507380152,0.6579479828352902,0.0,-6.106226635438361e-16,sliding
sliding_limited,0.6939999999999562,1.5305506754329734,1.5304358902386448,0.00011478519432861489,0.7197631654623228,2.24,1.0226516438854887,1.7702446986315943,1.7310339343959606,2.1932800507380152,0.6610077850984377,0.0,5.551115123125783e-17,sliding
sliding_limited,0.695999999999956,1.531985427384359,1.5318709588864134,0.00011446849794549685,0.7144645663541721,2.24,1.0232477362851558,1.7707471011443536,1.730516509689973,2.1932800507380152,0.6640704664255513,0.0,-2.7755575615628914e-16,sliding
sliding_limited,0.6979999999999558,1.533409612862358,1.533295462914609,0.00011414994774905374,0.7092000797574004,2.24,1.0238399910272926,1.7712462691773792,1.7300030128732906,2.1932800507380152,0.6671360056221874,0.0,-6.106226635438361e-16,sliding
sliding_limited,0.6999999999999555,1.534823299963238,1.5347094703814346,0.000113829581803504,0.703969562486455,2.24,1.024428424220274,1.7717422163072372,1.7294934174203223,2.1932800507380152,0.6702043816303525,0.0,-5.551115123125783e-17,sliding
sliding_limited,0.7019999999999553,1.536226556496292,1.5361130490583805,0.00011350743791149753,0.6987728706894355,2.24,1.0250130520474385,1.7722349561736754,1.7289876969212046,2.1932800507380152,0.6732755735279297,0.0,2.7755575615628914e-16,sliding
sliding_limited,0.7039999999999551,1.5376194499825284,1.5375062664289172,0.00011318355361122912,0.6936098598749579,2.24,1.0255938907640674,1.7727245024770761,1.7284858250826713,2.1932800507380152,0.6763495605281046,0.0,-2.7755575615628914e-16,sliding
sliding_limited,0.7059999999999549,1.539002047653418,1.5388891896872428,0.00011285796617532817,0.6884803849386156,2.24,1.0261709566944057,1.7732108689759478,1.7279877757288846,2.1932800507380152,0.6794263219787858,0.0,1.6653345369377348e-16,sliding
sliding_limited,0.7079999999999547,1.5403744164496889,1.5402618857370811,0.00011253071260775016,0.6833843001890678,2.24,1.0267442662287298,1.77369406948445,1.727493522802221,2.1932800507380152,0.6825058373620254,0.0,-5.551115123125783e-17,sliding
sliding_limited,0.7099999999999544,1.5417366230201783,1.5416244211905332,0.00011220182964510883,0.6783214593737229,2.24,1.027313835820456,1.77417411786996,1.7270030403640284,2.1932800507380152,0.6855880862934365,0.0,6.106226635438361e-16,sliding
sliding_limited,0.7119999999999542,1.543088733720731,1.5429768623669782,0.00011187135375290147,0.67329171570406,2.24,1.0278796819832934,1.774651028050669,1.7265163025953396,2.1932800507380152,0.688673048521607,0.0,-4.996003610813204e-16,sliding
sliding_limited,0.713999999999954,1.5444308146131513,1.544319275292027,0.00011153932112439868,0.6682949218805547,2.24,1.0284418212884376,1.775124813993223,1.7260332837975576,2.1932800507380152,0.6917607039275139,0.0,5.551115123125783e-17,sliding
sliding_limited,0.7159999999999538,1.5457629314642023,1.5456517256965217,0.00011120576768064439,0.663330930117235,2.24,1.029000270361811,1.77559548971039,1.725553958393097,2.1932800507380152,0.6948510325239329,0.0,-1.6653345369377348e-16,sliding
sliding_limited,0.7179999999999536,1.5470851497446556,1.546974279015587,0.00011087072906867945,0.6583995921658607,2.24,1.0295550458813407,1.7760630692587704,1.7250783009259973,2.1932800507380152,0.6979440144548481,0.0,2.7755575615628914e-16,sliding
sliding_limited,0.7199999999999533,1.5483975346283863,1.5482870003877278,0.00011053424065843309,0.6535007593397393,2.24,1.0301061645742795,1.7765275667365368,1.7246062860625022,2.1932800507380152,0.7010396299948588,0.0,-1.6653345369377348e-16,sliding
sliding_limited,0.7219999999999531,1.5497001509915216,1.5495899546539744,0.00011019633754716374,0.6486342825371477,2.24,1.030653643214571,1.7769889962812155,1.7241378885916048,2.1932800507380152,0.7041378595485843,0.0,2.7755575615628914e-16,sliding
sliding_limited,0.7239999999999529,1.5509930634116262,1.5508832063570746,0.00010985705455168748,0.6438000122644301,2.24,1.0311974986202517,1.7774473720674937,1.7236730834255598,2.1932800507380152,0.7072386836500679,0.0,-5.551115123125783e-17,sliding
sliding_limited,0.7259999999999527,1.552276336166942,1.5521668197407306,0.00010951642621148672,0.6389977986586957,2.24,1.0317377476508967,1.7779027083050698,1.7232118456003693,2.1932800507380152,0.7103420829621794,0.0,2.7755575615628914e-16,sliding
sliding_limited,0.7279999999999525,1.5535500332356698,1.5534408587488822,0.00010917448678759989,0.6342274915101713,2.24,1.0322744072051058,1.778355019236532,1.722754150276231,2.1932800507380152,0.7134480382760148,0.0,-1.6653345369377348e-16,sliding
sliding_limited,0.7299999999999522,1.5548142182952949,1.5547053870250334,0.00010883127026151129,0.6294889402841976,2.24,1.0328074942180279,1.7788043191352745,1.7222999727379642,2.1932800507380152,0.7165565305102954,0.0,-2.7755575615628914e-16,sliding
sliding_limited,0.731999999999952,1.5560689547219562,1.5559604679116221,0.00010848681033404084,0.6247819941428726,2.24,1.033337025658927,1.7792506223034437,1.721849288395401,2.1932800507380152,0.719667540710767,0.0,5.551115123125783e-17,sliding
sliding_limited,0.7339999999999518,1.5573143055898604,1.5572061644494355,0.00010814114042489997,0.6201065019663377,2.24,1.033863018528787,1.7796939430699203,1.721402072783752,2.1932800507380152,0.722781050049595,0.0,3.885780586188048e-16,sliding
sliding_limited,0.7359999999999516,1.5585503336707351,1.5584425393770627,0.00010779429367246962,0.6154623123737258,2.24,1.0343854898579559,1.7801342957883342,1.7209583015639422,2.1932800507380152,0.7258970398247606,0.0,-5.551115123125783e-17,sliding
sliding_limited,0.7379999999999514,1.5597771014333275,1.5596696551303944,0.00010744630293313406,0.6108492737437535,2.24,1.034904456703828,1.7805716948351105,1.7205179505229242,2.1932800507380152,0.7290154914594555,0.0,-3.885780586188048e-16,sliding
sliding_limited,0.7399999999999511,1.5609946710429392,1.5608875738421593,0.00010709720077994866,0.6062672342349823,2.24,1.0354199361485645,1.781006154607549,1.72008099557396,2.1932800507380152,0.7321363865014753,0.0,-2.7755575615628914e-16,sliding
sliding_limited,0.7419999999999509,1.5622031043610078,1.5620963573415025,0.00010674701950530441,0.601716041805726,2.24,1.0359319452968558,1.7814376895219368,1.719647412756877,2.1932800507380152,0.7352597066226115,0.0,2.7755575615628914e-16,sliding
sliding_limited,0.7439999999999507,1.56340246294472,1.5632960671536036,0.000106395791116487,0.597195544233647,2.24,1.0364405012737148,1.7818663140116895,1.7192171782383043,2.1932800507380152,0.7383854336180441,0.0,-5.551115123125783e-17,sliding
sliding_limited,0.7459999999999505,1.5645928080466704,1.5644867644993314,0.00010604354733900756,0.5927055891349945,2.24,1.0369456212223134,1.782292042525528,1.718790268311879,2.1932800507380152,0.7415135494057328,0.0,-8.326672684688674e-16,sliding
sliding_limited,0.7479999999999503,1.5657742006145527,1.5656685102949406,0.00010569031961216169,0.5882460239835383,2.24,1.037447322301852,1.7827148895256837,1.7183666593984337,2.1932800507380152,0.7446440360258068,0.0,-5.551115123125783e-17,sliding
sliding_limited,0.74999999999995,1.5669467012908964,1.5668413651518016,0.00010533613909480266,0.5838166961291424,2.24,1.0379456216854717,1.7831348694861342,1.7179463280461498,2.1932800507380152,0.7477768756399549,0.0,-5.551115123125783e-17,sliding
sliding_limited,0.7519999999999498,1.5681103704128305,1.568005389376171,0.00010498103665956826,0.5794174528160582,2.24,1.0384405365581937,1.7835519968908728,1.717529250930704,2.1932800507380152,0.7509120505308154,0.0,-6.106226635438361e-16,sliding
sliding_limited,0.7539999999999496,1.5692652680118921,1.5691606429689953,0.00010462504289687757,0.5750481412008615,2.24,1.0389320841149032,1.7839662862322059,1.71711540485538,2.1932800507380152,0.7540495431013646,0.0,-4.996003610813204e-16,sliding
sliding_limited,0.7559999999999494,1.570411453813865,1.5703071856257518,0.00010426818811315464,0.5707086083700954,2.24,1.0394202815583644,1.78437775200908,1.7167047667511628,2.1932800507380152,0.7571893358743057,0.0,-2.7755575615628914e-16,sliding
sliding_limited,0.7579999999999492,1.5715489872386554,1.5714450767363253,0.0001039105023301623,0.5663987013575885,2.24,1.0399051460972715,1.7847864087254397,1.716297313676812,2.1932800507380152,0.7603314114914569,0.0,-5.551115123125783e-17,sliding
sliding_limited,0.7599999999999489,1.5726779274002032,1.5725743753849155,0.00010355201528766678,0.5621182671614683,2.24,1.040386694944335,1.785192270888615,1.7158930228189146,2.1932800507380152,0.7634757527131393,0.0,-2.7755575615628914e-16,sliding
sliding_limited,0.7619999999999487,1.5737983331064236,1.5736951403499833,0.00010319275644032899,0.557867152760866,2.24,1.0408649453144028,1.7855953530077366,1.715491871491917,2.1932800507380152,0.7666223424175659,0.0,-7.216449660063518e-16,sliding
sliding_limited,0.7639999999999485,1.5749102628591864,1.5748074301042247,0.00010283275496170141,0.5536452051323119,2.24,1.041339914422615,1.7859956695921833,1.7150938371381383,2.1932800507380152,0.7697711636002287,0.0,5.551115123125783e-17,sliding
sliding_limited,0.7659999999999483,1.5760137748543226,1.5759113028145821,0.00010247203974045327,0.5494522712658448,2.24,1.0418116194825926,1.7863932351500504,1.714698897327761,2.1932800507380152,0.7729221993732865,-1.1102230246251565e-16,-2.7755575615628914e-16,sliding
sliding_limited,0.7679999999999481,1.5771089269816676,1.5770068163422835,0.00010211063938414533,0.5452881981808056,2.24,1.0422800777046595,1.7867880641866574,1.7143070297588108,2.1932800507380152,0.7760754329649534,1.1102230246251565e-16,-2.7755575615628914e-16,sliding
sliding_limited,0.7699999999999478,1.5781957768251333,1.578094028242916,0.00010174858221745353,0.54115283294135,2.24,1.0427453062940981,1.7871801712030737,1.7139182122571104,2.1932800507380152,0.7792308477188866,0.0,6.106226635438361e-16,sliding
sliding_limited,0.7719999999999476,1.5792743816628116,1.5791729957665281,0.00010138589628350125,0.5370460226716595,2.24,1.0432073224494383,1.787569570694676,1.7135324227762168,2.1932800507380152,0.782388427093575,0.0,0.0,sliding
sliding_limited,0.7739999999999474,1.5803447984671082,1.5802437758577632,0.00010102260934496954,0.5329676145708768,2.24,1.0436661433607763,1.787956277149735,1.7131496393973482,2.1932800507380152,0.7855481546617264,0.0,4.440892098500626e-16,sliding
sliding_limited,0.7759999999999472,1.581407083904904,1.5813064251560218,0.00010065874888209869,0.5289174559277475,2.24,1.0441217862081285,1.7883403050480247,1.7127698403292857,2.1932800507380152,0.7887100141096588,1.1102230246251565e-16,0.0,sliding
sliding_limited,0.777999999999947,1.5824612943377498,1.5823609999956534,0.00010029434209646304,0.5248953941349777,2.24,1.0445742681598151,1.7887216688594618,1.7123930039082635,2.1932800507380152,0.7918739892366867,0.0,0.0,sliding
sliding_limited,0.7799999999999467,1.5835074858220852,1.5834075564061765,9.992941590875049e-05,0.5209012767033253,2.24,1.045023606370876,1.7891003830427694,1.7120191085978422,2.1932800507380152,0.7950400639545128,0.0,-4.440892098500626e-16,sliding
sliding_limited,0.7819999999999465,1.584545714109488,1.5844461501125264,9.956399696164908e-05,0.5169349512753998,2.24,1.0454698179815176,1.7894764620441697,1.711648132988766,2.1932800507380152,0.7982082222866169,0.0,0.0,sliding
sliding_limited,0.7839999999999463,1.58557603464695,1.5854768365353311,9.919811161895886e-05,0.5129962656392034,2.24,1.0459129201155897,1.789849920296097,1.7112800557988046,2.1932800507380152,0.8013784483676473,1.1102230246251565e-16,2.220446049250313e-16,sliding
sliding_limited,0.7859999999999461,1.5865985025771792,1.5864996707912125,9.883178596670206e-05,0.5090850677413975,2.24,1.046352929879093,1.7902207722159442,1.7109148558725837,2.1932800507380152,0.8045507264428111,0.0,0.0,sliding
sliding_limited,0.7879999999999459,1.5876131727389293,1.5875147076931153,9.846504581401128e-05,0.5052012057003001,2.24,1.0467898643587163,1.7905890322048263,1.7105525121813974,2.1932800507380152,0.8077250408672669,-1.1102230246251565e-16,2.220446049250313e-16,sliding
sliding_limited,0.7899999999999456,1.5886200996673547,1.5885220017506607,9.809791669401768e-05,0.5013445278186284,2.24,1.0472237406204044,1.7909547146463747,1.7101930038230069,2.1932800507380152,0.8109013761055163,0.0,-2.220446049250313e-16,sliding
sliding_limited,0.7919999999999454,1.589619337594391,1.589521607170526,9.773042386496122e-05,0.49751488259597026,2.24,1.0476545757079534,1.7913178339055542,1.7098363100214302,2.1932800507380152,0.8140797167307975,0.0,-4.440892098500626e-16,sliding
sliding_limited,0.7939999999999452,1.5906109404491577,1.590513577856849,9.736259230863631e-05,0.493712118741014,2.24,1.048082386641636,1.7916784043275027,1.7094824101267143,2.1932800507380152,0.8172600474244802,0.0,-2.220446049250313e-16,sliding
sliding_limited,0.795999999999945,1.5915949618583902,1.5914979674116543,9.699444673594293e-05,0.48993608518350823,2.24,1.0485071904168555,1.7920364402363973,1.7091312836146948,2.1932800507380152,0.8204423529754588,0.0,-4.440892098500626e-16,sliding
sliding_limited,0.7979999999999448,1.5925714551468904,1.5924748291353075,9.662601158288986e-05,0.4861866310859819,2.24,1.0489290040028272,1.792391955934344,1.7087829100867469,2.1932800507380152,0.8236266182795493,0.0,0.0,sliding
sliding_limited,0.7999999999999445,1.5935404733380023,1.5934442160269884,9.625731101392532e-05,0.48246360585522036,2.24,1.0493478443412878,1.7927449657002885,1.7084372692695213,2.1932800507380152,0.8268128283388858,0.0,-4.440892098500626e-16,sliding
sliding_limited,0.8019999999999443,1.594502069154113,1.5944061807851893,9.588836892371333e-05,0.478766859153479,2.24,1.0497637283452337,1.7930954837889534,1.7080943410146685,2.1932800507380152,0.8300009682613175,0.0,0.0,sliding
sliding_limited,0.8039999999999441,1.595456295017171,1.5953607758082358,9.551920893513532e-05,0.47509624090947694,2.24,1.050176672897684,1.7934435244297955,1.707754105298553,2.1932800507380152,0.8331910232598081,0.0,-8.881784197001252e-16,sliding
sliding_limited,0.8059999999999439,1.5964032030492312,1.5963080531948262,9.51498544050633e-05,0.47145160132913483,2.24,1.0505866948504725,1.7937891018259888,1.7074165422219578,2.1932800507380152,0.8363829786518353,0.0,-2.220446049250313e-16,sliding
sliding_limited,0.8079999999999437,1.5973428450730167,1.5972480647445968,9.47803284199189e-05,0.4678327909060937,2.24,1.0509938110230646,1.7941322301534255,1.7070816320097744,2.1932800507380152,0.8395768198587916,0.0,0.0,sliding
sliding_limited,0.8099999999999434,1.598275272612504,1.598180861958704,9.441065380011437e-05,0.46423966043198844,2.24,1.0513980382014012,1.7944729235597423,1.7067493550106863,2.1932800507380152,0.8427725324053857,0.0,4.440892098500626e-16,sliding
sliding_limited,0.8119999999999432,1.59920053689353,1.5991064960404286,9.404085310138477e-05,0.4606720610064918,2.24,1.0517993931367697,1.7948111961633693,1.7064196916968393,2.1932800507380152,0.8459701019190469,0.0,2.220446049250313e-16,sliding
sliding_limited,0.813999999999943,1.6001186888444139,1.6000250178957998,9.367094861412184e-05,0.4571298440471471,2.24,1.052197892544696,1.7951470620525958,1.7060926226635074,2.1932800507380152,0.8491695141293285,0.0,2.220446049250313e-16,sliding
sliding_limited,0.8159999999999428,1.6010297790966037,1.6009364781342388,9.330096236492835e-05,0.45361286129895756,2.24,1.0525935531038675,1.7954805352846626,1.705768128628742,2.1932800507380152,0.8523707548673134,0.0,-6.661338147750939e-16,sliding
sliding_limited,0.8179999999999426,1.6019338579853388,1.60184092706922,9.293091611883852e-05,0.4501209648437695,2.24,1.052986391455076,1.7958116298848719,1.7054461904330196,2.1932800507380152,0.855573810065022,0.0,-2.220446049250313e-16,sliding
sliding_limited,0.8199999999999423,1.602830975550333,1.6027384147189525,9.256083138042825e-05,0.44665400710942743,2.24,1.0533764242001895,1.7961403598457188,1.7051267890388728,2.1932800507380152,0.8587786657548198,0.0,0.0,sliding
sliding_limited,0.8219999999999421,1.603721181536473,1.6036289908070795,9.219072939337103e-05,0.4432118408787265,2.24,1.0537636679011433,1.796466739126042,1.7048099055305197,2.1932800507380152,0.8619853080688272,0.0,2.220446049250313e-16,sliding
sliding_limited,0.8239999999999419,1.6046045253945371,1.6045127047633934,9.18206311437686e-05,0.43979431929814183,2.24,1.054148139078959,1.796790781650198,1.7044955211134822,2.1932800507380152,0.8651937232383309,0.0,2.220446049250313e-16,sliding
sliding_limited,0.8259999999999417,1.60548105628193,1.605389605724571,9.145055735904073e-05,0.4364012958863562,2.24,1.054529854212785,1.7971125013072506,1.7041836171141969,2.1932800507380152,0.8684038975931963,0.0,0.0,sliding
sliding_limited,0.8279999999999414,1.6063508230634354,1.6062597425349228,9.108052851258819e-05,0.43303262454257146,2.24,1.0549088297389608,1.7974319119501834,1.7038741749796154,2.1932800507380152,0.8716158175612811,0.0,-2.220446049250313e-16,sliding
sliding_limited,0.8299999999999412,1.607213874311983,1.6071231637471612,9.071056482179429e-05,0.4296881595546345,2.24,1.0552850820501036,1.7977490273951302,1.7035671762768037,2.1932800507380152,0.8748294696678522,0.0,2.220446049250313e-16,sliding
sliding_limited,0.831999999999941,1.608070258309435,1.6079799176231844,9.034068625068947e-05,0.42636775560694107,2.24,1.0556586274942192,1.7980638614206241,1.7032626026925264,2.1932800507380152,0.8780448405350016,0.0,-2.220446049250313e-16,sliding
sliding_limited,0.8339999999999408,1.6089200230473846,1.608830052134872,8.99709125126158e-05,0.423071267788156,2.24,1.0560294823738325,1.7983764277668668,1.7029604360328312,2.1932800507380152,0.8812619168810658,0.0,2.220446049250313e-16,sliding
sliding_limited,0.8359999999999406,1.6097632162279711,1.609673614964902,8.960126306911675e-05,0.4197985515987393,2.24,1.056397662945142,1.7986867401350137,1.702660658222621,2.1932800507380152,0.8844806855200458,0.0,-2.220446049250313e-16,sliding
sliding_limited,0.8379999999999403,1.610599885264711,1.6105106535075788,8.92317571321577e-05,0.416549462958272,2.24,1.0567631854171944,1.7989948121864807,1.7023632513052245,2.1932800507380152,0.8877011333610293,0.0,0.0,sliding
sliding_limited,0.8399999999999401,1.611430077283343,1.6113412148696762,8.886241366679037e-05,0.41332385821259043,2.24,1.0571260659510837,1.799300657542267,1.7020681974419556,2.1932800507380152,0.8909232474076144,0.0,2.220446049250313e-16,sliding
sliding_limited,0.8419999999999399,1.612253839122685,1.6121653458712943,8.849325139070885e-05,0.4101215941407495,2.24,1.0574863206591658,1.7996042897822937,1.701775478911672,2.1932800507380152,0.8941470147573349,0.0,0.0,sliding
sliding_limited,0.8439999999999397,1.6130712173355095,1.612983093046732,8.812428877758016e-05,0.4069425279617799,2.24,1.0578439656043,1.799905722444766,1.701485078110323,2.1932800507380152,0.8973724226010871,0.0,0.0,sliding
sliding_limited,0.8459999999999395,1.6138822581894263,1.6137945026453704,8.775554405593411e-05,0.4037865173412831,2.24,1.0581990167991058,1.800204969025545,1.7011969775504958,2.1932800507380152,0.9005994582225594,0.0,0.0,sliding
sliding_limited,0.8479999999999392,1.6146870076677846,1.6145996206325706,8.738703521404823e-05,0.4006534203978332,2.24,1.0585514902052438,1.8005020429775425,1.700911159860954,2.1932800507380152,0.9038281089976625,0.0,2.220446049250313e-16,sliding
sliding_limited,0.849999999999939,1.615485511470582,1.615398492690584,8.701877999794938e-05,0.39754309570921303,2.24,1.0589014017327136,1.8007969577101286,1.7006276077861715,2.1932800507380152,0.9070583623939622,0.0,0.0,sliding
sliding_limited,0.8519999999999388,1.6162778150153887,1.6161911642194744,8.665079591430036e-05,0.3944554023184704,2.24,1.0592487672391722,1.8010897265885577,1.7003463041858629,2.1932800507380152,0.9102902059701131,0.0,-2.220446049250313e-16,sliding
sliding_limited,0.8539999999999386,1.617063963438286,1.6169776803380522,8.628310023373054e-05,0.3913901997397996,2.24,1.0595936025292727,1.801380362933412,1.7000672320345067,2.1932800507380152,0.9135236273752951,0.0,-6.661338147750939e-16,sliding
sliding_limited,0.8559999999999384,1.6178440015948108,1.6177580858848213,8.59157099895036e-05,0.38834734796426357,2.24,1.0599359233540204,1.8016688800200573,1.6997903744208667,2.1932800507380152,0.9167586143486518,0.0,0.0,sliding
sliding_limited,0.8579999999999381,1.618617974060915,1.6185324254189357,8.55486419792939e-05,0.38532670746534653,2.24,1.0602757454101486,1.8019552910781167,1.6995157145475046,2.1932800507380152,0.9199951547187302,0.0,-2.220446049250313e-16,sliding
sliding_limited,0.8599999999999379,1.6193859251339366,1.6193007432211672,8.518191276940534e-05,0.3823281392043369,2.24,1.0606130843395123,1.8022396092909618,1.6992432357302956,2.1932800507380152,0.9232332364029221,0.0,-6.661338147750939e-16,sliding
sliding_limited,0.8619999999999377,1.6201478988335785,1.6200630832948852,8.481553869321701e-05,0.3793515046355573,2.24,1.0609479557284998,1.8025218477952152,1.698972921397934,2.1932800507380152,0.926472847406909,0.0,2.220446049250313e-16,sliding
sliding_limited,0.8639999999999375,1.6209039389028992,1.6208194893670453,8.444953585384773e-05,0.3763966657114337,2.24,1.0612803751074638,1.8028020196802697,1.6987047550914343,2.1932800507380152,0.9297139758241071,0.0,0.0,sliding
sliding_limited,0.8659999999999373,1.6216540888093147,1.6215700048891881,8.40839201265986e-05,0.3734634848874012,2.24,1.0616103579501674,1.803080137987825,1.698438720463636,2.1932800507380152,0.9329566098351152,0.0,0.0,sliding
sliding_limited,0.867999999999937,1.6223983917456084,1.6223146730384488,8.371870715961904e-05,0.37055182512666396,2.24,1.0619379196732504,1.803356215711434,1.6981748012786961,2.1932800507380152,0.9362007377071646,0.0,2.220446049250313e-16,sliding
sliding_limited,0.8699999999999368,1.6231368906309496,1.6230535367185746,8.33539123750171e-05,0.367661549904806,2.24,1.0622630756357094,1.8036302657960674,1.697912981411585,2.1932800507380152,0.9394463477935716,0.0,-2.220446049250313e-16,sliding
sliding_limited,0.8719999999999366,1.6238696281119238,1.623786638560952,8.298955097174598e-05,0.3647925232142402,2.24,1.0625858411383982,1.8039023011376916,1.6976532448475752,2.1932800507380152,0.94269342853319,0.0,-2.220446049250313e-16,sliding
sliding_limited,0.8739999999999364,1.6245966465635693,1.6245140209256441,8.262563792515998e-05,0.36194460956852503,2.24,1.0629062314235411,1.8041723345828578,1.697395575681728,2.1932800507380152,0.9459419684498687,0.0,-2.220446049250313e-16,sliding
sliding_limited,0.8759999999999362,1.6253179880904234,1.6252357259024321,8.22621879912333e-05,0.3591176740065275,2.24,1.0632242616742658,1.80444037892831,1.6971399581183813,2.1932800507380152,0.9491919561519084,0.0,0.0,sliding
sliding_limited,0.8779999999999359,1.6260336945275777,1.6259517953118718,8.189921570589398e-05,0.3563115820964429,2.24,1.0635399470141502,1.804706446920601,1.6968863764706241,2.1932800507380152,0.9524433803315225,0.0,0.0,sliding
sliding_limited,0.8799999999999357,1.6267438074417386,1.6266622707063507,8.15367353879104e-05,0.3535261999396846,2.24,1.0638533025067856,1.8049705512557257,1.6966348151597839,2.1932800507380152,0.9556962297642994,0.0,-2.220446049250313e-16,sliding
sliding_limited,0.8819999999999355,1.6274483681322987,1.6273671933711582,8.117476114044564e-05,0.35076139417462343,2.24,1.064164343155355,1.8052327045787657,1.6963852587148975,2.1932800507380152,0.958950493308666,0.0,2.220446049250313e-16,sliding
sliding_limited,0.8839999999999353,1.6281474176324133,1.6280666043255612,8.08133068521677e-05,0.34801703198020084,2.24,1.0644730839022276,1.8054929194835467,1.6961376917721878,2.1932800507380152,0.9622061599053556,0.0,-4.440892098500626e-16,sliding
sliding_limited,0.8859999999999351,1.628840996710084,1.6287605443238855,8.045238619858175e-05,0.34529298107940876,2.24,1.0647795396285666,1.8057512085123086,1.6958920990745365,2.1932800507380152,0.965463218576876,0.0,-2.220446049250313e-16,sliding
sliding_limited,0.8879999999999348,1.629529145869251,1.6294490538566064,8.009201264447263e-05,0.3425891097426311,2.24,1.065083725153954,1.8060075841553886,1.6956484654709532,2.1932800507380152,0.9687216584269799,0.0,2.220446049250313e-16,sliding
sliding_limited,0.8899999999999346,1.6302119053508897,1.6301321731514449,7.973219944479304e-05,0.33990528679086107,2.24,1.0653856552360281,1.8062620588509164,1.695406775916044,2.1932800507380152,0.9719814686401387,0.0,-2.220446049250313e-16,sliding
sliding_limited,0.8919999999999344,1.6308893151341157,1.6308099421744695,7.937295964621782e-05,0.3372413815987954,2.24,1.0656853445701355,1.8065146449845209,1.6951670154694798,2.1932800507380152,0.9752426384810177,0.0,0.0,sliding
sliding_limited,0.8939999999999342,1.6315614149372948,1.631482400631204,7.90143060906967e-05,0.33459726409779234,2.24,1.0659828077889983,1.8067653548890488,1.6949291692954598,2.1932800507380152,0.9785051572939527,0.0,4.440892098500626e-16,sliding
sliding_limited,0.895999999999934,1.6322282442191585,1.6321495879677441,7.865625141434407e-05,0.33197280477872043,2.24,1.066278059462394,1.8070142008442955,1.6946932226621758,2.1932800507380152,0.9817690145024317,0.0,4.440892098500626e-16,sliding
sliding_limited,0.8979999999999337,1.6328898421799254,1.6328115433718748,7.829880805054756e-05,0.329367874694678,2.24,1.066571114096849,1.8072611950767468,1.6944591609412742,2.1932800507380152,0.9850341996085743,0.0,-6.661338147750939e-16,sliding
sliding_limited,0.8999999999999335,1.633546247762428,1.6334683057741965,7.794198823152243e-05,0.32678234546360085,2.24,1.066861986135345,1.8075063497593322,1.69422696960732,2.1932800507380152,0.9883007021926179,0.0,-2.220446049250313e-16,sliding
sliding_limited,0.9019999999999333,1.6341974996532453,1.6341199138492561,7.758580398919968e-05,0.3242160892707456,2.24,1.0671506899570413,1.8077496770111885,1.6939966342372512,2.1932800507380152,0.9915685119124034,0.0,-6.661338147750939e-16,sliding
sliding_limited,0.9039999999999331,1.6348436362838388,1.6347664060166807,7.723026715811265e-05,0.3216689788710624,2.24,1.0674372398770056,1.8079911888974358,1.693768140509844,2.1932800507380152,0.9948376185028642,0.0,0.0,sliding
sliding_limited,0.9059999999999329,1.635484695831695,1.6354078204423188,7.687538937628524e-05,0.319140887591455,2.24,1.0677216501459614,1.8082308974289618,1.693541474205164,2.1932800507380152,0.9981080117755168,0.0,-4.440892098500626e-16,sliding
sliding_limited,0.9079999999999326,1.6361207162214695,1.6360441950393834,7.652118208612002e-05,0.3166316893329378,2.24,1.0680039349500445,1.8084688145622192,1.6933166212040311,2.1932800507380152,1.0013796816179545,0.0,2.220446049250313e-16,sliding
sliding_limited,0.9099999999999324,1.6367517351261396,1.636675567469601,7.616765653861712e-05,0.31414125857266206,2.24,1.0682841084105756,1.8087049521990317,1.6930935674874692,2.1932800507380152,1.0046526179933426,0.0,-2.220446049250313e-16,sliding
sliding_limited,0.9119999999999322,1.6373777899681554,1.6373019751443643,7.581482379115378e-05,0.31166947036586823,2.24,1.0685621845838398,1.8089393221864105,1.6928722991361673,2.1932800507380152,1.007926810939917,0.0,4.440892098500626e-16,sliding
sliding_limited,0.913999999999932,1.6379989179205994,1.6379234552258872,7.546269471214728e-05,0.3092162003477059,2.24,1.0688381774608833,1.8091719363163805,1.6926528023299314,2.1932800507380152,1.0112022505704839,0.0,-4.440892098500626e-16,sliding
sliding_limited,0.9159999999999318,1.6386151559083482,1.6385400446283662,7.511127998194311e-05,0.30678132473495606,2.24,1.0691121009673175,1.8094028063258176,1.6924350633471417,2.1932800507380152,1.0144789270719223,0.0,-2.220446049250313e-16,sliding
sliding_limited,0.9179999999999315,1.6392265406092361,1.6391517800191426,7.476059009348113e-05,0.3043647203276676,2.24,1.0693839689631375,1.8096319438962936,1.6922190685642053,2.1932800507380152,1.0177568307046894,0.0,0.0,sliding
sliding_limited,0.9199999999999313,1.639833108455224,1.6397586978198682,7.441063535584824e-05,0.30196626451067543,2.24,1.069653795242549,1.8098593606539317,1.692004804455013,2.1932800507380152,1.0210359518023269,0.0,0.0,sliding
sliding_limited,0.9219999999999311,1.6404348956335695,1.6403608342076759,7.406142589361231e-05,0.2995858352550328,2.24,1.069921593533809,1.8100850681692713,1.691792257590391,2.1932800507380152,1.0243162807709707,0.0,0.0,sliding
sliding_limited,0.9239999999999309,1.6410319380880007,1.640958225116351,7.371297164970869e-05,0.29722331111934386,2.24,1.0701873774990738,1.8103090779571414,1.6915814146375578,2.1932800507380152,1.0275978080888641,0.0,2.220446049250313e-16,sliding
sliding_limited,0.9259999999999307,1.6416242715198934,1.6415509062375055,7.336528238788276e-05,0.29487857125100114,2.24,1.0704511607342624,1.810531401476543,1.6913722623595755,2.1932800507380152,1.0308805243058712,0.0,2.220446049250313e-16,sliding
sliding_limited,0.9279999999999304,1.642211931389448,1.6421389130217556,7.301836769246783e-05,0.29255149538733605,2.24,1.0707129567689249,1.8107520501305405,1.6911647876148066,2.1932800507380152,1.0341644200429925,0.0,-6.661338147750939e-16,sliding
sliding_limited,0.9299999999999302,1.6427949529168722,1.642722280679901,7.267223697127179e-05,0.29024196385667017,2.24,1.0709727790661245,1.8109710352661628,1.6909589773563694,2.1932800507380152,1.037449485991885,0.0,6.661338147750939e-16,sliding
sliding_limited,0.93199999999993,1.6433733710835619,1.6433010441841056,7.232689945624315e-05,0.2879498575792876,2.24,1.0712306410223302,1.8111883681743075,1.690754818631586,2.1932800507380152,1.0407357129143833,0.0,0.0,sliding
sliding_limited,0.9339999999999298,1.6439472206332886,1.6438752382690816,7.198236420702386e-05,0.28567505806830895,2.24,1.0714865559673155,1.8114040600896635,1.6905522985814472,2.1932800507380152,1.0440230916420226,0.0,-4.440892098500626e-16,sliding
sliding_limited,0.9359999999999296,1.644516536073382,1.6444448974332726,7.163864010939491e-05,0.28341744743049674,2.24,1.0717405371640694,1.8116181221906298,1.6903514044400607,2.1932800507380152,1.047311613075567,0.0,-6.661338147750939e-16,sliding
sliding_limited,0.9379999999999293,1.6450813516759222,1.645010055940042,7.129573588016136e-05,0.2811769083669546,2.24,1.0719925978087177,1.8118305655992524,1.690152123534111,2.1932800507380152,1.0506012681845347,0.0,0.0,sliding
sliding_limited,0.9399999999999291,1.645641701478926,1.645570747818859,7.095366006693027e-05,0.27895332417376145,2.24,1.072242751030452,1.8120414013811619,1.6899544432823117,2.1932800507380152,1.0538920480067306,0.0,-2.220446049250313e-16,sliding
sliding_limited,0.9419999999999289,1.6461976192875374,1.6461270068664882,7.061242104922094e-05,0.2767465787425242,2.24,1.0724910098914662,1.812250640545523,1.6897583511948682,2.1932800507380152,1.0571839436477801,0.0,-4.440892098500626e-16,sliding
sliding_limited,0.9439999999999287,1.646749138675221,1.6466788666481798,7.027202704135149e-05,0.2745565565608362,2.24,1.072737387386906,1.8124582940449898,1.6895638348729312,2.1932800507380152,1.0604769462806634,0.0,0.0,sliding
sliding_limited,0.9459999999999285,1.647296292984954,1.6472263604988595,6.993248609443725e-05,0.27238314271267294,2.24,1.0729818964448243,1.8126643727756686,1.689370882008055,2.1932800507380152,1.063771047145254,0.0,0.0,sliding
sliding_limited,0.9479999999999282,1.6478391153304166,1.6477695215243204,6.959380609616872e-05,0.2702262228787119,2.24,1.073224549926145,1.8128688875770878,1.689179480381661,2.1932800507380152,1.0670662375478581,-5.551115123125783e-17,-2.220446049250313e-16,sliding
sliding_limited,0.949999999999928,1.6483776385971887,1.6483083826024156,6.925599477303201e-05,0.268085683336568,2.24,1.073465360624636,1.8130718492321751,1.6889896178644939,2.1932800507380152,1.0703625088607587,0.0,4.440892098500626e-16,sliding
sliding_limited,0.9519999999999278,1.6489118954439432,1.6488429763842498,6.89190596934175e-05,0.26596141096095854,2.24,1.0737043412668923,1.8132732684672423,1.688801282416082,2.1932800507380152,1.0736598525217618,0.0,-2.220446049250313e-16,sliding
sliding_limited,0.9539999999999276,1.649441918303639,1.649373335295372,6.858300826717567e-05,0.26385329322380663,2.24,1.0739415045123217,1.8134731559519754,1.6886144620842045,2.1932800507380152,1.076958260033739,5.551115123125783e-17,0.0,sliding
sliding_limited,0.9559999999999274,1.6499677393847165,1.6498994915369691,6.824784774739356e-05,0.2617612181942637,2.24,1.0741768629531454,1.8136715222994328,1.6884291450043487,2.1932800507380152,1.0802577229641837,5.551115123125783e-17,2.220446049250313e-16,sliding
sliding_limited,0.9579999999999271,1.6504893906722922,1.6504214770870589,6.791358523328128e-05,0.2596850745386632,2.24,1.0744104291144005,1.813868378066048,1.688245319399177,2.1932800507380152,1.0835582329447582,0.0,-4.440892098500626e-16,sliding
sliding_limited,0.9599999999999269,1.6510069039293522,1.6509393237016812,6.75802276710602e-05,0.25762475152041436,2.24,1.0746422154539534,1.814063733751643,1.688062973577993,2.1932800507380152,1.0868597816708514,0.0,-2.220446049250313e-16,sliding
sliding_limited,0.9619999999999267,1.6515203106979477,1.6514530629160926,6.724778185507319e-05,0.2555801389998215,2.24,1.07487223436252,1.8142575997994415,1.6878820959362044,2.1932800507380152,1.0901623609011353,-5.551115123125783e-17,0.0,sliding
sliding_limited,0.9639999999999265,1.6520296423003866,1.6519627260459568,6.6916254429783e-05,0.25355112743384856,2.24,1.0751004981636922,1.814449986596094,1.687702674954793,2.1932800507380152,1.0934659624571237,0.0,-4.440892098500626e-16,sliding
sliding_limited,0.9659999999999263,1.6525349298404277,1.6524683441885368,6.65856518908825e-05,0.25153760787581303,2.24,1.0753270191139712,1.8146409044717058,1.687524699199785,2.1932800507380152,1.0967705782227337,-5.551115123125783e-17,-4.440892098500626e-16,sliding
sliding_limited,0.967999999999926,1.653036204204473,1.6529699482238853,6.625598058773718e-05,0.2495394719750171,2.24,1.0755518094028107,1.8148303636998726,1.6873481573217184,2.1932800507380152,1.100076200143852,0.0,0.0,sliding
sliding_limited,0.9699999999999258,1.6535334960627592,1.6534675688160354,6.592724672382921e-05,0.24755661197632406,2.24,1.0757748811526637,1.8150183744977193,1.6871730380551144,2.1932800507380152,1.1033828202278995,0.0,-6.661338147750939e-16,sliding
sliding_limited,0.9719999999999256,1.6540268358705479,1.6539612364141896,6.559945635831177e-05,0.24558892071967459,2.24,1.0759962464190367,1.8152049470259475,1.686999330217954,2.1932800507380152,1.1066904305434002,0.0,0.0,sliding
sliding_limited,0.9739999999999254,1.6545162538693168,1.6544509812539074,6.527261540933971e-05,0.24363629163953407,2.24,1.0762159171905525,1.815390091388887,1.686827022711148,2.1932800507380152,1.1099990232195545,0.0,-4.440892098500626e-16,sliding
sliding_limited,0.9759999999999251,1.655001780087946,1.654936833358294,6.494672965207116e-05,0.24169861876430282,2.24,1.076433905389016,1.8155738176345517,1.6866561045180155,2.1932800507380152,1.1133085904458109,0.0,2.220446049250313e-16,sliding
sliding_limited,0.9779999999999249,1.655483444343907,1.6554188225391826,6.462180472444068e-05,0.2397757967156527,2.24,1.0766502228694892,1.8157561357547025,1.6864865647037601,2.1932800507380152,1.1166191244714434,0.0,0.0,sliding
sliding_limited,0.9799999999999247,1.6559612762444484,1.6558969783983233,6.429784612516087e-05,0.23786772070781828,2.24,1.0768648814203705,1.8159370556849153,1.6863183924149503,2.1932800507380152,1.119930617605129,0.0,-2.220446049250313e-16,sliding
sliding_limited,0.9819999999999245,1.6564353051877798,1.656371330328563,6.397485921683099e-05,0.23597428654683394,2.24,1.0770778927634814,1.816116587304652,1.6861515768789976,2.1932800507380152,1.1232430622145289,0.0,-2.220446049250313e-16,sliding
sliding_limited,0.9839999999999243,1.6569055603642542,1.6568419075150276,6.365284922660308e-05,0.23409539062972143,2.24,1.0772892685541564,1.8162947404373395,1.6859861074036426,2.1932800507380152,1.1265564507258725,0.0,2.220446049250313e-16,sliding
sliding_limited,0.985999999999924,1.6573720707575514,1.6573087389363015,6.333182124995673e-05,0.23223092994361266,2.24,1.0774990203813437,1.8164715248504502,1.6858219733764328,2.1932800507380152,1.1298707756235424,0.0,-4.440892098500626e-16,sliding
sliding_limited,0.9879999999999238,1.6578348651458539,1.6577718533656067,6.301178024714638e-05,0.2303808020648523,2.24,1.0777071597677041,1.8166469502555889,1.685659164264215,2.1932800507380152,1.133186029449662,0.0,0.0,sliding
sliding_limited,0.9899999999999236,1.6582939721030279,1.6582312793719778,6.269273105008466e-05,0.22854490515801526,2.24,1.0779136981697233,1.8168210263085864,1.6854976696126172,2.1932800507380152,1.136502204803686,0.0,4.440892098500626e-16,sliding
sliding_limited,0.9919999999999234,1.6587494199997967,1.658687045321436,6.237467836078814e-05,0.22672313797490598,2.24,1.0781186469778232,1.8169937626095924,1.6853374790455393,2.1932800507380152,1.1398192943419931,0.0,-2.220446049250313e-16,sliding
sliding_limited,0.9939999999999232,1.659201237004916,1.6591391793781614,6.205762675470794e-05,0.2249153998534931,2.24,1.078322017516482,1.8171651687031791,1.685178582264647,2.1932800507380152,1.143137290777482,0.0,2.220446049250313e-16,sliding
sliding_limited,0.995999999999923,1.659649451086343,1.659587709505664,6.174158067917546e-05,0.22312159071681645,2.24,1.0785238210443582,1.817335254078442,1.6850209690488585,2.1932800507380152,1.1464561868791667,0.0,0.0,sliding
sliding_limited,0.9979999999999227,1.6600940900124082,1.6600326634679494,6.142654445873141e-05,0.2213416110718268,2.24,1.0787240687544195,1.817504028169112,1.684864629253843,2.1932800507380152,1.149775975471778,0.0,-2.220446049250313e-16,sliding
sliding_limited,0.9999999999999225,1.660535181352978,1.6604740688306865,6.111252229157316e-05,0.21957536200821395,2.24,1.078922771774076,1.8176715003536663,1.6847095528115175,2.1932800507380152,1.153096649435365,0.0,4.440892098500626e-16,sliding
sliding_limited,1.0019999999999223,1.6609727524806248,1.6609119529623682,6.079951825666008e-05,0.21782274519715314,2.24,1.0791199411653203,1.8178376799554457,1.6845557297295413,2.1932800507380152,1.1564182017048983,0.0,2.220446049250313e-16,sliding
sliding_limited,1.003999999999922,1.6614068305717835,1.6613463430354731,6.048753631038295e-05,0.21608366289005057,2.24,1.0793155879248695,1.8180025762427754,1.6844031500908199,2.1932800507380152,1.159740625269879,0.0,-6.661338147750939e-16,sliding
sliding_limited,1.0059999999999218,1.6618374426079143,1.661777266027623,6.0176580291226855e-05,0.21435801791721854,2.24,1.079509722984313,1.8181661984290904,1.6842518040530066,2.1932800507380152,1.1630639131739458,0.0,4.440892098500626e-16,sliding
sliding_limited,1.0079999999999216,1.6622646153766578,1.6622047487227392,5.986665391866097e-05,0.2126457136865282,2.24,1.0797023572102655,1.8183285556730615,1.684101681848003,2.1932800507380152,1.1663880585144863,0.0,2.220446049250313e-16,sliding
sliding_limited,1.0099999999999214,1.6626883754729882,1.6626288177121928,5.9557760795359016e-05,0.21094665418202416,2.24,1.0798935014045223,1.818489657078729,1.68395277378147,2.1932800507380152,1.1697130544422525,0.0,0.0,sliding
sliding_limited,1.0119999999999212,1.6631087493003667,1.6630494993959561,5.924990441052991e-05,0.2092607439624849,2.24,1.0800831663042205,1.8186495116956372,1.6838050702323317,2.1932800507380152,1.1730388941609746,0.0,2.220446049250313e-16,sliding
sliding_limited,1.013999999999921,1.6635257630718874,1.6634668199837497,5.894308813769733e-05,0.20758788815997242,2.24,1.0802713625820033,1.8188081285189734,1.6836585616522886,2.1932800507380152,1.1763655709269805,0.0,-2.220446049250313e-16,sliding
sliding_limited,1.0159999999999207,1.6639394428114236,1.6638808054961853,5.863731523825244e-05,0.2059279924783273,2.24,1.0804581008461882,1.8189655164897096,1.6835132385653275,2.1932800507380152,1.1796930780488162,0.0,2.220446049250313e-16,sliding
sliding_limited,1.0179999999999205,1.66434981435477,1.6642914817659062,5.833258886367432e-05,0.2042809631916377,2.24,1.0806433916409408,1.8191216844947486,1.6833690915672372,2.1932800507380152,1.1830214088868674,0.0,2.220446049250313e-16,sliding
sliding_limited,1.0199999999999203,1.664756903350781,1.6646988744387268,5.802891205419769e-05,0.20264670714267483,2.24,1.0808272454464491,1.8192766413670713,1.6832261113251235,2.1932800507380152,1.1863505568529868,0.0,-2.220446049250313e-16,sliding
sliding_limited,1.02199999999992,1.665160735262507,1.6651030089747656,5.772628774147748e-05,0.20102513174129563,2.24,1.0810096726791045,1.819430395885889,1.6830842885769286,2.1932800507380152,1.189680515410119,0.0,-8.881784197001252e-16,sliding
sliding_limited,1.0239999999999199,1.6655613353683292,1.665503910649578,5.742471875125332e-05,0.19941614496280394,2.24,1.0811906836916847,1.8195829567767985,1.6829436141309517,2.1932800507380152,1.1930112780719326,0.0,0.0,sliding
sliding_limited,1.0259999999999196,1.665958728763084,1.6659016045552824,5.7124207801573235e-05,0.1978196553463078,2.24,1.0813702887735404,1.8197343327119375,1.6828040788653706,2.1932800507380152,1.1963428384024501,0.0,4.440892098500626e-16,sliding
sliding_limited,1.0279999999999194,1.6663529403591948,1.6662961156016873,5.6824757507456525e-05,0.19623557199300826,2.24,1.0815484981507866,1.8198845323101471,1.6826656737277663,2.1932800507380152,1.199675190015683,0.0,2.220446049250313e-16,sliding
sliding_limited,1.0299999999999192,1.6667439948877913,1.6666874685174113,5.652637038000563e-05,0.19466380456449336,2.24,1.0817253219864946,1.820033564137134,1.6825283897346512,2.1932800507380152,1.2030083265752682,0.0,-2.220446049250313e-16,sliding
sliding_limited,1.031999999999919,1.6671319168998286,1.667075687851001,5.622904882773838e-05,0.1931042632809907,2.24,1.0819007703808887,1.8201814367056357,1.682392217970999,2.1932800507380152,1.2063422417941063,0.0,-8.881784197001252e-16,sliding
sliding_limited,1.0339999999999188,1.667516730767205,1.667460797972046,5.593279515903049e-05,0.19155685891958424,2.24,1.0820748533715467,1.8203281584755902,1.6822571495897733,2.1932800507380152,1.2096769294340026,0.0,2.220446049250313e-16,sliding
sliding_limited,1.0359999999999185,1.6678984606838718,1.6678428230722895,5.56376115823376e-05,0.19002150281241853,2.24,1.082247580933603,1.8204737378543046,1.682123175811462,2.1932800507380152,1.2130123833053104,0.0,2.220446049250313e-16,sliding
sliding_limited,1.0379999999999183,1.6682771306669435,1.6682217871667357,5.5343500207749585e-05,0.18849810684486923,2.24,1.0824189629799523,1.8206181831966306,1.6819902879236148,2.1932800507380152,1.216348597266576,0.0,4.440892098500626e-16,sliding
sliding_limited,1.039999999999918,1.6686527645578013,1.6685977140947532,5.5050463048100795e-05,0.18698658345369115,2.24,1.0825890093614599,1.8207615028051385,1.6818584772803786,2.1932800507380152,1.2196855652241876,0.0,-2.220446049250313e-16,sliding
sliding_limited,1.0419999999999179,1.669025386023195,1.6689706275211744,5.475850202052435e-05,0.18548684562514267,2.24,1.0827577298671716,1.8209037049302972,1.6817277353020408,2.1932800507380152,1.2230232811320219,0.0,-4.440892098500626e-16,sliding
sliding_limited,1.0439999999999177,1.6693950185563404,1.6693405509373924,5.4467618948006447e-05,0.18399880689307888,2.24,1.0829251342245287,1.8210447977706523,1.6815980534745676,2.1932800507380152,1.2263617389910995,0.0,-6.661338147750939e-16,sliding
sliding_limited,1.0459999999999174,1.6697616854780117,1.6697075076624528,5.41778155589423e-05,0.1825223813370382,2.24,1.0830912320995831,1.8211847894730098,1.6814694233491532,2.1932800507380152,1.2297009328492368,0.0,6.661338147750939e-16,sliding
sliding_limited,1.0479999999999172,1.670125409937633,1.6700715208441421,5.3889093490910867e-05,0.18105748358028434,2.24,1.083256033097218,1.821323688132619,1.6813418365417607,2.1932800507380152,1.2330408568007036,0.0,0.0,sliding
sliding_limited,1.049999999999917,1.670486214914362,1.6704326134600727,5.36014542893426e-05,0.17960402878785048,2.24,1.083419546761367,1.8214615017933613,1.6812152847326787,2.1932800507380152,1.236381504985881,0.0,0.0,sliding
sliding_limited,1.0519999999999168,1.6708441232181728,1.6707908083187621,5.331489941062806e-05,0.17816193266454494,2.24,1.0835817825752387,1.8215982384479377,1.681089759666068,2.1932800507380152,1.2397228715909223,0.0,0.0,sliding
sliding_limited,1.0539999999999166,1.671199157490933,1.6711461280607118,5.3029430221229745e-05,0.17673111145294762,2.24,1.0837427499615433,1.821733906038058,1.6809652531495158,2.1932800507380152,1.2430649508474143,0.0,4.440892098500626e-16,sliding
sliding_limited,1.0559999999999163,1.6715513402074784,1.6714985951594776,5.274504800079072e-05,0.175311481931378,2.24,1.0839024582827201,1.8218685124546343,1.6808417570535914,2.1932800507380152,1.2464077370320457,0.0,-4.440892098500626e-16,sliding
sliding_limited,1.0579999999999161,1.6719006936766825,1.6718482319227395,5.246175394302277e-05,0.1739029614118487,2.24,1.0840609168411672,1.8220020655379758,1.6807192633114076,2.1932800507380152,1.2497512244662707,0.0,-4.440892098500626e-16,sliding
sliding_limited,1.059999999999916,1.6722472400425203,1.6721950604933644,5.2179549155928484e-05,0.17250546773800854,2.24,1.084218134879474,1.822134573077983,1.6805977639181795,2.1932800507380152,1.2530954075159801,0.0,2.220446049250313e-16,sliding
sliding_limited,1.0619999999999157,1.6725910012851328,1.6725391028504697,5.1898434663133486e-05,0.17111891928305162,2.24,1.0843741215806568,1.822266042814344,1.6804772509307822,2.1932800507380152,1.2564402805911727,0.0,-4.440892098500626e-16,sliding
sliding_limited,1.0639999999999155,1.6729319992218803,1.6728803808104749,5.161841140544077e-05,0.16974323494762766,2.24,1.084528886068392,1.8223964824367376,1.6803577164673276,2.1932800507380152,1.259785838145627,0.0,2.220446049250313e-16,sliding
sliding_limited,1.0659999999999152,1.6732702555083994,1.6732189160281576,5.133948024171886e-05,0.16837833415771744,2.24,1.084682437407257,1.8225258995850293,1.68023915270672,2.1932800507380152,1.2631320746765802,0.0,-4.440892098500626e-16,sliding
sliding_limited,1.067999999999915,1.6736057916396496,1.6735547299976983,5.106164195134433e-05,0.1670241368625075,2.24,1.084834784602968,1.8226543018494767,1.680121551888234,2.1932800507380152,1.266478984724402,0.0,0.0,sliding
sliding_limited,1.0699999999999148,1.6739386289509572,1.6738878440537253,5.078489723198132e-05,0.16568056353224886,2.24,1.0849859366026222,1.8227816967709307,1.6800049063110827,2.1932800507380152,1.2698265628722767,0.0,-4.440892098500626e-16,sliding
sliding_limited,1.0719999999999146,1.674268788619057,1.6742182793723532,5.0509246703800414e-05,0.16434753515608835,2.24,1.0851359022949403,1.822908091841041,1.6798892083339936,2.1932800507380152,1.273174803745886,0.0,-8.881784197001252e-16,sliding
sliding_limited,1.0739999999999144,1.6745962916631276,1.674546056972218,5.0234690909700674e-05,0.1630249732399011,2.24,1.0852846905105111,1.8230334945024638,1.6797744503747862,2.1932800507380152,1.2765237020130897,0.0,0.0,sliding
sliding_limited,1.0759999999999141,1.6749211589458224,1.674871197715507,4.9961230315309635e-05,0.16171279980409956,2.24,1.0854323100220389,1.8231579121490655,1.6796606249099473,2.1932800507380152,1.2798732523836147,0.0,0.0,sliding
sliding_limited,1.077999999999914,1.6752434111742978,1.6751937223089852,4.9688865312536024e-05,0.160410937381434,2.24,1.0855787695445889,1.8232813521261355,1.6795477244742179,2.1932800507380152,1.2832234496087411,0.0,-8.881784197001252e-16,sliding
sliding_limited,1.0799999999999137,1.6755630689012337,1.6755136513050175,4.941759621623909e-05,0.1591193090147855,2.24,1.0857240777358368,1.8234038217305937,1.6794357416601742,2.1932800507380152,1.2865742884809945,0.0,-4.440892098500626e-16,sliding
sliding_limited,1.0819999999999135,1.6758801525258553,1.6758310051025842,4.914742327111199e-05,0.15783783825492997,2.24,1.0858682431963205,1.8235253282112007,1.679324669117812,2.1932800507380152,1.2899257638338357,0.0,-2.220446049250313e-16,sliding
sliding_limited,1.0839999999999133,1.6761946822949427,1.676145803948296,4.88783466467968e-05,0.1565664491583173,2.24,1.0860112744696895,1.823645878768772,1.6792144995541387,2.1932800507380152,1.2932778705413575,0.0,2.220446049250313e-16,sliding
sliding_limited,1.085999999999913,1.676506678303844,1.6764580679374002,4.861036644387973e-05,0.1553050662848128,2.24,1.0861531800429587,1.8237654805563888,1.6791052257327614,2.1932800507380152,1.2966306035179775,0.0,-2.220446049250313e-16,sliding
sliding_limited,1.0879999999999128,1.6768161604974776,1.6767678170147857,4.83434826918927e-05,0.15405361469544898,2.24,1.086293968346762,1.8238841406796138,1.6789968404734816,2.1932800507380152,1.2999839577181402,0.0,-2.220446049250313e-16,sliding
sliding_limited,1.0899999999999126,1.6771231486713338,1.6770750709759827,4.8077695351089744e-05,0.1528120199501548,2.24,1.0864336477556078,1.8240018661967046,1.678889336651889,2.1932800507380152,1.3033379281360142,0.0,-4.440892098500626e-16,sliding
sliding_limited,1.0919999999999124,1.6774276624724695,1.677379849468156,4.781300431355717e-05,0.15158020810548506,2.24,1.086572226588133,1.8241186641188305,1.6787827071989625,2.1932800507380152,1.3066925098051962,0.0,4.440892098500626e-16,sliding
sliding_limited,1.0939999999999122,1.677729721400501,1.677682171991096,4.754940940498997e-05,0.1503581057123295,2.24,1.0867097131073629,1.8242345414102878,1.678676945100665,2.1932800507380152,1.310047697798415,0.0,4.440892098500626e-16,sliding
sliding_limited,1.095999999999912,1.6780293448085886,1.6779820578982045,4.728691038402566e-05,0.14914563981362808,2.24,1.0868461155209668,1.8243495049887186,1.6785720433975497,2.1932800507380152,1.3134034872272367,0.0,2.220446049250313e-16,sliding
sliding_limited,1.0979999999999117,1.6783265519044197,1.6782795263974761,4.7025506943576545e-05,0.14794273794206844,2.24,1.0869814419815174,1.8244635617253275,1.6784679951843648,2.1932800507380152,1.316759873241774,0.0,2.220446049250313e-16,sliding
sliding_limited,1.0999999999999115,1.6786213617511871,1.678574596552473,4.6765198714160405e-05,0.14674932811777225,2.24,1.0871157005867507,1.824576718445102,1.6783647936096593,2.1932800507380152,1.3201168510303953,0.0,2.220446049250313e-16,sliding
sliding_limited,1.1019999999999113,1.67891379326856,1.6788672872832986,4.6505985261457994e-05,0.14556533884599032,2.24,1.0872488993798262,1.8246889819270304,1.678262431875392,2.1932800507380152,1.3234744158194376,0.0,4.440892098500626e-16,sliding
sliding_limited,1.103999999999911,1.679203865233653,1.6791576173675646,4.624786608831144e-05,0.14439069911477664,2.24,1.0873810463495877,1.8248003589043225,1.678160903236544,2.1932800507380152,1.3268325628729207,0.0,0.0,sliding
sliding_limited,1.1059999999999108,1.67949159628199,1.6794456054413516,4.599084063849901e-05,0.14322533839265822,2.24,1.087512149430826,1.824910856064631,1.678060201000733,2.1932800507380152,1.3301912874922623,0.0,2.220446049250313e-16,sliding
sliding_limited,1.1079999999999106,1.6797770049084624,1.67973127000017,4.573490829229421e-05,0.14206918662631005,2.24,1.0876422165045403,1.8250204800502712,1.6779603185278278,2.1932800507380152,1.3335505850159968,0.0,-4.440892098500626e-16,sliding
sliding_limited,1.1099999999999104,1.6800601094682837,1.6800146293999105,4.5480068373127125e-05,0.14092217423820774,2.24,1.0877712553982017,1.8251292374584436,1.6778612492295693,2.1932800507380152,1.3369104508194936,0.0,-2.220446049250313e-16,sliding
sliding_limited,1.1119999999999102,1.6803409281779385,1.6802957018577953,4.522632014314354e-05,0.13978423212429347,2.24,1.0878992738860171,1.825237134841457,1.6777629865691899,2.1932800507380152,1.3402708803146808,0.0,-2.220446049250313e-16,sliding
sliding_limited,1.11399999999991,1.6806194791161284,1.680574505453319,4.4973662809422166e-05,0.13865529165161808,2.24,1.088026279689193,1.8253441787069487,1.6776655240610352,2.1932800507380152,1.3436318689497666,0.0,-2.220446049250313e-16,sliding
sliding_limited,1.1159999999999097,1.6808957802247109,1.6808510581291904,4.4722095520421945e-05,0.13753528465599987,2.24,1.0881522804762,1.82545037551811,1.677568855270194,2.1932800507380152,1.3469934122089673,0.0,-2.220446049250313e-16,sliding
sliding_limited,1.1179999999999095,1.6811698493096354,1.6811253776922668,4.4471617368646577e-05,0.1364241434396613,2.24,1.0882772838630381,1.8255557316939077,1.6774729738121203,2.1932800507380152,1.3503555056122318,-2.7755575615628914e-17,0.0,sliding
sliding_limited,1.1199999999999093,1.6814417040418737,1.681397481814481,4.422222739264292e-05,0.1353218007688745,2.24,1.0884012974135018,1.8256602536093083,1.6773778733522673,2.1932800507380152,1.3537181447149738,0.0,-2.220446049250313e-16,sliding
sliding_limited,1.121999999999909,1.681711361958346,1.6816673880337705,4.397392457544669e-05,0.1342281898715967,2.24,1.0885243286394455,1.8257639475955032,1.6772835476057195,2.1932800507380152,1.3570813251078004,2.7755575615628914e-17,-6.661338147750939e-16,sliding
sliding_limited,1.1239999999999088,1.681978840462842,1.681935113754995,4.3726707847024926e-05,0.13314324443510825,2.24,1.0886463850010504,1.8258668199401313,1.6771899903368253,2.1932800507380152,1.360445042416246,2.7755575615628914e-17,-2.220446049250313e-16,sliding
sliding_limited,1.1259999999999086,1.6822441568269384,1.6822006762508526,4.3480576085830336e-05,0.13206689860363977,2.24,1.0887674739070907,1.8259688768875035,1.6770971953588332,2.1932800507380152,1.3638092923005072,2.7755575615628914e-17,-4.440892098500626e-16,sliding
sliding_limited,1.1279999999999084,1.6825073281909093,1.682464092662792,4.323552811724696e-05,0.1309990869760092,2.24,1.088887602715199,1.8260701246388291,1.677005156533536,2.1932800507380152,1.3671740704551791,2.7755575615628914e-17,0.0,sliding
sliding_limited,1.1299999999999082,1.6827683715646333,1.6827253800019168,4.299156271647675e-05,0.1299397446032525,2.24,1.0890067787321343,1.826170569352438,1.6769138677709055,2.1932800507380152,1.3705393726089938,0.0,-2.220446049250313e-16,sliding
sliding_limited,1.131999999999908,1.6830273038284975,1.682984555149889,4.274867860853959e-05,0.12888880698624094,2.24,1.0891250092140479,1.8262702171440077,1.6768233230287408,2.1932800507380152,1.3739051945245604,0.0,4.440892098500626e-16,sliding
sliding_limited,1.1339999999999077,1.683284141734293,1.6832416348598234,4.250687446960555e-05,0.1278462100733193,2.24,1.0892423013667518,1.826369074086787,1.6767335163123103,2.1932800507380152,1.377271531998108,0.0,-6.661338147750939e-16,sliding
sliding_limited,1.1359999999999075,1.6835389019061093,1.6834966357571817,4.226614892766101e-05,0.12681189025792364,2.24,1.0893586623459837,1.8264671462118236,1.6766444416740058,2.1932800507380152,1.3806383808592269,0.0,0.0,sliding
sliding_limited,1.1379999999999073,1.6837916008412206,1.6837495743406588,4.202650056184254e-05,0.1257857843762164,2.24,1.0894740992576757,1.8265644395081846,1.676556093212985,2.1932800507380152,1.3840057369706176,-2.7755575615628914e-17,-2.220446049250313e-16,sliding
sliding_limited,1.139999999999907,1.6840422549109706,1.684000466983065,4.178792790554553e-05,0.12476782970470239,2.24,1.0895886191582211,1.8266609599231858,1.6764684650748294,2.1932800507380152,1.3873735962278357,0.0,-2.220446049250313e-16,sliding
sliding_limited,1.1419999999999069,1.684290880361651,1.6842493299322052,4.155042944575804e-05,0.12375796395785804,2.24,1.089702229054741,1.8267567133626157,1.6763815514511984,2.1932800507380152,1.3907419545590414,0.0,6.661338147750939e-16,sliding
sliding_limited,1.1439999999999066,1.6845374933153743,1.6844961793117494,4.131400362483717e-05,0.12275612528575802,2.24,1.0898149359053524,1.826851705690959,1.6762953465794823,2.1932800507380152,1.394110807924752,0.0,-4.440892098500626e-16,sliding
sliding_limited,1.1459999999999064,1.6847821097709441,1.6847410311221038,4.1078648840287e-05,0.12176225227170058,2.24,1.0899267466194338,1.8269459427316248,1.6762098447424685,2.1932800507380152,1.3974801523175926,0.0,0.0,sliding
sliding_limited,1.1479999999999062,1.6850247456047183,1.6849839012412722,4.084436344609088e-05,0.12077628392983773,2.24,1.0900376680578934,1.8270394302671682,1.6761250402679952,2.1932800507380152,1.4008499837620507,0.0,0.0,sliding
sliding_limited,1.149999999999906,1.6852654165714684,1.6852248054257162,4.061114575226732e-05,0.11979815970280389,2.24,1.0901477070334347,1.8271321740395168,1.6760409275286205,2.1932800507380152,1.404220298314233,0.0,-2.220446049250313e-16,sliding
sliding_limited,1.1519999999999058,1.685504138305236,1.6854637593112087,4.037899402731249e-05,0.1188278194593436,2.24,1.0902568703108237,1.8272241797501954,1.6759575009412855,2.1932800507380152,1.4075910920616228,0.0,2.220446049250313e-16,sliding
sliding_limited,1.1539999999999055,1.6857409263201826,1.6857007784136826,4.014790649997657e-05,0.11786520349194174,2.24,1.0903651646071566,1.8273154530605504,1.675874754966981,2.1932800507380152,1.4109623611228397,0.0,0.0,sliding
sliding_limited,1.1559999999999053,1.6859757960114323,1.6859358781300775,3.991788135482288e-05,0.11691025251446824,2.24,1.0904725965921223,1.8274059995919736,1.6757926841104216,2.1932800507380152,1.4143341016474,0.0,2.220446049250313e-16,sliding
sliding_limited,1.157999999999905,1.6862087626559166,1.6861690737391766,3.9688916739999414e-05,0.11596290765980054,2.24,1.0905791728882726,1.8274958249261273,1.6757112829197136,2.1932800507380152,1.4177063098154803,0.0,2.220446049250313e-16,sliding
sliding_limited,1.1599999999999049,1.6864398414132067,1.6864003804024448,3.9461010761909776e-05,0.11502311047747366,2.24,1.0906849000712844,1.8275849346051662,1.6756305459860312,2.1932800507380152,1.421078981837682,0.0,-2.220446049250313e-16,sliding
sliding_limited,1.1619999999999047,1.6866690473263464,1.6866298131648574,3.923416148898795e-05,0.11409080293131679,2.24,1.090789784670227,1.8276733341319646,1.6755504679432949,2.1932800507380152,1.4244521139547972,0.0,-2.220446049250313e-16,sliding
sliding_limited,1.1639999999999044,1.6868963953226788,1.6868573869557262,3.900836695258647e-05,0.11316592739709755,2.24,1.0908938331678266,1.8277610289703352,1.6754710434678446,2.1932800507380152,1.4278257024375767,0.0,-4.440892098500626e-16,sliding
sliding_limited,1.1659999999999042,1.6871219002146671,1.6870831165895213,3.8783625145866196e-05,0.11224842666017074,2.24,1.0909970520007308,1.8278480245452566,1.6753922672781267,2.1932800507380152,1.4311997435864994,0.0,0.0,sliding
sliding_limited,1.167999999999904,1.6873455767007122,1.6873070167666857,3.855993402646085e-05,0.11133824391313143,2.24,1.0910994475597728,1.827934326243092,1.6753141341343716,2.1932800507380152,1.434574233731544,0.0,-2.220446049250313e-16,sliding
sliding_limited,1.1699999999999038,1.687567439365965,1.6875291020744498,3.8337291515144756e-05,0.11043532275346468,2.24,1.0912010261902352,1.8280199394118148,1.675236638838283,2.1932800507380152,1.4379491692319604,0.0,2.220446049250313e-16,sliding
sliding_limited,1.1719999999999036,1.6877875026831337,1.6877493869876359,3.8115695497831226e-05,0.10953960718121032,2.24,1.091301794192114,1.8281048693612285,1.675159776232721,2.1932800507380152,1.4413245464760454,0.0,0.0,sliding
sliding_limited,1.1739999999999033,1.6880057810132885,1.687967885869461,3.7895143827570976e-05,0.10865104159661561,2.24,1.0914017578203807,1.8281891213631898,1.6750835412013942,2.1932800507380152,1.4447003618809187,0.0,2.220446049250313e-16,sliding
sliding_limited,1.1759999999999031,1.6882222886066567,1.688184612972336,3.767563432077736e-05,0.10776957079781468,2.24,1.091500923285246,1.8282727006518287,1.675007928668549,2.1932800507380152,1.4480766118922999,0.0,0.0,sliding
sliding_limited,1.177999999999903,1.688437039603419,1.6883995824386568,3.745716476211136e-05,0.1068951399784915,2.24,1.09159929675242,1.8283556124237696,1.6749329335986642,2.1932800507380152,1.4514532929842867,0.0,-8.881784197001252e-16,sliding
sliding_limited,1.1799999999999027,1.6886500480344986,1.6886128083015937,3.723973290492566e-05,0.10602769472555189,2.24,1.0916968843433754,1.8284378618383532,1.6748585509961462,2.1932800507380152,1.4548304016591391,0.0,0.0,sliding
sliding_limited,1.1819999999999025,1.6888613278223434,1.688824304485875,3.7023336468378076e-05,0.10516718101681384,2.24,1.0917936921356086,1.8285194540178538,1.6747847759050238,2.1932800507380152,1.4582079344470578,0.0,-4.440892098500626e-16,sliding
sliding_limited,1.1839999999999022,1.689070892781708,1.689034084808566,3.680797314187245e-05,0.10431354521868408,2.24,1.0918897261628981,1.828600394047701,1.6747116034086518,2.1932800507380152,1.4615858879059702,0.0,0.0,sliding
sliding_limited,1.185999999999902,1.689278756620427,1.6892421629798433,3.6593640583726383e-05,0.10346673408385307,2.24,1.0919849924155667,1.8286806869766976,1.6746390286294095,2.1932800507380152,1.4649642586213156,0.0,-2.220446049250313e-16,sliding
sliding_limited,1.1879999999999018,1.6894849329401875,1.689448552603765,3.638033642250349e-05,0.10262669474898632,2.24,1.0920794968407392,1.8287603378172386,1.6745670467284044,2.1932800507380152,1.4683430432058322,0.0,-4.440892098500626e-16,sliding
sliding_limited,1.1899999999999016,1.6896894352372926,1.6896532671790363,3.616805825634728e-05,0.10179337473243065,2.24,1.0921732453426016,1.8288393515455288,1.6744956529051798,2.1932800507380152,1.4717222382993453,0.0,0.0,sliding
sliding_limited,1.1919999999999014,1.689892276903425,1.6898563200997687,3.595680365631182e-05,0.10096672193191422,2.24,1.0922662437826596,1.8289177331018012,1.6744248423974195,2.1932800507380152,1.4751018405685574,0.0,6.661338147750939e-16,sliding
sliding_limited,1.1939999999999011,1.690093471226402,1.690057724656238,3.5746570163919245e-05,0.1001466846222636,2.24,1.0923584979799954,1.8289954873905319,1.674354610480658,2.1932800507380152,1.47848184670684,0.0,-2.220446049250313e-16,sliding
sliding_limited,1.195999999999901,1.6902930313909277,1.6902574940356347,3.553735529293611e-05,0.09933321145312275,2.24,1.0924500137115238,1.8290726192806595,1.6742849524679952,2.1932800507380152,1.4818622534340273,0.0,-2.220446049250313e-16,sliding
sliding_limited,1.1979999999999007,1.6904909704793427,1.6904556413228116,3.5329156531149764e-05,0.09852625144666825,2.24,1.09254079671225,1.8291491336057977,1.6742158637098046,2.1932800507380152,1.4852430574962099,0.0,-2.220446049250313e-16,sliding
sliding_limited,1.1999999999999005,1.690687301472364,1.6906521795010252,3.5121971338814006e-05,0.0977257539953517,2.24,1.092630852675523,1.8292250351644532,1.6741473395934532,2.1932800507380152,1.488624255665531,0.0,0.0,sliding
sliding_limited,1.2019999999999003,1.6908820372498259,1.6908471214526757,3.491579715020343e-05,0.09693166885962655,2.24,1.0927201872532921,1.8293003287202385,1.6740793755430157,2.1932800507380152,1.4920058447399842,0.0,0.0,sliding
sliding_limited,1.2039999999999,1.6910751905914132,1.6910404799600378,3.471063137538977e-05,0.09614394616569454,2.24,1.0928088060563594,1.8293750190020868,1.674011967018996,2.1932800507380152,1.4953878215432126,0.0,-2.220446049250313e-16,sliding
sliding_limited,1.2059999999998998,1.6912667741773904,1.6912322677059914,3.450647139890961e-05,0.09536253640325545,2.24,1.0928967146546338,1.8294491107044655,1.6739451095180478,2.1932800507380152,1.498770182924309,0.0,4.440892098500626e-16,sliding
sliding_limited,1.2079999999998996,1.691456800589327,1.691422497274746,3.4303314580874655e-05,0.09458739042326378,2.24,1.0929839185773829,1.8295226084875877,1.6738787985726966,2.1932800507380152,1.5021529257576178,0.0,0.0,sliding
sliding_limited,1.2099999999998994,1.6916452823108175,1.6916111811525596,3.4101158257859865e-05,0.09381845943568973,2.24,1.093070423313485,1.8295955169776266,1.673813029751068,2.1932800507380152,1.5055360469425394,0.0,4.440892098500626e-16,sliding
sliding_limited,1.2119999999998992,1.6918322317281982,1.691798331728455,3.389999974312552e-05,0.09305569500729051,2.24,1.0931562343116799,1.8296678407669242,1.6737477986566107,2.1932800507380152,1.5089195434033333,0.0,2.220446049250313e-16,sliding
sliding_limited,1.213999999999899,1.6920176611312587,1.691983961294931,3.369983632772744e-05,0.09229904905938648,2.24,1.093241356980819,1.829739584414205,1.6736831009278292,2.1932800507380152,1.5123034120889267,0.0,2.220446049250313e-16,sliding
sliding_limited,1.2159999999998987,1.6922015827139478,1.6921680820486682,3.3500665279628805e-05,0.09154847386564716,2.24,1.0933257966901149,1.8298107524447826,1.6736189322380108,2.1932800507380152,1.5156876499727197,0.0,-6.661338147750939e-16,sliding
sliding_limited,1.2179999999998985,1.6923840085750779,1.692350706091232,3.3302483845920605e-05,0.09080392204987899,2.24,1.0934095587693886,1.829881349350774,1.6735552882949645,2.1932800507380152,1.5190722540523958,0.0,4.440892098500626e-16,sliding
sliding_limited,1.2199999999998983,1.6925649507190221,1.6925318454297693,3.3105289252821635e-05,0.09006534658382702,2.24,1.0934926485093195,1.8299513795913023,1.6734921648407461,2.1932800507380152,1.5224572213497323,0.0,4.440892098500626e-16,sliding
sliding_limited,1.221999999999898,1.692744421056409,1.6927115119777039,3.290907870523441e-05,0.08933270078497979,2.24,1.0935750711616898,1.8300208475927098,1.6734295576514044,2.1932800507380152,1.5258425489104122,0.0,0.0,sliding
sliding_limited,1.2239999999998978,1.6929224314048112,1.692889717555423,3.2713849388299465e-05,0.08860593831438562,2.24,1.0936568319396318,1.830089757748763,1.6733674625367139,2.1932800507380152,1.5292282338038359,0.0,-4.440892098500626e-16,sliding
sliding_limited,1.2259999999998976,1.6930989934894316,1.6930664738909638,3.251959846783947e-05,0.08788501317446776,2.24,1.0937379360178725,1.8301581144208594,1.6733058753399161,2.1932800507380152,1.5326142731229395,0.0,-2.220446049250313e-16,sliding
sliding_limited,1.2279999999998974,1.693274118943783,1.6932417926206929,3.2326323090137166e-05,0.08716987970686216,2.24,1.0938183885329782,1.830225921938233,1.673244791937462,2.1932800507380152,1.5360006639840074,0.0,-4.440892098500626e-16,sliding
sliding_limited,1.2299999999998972,1.6934478193103655,1.6934156852899827,3.2134020382823536e-05,0.08646049259024877,2.24,1.093898194583597,1.8302931845981611,1.6731842082387567,2.1932800507380152,1.5393874035264903,0.0,-2.220446049250313e-16,sliding
sliding_limited,1.231999999999897,1.6936201060413378,1.6935881633538827,3.194268745509987e-05,0.08575680683819951,2.24,1.0939773592307027,1.8303599066661658,1.673124120185902,2.1932800507380152,1.5427744889128245,0.0,-4.440892098500626e-16,sliding
sliding_limited,1.2339999999998967,1.6937909904991866,1.6937592381777875,3.175232139907003e-05,0.0850587777970272,2.24,1.0940558874978346,1.8304260923762194,1.6730645237534472,2.1932800507380152,1.5461619173282533,0.0,-4.440892098500626e-16,sliding
sliding_limited,1.2359999999998965,1.6939604839573879,1.6939289210380988,3.156291928907429e-05,0.08436636114365399,2.24,1.094133784371339,1.830491745930948,1.6730054149481375,2.1932800507380152,1.549549685980645,0.0,2.220446049250313e-16,sliding
sliding_limited,1.2379999999998963,1.6941285976010685,1.6940972231228857,3.137447818279959e-05,0.0836795128834716,2.24,1.0942110548006097,1.8305568715018312,1.6729467898086632,2.1932800507380152,1.5529377921003191,0.0,-6.661338147750939e-16,sliding
sliding_limited,1.239999999999896,1.6942953425276597,1.6942641555325375,3.1186995122167716e-05,0.08299818934822674,2.24,1.0942877036983247,1.8306214732294053,1.6728886444054154,2.1932800507380152,1.556326232939868,0.0,-6.661338147750939e-16,sliding
sliding_limited,1.2419999999998959,1.6944607297475482,1.6944297292804162,3.1000467132002996e-05,0.08232234719390437,2.24,1.0943637359406857,1.8306855552234629,1.6728309748402388,2.1932800507380152,1.559715005773983,0.0,4.440892098500626e-16,sliding
sliding_limited,1.2439999999998956,1.6946247701847235,1.6945939552935008,3.081489122269687e-05,0.08165194339862142,2.24,1.094439156367655,1.8307491215632519,1.6727737772461864,2.1932800507380152,1.5631041078992816,0.0,6.661338147750939e-16,sliding
sliding_limited,1.2459999999998954,1.6947874746774194,1.6947568444130299,3.063026438954175e-05,0.08098693526052805,2.24,1.0945139697831907,1.8308121762976755,1.6727170477872804,2.1932800507380152,1.5664935366341337,0.0,-4.440892098500626e-16,sliding
sliding_limited,1.2479999999998952,1.6949488539787525,1.69491840739514,3.044658361250896e-05,0.08032728039572543,2.24,1.094588180955481,1.8308747234454907,1.6726607826582736,2.1932800507380152,1.569883289318494,0.0,-2.220446049250313e-16,sliding
sliding_limited,1.249999999999895,1.6951089187573556,1.6950786549114978,3.0263845857803062e-05,0.07967293673618199,2.24,1.0946617946171795,1.8309367669955035,1.6726049780844054,2.1932800507380152,1.5732733633137286,0.0,4.440892098500626e-16,sliding
sliding_limited,1.2519999999998948,1.695267679598009,1.6952375975499314,3.008204807763981e-05,0.0790238625276591,2.24,1.0947348154656384,1.8309983109067662,1.6725496303211684,2.1932800507380152,1.5766637560024486,0.0,4.440892098500626e-16,sliding
sliding_limited,1.2539999999998945,1.6954251470022657,1.6953952458150543,2.9901187211356373e-05,0.07838001632765076,2.24,1.0948072481631392,1.8310593591087745,1.6724947356540747,2.1932800507380152,1.580054464788344,0.0,2.220446049250313e-16,sliding
sliding_limited,1.2559999999998943,1.6955813313890715,1.6955516101288868,2.972126018474519e-05,0.07774135700333513,2.24,1.094879097337125,1.8311199155016593,1.6724402903984183,2.1932800507380152,1.5834454870960168,0.0,0.0,sliding
sliding_limited,1.257999999999894,1.6957362430953855,1.6957067008314732,2.9542263912274436e-05,0.07710784372951862,2.24,1.0949503675804293,1.831179983956384,1.6723862908990486,2.1932800507380152,1.5868368203708159,0.0,-4.440892098500626e-16,sliding
sliding_limited,1.2599999999998939,1.6958898923767907,1.6958605281814956,2.93641952950896e-05,0.07647943598661035,2.24,1.0950210634515063,1.8312395683149345,1.6723327335301363,2.1932800507380152,1.5902284620786742,0.0,4.440892098500626e-16,sliding
sliding_limited,1.2619999999998937,1.6960422894081038,1.6960131023568816,2.9187051222123728e-05,0.07585609355859317,2.24,1.0950911894746582,1.8312986723905125,1.6722796146949468,2.1932800507380152,1.5936204097059483,0.0,4.440892098500626e-16,sliding
sliding_limited,1.2639999999998934,1.6961934442839823,1.69616443345541,2.9010828572317848e-05,0.07523777653100004,2.24,1.0951607501402625,1.8313572999677274,1.6722269308256132,2.1932800507380152,1.597012660759255,0.0,4.440892098500626e-16,sliding
sliding_limited,1.2659999999998932,1.6963433670195245,1.6963145314953116,2.8835524212844632e-05,0.07462444528890992,2.24,1.0952297499049977,1.8314154548027868,1.6721746783829121,2.1932800507380152,1.600405212765313,0.0,2.220446049250313e-16,sliding
sliding_limited,1.267999999999893,1.6964920675508666,1.6964634064158666,2.8661134999996563e-05,0.07401606051494564,2.24,1.0952981931920687,1.831473140623685,1.672122853856039,2.1932800507380152,1.6037980632707844,0.0,0.0,sliding
sliding_limited,1.2699999999998928,1.6966395557357765,1.6966110680779958,2.848765778074025e-05,0.07341258318728446,2.24,1.0953660843914306,1.831530361130393,1.6720714537623873,2.1932800507380152,1.6071912098421177,0.0,4.440892098500626e-16,sliding
sliding_limited,1.2719999999998925,1.6967858413542436,1.696757526264852,2.8315089391606207e-05,0.07281397457767355,2.24,1.0954334278600117,1.8315871199950455,1.6720204746473273,2.1932800507380152,1.6105846500653902,0.0,2.220446049250313e-16,sliding
sliding_limited,1.2739999999998923,1.696930934109063,1.6969027906824035,2.814342665957703e-05,0.07222019624946155,2.24,1.0955002279219357,1.8316434208621288,1.671969913083989,2.1932800507380152,1.613978381546155,0.0,-2.220446049250313e-16,sliding
sliding_limited,1.275999999999892,1.6970748436264174,1.6970468709600146,2.7972666402753532e-05,0.07163121005563347,2.24,1.0955664888687413,1.831699267348666,1.6719197656730445,2.1932800507380152,1.617372401909286,0.0,-2.220446049250313e-16,sliding
sliding_limited,1.277999999999892,1.6972175794564546,1.6971897766510249,2.7802805429688604e-05,0.07104697813685651,2.24,1.0956322149596038,1.831754663044403,1.6718700290424924,2.1932800507380152,1.6207667087988267,0.0,-4.440892098500626e-16,sliding
sliding_limited,1.2799999999998917,1.6973591510738624,1.6973315172333205,2.7633840541829713e-05,0.07046746291953158,2.24,1.0956974104215529,1.8318096115119928,1.6718206998474443,2.1932800507380152,1.6241612998778363,0.0,-6.661338147750939e-16,sliding
sliding_limited,1.2819999999998914,1.6974995678784353,1.6974721021099044,2.7465768530854362e-05,0.06989262711386839,2.24,1.09576207944969,1.831864116287179,1.6717717747699132,2.1932800507380152,1.627556172828242,0.0,-6.661338147750939e-16,sliding
sliding_limited,1.2839999999998912,1.6976388391956427,1.6976115406094614,2.7298586181334628e-05,0.0693224337119501,2.24,1.0958262262074057,1.8319181808789768,1.6717232505186017,2.1932800507380152,1.6309513253506875,0.0,0.0,sliding
sliding_limited,1.285999999999891,1.697776974277192,1.697749841986921,2.7132290270959203e-05,0.06875684598581336,2.24,1.095889854826596,1.8319718087698584,1.671675123828693,2.1932800507380152,1.634346755164388,0.0,0.0,sliding
sliding_limited,1.2879999999998908,1.6979139823015839,1.6978870154240138,2.696687757008931e-05,0.06819582748555156,2.24,1.0959529694078756,1.8320250034159304,1.6716273914616444,2.1932800507380152,1.6377424600069803,1.3877787807814457e-17,-2.220446049250313e-16,sliding
sliding_limited,1.2899999999998906,1.6980498723746678,1.6980230700298264,2.6802344841314607e-05,0.06763934203741334,2.24,1.096015574020791,1.8320777682471154,1.6715800502049813,2.1932800507380152,1.6411384376343783,-1.3877787807814457e-17,-2.220446049250313e-16,sliding
sliding_limited,1.2919999999998903,1.6981846535301937,1.6981580148413515,2.663868884211773e-05,0.06708735374190931,2.24,1.0960776727040353,1.8321301066673308,1.6715330968720914,2.1932800507380152,1.6445346858206285,-1.3877787807814457e-17,-4.440892098500626e-16,sliding
sliding_limited,1.2939999999998901,1.6983183347303583,1.6982918588240348,2.647590632354202e-05,0.066539826971934,2.24,1.0961392694656575,1.832182022054667,1.6714865283020224,2.1932800507380152,1.6479312023577661,1.3877787807814457e-17,-4.440892098500626e-16,sliding
sliding_limited,1.29599999999989,1.698450924866346,1.6984246108723169,2.63139940290813e-05,0.06599672637090777,2.24,1.0962003682832728,1.8322335177615638,1.6714403413592818,2.1932800507380152,1.651327985055672,1.3877787807814457e-17,2.220446049250313e-16,sliding
sliding_limited,1.2979999999998897,1.6985824327588723,1.6985562798101732,2.615294869912077e-05,0.06545801685089771,2.24,1.096260973104274,1.8322845971149884,1.6713945329336333,2.1932800507380152,1.6547250317419324,0.0,0.0,sliding
sliding_limited,1.2999999999998895,1.6987128671587162,1.698686874391649,2.5992767067162248e-05,0.06492366359078203,2.24,1.096321087846037,1.8323352634166097,1.6713490999399034,2.1932800507380152,1.658122340261698,-1.3877787807814457e-17,2.220446049250313e-16,sliding
sliding_limited,1.3019999999998892,1.6988422367472527,1.6988164033013908,2.5833445861822568e-05,0.06439363203440372,2.24,1.0963807163961297,1.8323855199429726,1.6713040393177798,2.1932800507380152,1.6615199084775443,-1.3877787807814457e-17,-4.440892098500626e-16,sliding
sliding_limited,1.303999999999889,1.6989705501369834,1.6989448751551746,2.5674981808831987e-05,0.06386788788873396,2.24,1.0964398626125176,1.8324353699456735,1.6712593480316185,2.1932800507380152,1.6649177342693338,1.3877787807814457e-17,-6.661338147750939e-16,sliding
sliding_limited,1.3059999999998888,1.6990978158720573,1.6990722985004303,2.5517371627037377e-05,0.06334639712206289,2.24,1.096498530323768,1.832484816651531,1.67121502307025,2.1932800507380152,1.668315815534078,-1.3877787807814457e-17,-2.220446049250313e-16,sliding
sliding_limited,1.3079999999998886,1.6992240424287952,1.6991986818167626,2.5360612032621077e-05,0.06282912596217172,2.24,1.096556723329256,1.8325338632627584,1.6711710614467825,2.1932800507380152,1.6717141501858033,-1.3877787807814457e-17,-8.881784197001252e-16,sliding
sliding_limited,1.3099999999998884,1.6993492382162052,1.6993240335164672,2.5204699737990666e-05,0.062316040894541666,2.24,1.096614445399364,1.8325825129571354,1.6711274601984174,2.1932800507380152,1.6751127361554137,0.0,6.661338147750939e-16,sliding
sliding_limited,1.3119999999998881,1.6994734115764967,1.6994483619450453,2.5049631451334875e-05,0.06180710866055541,2.24,1.0966717002756876,1.8326307688881767,1.6710842163862525,2.1932800507380152,1.678511571390558,0.0,2.220446049250313e-16,sliding
sliding_limited,1.313999999999888,1.699596570785591,1.6995716753817132,2.4895403877733813e-05,0.06130229625571418,2.24,1.096728491671232,1.832678634185303,1.6710413270951,2.1932800507380152,1.6819106538554967,0.0,4.440892098500626e-16,sliding
sliding_limited,1.3159999999998877,1.6997187240536284,1.6996939820399082,2.4742013720269185e-05,0.06080157092785836,2.24,1.096784823270616,1.8327261119540077,1.670998789433293,2.1932800507380152,1.6853099815309691,0.0,-4.440892098500626e-16,sliding
sliding_limited,1.3179999999998875,1.6998398795254706,1.6998152900677919,2.4589457678692028e-05,0.06030490017541239,2.24,1.0968406987302664,1.8327732052760255,1.670956600532507,2.1932800507380152,1.6887095524140634,0.0,-4.440892098500626e-16,sliding
sliding_limited,1.3199999999998873,1.6999600452811992,1.6999356075487497,2.443773244942271e-05,0.05981225174562538,2.24,1.096896121678617,1.8328199172094972,1.670914757547571,2.1932800507380152,1.692109364518086,0.0,4.440892098500626e-16,sliding
sliding_limited,1.321999999999887,1.700079229336614,1.7000549425018865,2.4286834727549333e-05,0.059323593632820436,2.24,1.0969510957163078,1.8328662507891362,1.670873257656283,2.1932800507380152,1.695509415872432,0.0,-2.220446049250313e-16,sliding
sliding_limited,1.3239999999998868,1.7001974396437247,1.7001733028825183,2.413676120638364e-05,0.058838894076664025,2.24,1.0970056244163753,1.832912209026394,1.6708320980592355,2.1932800507380152,1.6989097045224588,0.0,2.220446049250313e-16,sliding
sliding_limited,1.3259999999998866,1.7003146840912393,1.7002906965826625,2.398750857679488e-05,0.058358121560439305,2.24,1.0970597113244507,1.8329577949096225,1.670791275979629,2.1932800507380152,1.7023102285293574,0.0,0.0,sliding
sliding_limited,1.3279999999998864,1.7004309705050509,1.7004071314315212,2.383907352965231e-05,0.057881244809324724,2.24,1.097113359958951,1.8330030114042364,1.6707507886630957,2.1932800507380152,1.7057109859700286,0.0,0.0,sliding
sliding_limited,1.3299999999998862,1.7005463066487183,1.7005226151959663,2.3691452752050424e-05,0.057408232788695154,2.24,1.097166573811272,1.8330478614528776,1.6707106333775237,2.1932800507380152,1.7091119749369543,0.0,0.0,sliding
sliding_limited,1.331999999999886,1.7006607002239473,1.7006371555810145,2.354464293286007e-05,0.0569390547024123,2.24,1.0972193563459787,1.8330923479755732,1.6706708074128769,2.1932800507380152,1.7125131935380762,0.0,2.220446049250313e-16,sliding
sliding_limited,1.3339999999998857,1.700774158871064,1.7007507602303058,2.339864075828757e-05,0.05647367999114528,2.24,1.0972717110009964,1.8331364738698979,1.670631308081024,2.1932800507380152,1.715914639896672,0.0,-4.440892098500626e-16,sliding
sliding_limited,1.3359999999998855,1.7008866901694883,1.7008634367265734,2.3253442914983324e-05,0.05601207833068843,2.24,1.0973236411877976,1.8331802420111318,1.6705921327155646,2.1932800507380152,1.7193163121512325,0.0,2.220446049250313e-16,sliding
sliding_limited,1.3379999999998853,1.7009983016382013,1.7009751925921126,2.310904608870956e-05,0.05555421963029212,2.24,1.0973751502915923,1.8332236552524193,1.6705532786716546,2.1932800507380152,1.7227182084553418,0.0,-2.220446049250313e-16,sliding
sliding_limited,1.339999999999885,1.7011090007362122,1.7010860352892467,2.2965446965450553e-05,0.05510007403100202,2.24,1.0974262416715124,1.8332667164249263,1.6705147433258387,2.1932800507380152,1.726120326977555,0.0,-2.220446049250313e-16,sliding
sliding_limited,1.3419999999998848,1.7012187948630193,1.7011959722207874,2.2822642231856705e-05,0.054649611904009535,2.24,1.097476918660799,1.8333094283379974,1.6704765240758785,2.1932800507380152,1.72952266590128,0.0,-2.220446049250313e-16,sliding
sliding_limited,1.3439999999998846,1.7013276913590694,1.7013050107304954,2.2680628573912287e-05,0.05420280384901197,2.24,1.0975271845669863,1.8333517937793091,1.6704386183405853,2.1932800507380152,1.7329252234246582,0.0,0.0,sliding
sliding_limited,1.3459999999998844,1.7014356975062135,1.7014131581035339,2.2539402679599974e-05,0.053759620692575213,2.24,1.0975770426720852,1.833393815515029,1.6704010235596538,2.1932800507380152,1.736327997760448,0.0,4.440892098500626e-16,sliding
sliding_limited,1.3479999999998842,1.701542820528158,1.7015204215669217,2.2398961236236303e-05,0.05332003348652224,2.24,1.0976264962327664,1.8334354962899635,1.6703637371934932,2.1932800507380152,1.739730987135907,0.0,-4.440892098500626e-16,sliding
sliding_limited,1.349999999999884,1.7016490675909148,1.7016268082899817,2.2259300933136217e-05,0.05288401350631141,2.24,1.09767554848054,1.8334768388277176,1.6703267567230702,2.1932800507380152,1.7431341897926773,0.0,2.220446049250313e-16,sliding
sliding_limited,1.3519999999998837,1.701754445803247,1.701732325384787,2.2120418460058744e-05,0.05245153224943522,2.24,1.0977242026219387,1.8335178458308405,1.6702900796497357,2.1932800507380152,1.7465376039866698,0.0,-4.440892098500626e-16,sliding
sliding_limited,1.3539999999998835,1.7018589622171107,1.701836979906602,2.1982310508761316e-05,0.052022561433830806,2.24,1.0977724618386941,1.8335585199809814,1.670253703495072,2.1932800507380152,1.7499412279879492,0.0,0.0,sliding
sliding_limited,1.3559999999998833,1.7019626238280963,1.7019407788543237,2.1844973772555676e-05,0.05159707299628659,2.24,1.0978203292879178,1.8335988639390368,1.6702176258007255,2.1932800507380152,1.7533450600806235,0.0,-2.220446049250313e-16,sliding
sliding_limited,1.357999999999883,1.7020654375758622,1.7020437291709158,2.170840494630788e-05,0.05117503909087907,2.24,1.0978678081022761,1.8336388803453016,1.670181844128252,2.1932800507380152,1.7567490985627299,0.0,-2.220446049250313e-16,sliding
sliding_limited,1.3599999999998829,1.7021674103445705,1.7021458377438436,2.1572600726882385e-05,0.05075643208739412,2.24,1.0979149013901681,1.8336785718196174,1.670146356058956,2.1932800507380152,1.760153341746124,0.0,6.661338147750939e-16,sliding
sliding_limited,1.3619999999998826,1.7022685489633151,1.7022471114055016,2.143755781358614e-05,0.05034122456978241,2.24,1.0979616122358995,1.8337179409615183,1.6701111591937332,2.1932800507380152,1.763557787956368,0.0,0.0,sliding
sliding_limited,1.3639999999998824,1.7023688602065494,1.7023475569336421,2.13032729072804e-05,0.049929389334605556,2.24,1.0980079436998569,1.8337569903503799,1.6700762511529168,2.1932800507380152,1.7669624355326232,0.0,2.220446049250313e-16,sliding
sliding_limited,1.3659999999998822,1.7024683507945109,1.7024471810517978,2.116974271304528e-05,0.04952089938949737,2.24,1.0980538988186817,1.8337957225455639,1.6700416295761207,2.1932800507380152,1.7703672828275396,0.0,-2.220446049250313e-16,sliding
sliding_limited,1.367999999999882,1.702567027393641,1.7025459904297036,2.1036963937515196e-05,0.049115727951635456,2.24,1.0980994806054412,1.8338341400865639,1.6700072921220879,2.1932800507380152,1.773772328207149,0.0,-2.220446049250313e-16,sliding
sliding_limited,1.3699999999998818,1.7026648966170024,1.7026439916837124,2.0904933289989103e-05,0.04871384844623128,2.24,1.098144692049799,1.833872245493148,1.6699732364685371,2.1932800507380152,1.7771775700507562,0.0,2.220446049250313e-16,sliding
sliding_limited,1.3719999999998815,1.7027619650246941,1.702741191377211,2.0773647483096624e-05,0.04831523450500756,2.24,1.0981895361181866,1.833910041265503,1.6699394603120117,2.1932800507380152,1.7805830067508348,0.0,2.220446049250313e-16,sliding
sliding_limited,1.3739999999998813,1.7028582391242648,1.7028375960210314,2.064310323346419e-05,0.04791985996470062,2.24,1.0982340157539712,1.833947529884377,1.6699059613677292,2.1932800507380152,1.7839886367129203,0.0,4.440892098500626e-16,sliding
sliding_limited,1.375999999999881,1.7029537253711182,1.7029332120738585,2.0513297259716623e-05,0.04752769886557485,2.24,1.0982781338776229,1.8339847138112197,1.669872737369434,2.1932800507380152,1.7873944583555061,0.0,0.0,sliding
sliding_limited,1.3779999999998809,1.703048430168922,1.7030280459426366,2.0384226285363738e-05,0.04713872544993187,2.24,1.0983218933868828,1.8340215954883248,1.6698397860692489,2.1932800507380152,1.7908004701099394,0.0,-2.220446049250313e-16,sliding
sliding_limited,1.3799999999998807,1.7031423598700084,1.7031221039829714,2.0255887037023967e-05,0.04675291416064166,2.24,1.0983652971569278,1.8340581773389677,1.6698071052375287,2.1932800507380152,1.7942066704203183,0.0,4.440892098500626e-16,sliding
sliding_limited,1.3819999999998804,1.7032355207757754,1.7032153924995304,2.0128276245090504e-05,0.04637023963967562,2.24,1.0984083480405367,1.8340944617675452,1.6697746926627128,2.1932800507380152,1.7976130577433886,0.0,-6.661338147750939e-16,sliding
sliding_limited,1.3839999999998802,1.7033279191370831,1.7033079177464385,2.0001390644619477e-05,0.04599067672665332,2.24,1.0984510488682515,1.834130451159715,1.669742546151186,2.1932800507380152,1.8010196305484443,0.0,2.220446049250313e-16,sliding
sliding_limited,1.38599999999988,1.703419561154647,1.7033996859276725,1.9875226974441773e-05,0.04561420045739558,2.24,1.098493402448543,1.8341661478825295,1.6697106635271282,2.1932800507380152,1.8044263873172255,0.0,-2.220446049250313e-16,sliding
sliding_limited,1.3879999999998798,1.7035104529794307,1.7034907031974527,1.9749781978051217e-05,0.04524078606248294,2.24,1.0985354115679709,1.8342015542845758,1.6696790426323789,2.1932800507380152,1.807833326543819,0.0,-2.220446049250313e-16,sliding
sliding_limited,1.3899999999998796,1.703600600713032,1.7035809756606293,1.9625052402716392e-05,0.04487040896583806,2.24,1.0985770789913432,1.834236672696108,1.669647681326293,2.1932800507380152,1.8112404467345589,0.0,4.440892098500626e-16,sliding
sliding_limited,1.3919999999998793,1.7036900104080703,1.7036705093730695,1.9501035000812905e-05,0.04450304478329297,2.24,1.0986184074618797,1.8342715054291832,1.6696165774855993,2.1932800507380152,1.8146477464079291,0.0,-6.661338147750939e-16,sliding
sliding_limited,1.3939999999998791,1.7037786880685686,1.7037593103420385,1.9377726530045436e-05,0.044138669321186104,2.24,1.0986593997013667,1.8343060547777967,1.669585729004267,2.1932800507380152,1.8180552240944647,0.0,-2.220446049250313e-16,sliding
sliding_limited,1.395999999999879,1.7038666396503321,1.70384738452658,1.9255123752115466e-05,0.04377725857496081,2.24,1.098700058410317,1.834340323018012,1.6695551337933625,2.1932800507380152,1.821462878336656,0.0,0.0,sliding
sliding_limited,1.3979999999998787,1.7039538710613265,1.7039347378378928,1.913322343360946e-05,0.04341878872777069,2.24,1.098740386268126,1.834374312408094,1.6695247897809147,2.1932800507380152,1.824870707688852,0.0,-4.440892098500626e-16,sliding
sliding_limited,1.3999999999998785,1.7040403881620514,1.7040213761397043,1.901202234710908e-05,0.0430632361490962,2.24,1.0987803859332268,1.8344080251886423,1.6694946949117817,2.1932800507380152,1.8282787107171654,0.0,4.440892098500626e-16,sliding
sliding_limited,1.4019999999998782,1.7041261967659134,1.7041073052486424,1.889151727096916e-05,0.042710577393363626,2.24,1.0988200600432467,1.8344414635827175,1.6694648471475109,2.1932800507380152,1.8316868859993782,0.0,-4.440892098500626e-16,sliding
sliding_limited,1.403999999999878,1.704211302639592,1.7041925309346038,1.877170498820746e-05,0.0423607891985905,2.24,1.0988594112151586,1.8344746297959753,1.6694352444662113,2.1932800507380152,1.8350952321248484,0.0,0.0,sliding
sliding_limited,1.4059999999998778,1.7042957115034072,1.70427705892112,1.8652582287170816e-05,0.04201384848501974,2.24,1.0988984420454353,1.8345075260167911,1.6694058848624167,2.1932800507380152,1.8385037476944146,0.0,0.0,sliding
sliding_limited,1.4079999999998776,1.7043794290316827,1.7043608948857203,1.853414596242331e-05,0.041669732353773345,2.24,1.0989371551102007,1.8345401544163908,1.6693767663469568,2.1932800507380152,1.841912431320307,0.0,-2.220446049250313e-16,sliding
sliding_limited,1.4099999999998774,1.7044624608531067,1.704444044460292,1.8416392814746274e-05,0.04132841808550803,2.24,1.0989755529653804,1.8345725171489768,1.6693478869468255,2.1932800507380152,1.8453212816260531,0.0,-2.220446049250313e-16,sliding
sliding_limited,1.4119999999998771,1.7045448125510883,1.7045265132314387,1.8299319649583978e-05,0.0409898831390904,2.24,1.0990136381468525,1.8346046163518537,1.6693192447050507,2.1932800507380152,1.848730297246389,0.0,-4.440892098500626e-16,sliding
sliding_limited,1.413999999999877,1.7046264896641141,1.7046083067408346,1.818292327948612e-05,0.04065410515026968,2.24,1.0990514131705948,1.8346364541455553,1.6692908376805689,2.1932800507380152,1.8521394768271675,0.0,-4.440892098500626e-16,sliding
sliding_limited,1.4159999999998767,1.7047074976861012,1.704689430485578,1.806720052321964e-05,0.04032106193036219,2.24,1.0990888805328345,1.8346680326339682,1.6692626639480943,2.1932800507380152,1.8555488190252691,0.0,-2.220446049250313e-16,sliding
sliding_limited,1.4179999999998765,1.7047878420667455,1.7047698899185397,1.7952148205768736e-05,0.03999073146494699,2.24,1.0991260427101937,1.8346993539044543,1.6692347215979935,2.1932800507380152,1.8589583225085138,0.0,-6.661338147750939e-16,sliding
sliding_limited,1.4199999999998763,1.7048675282118706,1.7048496904487125,1.7837763158112807e-05,0.03966309191256989,2.24,1.0991629021598361,1.8347304200279773,1.6692070087361606,2.1932800507380152,1.862367985955572,0.0,-8.881784197001252e-16,sliding
sliding_limited,1.421999999999876,1.7049465614837715,1.704928837441553,1.7724042218558722e-05,0.039338121603451834,2.24,1.0991994613196119,1.8347612330592225,1.6691795234838938,2.1932800507380152,1.8657778080558785,0.0,-6.661338147750939e-16,sliding
sliding_limited,1.4239999999998758,1.7050249472015566,1.705007336219326,1.7610982230520378e-05,0.03901579903821336,2.24,1.0992357226082012,1.8347917950367165,1.6691522639777676,2.1932800507380152,1.8691877875095453,0.0,-6.661338147750939e-16,sliding
sliding_limited,1.4259999999998756,1.705102690641489,1.7050851920614432,1.7498580045849366e-05,0.03869610288659279,2.24,1.0992716884252582,1.8348221079829532,1.6691252283695166,2.1932800507380152,1.872597923027275,0.0,2.220446049250313e-16,sliding
sliding_limited,1.4279999999998754,1.7051797970373224,1.7051624102048002,1.7386832522170437e-05,0.038379011986192195,2.24,1.0993073611515534,1.8348521739045078,1.6690984148259063,2.1932800507380152,1.8760082133302756,0.0,0.0,sliding
sliding_limited,1.4299999999998751,1.7052562715806352,1.7052389958441105,1.727573652465786e-05,0.038064505341217005,2.24,1.0993427431491132,1.8348819947921593,1.669071821528619,2.1932800507380152,1.8794186571501772,0.0,0.0,sliding
sliding_limited,1.431999999999875,1.7053321194211641,1.7053149541322388,1.7165288925369282e-05,0.03775256212122887,2.24,1.0993778367613618,1.8349115726210083,1.6690454466741322,2.1932800507380152,1.8828292532289466,0.0,-2.220446049250313e-16,sliding
sliding_limited,1.4339999999998747,1.7054073456671326,1.7053902901805291,1.7055486603467784e-05,0.03744316165990869,2.24,1.0994126443132604,1.8349409093505935,1.669019288473597,2.1932800507380152,1.8862400003188036,0.0,0.0,sliding
sliding_limited,1.4359999999998745,1.7054819553855782,1.7054650090591323,1.6946326445888005e-05,0.03713628345382362,2.24,1.0994471681114448,1.8349700069250092,1.6689933451527237,2.1932800507380152,1.889650897182139,0.0,4.440892098500626e-16,sliding
sliding_limited,1.4379999999998743,1.7055559536026763,1.7055391157973314,1.6837805344893653e-05,0.03683190716121258,2.24,1.0994814104443635,1.8349988672730202,1.6689676149516632,2.1932800507380152,1.893061942591434,0.0,2.220446049250313e-16,sliding
sliding_limited,1.439999999999874,1.7056293453040656,1.7056126153838627,1.672992020296249e-05,0.03653001260075475,2.24,1.0995153735824152,1.8350274923081789,1.668942096124891,2.1932800507380152,1.8964731353291764,0.0,-4.440892098500626e-16,sliding
sliding_limited,1.4419999999998738,1.7057021354351631,1.7056855127672357,1.6622667927457258e-05,0.036230579750384344,2.24,1.099549059778082,1.8350558839289373,1.668916786941094,2.1932800507380152,1.899884474187782,0.0,0.0,sliding
sliding_limited,1.4439999999998736,1.7057743289014857,1.7057578128560507,1.6516045435066573e-05,0.03593358874607519,2.24,1.0995824712660665,1.8350840440187621,1.6688916856830525,2.1932800507380152,1.9032959579695121,0.0,4.440892098500626e-16,sliding
sliding_limited,1.4459999999998734,1.7058459305689633,1.705829520519314,1.6410049649362435e-05,0.035639019880661454,2.24,1.0996156102634256,1.8351119744462476,1.6688667906475294,2.1932800507380152,1.9067075854863964,0.0,4.440892098500626e-16,sliding
sliding_limited,1.4479999999998732,1.7059169452642524,1.7059006405867496,1.6304677502798626e-05,0.035346853602645105,2.24,1.0996484789697025,1.8351396770652273,1.6688421001451583,2.1932800507380152,1.9101193555601534,0.0,0.0,sliding
sliding_limited,1.449999999999873,1.7059873777750445,1.70597117784911,1.6199925934490267e-05,0.03505707051503569,2.24,1.0996810795670586,1.8351671537148846,1.6688176125003304,2.1932800507380152,1.9135312670221112,0.0,-2.220446049250313e-16,sliding
sliding_limited,1.4519999999998727,1.706057232850376,1.7060411370584847,1.609579189132404e-05,0.03476965137417344,2.24,1.0997134142204057,1.8351944062198648,1.6687933260510845,2.1932800507380152,1.916943318713131,0.0,-6.661338147750939e-16,sliding
sliding_limited,1.4539999999998725,1.7061265152009335,1.706110522928604,1.5992272329512502e-05,0.034484577088572936,2.24,1.0997454850775357,1.835221436390385,1.668769239148998,2.1932800507380152,1.92035550948353,0.0,2.220446049250313e-16,sliding
sliding_limited,1.4559999999998723,1.7061952294993559,1.7061793401351437,1.588936421215159e-05,0.03420182871777653,2.24,1.0997772942692503,1.8352482460223398,1.6687453501590748,2.1932800507380152,1.923767838193005,0.0,-4.440892098500626e-16,sliding
sliding_limited,1.457999999999872,1.7062633803805365,1.706247593316026,1.5787064510552895e-05,0.03392138747120821,2.24,1.099808843909489,1.835274836897415,1.6687216574596417,2.1932800507380152,1.9271803037105566,0.0,0.0,sliding
sliding_limited,1.4599999999998718,1.7063309724419218,1.7063152870717173,1.56853702044657e-05,0.033643234707039255,2.24,1.0998401360954582,1.8353012107831908,1.6686981594422372,2.1932800507380152,1.930592904914413,-6.938893903907228e-18,0.0,sliding
sliding_limited,1.4619999999998716,1.7063980102438074,1.706382425965525,1.558427828252107e-05,0.033367351931060184,2.24,1.0998711729077557,1.8353273694332506,1.6686748545115078,2.1932800507380152,1.934005640691958,6.938893903907228e-18,2.220446049250313e-16,sliding
sliding_limited,1.4639999999998714,1.706464498309633,1.7064490145238922,1.548378574089959e-05,0.03309372079556398,2.24,1.099901956410499,1.835353314587288,1.668651741085101,2.1932800507380152,1.9374185099396533,-6.938893903907228e-18,2.220446049250313e-16,sliding
sliding_limited,1.4659999999998712,1.7065304411262736,1.7065150572366892,1.538388958444159e-05,0.03282232309823121,2.24,1.099932488651449,1.8353790479712098,1.6686288175935606,2.1932800507380152,1.9408315115629686,0.0,0.0,sliding
sliding_limited,1.467999999999871,1.706595843144329,1.7065805585575025,1.528458682664713e-05,0.032553140781030825,2.24,1.099962771662134,1.835404571297242,1.6686060824802234,2.1932800507380152,1.9442446444763077,-6.938893903907228e-18,2.220446049250313e-16,sliding
sliding_limited,1.4699999999998707,1.7066607087784131,1.7066455229039241,1.5185874489009876e-05,0.032286155929116545,2.24,1.0999928074579746,1.8354298862640346,1.6685835342011157,2.1932800507380152,1.9476579076029346,-6.938893903907228e-18,-4.440892098500626e-16,sliding
sliding_limited,1.4719999999998705,1.7067250424074376,1.7067099546578346,1.508774960301551e-05,0.032021350769742774,2.24,1.100022598038404,1.8354549945567635,1.6685611712248516,2.1932800507380152,1.9510712998749047,0.0,0.0,sliding
sliding_limited,1.4739999999998703,1.7067888483748954,1.7067738581656888,1.4990209206589e-05,0.03175870767118394,2.24,1.1000521453869918,1.8354798978472338,1.6685389920325302,2.1932800507380152,1.9544848202329916,-6.938893903907228e-18,4.440892098500626e-16,sliding
sliding_limited,1.47599999999987,1.706852130989143,1.706837237738794,1.4893250348979592e-05,0.03149820914165479,2.24,1.100081451471564,1.8355045977939808,1.6685169951176353,2.1932800507380152,1.957898467626617,0.0,-4.440892098500626e-16,sliding
sliding_limited,1.4779999999998699,1.7069148945236783,1.7069000976535915,1.4796870086764002e-05,0.031239837828246853,2.24,1.1001105182443223,1.835529096042373,1.6684951789859375,2.1932800507380152,1.9613122410137809,0.0,2.220446049250313e-16,sliding
sliding_limited,1.4799999999998696,1.7069771432174163,1.7069624421519318,1.4701065484512554e-05,0.030983576515877038,2.24,1.1001393476419639,1.8355533942247093,1.6684735421553918,2.1932800507380152,1.964726139360992,0.0,2.220446049250313e-16,sliding
sliding_limited,1.4819999999998694,1.7070388812749668,1.7070242754413494,1.4605833617453712e-05,0.030729408126221158,2.24,1.1001679415858001,1.8355774939603227,1.6684520831560417,2.1932800507380152,1.9681401616432002,0.0,2.220446049250313e-16,sliding
sliding_limited,1.4839999999998692,1.707100112866905,1.707085601695335,1.4511171569919767e-05,0.03047731571667622,2.24,1.1001963019818741,1.835601396855676,1.66843080052992,2.1932800507380152,1.9715543068437256,0.0,-8.881784197001252e-16,sliding
sliding_limited,1.485999999999869,1.7071608421300413,1.7071464250536081,1.4417076433126397e-05,0.03022728247933008,2.24,1.1002244307210753,1.8356251045044627,1.668409692830956,2.1932800507380152,1.9749685739541936,0.0,4.440892098500626e-16,sliding
sliding_limited,1.4879999999998688,1.707221073167691,1.7072067496223822,1.4323545308725372e-05,0.02997929173992129,2.24,1.1002523296792588,1.8356486184877019,1.668388758624872,2.1932800507380152,1.9783829619744653,0.0,6.661338147750939e-16,sliding
sliding_limited,1.4899999999998685,1.707280810049941,1.707266579474633,1.4230575308138427e-05,0.029733326956818507,2.24,1.1002800007173579,1.835671940373838,1.6683679964890947,2.1932800507380152,1.9817974699125727,0.0,6.661338147750939e-16,sliding
sliding_limited,1.4919999999998683,1.7073400568139134,1.7073259186503629,1.4138163550558858e-05,0.02948937172000869,2.24,1.100307445681499,1.8356950717188356,1.6683474050126585,2.1932800507380152,1.985212096784651,0.0,6.661338147750939e-16,sliding
sliding_limited,1.493999999999868,1.7073988174640278,1.7073847711568626,1.4046307165171967e-05,0.02924740975008576,2.24,1.1003346664031155,1.835718014066275,1.668326982796111,2.1932800507380152,1.9886268416148738,0.0,-2.220446049250313e-16,sliding
sliding_limited,1.4959999999998679,1.7074570959722615,1.7074431409689714,1.3955003290044843e-05,0.02900742489724956,2.24,1.1003616646990595,1.8357407689474479,1.6683067284514215,2.1932800507380152,1.9920417034353881,0.0,2.220446049250313e-16,sliding
sliding_limited,1.4979999999998677,1.7075148962784088,1.707501032029336,1.386424907279249e-05,0.028769401140310128,2.24,1.1003884423717152,1.8357633378814513,1.6682866406018866,2.1932800507380152,1.9954566812862493,0.0,2.220446049250313e-16,sliding
sliding_limited,1.4999999999998674,1.7075722222903367,1.7075584482486657,1.377404167102192e-05,0.028533322585701307,2.24,1.1004150012091087,1.8357857223752811,1.6682667178820403,2.1932800507380152,1.9988717742153566,0.0,-4.440892098500626e-16,sliding
sliding_limited,1.5019999999998672,1.707629077884238,1.7076153935059877,1.368437825033375e-05,0.02829917346650555,2.24,1.1004413429850182,1.8358079239239253,1.668246958937564,2.1932800507380152,2.0022869812783908,0.0,2.220446049250313e-16,sliding
sliding_limited,1.503999999999867,1.7076854669048862,1.7076718716488999,1.3595255986320609e-05,0.02806693814146994,2.24,1.1004674694590848,1.835829944010455,1.6682273624251924,2.1932800507380152,2.005702301538751,0.0,-6.661338147750939e-16,sliding
sliding_limited,1.5059999999998668,1.7077413931658842,1.70772788649382,1.3506672064345082e-05,0.027836601094047123,2.24,1.1004933823769198,1.835851784106119,1.66820792701263,2.1932800507380152,2.0091177340674915,0.0,-4.440892098500626e-16,sliding
sliding_limited,1.5079999999998666,1.7077968604499134,1.707783441826234,1.3418623679317676e-05,0.027608146931433798,2.24,1.1005190834702139,1.8358734456704315,1.668188651378457,2.1932800507380152,2.012533277943257,0.0,-6.661338147750939e-16,sliding
sliding_limited,1.5099999999998663,1.7078518725089802,1.7078385414009454,1.3331108034808636e-05,0.02738156038361799,2.24,1.100544574456843,1.8358949301512646,1.6681695342120446,2.1932800507380152,2.0159489322522255,0.0,2.220446049250313e-16,sliding
sliding_limited,1.5119999999998661,1.7079064330646605,1.707893188942316,1.324412234460226e-05,0.027156826302432196,2.24,1.1005698570409765,1.8359162389849368,1.6681505742134657,2.1932800507380152,2.019364696088047,0.0,-2.220446049250313e-16,sliding
sliding_limited,1.513999999999866,1.7079605458083438,1.7079473881445109,1.3157663832918942e-05,0.026933929660611877,2.24,1.1005949329131812,1.8359373735963027,1.66813177009341,2.1932800507380152,2.022780568551781,0.0,0.0,sliding
sliding_limited,1.5159999999998657,1.708014214401472,1.7080011426717407,1.3071729731306547e-05,0.026712855550868636,2.24,1.1006198037505273,1.8359583353988422,1.6681131205730975,2.1932800507380152,2.026196548751834,0.0,0.0,sliding
sliding_limited,1.5179999999998655,1.7080674424757805,1.7080544561584972,1.298631728330335e-05,0.026493589184960437,2.24,1.100644471216692,1.8359791257947466,1.668094624384193,2.1932800507380152,2.0296126358039057,0.0,2.220446049250313e-16,sliding
sliding_limited,1.5199999999998652,1.7081202336335342,1.7081073322097937,1.2901423740441231e-05,0.02627611589276916,2.24,1.1006689369620637,1.8359997461750064,1.6680762802687208,2.1932800507380152,2.033028828830926,0.0,-4.440892098500626e-16,sliding
sliding_limited,1.521999999999865,1.7081725914477643,1.7081597744013985,1.281704636579839e-05,0.02606042112139036,2.24,1.1006932026238438,1.836020197919499,1.668058086978983,2.1932800507380152,2.0364451269629975,0.0,-6.661338147750939e-16,sliding
sliding_limited,1.5239999999998648,1.7082245194624994,1.7082117862800694,1.2733182430002543e-05,0.025846490434234752,2.24,1.1007172698261487,1.836040482397073,1.668040043277475,2.1932800507380152,2.0398615293373354,0.0,-6.661338147750939e-16,sliding
sliding_limited,1.5259999999998646,1.7082760211930013,1.7082633713637858,1.264982921544977e-05,0.025634309510110163,2.24,1.1007411401801126,1.8360606009656353,1.6680221479368014,2.1932800507380152,2.0432780350982127,0.0,0.0,sliding
sliding_limited,1.5279999999998644,1.7083271001259899,1.7083145331419773,1.2566984012529758e-05,0.025423864142349376,2.24,1.100764815283986,1.836080554972233,1.6680043997395966,2.1932800507380152,2.0466946433968998,0.0,-4.440892098500626e-16,sliding
sliding_limited,1.5299999999998641,1.7083777597198762,1.708365275075753,1.2484644123178512e-05,0.025215140237905755,2.24,1.1007882967232356,1.8361003457531404,1.6679867974784435,2.1932800507380152,2.050111353391612,0.0,2.220446049250313e-16,sliding
sliding_limited,1.531999999999864,1.7084280034049857,1.7084156005981281,1.2402806857547688e-05,0.025008123816484023,2.24,1.1008115860706456,1.8361199746339412,1.6679693399557902,2.1932800507380152,2.053528164247449,0.0,2.220446049250313e-16,sliding
sliding_limited,1.5339999999998637,1.7084778345837843,1.708465513114248,1.2321469536225038e-05,0.0248028010096608,2.24,1.1008346848864132,1.836139442929611,1.6679520259838727,2.1932800507380152,2.05694507513634,0.0,2.220446049250313e-16,sliding
sliding_limited,1.5359999999998635,1.7085272566311018,1.7085150160016107,1.224062949112259e-05,0.024599158060014878,2.24,1.1008575947182484,1.8361587519446014,1.6679348543846353,2.1932800507380152,2.0603620852369895,0.0,-4.440892098500626e-16,sliding
sliding_limited,1.5379999999998633,1.7085762728943514,1.70856411261029,1.2160284061479842e-05,0.02439718132027462,2.24,1.1008803171014692,1.8361779029729193,1.6679178239896508,2.1932800507380152,2.0637791937348213,0.0,2.220446049250313e-16,sliding
sliding_limited,1.539999999999863,1.7086248866937515,1.7086128062631525,1.2080430598970793e-05,0.024196857252448734,2.24,1.1009028535590997,1.8361968972982092,1.6679009336400423,2.1932800507380152,2.0671963998219236,0.0,-6.661338147750939e-16,sliding
sliding_limited,1.5419999999998628,1.7086731013225405,1.7086611002560774,1.2001066463040999e-05,0.023998172426994164,2.24,1.1009252056019632,1.836215736193834,1.6678841821864085,2.1932800507380152,2.070613702696995,0.0,2.220446049250313e-16,sliding
sliding_limited,1.5439999999998626,1.7087209200471964,1.7087089978581718,1.192218902468234e-05,0.023801113521955183,2.24,1.1009473747287801,1.8362344209229544,1.667867568488742,2.1932800507380152,2.074031101565293,0.0,-2.220446049250313e-16,sliding
sliding_limited,1.5459999999998624,1.7087683461076488,1.7087565023119846,1.1843795664212564e-05,0.023605667322140554,2.24,1.1009693624262593,1.8362529527386082,1.6678510914163578,2.1932800507380152,2.0774485956385775,0.0,-4.440892098500626e-16,sliding
sliding_limited,1.5479999999998622,1.7088153827174926,1.7088036168337204,1.1765883772163477e-05,0.023411820718285573,2.24,1.100991170169193,1.8362713328837899,1.6678347498478157,2.1932800507380152,2.080866184135059,0.0,-2.220446049250313e-16,sliding
sliding_limited,1.549999999999862,1.7088620330641981,1.7088503446134493,1.1688450748836843e-05,0.02321956070623119,2.24,1.1010127994205492,1.836289562591527,1.6678185426708443,2.1932800507380152,2.0842838662793475,0.0,-6.661338147750939e-16,sliding
sliding_limited,1.5519999999998617,1.708908300309322,1.7088966888153183,1.1611494003638256e-05,0.023028874386103616,2.24,1.1010342516315634,1.8363076430849605,1.66780246878227,2.1932800507380152,2.0877016413023983,0.0,-4.440892098500626e-16,sliding
sliding_limited,1.5539999999998615,1.7089541875887146,1.7089426525777562,1.153501095840781e-05,0.022839748961496882,2.24,1.1010555282418317,1.8363255755774195,1.667786527087938,2.1932800507380152,2.0911195084414613,0.0,-4.440892098500626e-16,sliding
sliding_limited,1.5559999999998613,1.7089996980127258,1.7089882390136828,1.1458999042979201e-05,0.022652171738675876,2.24,1.101076630679399,1.836343361272498,1.6677707165026434,2.1932800507380152,2.094537466940031,0.0,-2.220446049250313e-16,sliding
sliding_limited,1.557999999999861,1.7090448346664093,1.7090334512107117,1.1383455697622225e-05,0.02246613012576867,2.24,1.101097560360851,1.8363610013641327,1.6677550359500584,2.1932800507380152,2.097955516047794,0.0,0.0,sliding
sliding_limited,1.5599999999998608,1.7090896006097271,1.7090782922313539,1.1308378373264816e-05,0.02228161163197102,2.24,1.1011183186914033,1.836378497036676,1.6677394843626563,2.1932800507380152,2.1013736550205806,0.0,-2.220446049250313e-16,sliding
sliding_limited,1.5619999999998606,1.7091339988777494,1.7091227651132188,1.1233764530604873e-05,0.022098603866761643,2.24,1.1011389070649895,1.8363958494649724,1.6677240606816446,2.1932800507380152,2.104791883120312,0.0,-4.440892098500626e-16,sliding
sliding_limited,1.5639999999998604,1.7091780324808545,1.7091668728692149,1.1159611639666167e-05,0.021917094539116975,2.24,1.1011593268643496,1.836413059814432,1.6677087638568922,2.1932800507380152,2.1082101996149536,0.0,-6.661338147750939e-16,sliding
sliding_limited,1.5659999999998602,1.709221704404929,1.7092106184877467,1.1085917182240834e-05,0.021737071456731333,2.24,1.1011795794611177,1.836430129241105,1.6676935928468593,2.1932800507380152,2.1116286037784633,0.0,4.440892098500626e-16,sliding
sliding_limited,1.56799999999986,1.709265017611562,1.7092540049329135,1.1012678648558705e-05,0.021558522525246322,2.24,1.1011996662159098,1.8364470588917539,1.6676785466185255,2.1932800507380152,2.1150470948907456,0.0,4.440892098500626e-16,sliding
sliding_limited,1.5699999999998597,1.7093079750382418,1.709297035144702,1.0939893539729795e-05,0.021381435747487597,2.24,1.1012195884784077,1.836463849903926,1.667663624147324,2.1932800507380152,2.1184656722376007,0.0,0.0,sliding
sliding_limited,1.5719999999998595,1.7093505795985497,1.7093397120391824,1.0867559367300217e-05,0.02120579922269964,2.24,1.1012393475874465,1.8364805034060283,1.667648824417072,2.1932800507380152,2.1218843351106784,0.0,-2.220446049250313e-16,sliding
sliding_limited,1.5739999999998593,1.7093928341823506,1.709382038508699,1.0795673651475823e-05,0.021031601145796688,2.24,1.1012589448710979,1.8364970205173945,1.6676341464199014,2.1932800507380152,2.1253030828074264,0.0,2.220446049250313e-16,sliding
sliding_limited,1.575999999999859,1.7094347416559863,1.709424017422062,1.072423392423083e-05,0.020858829806602395,2.24,1.1012783816467573,1.83651340234836,1.6676195891561907,2.1932800507380152,2.1287219146310505,0.0,0.0,sliding
sliding_limited,1.5779999999998588,1.7094763048624622,1.7094656516247348,1.0653237727309417e-05,0.0206874735891198,2.24,1.101297659221224,1.8365296500003305,1.6676051516345012,2.1932800507380152,2.13214082989046,0.0,4.440892098500626e-16,sliding
sliding_limited,1.5799999999998586,1.7095175266216358,1.7095069439390238,1.058268261200368e-05,0.02051752097078466,2.24,1.1013167788907867,1.8365457645658523,1.667590832871507,2.1932800507380152,2.1355598279002277,0.0,4.440892098500626e-16,sliding
sliding_limited,1.5819999999998584,1.7095584097304035,1.709547897164264,1.0512566139597723e-05,0.020348960521734447,2.24,1.1013357419413048,1.836561747128682,1.667576631891931,2.1932800507380152,2.138978907980538,0.0,8.881784197001252e-16,sliding
sliding_limited,1.5839999999998582,1.7095989569628844,1.7095885140770024,1.0442885882033792e-05,0.020181780904081705,2.24,1.1013545496482908,1.836577598763855,1.6675625477284786,2.1932800507380152,2.1423980694571463,0.0,0.0,sliding
sliding_limited,1.585999999999858,1.709639171070605,1.709628797431183,1.0373639421912273e-05,0.020015970871188407,2.24,1.1013732032769914,1.8365933205377551,1.6675485794217735,2.1932800507380152,2.14581731166133,0.0,0.0,sliding
sliding_limited,1.5879999999998577,1.7096790547826781,1.7096687499583283,1.0304824349827157e-05,0.01985151926695934,2.24,1.1013917040824672,1.836608913508181,1.6675347260202933,2.1932800507380152,2.149236633929846,0.0,-2.220446049250313e-16,sliding
sliding_limited,1.5899999999998575,1.7097186108059879,1.7097083743677186,1.0236438269251025e-05,0.019688415025115494,2.24,1.1014100533096747,1.8366243787244148,1.6675209865803047,2.1932800507380152,2.1526560356048825,0.0,-4.440892098500626e-16,sliding
sliding_limited,1.5919999999998573,1.7097578418253645,1.7097476733465726,1.0168478791872104e-05,0.019526647168501103,2.24,1.1014282521935437,1.8366397172272886,1.6675073601658015,2.1932800507380152,2.1560755160340213,0.0,0.0,sliding
sliding_limited,1.593999999999857,1.7097967505037643,1.7097866495602243,1.0100943540036766e-05,0.019366204808376572,2.24,1.1014463019590577,1.8366549300492503,1.6674938458484392,2.1932800507380152,2.1594950745701857,0.0,-2.220446049250313e-16,sliding
sliding_limited,1.5959999999998569,1.7098353394824448,1.7098253056522983,1.0033830146527478e-05,0.01920707714372554,2.24,1.101464203821331,1.836670018214431,1.6674804427074765,2.1932800507380152,2.1629147105716036,0.0,0.0,sliding
sliding_limited,1.5979999999998566,1.7098736113811397,1.7098636442448865,9.967136253230535e-06,0.01904925346056584,2.24,1.1014819589856866,1.8366849827387086,1.6674671498297102,2.1932800507380152,2.1663344234017603,0.0,-8.881784197001252e-16,sliding
sliding_limited,1.5999999999998564,1.7099115687982334,1.70990166793872,9.900859513356508e-06,0.018892723131257068,2.24,1.1014995686477336,1.8366998246297754,1.6674539663094172,2.1932800507380152,2.1697542124293574,0.0,0.0,sliding
sliding_limited,1.6019999999998562,1.7099492143109312,1.709939379313342,9.834997589219796e-06,0.018737475613830105,2.24,1.1015170339934441,1.8367145448871987,1.6674408912482874,2.1932800507380152,2.1731740770282704,0.0,4.440892098500626e-16,sliding
sliding_limited,1.603999999999856,1.7099865504754321,1.709976780927278,9.769548154237029e-06,0.018583500451304934,2.24,1.1015343561992283,1.8367291445024887,1.667427923755371,2.1932800507380152,2.1765940165775057,0.0,-2.220446049250313e-16,sliding
sliding_limited,1.6059999999998558,1.710023579827097,1.7100138753182057,9.704508891372754e-06,0.018430787271022594,2.24,1.10155153643201,1.8367436244591602,1.6674150629470141,2.1932800507380152,2.1800140304611593,0.0,-2.220446049250313e-16,sliding
sliding_limited,1.6079999999998555,1.7100603048806158,1.7100506650031226,9.639877493139437e-06,0.018279325783987433,2.24,1.1015685758493015,1.836757985732795,1.6674023079468,2.1932800507380152,2.1834341180683756,0.0,0.0,sliding
sliding_limited,1.6099999999998553,1.7100967281301764,1.7100871524785135,9.57565166292973e-06,0.01812910578419466,2.24,1.1015854755992782,1.8367722292911055,1.66738965788549,2.1932800507380152,2.1868542787933043,0.0,-4.440892098500626e-16,sliding
sliding_limited,1.611999999999855,1.7101328520496282,1.7101233402205145,9.5118291136842e-06,0.01798011714798723,2.24,1.1016022368208516,1.8367863560939974,1.6673771119009677,2.1932800507380152,2.1902745120350615,0.0,0.0,sliding
sliding_limited,1.6139999999998549,1.7101686790926474,1.7101592306850788,9.448407568557471e-06,0.017832349833394656,2.24,1.1016188606437431,1.8368003670936295,1.6673646691381763,2.1932800507380152,2.193694817197691,0.0,0.0,sliding
sliding_limited,1.6159999999998547,1.7102042116928986,1.7101948263081381,9.385384760474125e-06,0.01768579387950062,2.24,1.1016353481885561,1.8368142632344762,1.667352328749065,2.1932800507380152,2.19711519369012,0.0,4.440892098500626e-16,sliding
sliding_limited,1.6179999999998544,1.7102394522641982,1.710230129505765,9.322758433238931e-06,0.017540439405790084,2.24,1.1016517005668487,1.8368280454533876,1.6673400898925297,2.1932800507380152,2.2005356409261205,0.0,-2.220446049250313e-16,sliding
sliding_limited,1.6199999999998542,1.710274403200672,1.7102651426743323,9.260526339760489e-06,0.017396276611525218,2.24,1.1016679188812035,1.8368417146796503,1.6673279517343584,2.1932800507380152,2.203956158324272,0.0,-4.440892098500626e-16,sliding
sliding_limited,1.621999999999854,1.7103090668769172,1.7102998681906738,9.198686243383492e-06,0.017253295775104704,2.24,1.1016840042253009,1.836855271835047,1.6673159134471733,2.1932800507380152,2.207376745307921,0.0,-4.440892098500626e-16,sliding
sliding_limited,1.6239999999998538,1.7103434456481574,1.71033430841224,9.137235917444642e-06,0.01711148725344504,2.24,1.1016999576839877,1.8368687178339154,1.6673039742103757,2.1932800507380152,2.210797401305139,0.0,-8.881784197001252e-16,sliding
sliding_limited,1.6259999999998536,1.7103775418504006,1.7103684656772555,9.076173145050603e-06,0.016970841481358898,2.24,1.1017157803333473,1.8368820535832076,1.6672921332100918,2.1932800507380152,2.21421812574869,0.0,-2.220446049250313e-16,sliding
sliding_limited,1.6279999999998533,1.7104113578005944,1.710402342304875,9.015495719300048e-06,0.016831348970931526,2.24,1.1017314732407701,1.8368952799825482,1.6672803896391157,2.1932800507380152,2.2176389180759872,3.469446951953614e-18,4.440892098500626e-16,sliding
sliding_limited,1.6299999999998531,1.7104448957967797,1.7104359405953353,8.955201444393879e-06,0.016693000310918166,2.24,1.1017470374650218,1.8369083979242924,1.6672687426968558,2.1932800507380152,2.221059777729058,0.0,-4.440892098500626e-16,sliding
sliding_limited,1.631999999999853,1.7104781581182424,1.7104692628301104,8.895288132082513e-06,0.016555786166135105,2.24,1.10176247405631,1.836921408293584,1.6672571915892835,2.1932800507380152,2.224480704154505,0.0,-4.440892098500626e-16,sliding
sliding_limited,1.6339999999998527,1.710511147025667,1.7105023112720612,8.835753605884733e-06,0.01641969727685269,2.24,1.1017777840563543,1.8369343119684118,1.6672457355288763,2.1932800507380152,2.227901696803468,0.0,-4.440892098500626e-16,sliding
sliding_limited,1.6359999999998525,1.7105438647612863,1.7105350881655874,8.77659569886724e-06,0.01628472445819859,2.24,1.1017929684984527,1.836947109819667,1.6672343737345667,2.1932800507380152,2.231322755131588,0.0,2.220446049250313e-16,sliding
sliding_limited,1.6379999999998522,1.7105763135490295,1.710567595736775,8.71781225453283e-06,0.016150858599567906,2.24,1.1018080284075487,1.8369598027111984,1.6672231054316877,2.1932800507380152,2.2347438785989717,3.469446951953614e-18,2.220446049250313e-16,sliding
sliding_limited,1.639999999999852,1.7106084955946714,1.7105998361935466,8.659401124821997e-06,0.016018090664031318,2.24,1.1018229648002966,1.8369723914998701,1.6672119298519232,2.1932800507380152,2.238165066670152,0.0,0.0,sliding
sliding_limited,1.6419999999998518,1.7106404130859785,1.7106318117258061,8.601360172333372e-06,0.015886411687753975,2.24,1.1018377786851277,1.8369848770356143,1.6672008462332546,2.1932800507380152,2.2415863188140532,0.0,4.440892098500626e-16,sliding
sliding_limited,1.6439999999998516,1.7106720681928549,1.7106635245055855,8.543687269435551e-06,0.01575581277941097,2.24,1.1018524710623163,1.8369972601614886,1.667189853819909,2.1932800507380152,2.2450076345039585,3.469446951953614e-18,-2.220446049250313e-16,sliding
sliding_limited,1.6459999999998514,1.7107034630674878,1.7106949766871884,8.486380299377316e-06,0.01562628511961259,2.24,1.1018670429240436,1.8370095417137304,1.6671789518623104,2.1932800507380152,2.2484290132174674,3.469446951953614e-18,-2.220446049250313e-16,sliding
sliding_limited,1.6479999999998511,1.7107345998444887,1.7107261704073355,8.429437153179009e-06,0.015497819960338825,2.24,1.101881495254462,1.837021722521809,1.6671681396170268,2.1932800507380152,2.251850454436468,0.0,2.220446049250313e-16,sliding
sliding_limited,1.649999999999851,1.7107654806410386,1.7107571077853048,8.372855733851381e-06,0.015370408624360213,2.24,1.1018958290297596,1.8370338034084814,1.6671574163467202,2.1932800507380152,2.2552719576470963,0.0,-4.440892098500626e-16,sliding
sliding_limited,1.6519999999998507,1.710796107557025,1.7107877909230729,8.316633952176744e-06,0.015244042504694836,2.24,1.101910045218222,1.8370457851898452,1.6671467813201004,2.1932800507380152,2.258693522339705,0.0,-6.661338147750939e-16,sliding
sliding_limited,1.6539999999998505,1.7108264826751869,1.710818221905456,8.26076973092782e-06,0.01511871306402671,2.24,1.101924144780297,1.8370576686753912,1.667136233811871,2.1932800507380152,2.262115148008825,0.0,2.220446049250313e-16,sliding
sliding_limited,1.6559999999998503,1.7108566080612484,1.710848402800248,8.205261000426844e-06,0.014994411834174985,2.24,1.1019381286686554,1.8370694546680548,1.667125773102682,2.1932800507380152,2.265536834153137,0.0,2.220446049250313e-16,sliding
sliding_limited,1.65799999999985,1.710886485764061,1.7108783356583586,8.150105702542376e-06,0.014871130415523088,2.24,1.1019519978282537,1.8370811439642711,1.6671153984790834,2.1932800507380152,2.268958580275431,0.0,0.0,sliding
sliding_limited,1.6599999999998498,1.7109161178157368,1.7109080225139504,8.095301786470444e-06,0.014748860476493772,2.24,1.1019657531963944,1.8370927373540238,1.667105109233475,2.1932800507380152,2.2723803858825815,0.0,2.220446049250313e-16,sliding
sliding_limited,1.6619999999998496,1.7109455062317862,1.7109374653845726,8.040847213619529e-06,0.014627593752990482,2.24,1.1019793957027886,1.8371042356208975,1.6670949046640589,2.1932800507380152,2.275802250485505,0.0,2.220446049250313e-16,sliding
sliding_limited,1.6639999999998494,1.7109746530112524,1.7109666662712981,7.986739954279898e-06,0.014507322047867996,2.24,1.101992926269615,1.8371156395421293,1.6670847840747918,2.1932800507380152,2.2792241735991317,0.0,0.0,sliding
sliding_limited,1.6659999999998492,1.7110035601368434,1.7109956271588556,7.932977987845646e-06,0.014388037230397718,2.24,1.1020063458115805,1.8371269498886578,1.6670747467753395,2.1932800507380152,2.282646154742373,0.0,-1.1102230246251565e-15,sliding
sliding_limited,1.667999999999849,1.7110322295750655,1.7110243500157616,7.879559303924921e-06,0.014269731235741752,2.24,1.1020196552359793,1.8371381674251759,1.6670647920810298,2.1932800507380152,2.286068193438085,0.0,-4.440892098500626e-16,sliding
sliding_limited,1.6699999999998487,1.7110606632763532,1.7110528367944524,7.826481900785609e-06,0.014152396064428436,2.24,1.1020328554427519,1.8371492929101767,1.6670549193128048,2.1932800507380152,2.289490289213043,0.0,0.0,sliding
sliding_limited,1.6719999999998485,1.711088863175202,1.7110810894314143,7.773743787575782e-06,0.014036023781823,2.24,1.102045947324545,1.8371603270960064,1.6670451277971765,2.1932800507380152,2.292912441597902,0.0,0.0,sliding
sliding_limited,1.6739999999998483,1.7111168311902956,1.7111091098473128,7.721342982769386e-06,0.013920606517618735,2.24,1.102058931766768,1.8371712707289118,1.6670354168661807,2.1932800507380152,2.296334650127173,0.0,2.220446049250313e-16,sliding
sliding_limited,1.675999999999848,1.711144569224634,1.7111368999471206,7.669277513500106e-06,0.013806136465322777,2.24,1.1020718096476512,1.8371821245490887,1.667025785857333,2.1932800507380152,2.2997569143391816,0.0,2.220446049250313e-16,sliding
sliding_limited,1.6779999999998478,1.7111720791656628,1.7111644616202448,7.617545418003857e-06,0.01369260588174484,2.24,1.1020845818383038,1.8371928892907308,1.6670162341135817,2.1932800507380152,2.303179233776047,0.0,-4.440892098500626e-16,sliding
sliding_limited,1.6799999999998476,1.7111993628853959,1.7111917967406538,7.566144742066072e-06,0.013580007086497167,2.24,1.1020972492027692,1.8372035656820773,1.6670067609832675,2.1932800507380152,2.306601607983643,0.0,2.220446049250313e-16,sliding
sliding_limited,1.6819999999998474,1.7112264222405438,1.7112189071670012,7.515073542574413e-06,0.013468332461485202,2.24,1.102109812598083,1.83721415444546,1.6669973658200743,2.1932800507380152,2.3100240365115727,0.0,-2.220446049250313e-16,sliding
sliding_limited,1.6839999999998472,1.7112532590726357,1.7112457947427513,7.464329884410148e-06,0.01335757445042123,2.24,1.1021222728743278,1.8372246562973515,1.6669880479829895,2.1932800507380152,2.313446518913134,0.0,-6.661338147750939e-16,sliding
sliding_limited,1.685999999999847,1.711279875208144,1.7112724612963006,7.413911843334731e-06,0.013247725558320416,2.24,1.102134630874689,1.8372350719484114,1.6669788068362603,2.1932800507380152,2.316869054745293,0.0,-2.220446049250313e-16,sliding
sliding_limited,1.6879999999998467,1.7113062724586063,1.7112989086411026,7.363817503769354e-06,0.013138778351015411,2.24,1.102146887435511,1.8372454021035316,1.6669696417493471,2.1932800507380152,2.320291643568652,0.0,-6.661338147750939e-16,sliding
sliding_limited,1.6899999999998465,1.7113324526207454,1.711325138575786,7.314044959461086e-06,0.013030725454674374,2.24,1.1021590433863493,1.837255647461885,1.6669605520968864,2.1932800507380152,2.3237142849474193,0.0,0.0,sliding
sliding_limited,1.6919999999998463,1.7113584174765908,1.7113511528842773,7.264592313482865e-06,0.012923559555313146,2.24,1.1021710995500273,1.837265808716968,1.6669515372586439,2.1932800507380152,2.3271369784493814,0.0,0.0,sliding
sliding_limited,1.693999999999846,1.7113841687935982,1.7113769533359189,7.215457679343729e-06,0.012817273398315204,2.24,1.1021830567426896,1.8372758865566494,1.6669425966194753,2.1932800507380152,2.330559723645872,0.0,0.0,sliding
sliding_limited,1.6959999999998459,1.7114097083247657,1.7114025416855874,7.1666391783242744e-06,0.012711859787969732,2.24,1.1021949157738535,1.8372858816632114,1.666933729569283,2.1932800507380152,2.3339825201117432,0.0,-4.440892098500626e-16,sliding
sliding_limited,1.6979999999998456,1.711435037808754,1.7114279196738122,7.118134941697107e-06,0.01260731158698425,2.24,1.1022066774464643,1.8372957947133988,1.6669249355029776,2.1932800507380152,2.3374053674253408,0.0,4.440892098500626e-16,sliding
sliding_limited,1.6999999999998454,1.7114601589700003,1.7114530890268902,7.069943110060706e-06,0.012503621716029024,2.24,1.102218342556947,1.8373056263784577,1.6669162138204319,2.1932800507380152,2.3408282651684673,0.0,-6.661338147750939e-16,sliding
sliding_limited,1.7019999999998452,1.7114850735188363,1.7114780514570027,7.022061833561466e-06,0.012400783153265328,2.24,1.1022299118952577,1.8373153773241866,1.6669075639264472,2.1932800507380152,2.344251212926362,0.0,0.0,sliding
sliding_limited,1.703999999999845,1.7115097831516006,1.7115028086623296,6.974489271005524e-06,0.01229878893389229,2.24,1.1022413862449372,1.8373250482109729,1.6668989852307063,2.1932800507380152,2.3476742102876673,0.0,4.440892098500626e-16,sliding
sliding_limited,1.7059999999998448,1.7115342895507524,1.7115273623271627,6.927223589636711e-06,0.012197632149690305,2.24,1.10225276638316,1.83733463969384,1.666890477147738,2.1932800507380152,2.3510972568444055,0.0,-2.220446049250313e-16,sliding
sliding_limited,1.7079999999998445,1.7115585943849871,1.7115517141220187,6.880262968467221e-06,0.01209730594855517,2.24,1.1022640530807877,1.8373441524224907,1.6668820390968762,2.1932800507380152,2.3545203521919453,0.0,-2.220446049250313e-16,sliding
sliding_limited,1.7099999999998443,1.711582699309344,1.7115758657037514,6.833605592504455e-06,0.011997803534070312,2.24,1.102275247102417,1.8373535870413482,1.6668736705022207,2.1932800507380152,2.3579434959289816,0.0,4.440892098500626e-16,sliding
sliding_limited,1.711999999999844,1.7116066059653208,1.7115998187156625,6.78724965830213e-06,0.01189911816503995,2.24,1.102286349206433,1.8373629441895982,1.6668653707925962,2.1932800507380152,2.361366687657501,0.0,0.0,sliding
sliding_limited,1.7139999999998439,1.7116303159809814,1.7116235747876114,6.741193369963483e-06,0.011801243155059862,2.24,1.1022973601450559,1.837372224501233,1.6668571394015181,2.1932800507380152,2.364789926982761,0.0,2.220446049250313e-16,sliding
sliding_limited,1.7159999999998437,1.7116538309710663,1.7116471355361247,6.6954349415837555e-06,0.011704171872072506,2.24,1.102308280664392,1.83738142860509,1.66684897576715,2.1932800507380152,2.3682132135132585,0.0,-6.661338147750939e-16,sliding
sliding_limited,1.7179999999998434,1.7116771525370997,1.7116705025645045,6.649972595251796e-06,0.011607897737936334,2.24,1.1023191115044821,1.8373905571248965,1.666840879332269,2.1932800507380152,2.3716365468607075,0.0,6.661338147750939e-16,sliding
sliding_limited,1.7199999999998432,1.711700282267499,1.7116936774629354,6.60480456349255e-06,0.01151241422798434,2.24,1.1023298533993517,1.8373996106793071,1.666832849544223,2.1932800507380152,2.375059926640008,0.0,0.0,sliding
sliding_limited,1.721999999999843,1.711723221737679,1.711716661808592,6.559929087046612e-06,0.011417714870604582,2.24,1.102340507077057,1.837408589881948,1.6668248858548997,2.1932800507380152,2.3784833524692237,0.0,0.0,sliding
sliding_limited,1.7239999999998428,1.7117459725101594,1.7117394571657443,6.515344415092272e-06,0.011323793246810465,2.24,1.102351073259734,1.8374174953414544,1.6668169877206855,2.1932800507380152,2.381906823969555,0.0,4.440892098500626e-16,sliding
sliding_limited,1.7259999999998425,1.7117685361346686,1.7117620650858614,6.471048807243918e-06,0.011230642989817357,2.24,1.1023615526636457,1.837426327661511,1.666809154602428,2.1932800507380152,2.385330340765315,0.0,-2.220446049250313e-16,sliding
sliding_limited,1.7279999999998423,1.7117909141482484,1.7117844871077184,6.427040529999317e-06,0.011138257784628009,2.24,1.1023719459992294,1.8374350874408947,1.6668013859654036,2.1932800507380152,2.388753902483898,0.0,0.0,sliding
sliding_limited,1.729999999999842,1.7118131080753562,1.711806724757496,6.383317860292337e-06,0.011046631367612582,2.24,1.1023822539711436,1.8374437752735093,1.666793681279277,2.1932800507380152,2.392177508755763,0.0,0.0,sliding
sliding_limited,1.7319999999998419,1.7118351194279688,1.7118287795488858,6.339879083050448e-06,0.010955757526098467,2.24,1.102392477278314,1.8374523917484282,1.6667860400180672,2.1932800507380152,2.395601159214402,0.0,-2.220446049250313e-16,sliding
sliding_limited,1.7339999999998417,1.7118569497056828,1.7118506529831903,6.296722492526996e-06,0.010865630097960082,2.24,1.1024026166139795,1.8374609374499318,1.6667784616601127,2.1932800507380152,2.3990248534963183,0.0,0.0,sliding
sliding_limited,1.7359999999998414,1.7118786003958166,1.7118723465494248,6.25384639185711e-06,0.01077624297121064,2.24,1.1024126726657388,1.8374694129575464,1.6667709456880337,2.1932800507380152,2.402448591240999,0.0,2.220446049250313e-16,sliding
sliding_limited,1.7379999999998412,1.711900072973508,1.711893861724416,6.211249092169524e-06,0.010687590083607087,2.24,1.1024226461155942,1.8374778188460816,1.6667634915887002,2.1932800507380152,2.4058723720908937,0.0,4.440892098500626e-16,sliding
sliding_limited,1.739999999999841,1.711921368901816,1.7119151999729019,6.168928914140892e-06,0.010599665422240404,2.24,1.102432537639998,1.837486155685669,1.666756098853193,2.1932800507380152,2.4092961956913883,0.0,0.0,sliding
sliding_limited,1.7419999999998408,1.7119424896318174,1.7119363627476307,6.126884186663517e-06,0.010512463023146896,2.24,1.102442347909896,1.8374944240418005,1.6667487669767755,2.1932800507380152,2.412720061690784,0.0,4.440892098500626e-16,sliding
sliding_limited,1.7439999999998406,1.7119634366027048,1.7119573514894573,6.085113247511487e-06,0.010425976970909714,2.24,1.102452077590773,1.8375026244753632,1.666741495458852,2.1932800507380152,2.4161439697402685,0.0,-4.440892098500626e-16,sliding
sliding_limited,1.7459999999998403,1.7119842112418837,1.7119781676274406,6.043614443118628e-06,0.010340201398271135,2.24,1.1024617273426944,1.8375107575426795,1.6667342838029413,2.1932800507380152,2.4195679194938937,0.0,6.661338147750939e-16,sliding
sliding_limited,1.7479999999998401,1.7120048149650677,1.7119988125789392,6.002386128578507e-06,0.010255130485744827,2.24,1.1024712978203537,1.8375188237955404,1.6667271315166354,2.1932800507380152,2.422991910608557,0.0,2.220446049250313e-16,sliding
sliding_limited,1.74999999999984,1.7120252491763743,1.7120192877497076,5.961426666756253e-06,0.010170758461232025,2.24,1.1024807896731115,1.8375268237812454,1.666720038111573,2.1932800507380152,2.4264159427439735,0.0,2.220446049250313e-16,sliding
sliding_limited,1.7519999999998397,1.7120455152684193,1.7120395945339888,5.920734430509e-06,0.01008707959963819,2.24,1.1024902035450408,1.8375347580426362,1.6667130031034023,2.1932800507380152,2.4298400155626516,0.0,0.0,sliding
sliding_limited,1.7539999999998395,1.7120656146224102,1.7120597343146102,5.880307800021356e-06,0.010004088222496526,2.24,1.1024995400749693,1.8375426271181337,1.6667060260117494,2.1932800507380152,2.4332641287298764,0.0,-4.440892098500626e-16,sliding
sliding_limited,1.7559999999998392,1.7120855486082394,1.7120797084630748,5.840145164581756e-06,0.009921778697592925,2.24,1.1025087998965208,1.8375504315417732,1.6666991063601868,2.1932800507380152,2.4366882819136793,0.0,0.0,sliding
sliding_limited,1.757999999999839,1.712105318584576,1.7120995183396541,5.800244921916331e-06,0.009840145438591444,2.24,1.1025179836381584,1.8375581718432399,1.666692243676198,2.1932800507380152,2.4401124747848204,0.0,4.440892098500626e-16,sliding
sliding_limited,1.7599999999998388,1.712124925898958,1.71211916529348,5.7606054779668625e-06,0.009759182904666576,2.24,1.102527091923225,1.8375658485479032,1.6666854374911477,2.1932800507380152,2.4435367070167637,0.0,2.220446049250313e-16,sliding
sliding_limited,1.7619999999998386,1.7121443718878815,1.7121386506626344,5.721225247112827e-06,0.009678885600138973,2.24,1.1025361253699846,1.8375734621768527,1.6666786873402513,2.1932800507380152,2.446960978285659,0.0,-4.440892098500626e-16,sliding
sliding_limited,1.7639999999998384,1.7121636578768917,1.71215797577424,5.6821026517273054e-06,0.009599248074110174,2.24,1.1025450845916627,1.8375810132469321,1.6666719927625422,2.1932800507380152,2.4503852882703137,0.0,0.0,sliding
sliding_limited,1.7659999999998381,1.7121827851806737,1.71217714194455,5.643236123731299e-06,0.009520264920092942,2.24,1.1025539701964897,1.8375885022707728,1.6666653533008366,2.1932800507380152,2.453809636652177,0.0,-4.440892098500626e-16,sliding
sliding_limited,1.767999999999838,1.712201755103137,1.712196150479035,5.60462410192919e-06,0.009441930775671391,2.24,1.1025627827877371,1.8375959297568287,1.6666587685017105,2.1932800507380152,2.457234023115314,0.0,-2.220446049250313e-16,sliding
sliding_limited,1.7699999999998377,1.7122205689375078,1.7122150026724725,5.566265035339413e-06,0.009364240322127414,2.24,1.1025715229637607,1.8376032962094102,1.6666522379154614,2.1932800507380152,2.4606584473463866,0.0,0.0,sliding
sliding_limited,1.7719999999998375,1.7122392279664123,1.7122336998090333,5.528157378975607e-06,0.009287188284104235,2.24,1.1025801913180384,1.8376106021287155,1.6666457610960816,2.1932800507380152,2.4640829090346306,0.0,-2.220446049250313e-16,sliding
sliding_limited,1.7739999999998373,1.7122577334619653,1.7122522431623681,5.490299597177284e-06,0.009210769429244552,2.24,1.10258878843921,1.8376178480108667,1.666639337601229,2.1932800507380152,2.4675074078718366,0.0,-2.220446049250313e-16,sliding
sliding_limited,1.775999999999837,1.7122760866858553,1.712270633995693,5.4526901622775625e-06,0.009134978567852128,2.24,1.1025973149111168,1.8376250343479401,1.666632966992193,2.1932800507380152,2.470931943552329,0.0,-2.220446049250313e-16,sliding
sliding_limited,1.7779999999998368,1.7122942888894301,1.7122888735618744,5.4153275557133895e-06,0.009059810552539715,2.24,1.1026057713128394,1.8376321616280005,1.6666266488338686,2.1932800507380152,2.4743565157729397,0.0,-4.440892098500626e-16,sliding
sliding_limited,1.7799999999998366,1.7123123413137795,1.7123069631035144,5.378210265138961e-06,0.008985260277897474,2.24,1.1026141582187365,1.837639230335133,1.6666203826947252,2.1932800507380152,2.4777811242329966,0.0,2.220446049250313e-16,sliding
sliding_limited,1.7819999999998364,1.7123302451898212,1.712324903853033,5.341336788200479e-06,0.008911322680144315,2.24,1.1026224761984837,1.8376462409494747,1.6666141681467763,2.1932800507380152,2.4812057686342968,0.0,0.0,sliding
sliding_limited,1.7839999999998362,1.7123480017383816,1.712342697032752,5.304705629649575e-06,0.008837992736799744,2.24,1.1026307258171102,1.8376531939472471,1.6666080047655527,2.1932800507380152,2.4846304486810884,0.0,-4.440892098500626e-16,sliding
sliding_limited,1.785999999999836,1.7123656121702795,1.712360343854977,5.26831530245353e-06,0.00876526546634691,2.24,1.1026389076350362,1.8376600898007882,1.666601892130073,2.1932800507380152,2.4880551640800497,0.0,-6.661338147750939e-16,sliding
sliding_limited,1.7879999999998357,1.7123830776864075,1.7123778455220795,5.232164328017319e-06,0.008693135927900067,2.24,1.1026470222081115,1.837666928978582,1.6665958298228136,2.1932800507380152,2.4914799145402697,0.0,-6.661338147750939e-16,sliding
sliding_limited,1.7899999999998355,1.712400399477812,1.7123952032265772,5.196251234851346e-06,0.008621599220883736,2.24,1.1026550700876505,1.8376737119452922,1.6665898174296834,2.1932800507380152,2.4949046997732296,0.0,6.661338147750939e-16,sliding
sliding_limited,1.7919999999998353,1.7124175787257754,1.712412418151215,5.160574560347797e-06,0.00855065048469625,2.24,1.1026630518204716,1.8376804391617902,1.6665838545399898,2.1932800507380152,2.498329519492781,1.734723475976807e-18,0.0,sliding
sliding_limited,1.793999999999835,1.7124346166018933,1.7124294914690446,5.125132848782243e-06,0.008480284898399675,2.24,1.10267096794893,1.8376871110851885,1.6665779407464192,2.1932800507380152,2.501754373415126,0.0,2.220446049250313e-16,sliding
sliding_limited,1.7959999999998348,1.7124515142681556,1.7124464243435025,5.089924653089994e-06,0.00841049768038969,2.24,1.1026788190109564,1.8376937281688686,1.6665720756450015,2.1932800507380152,2.505179261258802,1.734723475976807e-18,-6.661338147750939e-16,sliding
sliding_limited,1.7979999999998346,1.7124682728770242,1.7124632179284902,5.054948533977921e-06,0.008341284088079165,2.24,1.1026866055400912,1.8377002908625135,1.6665662588350891,2.1932800507380152,2.508604182744658,-1.734723475976807e-18,-2.220446049250313e-16,sliding
sliding_limited,1.7999999999998344,1.712484893571511,1.7124798733684512,5.0202030597024105e-06,0.008272639417586106,2.24,1.1026943280655217,1.8377067996121357,1.666560489919324,2.1932800507380152,2.5120291375958383,0.0,-2.220446049250313e-16,sliding
sliding_limited,1.8019999999998342,1.712501377485254,1.7124963917984468,4.98568680717959e-06,0.008204559003418703,2.24,1.1027019871121155,1.8377132548601076,1.6665547685036146,2.1932800507380152,2.5154541255377616,0.0,-4.440892098500626e-16,sliding
sliding_limited,1.803999999999834,1.712517725742595,1.7125127743442354,4.951398359542836e-06,0.008137038218166694,2.24,1.1027095832004563,1.8377196570451912,1.6665490941971082,2.1932800507380152,2.5188791462981066,0.0,-2.220446049250313e-16,sliding
sliding_limited,1.8059999999998337,1.7125339394586552,1.712529022122346,4.917336309251397e-06,0.008070072472191287,2.24,1.1027171168468786,1.837726006602567,1.6665434666121632,2.1932800507380152,2.5223041996067868,0.0,0.0,sliding
sliding_limited,1.8079999999998335,1.71255001973941,1.7125451362401543,4.883499255647905e-06,0.00800365721332044,2.24,1.1027245885635015,1.837732303963862,1.666537885364324,2.1932800507380152,2.525729285195939,-1.734723475976807e-18,0.0,sliding
sliding_limited,1.8099999999998333,1.7125659676817637,1.712561117795958,4.84988580562451e-06,0.007937787926548055,2.24,1.1027319988582636,1.8377385495571805,1.6665323500722944,2.1932800507380152,2.5291544027999002,0.0,-4.440892098500626e-16,sliding
sliding_limited,1.811999999999833,1.7125817843736242,1.7125769678790501,4.816494574066965e-06,0.00787246013373024,2.24,1.1027393482349555,1.8377447438071317,1.666526860357913,2.1932800507380152,2.5325795521551924,1.734723475976807e-18,0.0,sliding
sliding_limited,1.8139999999998329,1.7125974708939762,1.7125926875697925,4.783324183632587e-06,0.007807669393287432,2.24,1.1027466371932553,1.8377508871348558,1.666521415846124,2.1932800507380152,2.5360047330005018,0.0,-2.220446049250313e-16,sliding
sliding_limited,1.8159999999998326,1.7126130283129535,1.7126082779396898,4.750373263640029e-06,0.007743411299912372,2.24,1.10275386622876,1.8377569799580566,1.6665160161649568,2.1932800507380152,2.5394299450766646,0.0,4.440892098500626e-16,sliding
sliding_limited,1.8179999999998324,1.7126284576919124,1.7126237400514595,4.7176404529558624e-06,0.007679681484267841,2.24,1.10276103583302,1.8377630226910249,1.666510660945495,2.1932800507380152,2.542855188126647,0.0,-2.220446049250313e-16,sliding
sliding_limited,1.8199999999998322,1.7126437600835014,1.7126390749591063,4.685124395109597e-06,0.007616475612711235,2.24,1.1027681464935701,1.8377690157446684,1.6665053498218574,2.1932800507380152,2.546280461895529,0.0,-4.440892098500626e-16,sliding
sliding_limited,1.821999999999832,1.712658936531735,1.7126542837079912,4.652823743844792e-06,0.007553789386985465,2.24,1.1027751986939642,1.8377749595265394,1.6665000824311682,2.1932800507380152,2.549705766130484,0.0,-4.440892098500626e-16,sliding
sliding_limited,1.8239999999998318,1.7126739880720618,1.712669367334904,4.620737157789989e-06,0.007491618543950859,2.24,1.1027821929138057,1.8377808544408598,1.6664948584135346,2.1932800507380152,2.5531311005807673,0.0,-6.661338147750939e-16,sliding
sliding_limited,1.8259999999998315,1.7126889157314364,1.7126843268681307,4.5888633057877826e-06,0.007429958855287285,2.24,1.1027891296287804,1.8377867008885507,1.666489677412022,2.1932800507380152,2.5565564649976924,0.0,-2.220446049250313e-16,sliding
sliding_limited,1.8279999999998313,1.712703720528387,1.7126991633275255,4.557200861565747e-06,0.007368806127220693,2.24,1.1027960093106877,1.8377924992672572,1.6664845390726302,2.1932800507380152,2.5599818591346204,0.0,2.220446049250313e-16,sliding
sliding_limited,1.829999999999831,1.7127184034730862,1.7127138777245783,4.525748507955285e-06,0.007308156200236461,2.24,1.1028028324274735,1.837798249971376,1.666479443044267,2.1932800507380152,2.563407282746939,0.0,-2.220446049250313e-16,sliding
sliding_limited,1.8319999999998309,1.7127329655674175,1.7127284710624826,4.494504934893229e-06,0.007248004948809846,2.24,1.102809599443259,1.8378039533920814,1.6664743889787286,2.1932800507380152,2.5668327355920466,0.0,0.0,sliding
sliding_limited,1.8339999999998307,1.7127474078050435,1.712742944336205,4.463468838533657e-06,0.007188348281125196,2.24,1.1028163108183735,1.8378096099173507,1.666469376530672,2.1932800507380152,2.5702582174293385,0.0,-2.220446049250313e-16,sliding
sliding_limited,1.8359999999998304,1.712761731171474,1.7127572985325508,4.4326389232463015e-06,0.007129182138802972,2.24,1.1028229670093848,1.8378152199319917,1.6664644053575939,2.1932800507380152,2.573683728020184,0.0,0.0,sliding
sliding_limited,1.8379999999998302,1.7127759366441317,1.712771534630231,4.402013900728363e-06,0.007070502496629707,2.24,1.1028295684691292,1.8378207838176666,1.6664594751198054,2.1932800507380152,2.577109267127919,0.0,2.220446049250313e-16,sliding
sliding_limited,1.83999999999983,1.712790025192418,1.7127856535999293,4.371592488672249e-06,0.007012305362292848,2.24,1.102836115646742,1.8378263019529189,1.6664545854804116,2.1932800507380152,2.580534834517823,0.0,2.220446049250313e-16,sliding
sliding_limited,1.8419999999998298,1.7128039977777794,1.7127996564043662,4.341373413208061e-06,0.0069545867761063125,2.24,1.102842608987688,1.837831774713198,1.6664497361052863,2.1932800507380152,2.5839604299571066,0.0,6.661338147750939e-16,sliding
sliding_limited,1.8439999999998296,1.7128178553537725,1.712813543998365,4.311355407571327e-06,0.006897342810752165,2.24,1.1028490489337903,1.837837202470884,1.6664449266630494,2.1932800507380152,2.5873860532148942,0.0,4.440892098500626e-16,sliding
sliding_limited,1.8459999999998293,1.7128315988661285,1.7128273173289168,4.2815372116589145e-06,0.006840569571013019,2.24,1.1028554359232612,1.8378425855953133,1.6664401568250455,2.1932800507380152,2.5908117040622076,0.0,-4.440892098500626e-16,sliding
sliding_limited,1.8479999999998291,1.7128452292528153,1.7128409773352433,4.251917572029029e-06,0.006784263193522012,2.24,1.1028617703907289,1.8378479244528036,1.6664354262653236,2.1932800507380152,2.5942373822719547,0.0,-4.440892098500626e-16,sliding
sliding_limited,1.849999999999829,1.7128587474441042,1.7128545249488611,4.222495243011437e-06,0.006728419846491294,2.24,1.1028680527672698,1.8378532194066768,1.666430734660609,2.1932800507380152,2.5976630876189075,0.0,-2.220446049250313e-16,sliding
sliding_limited,1.8519999999998287,1.7128721543626306,1.7128679610936444,4.1932689862633765e-06,0.006673035729462008,2.24,1.1028742834804357,1.8378584708172845,1.6664260816902863,2.1932800507380152,2.60108881987969,0.0,-2.220446049250313e-16,sliding
sliding_limited,1.8539999999998285,1.7128854509234572,1.7128812866858871,4.164237570103424e-06,0.006618107073050851,2.24,1.1028804629542819,1.837863679042032,1.666421467036376,2.1932800507380152,2.6045145788327666,0.0,-4.440892098500626e-16,sliding
sliding_limited,1.8559999999998282,1.7128986380341351,1.7128945026343663,4.13539976884536e-06,0.006563630138699558,2.24,1.1028865916093964,1.8378688444354025,1.6664168903835137,2.1932800507380152,2.60794036425842,0.0,0.0,sliding
sliding_limited,1.857999999999828,1.7129117165947663,1.7129076098404012,4.106754365018617e-06,0.006509601218419512,2.24,1.1028926698629278,1.8378739673489797,1.6664123514189269,2.1932800507380152,2.6113661759387417,0.0,2.220446049250313e-16,sliding
sliding_limited,1.8599999999998278,1.7129246874980637,1.7129206091979163,4.078300147369873e-06,0.0064560166345490454,2.24,1.1028986981286133,1.8378790481314717,1.6664078498324146,2.1932800507380152,2.6147920136576146,0.0,-2.220446049250313e-16,sliding
sliding_limited,1.8619999999998276,1.712937551629413,1.7129335015935008,4.050035912195327e-06,0.006402872739500975,2.24,1.1029046768168063,1.837884087128736,1.6664033853163276,2.1932800507380152,2.6182178772007,0.0,2.220446049250313e-16,sliding
sliding_limited,1.8639999999998274,1.7129503098669308,1.7129462879064687,4.021960462008423e-06,0.006350165915523811,2.24,1.1029106063345036,1.8378890846838,1.6663989575655451,2.1932800507380152,2.62164376635542,0.0,4.440892098500626e-16,sliding
sliding_limited,1.8659999999998271,1.7129629630815246,1.7129589690089186,3.994072605983945e-06,0.006297892574460038,2.24,1.1029164870853734,1.8378940411368863,1.6663945662774562,2.1932800507380152,2.625069680910948,0.0,0.0,sliding
sliding_limited,1.867999999999827,1.7129755121369528,1.7129715457657926,3.96637116018006e-06,0.006246049157500973,2.24,1.1029223194697813,1.8378989568254327,1.6663902111519369,2.1932800507380152,2.628495620658187,0.0,-2.220446049250313e-16,sliding
sliding_limited,1.8699999999998267,1.7129879578898823,1.7129840190349335,3.938854948870585e-06,0.006194632134950418,2.24,1.102928103884818,1.8379038320841194,1.6663858918913332,2.1932800507380152,2.631921585389764,0.0,4.440892098500626e-16,sliding
sliding_limited,1.8719999999998265,1.7130003011899457,1.7129963896671456,3.911522800104095e-06,0.006143638005993682,2.24,1.1029338407243257,1.8379086672448857,1.6663816082004363,2.1932800507380152,2.6353475749000084,0.0,6.661338147750939e-16,sliding
sliding_limited,1.8739999999998262,1.713012542879801,1.71300865850625,3.8843735510329935e-06,0.00609306329845244,2.24,1.1029395303789242,1.8379134626369567,1.6663773597864662,2.1932800507380152,2.6387735889849435,0.0,0.0,sliding
sliding_limited,1.875999999999826,1.7130246837951875,1.7130208263891422,3.857406045248979e-06,0.006042904568559128,2.24,1.1029451732360371,1.8379182185868634,1.6663731463590508,2.1932800507380152,2.6421996274422694,0.0,2.220446049250313e-16,sliding
sliding_limited,1.8779999999998258,1.7130367247649811,1.7130328941458492,3.8306191318948635e-06,0.005993158400726942,2.24,1.1029507696799183,1.8379229354184652,1.6663689676302047,2.1932800507380152,2.6456256900713493,0.0,-2.220446049250313e-16,sliding
sliding_limited,1.8799999999998256,1.7130486666112528,1.7130448625995853,3.804011667440932e-06,0.005943821407318373,2.24,1.1029563200916768,1.8379276134529712,1.6663648233143125,2.1932800507380152,2.649051776673198,0.0,-4.440892098500626e-16,sliding
sliding_limited,1.8819999999998254,1.7130605101493228,1.713056732566808,3.7775825147967623e-06,0.005894890228416667,2.24,1.1029618248493032,1.8379322530089617,1.6663607131281057,2.1932800507380152,2.6524778870504666,0.0,2.220446049250313e-16,sliding
sliding_limited,1.8839999999998251,1.7130722561878164,1.7130685048572731,3.7513305433112265e-06,0.005846361531603643,2.24,1.1029672843276948,1.8379368544024093,1.6663566367906457,2.1932800507380152,2.6559040210074287,0.0,-8.881784197001252e-16,sliding
sliding_limited,1.885999999999825,1.7130839055287188,1.71308018027409,3.7252546287724897e-06,0.005798232011734566,2.24,1.1029726988986799,1.8379414179467024,1.6663525940233064,2.1932800507380152,2.6593301783499688,0.0,0.0,sliding
sliding_limited,1.8879999999998247,1.7130954589674288,1.7130917596137756,3.699353653185966e-06,0.0057504983907174356,2.24,1.1029780689310442,1.8379459439526622,1.66634858454975,2.1932800507380152,2.6627563588855674,0.0,0.0,sliding
sliding_limited,1.8899999999998245,1.7131069172928142,1.7131032436663076,3.6736265065506757e-06,0.005703157417288346,2.24,1.1029833947905552,1.8379504327285672,1.6663446080959128,2.1932800507380152,2.6661825624232884,0.0,0.0,sliding
sliding_limited,1.8919999999998243,1.7131182812872634,1.7131146332151799,3.648072083528575e-06,0.005656205866801024,2.24,1.102988676839985,1.837954884580172,1.6663406643899858,2.1932800507380152,2.6696087887737687,0.0,-2.220446049250313e-16,sliding
sliding_limited,1.893999999999824,1.7131295517267393,1.713125929037454,3.6226892852209147e-06,0.005609640541007081,2.24,1.1029939154391368,1.837959299810728,1.6663367531623945,2.1932800507380152,2.6730350377491985,0.0,-2.220446049250313e-16,sliding
sliding_limited,1.8959999999998238,1.7131407293808323,1.713137131903812,3.597477020278461e-06,0.00556345826783822,2.24,1.1029991109448682,1.8379636787210045,1.666332874145782,2.1932800507380152,2.676461309163318,0.0,0.0,sliding
sliding_limited,1.8979999999998236,1.7131518150128116,1.7131482425786093,3.5724342022369626e-06,0.0055176559011986944,2.24,1.1030042637111153,1.8379680216093077,1.6663290270749893,2.1932800507380152,2.679887602831396,0.0,0.0,sliding
sliding_limited,1.8999999999998234,1.713162809379678,1.7131592618199252,3.5475597528478175e-06,0.00547223032074801,2.24,1.103009374088916,1.837972328771502,1.6663252116870395,2.1932800507380152,2.683313918570221,0.0,-2.220446049250313e-16,sliding
sliding_limited,1.9019999999998232,1.7131737132322142,1.7131701903796166,3.5228525976371827e-06,0.005427178431697288,2.24,1.103014442426434,1.8379766005010292,1.6663214277211185,2.1932800507380152,2.686740256198091,0.0,0.0,sliding
sliding_limited,1.903999999999823,1.7131845273150366,1.7131810290033656,3.498311671012999e-06,0.005382497164596842,2.24,1.103019469068983,1.8379808370889286,1.6663176749185566,2.1932800507380152,2.690166615534797,0.0,0.0,sliding
sliding_limited,1.9059999999998227,1.7131952523666447,1.7131917784307336,3.473935911157966e-06,0.005338183475133042,2.24,1.1030244543590475,1.8379850388238554,1.6663139530228126,2.1932800507380152,2.6935929964016134,0.0,2.220446049250313e-16,sliding
sliding_limited,1.9079999999998225,1.7132058891194724,1.713202439395208,3.4497242642483883e-06,0.005294234343922235,2.24,1.1030293986363087,1.837989205992102,1.6663102617794547,2.1932800507380152,2.697019398621284,0.0,2.220446049250313e-16,sliding
sliding_limited,1.9099999999998223,1.7132164382999375,1.7132130126242555,3.4256756820116863e-06,0.005250646776305162,2.24,1.1030343022376656,1.8379933388776153,1.6663066009361434,2.1932800507380152,2.7004458220180116,0.0,2.220446049250313e-16,sliding
sliding_limited,1.911999999999822,1.7132269006284893,1.7132234988393675,3.401789121726395e-06,0.005207417802155046,2.24,1.1030391654972578,1.8379974377620172,1.666302970242616,2.1932800507380152,2.703872266417444,0.0,-8.881784197001252e-16,sliding
sliding_limited,1.9139999999998218,1.7132372768196595,1.7132338987561122,3.3780635473323883e-06,0.0051645444756666355,2.24,1.1030439887464876,1.8380015029246233,1.6662993694506691,2.1932800507380152,2.7072987316466657,0.0,-2.220446049250313e-16,sliding
sliding_limited,1.9159999999998216,1.7132475675821102,1.7132442130841816,3.354497928542699e-06,0.005122023875164781,2.24,1.103048772314044,1.8380055346424604,1.6662957983141384,2.1932800507380152,2.710725217534181,0.0,0.0,sliding
sliding_limited,1.9179999999998214,1.7132577736186818,1.7132544425274394,3.3310912423978323e-06,0.005079853102902757,2.24,1.1030535165259236,1.838009533190287,1.6662922565888858,2.1932800507380152,2.7141517239099078,0.0,-6.661338147750939e-16,sliding
sliding_limited,1.9199999999998212,1.7132678956264398,1.7132645877839703,3.307842469491007e-06,0.005038029284877677,2.24,1.1030582217054514,1.8380134988406112,1.6662887440327825,2.1932800507380152,2.7175782506051607,0.0,-2.220446049250313e-16,sliding
sliding_limited,1.921999999999821,1.7132779342967233,1.7132746495461253,3.2847505979649583e-06,0.004996549570624903,2.24,1.1030628881733047,1.8380174318637073,1.6662852604056897,2.1932800507380152,2.721004797452645,0.0,2.220446049250313e-16,sliding
sliding_limited,1.9239999999998207,1.713287890315192,1.7132846285005698,3.2618146221796707e-06,0.004955411133031998,2.24,1.1030675162475339,1.8380213325276367,1.6662818054694446,2.1932800507380152,2.7244313642864397,0.0,2.220446049250313e-16,sliding
sliding_limited,1.9259999999998205,1.7132977643618716,1.7132945253283303,3.2390335413801097e-06,0.004914611168152185,2.24,1.103072106243583,1.8380252010982643,1.666278378987844,2.1932800507380152,2.7278579509419907,0.0,0.0,sliding
sliding_limited,1.9279999999998203,1.713307557111201,1.7133043407048396,3.216406361472579e-06,0.004874146895006089,2.24,1.103076658474312,1.8380290378392763,1.666274980726627,2.1932800507380152,2.731284557256097,0.0,0.0,sliding
sliding_limited,1.92999999999982,1.7133172692320777,1.7133140752999834,3.193932094358587e-06,0.004834015555405448,2.24,1.103081173250017,1.8380328430121993,1.6662716104534612,2.1932800507380152,2.734711183066901,0.0,2.220446049250313e-16,sliding
sliding_limited,1.9319999999998199,1.713326901387903,1.7133237297781463,3.171609756602578e-06,0.0047942144137582705,2.24,1.1030856508784523,1.838036616876416,1.6662682679379237,2.1932800507380152,2.7381378282138766,0.0,-6.661338147750939e-16,sliding
sliding_limited,1.9339999999998196,1.713336454236627,1.713333304798255,3.1494383718744245e-06,0.0047547407568915775,2.24,1.1030900916648496,1.838040359689185,1.6662649529514897,2.1932800507380152,2.7415644925378175,0.0,6.661338147750939e-16,sliding
sliding_limited,1.9359999999998194,1.7133459284307935,1.7133428010138252,3.1274169682848907e-06,0.004715591893865837,2.24,1.1030944959119402,1.8380440717056543,1.6662616652675104,2.1932800507380152,2.7449911758808283,0.0,0.0,sliding
sliding_limited,1.9379999999998192,1.7133553246175854,1.7133522190730037,3.105544581716302e-06,0.004676765155788913,2.24,1.1030988639199737,1.8380477531788844,1.6662584046612061,2.1932800507380152,2.7484178780863133,0.0,4.440892098500626e-16,sliding
sliding_limited,1.939999999999819,1.7133646434388663,1.713361559618615,3.0838202513816526e-06,0.004638257895646613,2.24,1.10310319598674,1.8380514043598586,1.666255170909643,2.1932800507380152,2.7518445989989644,0.0,-4.440892098500626e-16,sliding
sliding_limited,1.9419999999998188,1.7133738855312255,1.713370823288202,3.0622430235993647e-06,0.00460006748811713,2.24,1.103107492407587,1.8380550254975054,1.6662519637917235,2.1932800507380152,2.755271338464752,0.0,-4.440892098500626e-16,sliding
sliding_limited,1.9439999999998185,1.7133830515260213,1.7133800107140709,3.04081195046102e-06,0.004562191329396218,2.24,1.1031117534754429,1.8380586168387123,1.6662487830881685,2.1932800507380152,2.758698096330913,0.0,4.440892098500626e-16,sliding
sliding_limited,1.9459999999998183,1.7133921420494236,1.713389122523335,3.0195260884990915e-06,0.004524626837020419,2.24,1.1031159794808354,1.8380621786283426,1.6662456285815008,2.1932800507380152,2.7621248724459417,0.0,-6.661338147750939e-16,sliding
sliding_limited,1.947999999999818,1.7134011577224566,1.7133981593379555,2.9983845011294363e-06,0.004487371449693708,2.24,1.1031201707119096,1.8380657111092542,1.6662425000560366,2.1932800507380152,2.7655516666595807,0.0,0.0,sliding
sliding_limited,1.9499999999998179,1.7134100991610408,1.7134071217747837,2.977386257096981e-06,0.004450422627116582,2.24,1.1031243274544495,1.8380692145223125,1.666239397297863,2.1932800507380152,2.7689784788228056,0.0,-4.440892098500626e-16,sliding
sliding_limited,1.9519999999998177,1.713418966976035,1.7134160104456047,2.9565304302536788e-06,0.004413777849811721,2.24,1.103128449991896,1.8380726891064096,1.6662363200948291,2.1932800507380152,2.772405308787822,0.0,6.661338147750939e-16,sliding
sliding_limited,1.9539999999998174,1.7134277617732765,1.7134248259571767,2.9358160997805527e-06,0.004377434618960405,2.24,1.103132538605367,1.8380761350984782,1.6662332682365277,2.1932800507380152,2.775832156408049,0.0,-2.220446049250313e-16,sliding
sliding_limited,1.9559999999998172,1.7134364841536254,1.713433568911274,2.9152423512979198e-06,0.004341390456224275,2.24,1.103136593573675,1.8380795527335096,1.6662302415142844,2.1932800507380152,2.7792590215381137,0.0,0.0,sliding
sliding_limited,1.957999999999817,1.7134451347130013,1.7134422399047269,2.8948082744228998e-06,0.00430564290358809,2.24,1.1031406151733463,1.8380829422445677,1.6662272397211424,2.1932800507380152,2.7826859040338374,0.0,2.220446049250313e-16,sliding
sliding_limited,1.9599999999998168,1.7134537140424275,1.713450839529462,2.8745129654339507e-06,0.004270189523186857,2.24,1.1031446036786416,1.8380863038628057,1.6662242626518442,2.1932800507380152,2.7861128037522302,8.673617379884035e-19,-2.220446049250313e-16,sliding
sliding_limited,1.9619999999998166,1.7134622227280696,1.7134593683725434,2.8543555261606457e-06,0.0042350278971422526,2.24,1.1031485593615715,1.838089637817483,1.666221310102826,2.1932800507380152,2.789539720551477,-8.673617379884035e-19,2.220446049250313e-16,sliding
sliding_limited,1.9639999999998163,1.7134706613512738,1.7134678270162114,2.8343350624293606e-06,0.004200155627406834,2.24,1.1031524824919168,1.8380929443359761,1.6662183818721947,2.1932800507380152,2.7929666542909315,-8.673617379884035e-19,-2.220446049250313e-16,sliding
sliding_limited,1.9659999999998161,1.7134790304886098,1.7134762160379227,2.814450687171899e-06,0.004165570335590204,2.24,1.103156373337246,1.8380962236438005,1.666215477759721,2.1932800507380152,2.796393604831104,0.0,4.440892098500626e-16,sliding
sliding_limited,1.967999999999816,1.7134873307119067,1.71348453601039,2.7947015166507327e-06,0.004131269662810558,2.24,1.103160232162934,1.83809947596462,1.6662125975668216,2.1932800507380152,2.7998205720336506,0.0,2.220446049250313e-16,sliding
sliding_limited,1.9699999999998157,1.7134955625882944,1.7134927875016195,2.775086674899896e-06,0.004097251269525724,2.24,1.1031640592321785,1.8381027015202656,1.6662097410965484,2.1932800507380152,2.803247555761369,0.0,-4.440892098500626e-16,sliding
sliding_limited,1.9719999999998155,1.7135037266802402,1.7135009710749511,2.7556052890620464e-06,0.004063512835380803,2.24,1.1031678548060198,1.8381059005307483,1.6662069081535733,2.1932800507380152,2.8066745558781863,0.0,-2.220446049250313e-16,sliding
sliding_limited,1.9739999999998152,1.7135118235455875,1.7135090872890955,2.736256492053002e-06,0.004030052059055323,2.24,1.1031716191433563,1.838109073214275,1.6662040985441762,2.1932800507380152,2.810101572249144,8.673617379884035e-19,4.440892098500626e-16,sliding
sliding_limited,1.975999999999815,1.7135198537375953,1.7135171366981723,2.7170394230058292e-06,0.003996866658094773,2.24,1.1031753525009644,1.8381122197872632,1.666201312076229,2.1932800507380152,2.8135286047404016,0.0,0.0,sliding
sliding_limited,1.9779999999998148,1.7135278178049735,1.7135251198517487,2.6979532248283533e-06,0.0039639543687704434,2.24,1.1031790551335132,1.8381153404643555,1.6661985485591875,2.1932800507380152,2.8169556532192166,8.673617379884035e-19,6.661338147750939e-16,sliding
sliding_limited,1.9799999999998146,1.7135357162919218,1.7135330372948756,2.678997046201559e-06,0.003931312945918289,2.24,1.1031827272935844,1.8381184354584332,1.6661958078040722,2.1932800507380152,2.820382717553938,-8.673617379884035e-19,-6.661338147750939e-16,sliding
sliding_limited,1.9819999999998144,1.7135435497381661,1.7135408895681246,2.6601700415795904e-06,0.00389894016279047,2.24,1.1031863692316863,1.8381215049806328,1.666193089623462,2.1932800507380152,2.8238097976140004,0.0,-6.661338147750939e-16,sliding
sliding_limited,1.9839999999998141,1.7135513186789952,1.7135486772076258,2.641471369413395e-06,0.0038668338109039764,2.24,1.1031899811962735,1.8381245492403575,1.666190393831476,2.1932800507380152,2.8272368932699115,0.0,-4.440892098500626e-16,sliding
sliding_limited,1.985999999999814,1.7135590236452969,1.7135564007451034,2.622900193482991e-06,0.0038349916998946165,2.24,1.103193563433762,1.838127568445294,1.6661877202437638,2.1932800507380152,2.8306640043932445,0.0,2.220446049250313e-16,sliding
sliding_limited,1.9879999999998137,1.7135666651635957,1.7135640607079117,2.6044556840076893e-06,0.0038034116573588,2.24,1.1031971161885472,1.8381305628014246,1.666185068677491,2.1932800507380152,2.8340911308566312,0.0,-2.220446049250313e-16,sliding
sliding_limited,1.9899999999998135,1.713574243756086,1.7135716576190716,2.586137014315426e-06,0.0037720915287226663,2.24,1.103200639703019,1.838133532513042,1.6661824389513284,2.1932800507380152,2.8375182725337496,0.0,-4.440892098500626e-16,sliding
sliding_limited,1.9919999999998133,1.7135817599406693,1.7135791919973058,2.567943363507297e-06,0.003741029177084357,2.24,1.1032041342175782,1.8381364777827622,1.6661798308854394,2.1932800507380152,2.8409454292993193,0.0,-8.881784197001252e-16,sliding
sliding_limited,1.993999999999813,1.7135892142309892,1.7135866643570736,2.5498739155693784e-06,0.0037102224830758185,2.24,1.103207599970654,1.8381393988115406,1.666177244301468,2.1932800507380152,2.8443726010290904,0.0,-4.440892098500626e-16,sliding
sliding_limited,1.9959999999998128,1.7135966071364666,1.7135940752086067,2.5319278598168182e-06,0.003679669344712886,2.24,1.1032110371987198,1.8381422957986828,1.666174679022524,2.1932800507380152,2.8477997875998353,0.0,2.220446049250313e-16,sliding
sliding_limited,1.9979999999998126,1.7136039391623337,1.7136014250579437,2.514104390005656e-06,0.0036493676772595294,2.24,1.1032144461363085,1.8381451689418584,1.6661721348731733,2.1932800507380152,2.85122698888934,0.0,-6.661338147750939e-16,sliding
sliding_limited,1.9999999999998124,1.7136112108096686,1.7136087144069632,2.496402705443046e-06,0.0036193154130862402,2.24,1.1032178270160278,1.838148018437117,1.6661696116794278,2.1932800507380152,2.8546542047763976,0.0,2.220446049250313e-16,sliding
sliding_limited,2.0019999999998124,1.7136184225754298,1.71361594375342,2.4788220098770353e-06,0.0035895105015264625,2.24,1.1032211800685783,1.838150844478898,1.6661671092687282,2.1932800507380152,2.858081435140799,0.0,2.220446049250313e-16,sliding
sliding_limited,2.003999999999812,1.7136255749524887,1.7136231135909776,2.4613615110524734e-06,0.003559950908744257,2.24,1.1032245055227663,1.8381536472600457,1.6661646274699373,2.1932800507380152,2.861508679863323,0.0,2.220446049250313e-16,sliding
sliding_limited,2.005999999999812,1.713632668429665,1.7136302244092416,2.444020423375548e-06,0.003530634617589756,2.24,1.1032278036055212,1.8381564269718225,1.6661621661133263,2.1932800507380152,2.8649359388257323,0.0,0.0,sliding
sliding_limited,2.0079999999998117,1.7136397034917588,1.7136372766937944,2.4267979643610715e-06,0.003501559627465366,2.24,1.10323107454191,1.8381591838039208,1.6661597250305624,2.1932800507380152,2.8683632119107583,0.0,8.881784197001252e-16,sliding
sliding_limited,2.0099999999998115,1.713646680619583,1.7136442709262263,2.409693356630882e-06,0.0034727239541963557,2.24,1.103234318555153,1.838161917944476,1.6661573040546984,2.1932800507380152,2.8717904990021017,0.0,4.440892098500626e-16,sliding
sliding_limited,2.0119999999998113,1.7136536002899987,1.7136512075841694,2.392705829246111e-06,0.003444125629881922,2.24,1.1032375358666384,1.8381646295800804,1.666154903020161,2.1932800507380152,2.8752177999844193,0.0,-4.440892098500626e-16,sliding
sliding_limited,2.013999999999811,1.7136604629759438,1.7136580871413303,2.375834613488337e-06,0.003415762702781895,2.24,1.1032407266959372,1.8381673188957945,1.6661525217627409,2.1932800507380152,2.8786451147433176,0.0,-4.440892098500626e-16,sliding
sliding_limited,2.015999999999811,1.7136672691464678,1.7136649100675212,2.359078946634341e-06,0.003387633237169755,2.24,1.1032438912608185,1.83816998607516,1.666150160119579,2.1932800507380152,2.882072443165344,0.0,-2.220446049250313e-16,sliding
sliding_limited,2.0179999999998106,1.7136740192667637,1.713671676828693,2.3424380706238423e-06,0.0033597353132046883,2.24,1.1032470297772645,1.8381726313002118,1.666147817929156,2.1932800507380152,2.8854997851379793,0.0,0.0,sliding
sliding_limited,2.0199999999998104,1.7136807137981982,1.7136783878869664,2.325911231837452e-06,0.003332067026806579,2.24,1.1032501424594845,1.8381752547514911,1.6661454950312828,2.1932800507380152,2.888927140549631,0.0,-8.881784197001252e-16,sliding
sliding_limited,2.02199999999981,1.7136873531983445,1.7136850437006632,2.3094976813187174e-06,0.0033046264895202513,2.24,1.103253229519929,1.838177856608058,1.66614319126709,2.1932800507380152,2.892354509289626,0.0,-2.220446049250313e-16,sliding
sliding_limited,2.02399999999981,1.7136939379210125,1.7136916447243375,2.2931966749961674e-06,0.003277411828395346,2.24,1.1032562911693056,1.8381804370475012,1.6661409064790136,2.1932800507380152,2.8957818912482027,0.0,-2.220446049250313e-16,sliding
sliding_limited,2.0259999999998097,1.7137004684162804,1.7136981914088076,2.277007472795134e-06,0.0032504211858525134,2.24,1.1032593276165918,1.8381829962459533,1.666138640510787,2.1932800507380152,2.8992092863165007,0.0,-2.220446049250313e-16,sliding
sliding_limited,2.0279999999998095,1.7137069451305242,1.7137046842011854,2.260929338859796e-06,0.003223652719563779,2.24,1.1032623390690492,1.8381855343780995,1.666136393207431,2.1932800507380152,2.902636694386556,0.0,-2.220446049250313e-16,sliding
sliding_limited,2.0299999999998093,1.7137133685064496,1.7137111235449063,2.244961543329538e-06,0.0031971046023226463,2.24,1.1032653257322387,1.838188051617192,1.6661341644152408,2.1932800507380152,2.9060641153512954,0.0,4.440892098500626e-16,sliding
sliding_limited,2.031999999999809,1.713719738983122,1.7137175098797621,2.229103359896456e-06,0.003170775021919575,2.24,1.1032682878100342,1.8381905481350609,1.6661319539817763,2.1932800507380152,2.9094915491045246,0.0,-4.440892098500626e-16,sliding
sliding_limited,2.033999999999809,1.7137260569959945,1.7137238436419278,2.2133540666935403e-06,0.0031446621810286876,2.24,1.1032712255046344,1.8381930241021254,1.6661297617558537,2.1932800507380152,2.9129189955409256,0.0,0.0,sliding
sliding_limited,2.0359999999998086,1.7137323229769394,1.7137301252639932,2.197712946294672e-06,0.0031187642970739713,2.24,1.1032741390165792,1.8381954796874052,1.6661275875875325,2.1932800507380152,2.916346454556046,0.0,-2.220446049250313e-16,sliding
sliding_limited,2.0379999999998084,1.713738537354277,1.7137363551749913,2.182179285714625e-06,0.0030930796021198907,2.24,1.1032770285447615,1.838197915058533,1.666125431328107,2.1932800507380152,2.9197739260462954,0.0,6.661338147750939e-16,sliding
sliding_limited,2.039999999999808,1.7137447005528048,1.7137425338004282,2.166752376631109e-06,0.003067606342741494,2.24,1.1032798942864417,1.8382003303817642,1.666123292830094,2.1932800507380152,2.923201409908932,0.0,0.0,sliding
sliding_limited,2.041999999999808,1.7137508129938264,1.7137486615623119,2.1514315144965934e-06,0.0030423427799125876,2.24,1.10328273643726,1.8382027258219904,1.6661211719472264,2.1932800507380152,2.9266289060420627,0.0,-2.220446049250313e-16,sliding
sliding_limited,2.0439999999998077,1.7137568750951806,1.7137547388791805,2.1362160000926167e-06,0.0030172871888821872,2.24,1.1032855551912508,1.838205101542749,1.6661190685344396,2.1932800507380152,2.9300564143446337,0.0,0.0,sliding
sliding_limited,2.0459999999998075,1.7137628872712687,1.7137607661661314,2.1211051373093426e-06,0.0029924378590666014,2.24,1.103288350740855,1.838207457706234,1.6661169824478639,2.1932800507380152,2.933483934716422,0.0,-2.220446049250313e-16,sliding
sliding_limited,2.0479999999998073,1.7137688499330836,1.7137667438348487,2.106098234921916e-06,0.002967793093925394,2.24,1.1032911232769336,1.8382097944733076,1.6661149135448128,2.1932800507380152,2.936911467058029,0.0,-4.440892098500626e-16,sliding
sliding_limited,2.049999999999807,1.7137747634882394,1.713772672293632,2.0911946074786414e-06,0.002943351210843212,2.24,1.1032938729887802,1.8382121120035126,1.6661128616837755,2.1932800507380152,2.9403390112708747,0.0,-4.440892098500626e-16,sliding
sliding_limited,2.051999999999807,1.7137806283409949,1.7137785519474242,2.0763935706380465e-06,0.0029191105410316296,2.24,1.1032966000641342,1.83821441045508,1.6661108267244051,2.1932800507380152,2.943766567257192,0.0,-4.440892098500626e-16,sliding
sliding_limited,2.0539999999998066,1.713786444892285,1.713784383197838,2.0616944469420417e-06,0.0028950694293997433,2.24,1.1032993046891926,1.838216689984942,1.6661088085275109,2.1932800507380152,2.9471941349200175,0.0,2.220446049250313e-16,sliding
sliding_limited,2.0559999999998064,1.713792213539747,1.713790166443185,2.047096562041162e-06,0.0028712262344491825,2.24,1.1033019870486247,1.838218950748742,1.6661068069550464,2.1932800507380152,2.950621714163186,0.0,-2.220446049250313e-16,sliding
sliding_limited,2.057999999999806,1.7137979346777463,1.7137959020785003,2.032599246026834e-06,0.0028475793281637473,2.24,1.1033046473255816,1.8382211929008458,1.6661048218701038,2.1932800507380152,2.9540493048913237,0.0,0.0,sliding
sliding_limited,2.059999999999806,1.713803608697405,1.7138015904955723,2.0182018325431983e-06,0.0028241270958966054,2.24,1.1033072857017117,1.8382234165943503,1.6661028531368998,2.1932800507380152,2.9574769070098434,0.0,0.0,sliding
sliding_limited,2.0619999999998058,1.7138092359866275,1.713807232082967,2.0039036605634664e-06,0.0028008679362609076,2.24,1.1033099023571709,1.8382256219810964,1.66610090062077,2.1932800507380152,2.960904520424935,0.0,-4.440892098500626e-16,sliding
sliding_limited,2.0639999999998055,1.7138148169301277,1.713812827226056,1.9897040717253844e-06,0.0027778002610228435,2.24,1.103312497470635,1.838227809211677,1.6660989641881603,2.1932800507380152,2.9643321450435614,0.0,4.440892098500626e-16,sliding
sliding_limited,2.0659999999998053,1.7138203519094548,1.7138183763070414,1.9756024134398587e-06,0.002754922494990794,2.24,1.1033150712193136,1.8382299784354483,1.6660970437066118,2.1932800507380152,2.9677597807734517,0.0,-2.220446049250313e-16,sliding
sliding_limited,2.067999999999805,1.7138258413030183,1.713823879704983,1.961598035338241e-06,0.0027322330759152217,2.24,1.1033176237789595,1.8382321298005402,1.6660951390447605,2.1932800507380152,2.9711874275230947,0.0,2.220446049250313e-16,sliding
sliding_limited,2.069999999999805,1.7138312854861162,1.7138293377958238,1.9476902923809547e-06,0.0027097304543734287,2.24,1.103320155323883,1.8382342634538655,1.6660932500723205,2.1932800507380152,2.9746150852017315,0.0,2.220446049250313e-16,sliding
sliding_limited,2.0719999999998047,1.7138366848309583,1.7138347509524146,1.9338785437472694e-06,0.0026874130936709126,2.24,1.1033226660269622,1.8382363795411303,1.6660913766600793,2.1932800507380152,2.978042753719351,0.0,-2.220446049250313e-16,sliding
sliding_limited,2.0739999999998044,1.7138420397066925,1.713840119544541,1.9201621515030354e-06,0.0026652794697368675,2.24,1.1033251560596546,1.8382384782068444,1.6660895186798899,2.1932800507380152,2.9814704329866837,0.0,-4.440892098500626e-16,sliding
sliding_limited,2.0759999999998042,1.7138473504794298,1.7138454439389474,1.9065404823770393e-06,0.0026433280710182155,2.24,1.1033276255920106,1.8382405595943299,1.6660876760046575,2.1932800507380152,2.9848981229151943,0.0,-6.661338147750939e-16,sliding
sliding_limited,2.077999999999804,1.7138526175122697,1.7138507244993624,1.8930129073169155e-06,0.002621557398378523,2.24,1.1033300747926826,1.8382426238457321,1.6660858485083356,2.1932800507380152,2.988325823417077,0.0,-4.440892098500626e-16,sliding
sliding_limited,2.079999999999804,1.7138578411653238,1.7138559615865234,1.8795788003789227e-06,0.002599965964997408,2.24,1.1033325038289379,1.8382446711020284,1.666084036065915,2.1932800507380152,2.991753534405248,0.0,-2.220446049250313e-16,sliding
sliding_limited,2.0819999999998036,1.7138630217957418,1.7138611555582013,1.8662375405043008e-06,0.0025785522962660365,2.24,1.1033349128666703,1.8382467015030377,1.6660822385534138,2.1932800507380152,2.9951812557933417,0.0,-6.661338147750939e-16,sliding
sliding_limited,2.0839999999998033,1.7138681597577348,1.713866306769225,1.8529885097429144e-06,0.0025573149296914113,2.24,1.1033373020704098,1.8382487151874314,1.6660804558478737,2.1932800507380152,2.9986089874957034,0.0,-2.220446049250313e-16,sliding
sliding_limited,2.085999999999803,1.7138732554025995,1.713871415571505,1.83983109458552e-06,0.002536252414793824,2.24,1.1033396716033357,1.8382507122927405,1.6660786878273461,2.1932800507380152,3.0020367294273815,0.0,2.220446049250313e-16,sliding
sliding_limited,2.087999999999803,1.7138783090787426,1.7138764823140582,1.8267646844094543e-06,0.002515363313012608,2.24,1.1033420216272862,1.8382526929553664,1.6660769343708874,2.1932800507380152,3.0054644815041267,0.0,-2.220446049250313e-16,sliding
sliding_limited,2.0899999999998027,1.713883321131704,1.7138815073430307,1.8137886732549902e-06,0.0024946461976050553,2.24,1.1033443523027695,1.8382546573105905,1.6660751953585509,2.1932800507380152,3.008892243642382,0.0,-2.220446049250313e-16,sliding
sliding_limited,2.0919999999998025,1.7138882919041816,1.713886491001722,1.800902459603293e-06,0.0024740996535453324,2.24,1.1033466637889762,1.8382566054925822,1.666073470671375,2.1932800507380152,3.012320015759278,0.0,-2.220446049250313e-16,sliding
sliding_limited,2.0939999999998022,1.7138932217360527,1.7138914336306086,1.788105444155974e-06,0.0024537222774404905,2.24,1.103348956243788,1.8382585376344087,1.666071760191379,2.1932800507380152,3.015747797772629,0.0,0.0,sliding
sliding_limited,2.095999999999802,1.713898110964399,1.7138963355673669,1.7753970320555368e-06,0.0024335126774230305,2.24,1.1033512298237902,1.838260453868044,1.6660700638015529,2.1932800507380152,3.019175589600924,0.0,-6.661338147750939e-16,sliding
sliding_limited,2.097999999999802,1.7139029599235278,1.7139011971468954,1.7627766324412875e-06,0.00241346947306545,2.24,1.1033534846842803,1.8382623543243772,1.666068381385851,2.1932800507380152,3.022603391163324,0.0,-2.220446049250313e-16,sliding
sliding_limited,2.0999999999998016,1.713907768944997,1.7139060187013386,1.7502436584493353e-06,0.0023935912952776925,2.24,1.1033557209792815,1.8382642391332231,1.6660667128291815,2.1932800507380152,3.0260312023796563,0.0,-4.440892098500626e-16,sliding
sliding_limited,2.1019999999998014,1.7139125383576355,1.7139108005601094,1.7377975261023693e-06,0.00237387678622462,2.24,1.1033579388615498,1.8382661084233287,1.6660650580174017,2.1932800507380152,3.029459023170409,0.0,-2.220446049250313e-16,sliding
sliding_limited,2.103999999999801,1.713917268487567,1.7139155430499118,1.7254376551978368e-06,0.002354324599224932,2.24,1.1033601384825873,1.8382679623223837,1.666063416837307,2.1932800507380152,3.032886853456722,0.0,2.220446049250313e-16,sliding
sliding_limited,2.105999999999801,1.7139219596582318,1.7139202464947618,1.7131634699740772e-06,0.0023349333986627772,2.24,1.1033623199926506,1.838269800957028,1.6660617891766256,2.1932800507380152,3.0363146931603873,0.0,-2.220446049250313e-16,sliding
sliding_limited,2.1079999999998007,1.7139266121904089,1.7139249112160115,1.7009743973339653e-06,0.0023157018599003426,2.24,1.1033644835407612,1.838271624452862,1.6660601749240114,2.1932800507380152,3.0397425422038378,0.0,4.440892098500626e-16,sliding
sliding_limited,2.1099999999998005,1.7139312264022377,1.7139295375323687,1.688869869065357e-06,0.0022966286691811664,2.24,1.103366629274717,1.8382734329344528,1.6660585739690321,2.1932800507380152,3.0431704005101485,0.0,6.661338147750939e-16,sliding
sliding_limited,2.1119999999998003,1.7139358026092393,1.7139341257599208,1.6768493185104205e-06,0.0022777125235505413,2.24,1.1033687573411006,1.8382752265253437,1.6660569862021666,2.1932800507380152,3.046598268003025,0.0,0.0,sliding
sliding_limited,2.1139999999998,1.7139403411243397,1.713938676212155,1.6649121847844839e-06,0.0022589521307544293,2.24,1.1033708678852903,1.8382770053480644,1.6660554115147956,2.1932800507380152,3.0500261446068033,0.0,0.0,sliding
sliding_limited,2.1159999999998,1.7139448422578896,1.7139431891999801,1.6530579094453657e-06,0.0022403462091613313,2.24,1.1033729610514695,1.8382787695241363,1.6660538497991935,2.1932800507380152,3.053454030246442,0.0,0.0,sliding
sliding_limited,2.1179999999997996,1.713949306317685,1.7139476650317473,1.6412859376035982e-06,0.002221893487675365,2.24,1.1033750369826365,1.838280519174082,1.666052300948522,2.1932800507380152,3.0568819248475156,0.0,4.440892098500626e-16,sliding
sliding_limited,2.1199999999997994,1.7139537336089903,1.7139521040132726,1.6295957177003828e-06,0.0022035927056420165,2.24,1.1033770958206153,1.8382822544174342,1.6660507648568212,2.1932800507380152,3.060309828336213,0.0,4.440892098500626e-16,sliding
sliding_limited,2.121999999999799,1.713958124434557,1.7139565064478546,1.6179867023957684e-06,0.002185442612772453,2.24,1.1033791377060633,1.8382839753727431,1.6660492414190053,2.1932800507380152,3.063737740639331,0.0,-2.220446049250313e-16,sliding
sliding_limited,2.123999999999799,1.7139624790946457,1.7139608726362991,1.6064583465702498e-06,0.0021674419690502498,2.24,1.103381162778482,1.8382856821575841,1.6660477305308534,2.1932800507380152,3.067165661684269,0.0,-4.440892098500626e-16,sliding
sliding_limited,2.1259999999997987,1.7139667978870468,1.713965202876936,1.595010110655437e-06,0.0021495895446498416,2.24,1.103383171176227,1.8382873748885673,1.666046232089002,2.1932800507380152,3.0705935913990237,0.0,-2.220446049250313e-16,sliding
sliding_limited,2.1279999999997985,1.7139710811070985,1.7139694974656425,1.5836414559711187e-06,0.0021318841198583894,2.24,1.103385163036516,1.8382890536813432,1.6660447459909393,2.1932800507380152,3.0740215297121853,-4.336808689942018e-19,2.220446049250313e-16,sliding
sliding_limited,2.1299999999997983,1.7139753290477107,1.713973756695861,1.5723518496102429e-06,0.002114324484981046,2.24,1.1033871384954397,1.8382907186506126,1.6660432721349963,2.1932800507380152,3.077449476552931,4.336808689942018e-19,-2.220446049250313e-16,sliding
sliding_limited,2.131999999999798,1.7139795419993813,1.713977980858621,1.56114076022007e-06,0.0020969094402716153,2.24,1.1033890976879694,1.8382923699101328,1.6660418104203425,2.1932800507380152,3.080877431851023,0.0,2.220446049250313e-16,sliding
sliding_limited,2.133999999999798,1.7139837202502186,1.7139821702425573,1.5500076613328417e-06,0.0020796377958412315,2.24,1.103391040747968,1.8382940075727272,1.6660403607469774,2.1932800507380152,3.0843053955368,0.0,0.0,sliding
sliding_limited,2.1359999999997976,1.713987864085959,1.7139863251339305,1.5389520284792013e-06,0.0020625083715856032,2.24,1.1033929678081968,1.8382956317502903,1.6660389230157227,2.1932800507380152,3.0877333675411753,0.0,-4.440892098500626e-16,sliding
sliding_limited,2.1379999999997974,1.7139919737899878,1.7139904458166468,1.5279733409645502e-06,0.0020455199970985764,2.24,1.1033948790003265,1.8382972425537982,1.6660374971282192,2.1932800507380152,3.09116134779563,0.0,0.0,sliding
sliding_limited,2.139999999999797,1.7139960496433586,1.7139945325722763,1.5170710823131373e-06,0.0020286715115935164,2.24,1.1033967744549458,1.838298840093314,1.6660360829869147,2.1932800507380152,3.094589336232211,-4.336808689942018e-19,0.0,sliding
sliding_limited,2.141999999999797,1.7140000919248115,1.7139985856800735,1.506244738047613e-06,0.002011961763828592,2.24,1.1033986543015692,1.8383004244779966,1.6660346804950623,2.1932800507380152,3.098017332783524,4.336808689942018e-19,4.440892098500626e-16,sliding
sliding_limited,2.1439999999997967,1.7140041009107925,1.7140026054169952,1.4954937972433413e-06,0.00199538961202474,2.24,1.1034005186686473,1.8383019958161064,1.66603328955671,2.1932800507380152,3.1014453373827293,-4.336808689942018e-19,0.0,sliding
sliding_limited,2.1459999999997965,1.7140080768754742,1.7140065920577203,1.4848177538606677e-06,0.001978953923781669,2.24,1.1034023676835747,1.838303554215016,1.666031910076697,2.1932800507380152,3.1048733499635377,0.0,-2.220446049250313e-16,sliding
sliding_limited,2.1479999999997963,1.7140120200907698,1.7140105458746675,1.4742161023040268e-06,0.0019626535760217056,2.24,1.1034042014726975,1.8383050997812131,1.6660305419606471,2.1932800507380152,3.1083013704602074,4.336808689942018e-19,2.220446049250313e-16,sliding
sliding_limited,2.149999999999796,1.714015930826357,1.7140144671380149,1.463688342084879e-06,0.0019464874548906631,2.24,1.103406020161325,1.838306632620311,1.666029185114958,2.1932800507380152,3.1117293988075354,0.0,0.0,sliding
sliding_limited,2.151999999999796,1.714019809349693,1.7140183561157174,1.4532339756012647e-06,0.0019304544556928932,2.24,1.1034078238737346,1.838308152837055,1.6660278394468016,2.1932800507380152,3.115157434940857,0.0,0.0,sliding
sliding_limited,2.1539999999997956,1.7140236559260342,1.714022213073526,1.442852508137804e-06,0.0019145534828151093,2.24,1.1034096127331834,1.8383096605353288,1.6660265048641119,2.1932800507380152,3.11858547879604,0.0,0.0,sliding
sliding_limited,2.1559999999997954,1.714027470818454,1.7140260382750059,1.432543448087742e-06,0.0018987834496506945,2.24,1.1034113868619144,1.8383111558181624,1.666025181275582,2.1932800507380152,3.1220135303094803,0.0,-2.220446049250313e-16,sliding
sliding_limited,2.157999999999795,1.7140312542878604,1.7140298319815528,1.4223063076190812e-06,0.0018831432785264535,2.24,1.1034131463811658,1.8383126387877384,1.6660238685906568,2.1932800507380152,3.1254415894180965,0.0,-2.220446049250313e-16,sliding
sliding_limited,2.159999999999795,1.7140350065930139,1.714033594452412,1.4121406017864047e-06,0.001867631900631317,2.24,1.103414891411179,1.8383141095453994,1.6660225667195259,2.1932800507380152,3.128869656059329,0.0,4.440892098500626e-16,sliding
sliding_limited,2.1619999999997948,1.7140387279905462,1.7140373259446977,1.402045848530875e-06,0.001852248255935768,2.24,1.1034166220712072,1.8383155681916554,1.6660212755731196,2.1932800507380152,3.1322977301711314,0.0,6.661338147750939e-16,sliding
sliding_limited,2.1639999999997945,1.7140424187349756,1.7140410267134067,1.3920215689022797e-06,0.0018369912931322661,2.24,1.1034183384795226,1.838317014826189,1.6660199950631005,2.1932800507380152,3.1357258116919677,0.0,0.0,sliding
sliding_limited,2.1659999999997943,1.7140460790787257,1.7140446970114394,1.3820672863928962e-06,0.001821859969556139,2.24,1.103420040753425,1.8383184495478635,1.66601872510186,2.1932800507380152,3.139153900560811,0.0,0.0,sliding
sliding_limited,2.167999999999794,1.7140497092721432,1.7140483370896145,1.37218252871385e-06,0.0018068532511137983,2.24,1.1034217290092496,1.83831987245473,1.6660174656025104,2.1932800507380152,3.1425819967171353,0.0,2.220446049250313e-16,sliding
sliding_limited,2.169999999999794,1.7140533095635138,1.7140519471966875,1.3623668262408017e-06,0.0017919701122133982,2.24,1.103423403362376,1.8383212836440328,1.6660162164788783,2.1932800507380152,3.146010100100913,0.0,-2.220446049250313e-16,sliding
sliding_limited,2.1719999999997937,1.7140568801990799,1.714055527579368,1.3526197117919025e-06,0.0017772095356974453,2.24,1.103425063927234,1.8383226832122168,1.6660149776455013,2.1932800507380152,3.1494382106526126,0.0,2.220446049250313e-16,sliding
sliding_limited,2.1739999999997934,1.7140604214230575,1.7140590784823346,1.3429407228482404e-06,0.0017625705127695505,2.24,1.1034267108173137,1.838324071254934,1.66601374901762,2.1932800507380152,3.1528663283131895,0.0,-2.220446049250313e-16,sliding
sliding_limited,2.175999999999793,1.714063933477651,1.7140626001482537,1.3333293973349924e-06,0.001748052042933389,2.24,1.1034283441451702,1.8383254478670494,1.666012530511174,2.1932800507380152,3.1562944530240884,0.0,-4.440892098500626e-16,sliding
sliding_limited,2.177999999999793,1.7140674166030725,1.7140660928177949,1.323785277618228e-06,0.0017336531339160323,2.24,1.1034299640224345,1.8383268131426482,1.6660113220427935,2.1932800507380152,3.159722584727235,0.0,-4.440892098500626e-16,sliding
sliding_limited,2.1799999999997928,1.7140708710375572,1.7140695567296473,1.3143079098387744e-06,0.0017193728016025125,2.24,1.1034315705598199,1.8383281671750429,1.6660101235297964,2.1932800507380152,3.1631507233650336,0.0,-2.220446049250313e-16,sliding
sliding_limited,2.1819999999997925,1.714074297017378,1.7140729921205369,1.3048968410256379e-06,0.001705210069973806,2.24,1.1034331638671282,1.8383295100567767,1.666008934890181,2.1932800507380152,3.166578868880362,0.0,-8.881784197001252e-16,sliding
sliding_limited,2.1839999999997923,1.714077694776864,1.7140763992252415,1.2955516224266717e-06,0.0016911639710355374,2.24,1.1034347440532586,1.8383308418796336,1.6660077560426214,2.1932800507380152,3.17000702121657,0.0,-2.220446049250313e-16,sliding
sliding_limited,2.185999999999792,1.7140810645484152,1.7140797782766068,1.2862718083983538e-06,0.001677233544751567,2.24,1.1034363112262155,1.838332162734642,1.6660065869064604,2.1932800507380152,3.1734351803174716,0.0,4.440892098500626e-16,sliding
sliding_limited,2.187999999999792,1.7140844065625187,1.7140831295055634,1.2770569552955635e-06,0.0016634178389844157,2.24,1.1034378654931145,1.838333472712081,1.6660054274017047,2.1932800507380152,3.1768633461273446,0.0,-1.1102230246251565e-15,sliding
sliding_limited,2.1899999999997917,1.7140877210477643,1.7140864531411415,1.2679066228038494e-06,0.001649715909423969,2.24,1.1034394069601898,1.83833477190149,1.6660042774490234,2.1932800507380152,3.1802915185909266,0.0,2.220446049250313e-16,sliding
sliding_limited,2.1919999999997914,1.7140910082308607,1.714089749410487,1.2588203737173842e-06,0.0016361268195230186,2.24,1.1034409357328037,1.8383360603916685,1.666003136969733,2.1932800507380152,3.1837196976534097,0.0,0.0,sliding
sliding_limited,2.1939999999997912,1.7140942683366496,1.7140930185388765,1.249797773050787e-06,0.0016226496404430578,2.24,1.1034424519154502,1.8383373382706885,1.6660020058858027,2.1932800507380152,3.1871478832604367,0.0,0.0,sliding
sliding_limited,2.195999999999791,1.7140975015881224,1.714096260749733,1.2408383893713903e-06,0.00160928345097908,2.24,1.103443955611765,1.838338605625896,1.6660008841198417,2.1932800507380152,3.1905760753580994,0.0,-6.661338147750939e-16,sliding
sliding_limited,2.197999999999791,1.7141007082064343,1.714099476264642,1.23194179235675e-06,0.0015960273375063504,2.24,1.1034454469245307,1.8383398625439193,1.6659997715950983,2.1932800507380152,3.194004273892932,0.0,-6.661338147750939e-16,sliding
sliding_limited,2.1999999999997906,1.7141038884109214,1.7141026653033642,1.2231075572355365e-06,0.0015828803939086232,2.24,1.1034469259556854,1.838341109110675,1.6659986682354517,2.1932800507380152,3.19743247881191,0.0,-2.220446049250313e-16,sliding
sliding_limited,2.2019999999997903,1.7141070424191132,1.7141058280838535,1.2143352596805101e-06,0.0015698417215249134,2.24,1.1034483928063286,1.8383423454113714,1.6659975739654076,2.1932800507380152,3.200860690062445,0.0,-2.220446049250313e-16,sliding
sliding_limited,2.20399999999979,1.7141101704467483,1.7141089648222694,1.2056244789171444e-06,0.0015569104290874794,2.24,1.1034498475767278,1.8383435715305174,1.6659964887100944,2.1932800507380152,3.204288907592383,0.0,-6.661338147750939e-16,sliding
sliding_limited,2.20599999999979,1.7141132727077903,1.714112075732993,1.1969747972795375e-06,0.0015440856326549234,2.24,1.1034512903663263,1.8383447875519268,1.6659954123952574,2.1932800507380152,3.2077171313499977,0.0,2.220446049250313e-16,sliding
sliding_limited,2.2079999999997897,1.7141163494144407,1.714115161028642,1.1883857986560997e-06,0.0015313664555579862,2.24,1.10345272127375,1.8383459935587223,1.6659943449472507,2.1932800507380152,3.2111453612839895,0.0,-6.661338147750939e-16,sliding
sliding_limited,2.2099999999997895,1.714119400777155,1.7141182209200838,1.179857071154089e-06,0.001518752028336066,2.24,1.1034541403968123,1.838347189633346,1.6659932862930393,2.1932800507380152,3.214573597343482,0.0,-2.220446049250313e-16,sliding
sliding_limited,2.2119999999997892,1.7141224270046551,1.7141212556164507,1.1713882044350754e-06,0.001506241488683013,2.24,1.1034555478325234,1.8383483758575592,1.6659922363601853,2.1932800507380152,3.218001839478017,0.0,-4.440892098500626e-16,sliding
sliding_limited,2.213999999999789,1.7141254283039455,1.7141242653251545,1.162978791047209e-06,0.001493833981382672,2.24,1.1034569436770945,1.8383495523124518,1.6659911950768507,2.1932800507380152,3.2214300876375526,0.0,2.220446049250313e-16,sliding
sliding_limited,2.215999999999789,1.7141284048803265,1.7141272502518998,1.154628426647264e-06,0.001481528658254188,2.24,1.1034583280259465,1.8383507190784467,1.6659901623717865,2.1932800507380152,3.2248583417724572,0.0,0.0,sliding
sliding_limited,2.2179999999997886,1.7141313569374086,1.714130210600699,1.1463367095565502e-06,0.0014693246780899912,2.24,1.1034597009737148,1.8383518762353057,1.6659891381743324,2.1932800507380152,3.22828660183351,0.0,2.220446049250313e-16,sliding
sliding_limited,2.2199999999997884,1.7141342846771253,1.7141331465738858,1.138103239428645e-06,0.001457221206606963,2.24,1.1034610626142567,1.8383530238621333,1.6659881224144082,2.1932800507380152,3.231714867771894,0.0,2.220446049250313e-16,sliding
sliding_limited,2.221999999999788,1.7141371882997478,1.714136058372128,1.1299276199139285e-06,0.00144521741638393,2.24,1.103462413040657,1.8383541620373844,1.6659871150225127,2.1932800507380152,3.2351431395391956,0.0,-4.440892098500626e-16,sliding
sliding_limited,2.223999999999788,1.7141400680038992,1.714138946194443,1.1218094562170933e-06,0.001433312486803067,2.24,1.1034637523452346,1.8383552908388685,1.665986115929717,2.1932800507380152,3.2385714170873996,0.0,0.0,sliding
sliding_limited,2.2259999999997877,1.7141429239865675,1.7141418102382098,1.1137483577616791e-06,0.0014215056039952022,2.24,1.1034650806195507,1.8383564103437542,1.6659851250676567,2.1932800507380152,3.2419997003688863,0.0,-6.661338147750939e-16,sliding
sliding_limited,2.2279999999997875,1.714145756443118,1.714144650699184,1.105743933971226e-06,0.0014097959607924507,2.24,1.1034663979544108,1.8383575206285765,1.6659841423685358,2.1932800507380152,3.245427989336427,0.0,0.0,sliding
sliding_limited,2.2299999999997873,1.7141485655673088,1.7141474677715098,1.0977957989322107e-06,0.0013981827566608266,2.24,1.1034677044398757,1.83835862176924,1.6659831677651116,2.1932800507380152,3.248856283943184,0.0,0.0,sliding
sliding_limited,2.231999999999787,1.714151351551303,1.7141502616477335,1.089903569395645e-06,0.0013866651976499435,2.24,1.1034690001652645,1.8383597138410253,1.6659822011906973,2.1932800507380152,3.252284584142704,0.0,0.0,sliding
sliding_limited,2.233999999999787,1.71415411458568,1.7141530325188172,1.0820668627786745e-06,0.0013752424963485788,2.24,1.103470285219161,1.8383607969185936,1.6659812425791563,2.1932800507380152,3.2557128898889154,0.0,0.0,sliding
sliding_limited,2.2359999999997866,1.7141568548594521,1.7141557805741516,1.074285300495248e-06,0.0013639138718153296,2.24,1.103471559689421,1.8383618710759915,1.6659802918648943,2.1932800507380152,3.2591412011361283,0.0,0.0,sliding
sliding_limited,2.2379999999997864,1.7141595725600742,1.7141585060015687,1.0665585055136262e-06,0.0013526785495385722,2.24,1.103472823663177,1.8383629363866572,1.6659793489828594,2.1932800507380152,3.2625695178390273,0.0,-2.220446049250313e-16,sliding
sliding_limited,2.239999999999786,1.714162267873459,1.714161208987355,1.0588861039106945e-06,0.0013415357613734665,2.24,1.1034740772268457,1.8383639929234246,1.665978413868534,2.1932800507380152,3.265997839952671,0.0,-4.440892098500626e-16,sliding
sliding_limited,2.241999999999786,1.7141649409839879,1.7141638897162632,1.051267724649918e-06,0.0013304847454965422,2.24,1.1034753204661318,1.8383650407585281,1.6659774864579326,2.1932800507380152,3.2694261674324876,0.0,-4.440892098500626e-16,sliding
sliding_limited,2.2439999999997857,1.7141675920745238,1.7141665483715267,1.0437029971388512e-06,0.0013195247463554016,2.24,1.1034765534660351,1.838366079963608,1.6659765666875972,2.1932800507380152,3.2728545002342737,0.0,0.0,sliding
sliding_limited,2.2459999999997855,1.7141702213264252,1.71416918513487,1.0361915552259404e-06,0.0013086550146076787,2.24,1.1034777763108568,1.8383671106097148,1.6659756544945905,2.1932800507380152,3.2762828383141884,0.0,0.0,sliding
sliding_limited,2.2479999999997853,1.714172828919557,1.7141718001865225,1.028733034535989e-06,0.0012978748070770903,2.24,1.1034789890842038,1.8383681327673156,1.6659747498164952,2.1932800507380152,3.2797111816287527,0.0,4.440892098500626e-16,sliding
sliding_limited,2.249999999999785,1.7141754150323039,1.7141743937052305,1.0213270733583357e-06,0.0012871833867006957,2.24,1.1034801918689963,1.8383691465062966,1.665973852591407,2.1932800507380152,3.2831395301348456,0.0,-2.220446049250313e-16,sliding
sliding_limited,2.251999999999785,1.7141779798415804,1.714176965868269,1.0139733113145866e-06,0.001276580022484461,2.24,1.1034813847474707,1.8383701518959699,1.6659729627579325,2.1932800507380152,3.286567883789701,0.0,-6.661338147750939e-16,sliding
sliding_limited,2.2539999999997846,1.714180523522846,1.7141795168514542,1.006671391801106e-06,0.0012660639894422165,2.24,1.103482567801188,1.8383711490050771,1.665972080255184,2.1932800507380152,3.2899962425509046,0.0,0.0,sliding
sliding_limited,2.2559999999997844,1.714183046250114,1.7141820468291553,9.99420958658348e-07,0.0012556345685590339,2.24,1.1034837411110372,1.8383721379017932,1.6659712050227737,2.1932800507380152,3.293424606376394,0.0,0.0,sliding
sliding_limited,2.257999999999784,1.7141855481959667,1.7141845559743065,9.922216601676581e-07,0.0012452910467287198,2.24,1.103484904757243,1.8383731186537338,1.6659703370008125,2.1932800507380152,3.2968529752244495,0.0,0.0,sliding
sliding_limited,2.259999999999784,1.7141880295315648,1.7141870444584189,9.850731459426498e-07,0.0012350327167152378,2.24,1.1034860588193696,1.8383740913279578,1.6659694761299042,2.1932800507380152,3.3002813490536966,0.0,4.440892098500626e-16,sliding
sliding_limited,2.2619999999997837,1.7141904904266587,1.7141895124515916,9.779750671512488e-07,0.0012248588771043652,2.24,1.1034872033763257,1.8383750559909717,1.665968622351142,2.1932800507380152,3.303709727823103,0.0,4.440892098500626e-16,sliding
sliding_limited,2.2639999999997835,1.7141929310496042,1.7141919601225246,9.709270796243175e-07,0.00121476883224314,2.24,1.1034883385063727,1.8383760127087356,1.6659677756061024,2.1932800507380152,3.307138111491973,0.0,-4.440892098500626e-16,sliding
sliding_limited,2.2659999999997833,1.714195351567367,1.7141943876385288,9.63928838082495e-07,0.0012047618922169099,2.24,1.1034894642871258,1.8383769615466665,1.6659669358368467,2.1932800507380152,3.3105665000199456,0.0,-2.220446049250313e-16,sliding
sliding_limited,2.267999999999783,1.7141977521455407,1.7141967951655384,9.56980002353447e-07,0.0011948373727751066,2.24,1.1034905807955628,1.8383779025696434,1.665966102985911,2.1932800507380152,3.3139948933669925,0.0,0.0,sliding
sliding_limited,2.269999999999783,1.7142001329483552,1.7141991828681216,9.500802335971059e-07,0.001184994595301458,2.24,1.1034916881080288,1.838378835842011,1.6659652769963038,2.1932800507380152,3.317423291493416,0.0,-6.661338147750939e-16,sliding
sliding_limited,2.2719999999997826,1.714202494138687,1.7142015509094928,9.432291943056725e-07,0.0011752328867661328,2.24,1.1034927863002388,1.8383797614275852,1.6659644578115058,2.1932800507380152,3.3208516943598445,0.0,-2.220446049250313e-16,sliding
sliding_limited,2.2739999999997824,1.7142048358780728,1.7142038994515223,9.36426550524061e-07,0.001165551579673489,2.24,1.103493875447287,1.838380679389656,1.66596364537546,2.1932800507380152,3.3242801019272314,0.0,-6.661338147750939e-16,sliding
sliding_limited,2.275999999999782,1.7142071583267187,1.714206228654749,9.296719696294531e-07,0.0011559500120215437,2.24,1.1034949556236477,1.8383815897909936,1.6659628396325743,2.1932800507380152,3.3277085141568508,0.0,-2.220446049250313e-16,sliding
sliding_limited,2.277999999999782,1.7142094616435117,1.71420853867839,9.229651216635659e-07,0.001146427527255093,2.24,1.103496026903184,1.8383824926938508,1.6659620405277116,2.1932800507380152,3.3311369310102963,0.0,-4.440892098500626e-16,sliding
sliding_limited,2.2799999999997818,1.7142117459860307,1.7142108296803524,9.163056782224288e-07,0.0011369834742217635,2.24,1.10349708935915,1.838383388159969,1.6659612480061912,2.1932800507380152,3.334565352449478,0.0,2.220446049250313e-16,sliding
sliding_limited,2.2819999999997815,1.7142140115105575,1.7142131018172428,9.096933146768293e-07,0.0011276172071236674,2.24,1.1034981430641988,1.8383842762505807,1.6659604620137798,2.1932800507380152,3.3379937784366187,0.0,-8.881784197001252e-16,sliding
sliding_limited,2.2839999999997813,1.7142162583720861,1.7142153552443802,9.031277059534659e-07,0.0011183280854846855,2.24,1.103499188090383,1.8383851570264158,1.6659596824966956,2.1932800507380152,3.3414222089342545,0.0,-2.220446049250313e-16,sliding
sliding_limited,2.285999999999781,1.7142184867243349,1.7142175901158034,8.96608531419929e-07,0.0011091154740938206,2.24,1.1035002245091645,1.8383860305477029,1.665958909401595,2.1932800507380152,3.344850643905227,0.0,0.0,sliding
sliding_limited,2.287999999999781,1.7142206967197562,1.7142198065842855,8.901354706658537e-07,0.0010999787429675975,2.24,1.1035012523914163,1.8383868968741754,1.6659581426755756,2.1932800507380152,3.348279083312687,0.0,-2.220446049250313e-16,sliding
sliding_limited,2.2899999999997807,1.714222888509548,1.7142220048013403,8.837082077217673e-07,0.001090917267305624,2.24,1.1035022718074283,1.8383877560650763,1.6659573822661713,2.1932800507380152,3.3517075271200873,0.0,-4.440892098500626e-16,sliding
sliding_limited,2.2919999999997804,1.7142250622436628,1.714224184917236,8.773264268402414e-07,0.0010819304274495736,2.24,1.103503282826912,1.8383886081791605,1.665956628121348,2.1932800507380152,3.355135975291181,0.0,-2.220446049250313e-16,sliding
sliding_limited,2.29399999999978,1.7142272180708178,1.714226347081003,8.709898147163386e-07,0.0010730176088421639,2.24,1.1035042855190054,1.8383894532746985,1.6659558801894987,2.1932800507380152,3.3585644277900206,0.0,-2.220446049250313e-16,sliding
sliding_limited,2.29599999999978,1.7142293561385062,1.7142284914404458,8.64698060487612e-07,0.0010641782019812555,2.24,1.1035052799522773,1.8383902914094823,1.6659551384194429,2.1932800507380152,3.3619928845809546,-2.168404344971009e-19,-4.440892098500626e-16,sliding
sliding_limited,2.2979999999997798,1.7142314765930071,1.7142306181421516,8.584508555120607e-07,0.0010554116023802971,2.24,1.1035062661947324,1.8383911226408283,1.6659544027604216,2.1932800507380152,3.365421345628626,2.168404344971009e-19,-4.440892098500626e-16,sliding
sliding_limited,2.2999999999997796,1.7142335795793944,1.7142327273315017,8.522478927019961e-07,0.0010467172105287721,2.24,1.1035072443138156,1.8383919470255805,1.6659536731620932,2.1932800507380152,3.368849810897968,0.0,-2.220446049250313e-16,sliding
sliding_limited,2.3019999999997793,1.7142356652415474,1.7142348191526804,8.46088866968131e-07,0.0010380944318497123,2.24,1.103508214376417,1.838392764620116,1.665952949574531,2.1932800507380152,3.3722782803542017,2.168404344971009e-19,2.220446049250313e-16,sliding
sliding_limited,2.303999999999779,1.714237733722161,1.7142368937486856,8.399734754416244e-07,0.0010295426766577043,2.24,1.103509176448876,1.8383935754803469,1.6659522319482198,2.1932800507380152,3.375706753962837,0.0,-2.220446049250313e-16,sliding
sliding_limited,2.305999999999779,1.7142397851627555,1.7142389512613379,8.339014176961257e-07,0.0010210613601207984,2.24,1.1035101305969865,1.8383943796617261,1.6659515202340511,2.1932800507380152,3.379135231689666,-2.168404344971009e-19,-2.220446049250313e-16,sliding
sliding_limited,2.3079999999997787,1.7142418197036842,1.7142409918312906,8.278723935273291e-07,0.0010126499022238846,2.24,1.103511076886,1.8383951772192497,1.6659508143833233,2.1932800507380152,3.382563713500763,2.168404344971009e-19,0.0,sliding
sliding_limited,2.3099999999997785,1.714243837484147,1.7142430155980395,8.218861076159101e-07,0.0010043077277159546,2.24,1.1035120153806321,1.8383959682074618,1.6659501143477333,2.1932800507380152,3.3859921993624824,-2.168404344971009e-19,-2.220446049250313e-16,sliding
sliding_limited,2.3119999999997782,1.7142458386421964,1.714245022699932,8.159422644204994e-07,0.000996034266087637,2.24,1.1035129461450652,1.8383967526804568,1.6659494200793774,2.1932800507380152,3.3894206892414562,-2.168404344971009e-19,-2.220446049250313e-16,sliding
sliding_limited,2.313999999999778,1.7142478233147476,1.714247013274177,8.100405706201741e-07,0.000987828951523831,2.24,1.1035138692429536,1.838397530691884,1.665948731530746,2.1932800507380152,3.3928491831045893,0.0,0.0,sliding
sliding_limited,2.315999999999778,1.7142497916375892,1.7142489874568534,8.041807357805908e-07,0.0009796912228646404,2.24,1.1035147847374278,1.838398302294952,1.6659480486547207,2.1932800507380152,3.3962776809190607,-2.168404344971009e-19,0.0,sliding
sliding_limited,2.3179999999997776,1.7142517437453912,1.7142509453829207,7.983624705776293e-07,0.0009716205235682598,2.24,1.1035156926910987,1.8383990675424302,1.665947371404571,2.1932800507380152,3.3997061826523187,0.0,-2.220446049250313e-16,sliding
sliding_limited,2.3199999999997774,1.7142536797717152,1.7142528871862275,7.925854876855709e-07,0.0009636163016733752,2.24,1.1035165931660618,1.838399826486655,1.6659466997339523,2.1932800507380152,3.4031346882720808,0.0,0.0,sliding
sliding_limited,2.321999999999777,1.714255599849022,1.71425481299952,7.868495019991428e-07,0.0009556780097635148,2.24,1.1035174862239017,1.838400579179531,1.6659460335969003,2.1932800507380152,3.4065631977463307,0.0,-2.220446049250313e-16,sliding
sliding_limited,2.323999999999777,1.714257504108683,1.7142567229544525,7.811542304114738e-07,0.0009478051049240772,2.24,1.1035183719256962,1.8384013256725367,1.6659453729478304,2.1932800507380152,3.4099917110433138,0.0,-6.661338147750939e-16,sliding
sliding_limited,2.3259999999997767,1.7142593926809864,1.7142586171815952,7.754993911479602e-07,0.000939997048711078,2.24,1.1035192503320201,1.8384020660167262,1.6659447177415336,2.1932800507380152,3.4134202281315384,0.0,-2.220446049250313e-16,sliding
sliding_limited,2.3279999999997765,1.7142612656951481,1.7142604958104433,7.69884704876489e-07,0.0009322533071120843,2.24,1.10352012150295,1.8384028002627328,1.665944067933172,2.1932800507380152,3.4168487489797728,0.0,-4.440892098500626e-16,sliding
sliding_limited,2.3299999999997763,1.7142631232793202,1.7142623589694268,7.643098933751702e-07,0.0009245733505095905,2.24,1.1035209854980677,1.838403528460775,1.6659434234782788,2.1932800507380152,3.4202772735570406,0.0,2.220446049250313e-16,sliding
sliding_limited,2.331999999999776,1.7142649655605993,1.714264206785918,7.587746813086937e-07,0.0009169566536439045,2.24,1.1035218423764652,1.8384042506606555,1.6659427843327508,2.1932800507380152,3.4237058018326234,0.0,-2.220446049250313e-16,sliding
sliding_limited,2.333999999999776,1.7142667926650352,1.7142660393862408,7.532787944519725e-07,0.0009094026955789663,2.24,1.1035226921967476,1.8384049669117692,1.6659421504528509,2.1932800507380152,3.4271343337760527,0.0,-8.881784197001252e-16,sliding
sliding_limited,2.3359999999997756,1.7142686047176396,1.7142678568956793,7.478219603562763e-07,0.0009019109596701175,2.24,1.1035235350170374,1.8384056772631037,1.6659415217952016,2.1932800507380152,3.4305628693571144,0.0,-2.220446049250313e-16,sliding
sliding_limited,2.3379999999997754,1.7142704018423953,1.7142696594384865,7.42403908793321e-07,0.0008944809335177108,2.24,1.1035243708949793,1.8384063817632428,1.6659408983167812,2.1932800507380152,3.4339914085458405,0.0,-2.220446049250313e-16,sliding
sliding_limited,2.339999999999775,1.714272184162264,1.7142714471378926,7.37024371311179e-07,0.0008871121089451357,2.24,1.1035251998877438,1.838407080460371,1.6659402799749232,2.1932800507380152,3.43741995131251,0.0,-8.881784197001252e-16,sliding
sliding_limited,2.341999999999775,1.7142739517991936,1.714273220116113,7.316830805681462e-07,0.0008798039819587749,2.24,1.1035260220520295,1.8384077734022766,1.6659396667273139,2.1932800507380152,3.440848497627647,0.0,2.220446049250313e-16,sliding
sliding_limited,2.3439999999997747,1.7142757048741295,1.7142749784943572,7.263797723311427e-07,0.0008725560527099161,2.24,1.10352683744407,1.8384084606363533,1.6659390585319853,2.1932800507380152,3.44427704746202,0.0,2.220446049250313e-16,sliding
sliding_limited,2.3459999999997745,1.7142774435070203,1.7142767223928375,7.211141828111778e-07,0.00086536782546594,2.24,1.1035276461196353,1.8384091422096063,1.6659384553473173,2.1932800507380152,3.447705600786638,0.0,-4.440892098500626e-16,sliding
sliding_limited,2.3479999999997743,1.7142791678168265,1.714278451930776,7.158860504397069e-07,0.0008582388085741842,2.24,1.1035284481340355,1.8384098181686523,1.6659378571320325,2.1932800507380152,3.4511341575727466,0.0,-4.440892098500626e-16,sliding
sliding_limited,2.349999999999774,1.7142808779215297,1.7142801672264139,7.106951158686314e-07,0.000851168514429226,2.24,1.1035292435421267,1.838410488559726,1.665937263845193,2.1932800507380152,3.45456271779183,0.0,2.220446049250313e-16,sliding
sliding_limited,2.351999999999774,1.7142825739381393,1.7142818683970185,7.055411208600759e-07,0.0008441564594391876,2.24,1.103530032398313,1.8384111534286802,1.6659366754461975,2.1932800507380152,3.457991281415606,0.0,2.220446049250313e-16,sliding
sliding_limited,2.3539999999997736,1.714284255982701,1.7142835555588922,7.00423808730477e-07,0.0008372021639939951,2.24,1.1035308147565508,1.8384118128209903,1.6659360918947796,2.1932800507380152,3.4614198484160275,0.0,0.0,sliding
sliding_limited,2.3559999999997734,1.714285924170306,1.71428522882738,6.95342925904896e-07,0.0008303051524268003,2.24,1.103531590670352,1.838412466781758,1.6659355131510054,2.1932800507380152,3.4648484187652766,0.0,0.0,sliding
sliding_limited,2.357999999999773,1.714287578615096,1.7142868883168774,6.902982185863493e-07,0.0008234649529920068,2.24,1.1035323601927884,1.838413115355714,1.665934939175269,2.1932800507380152,3.4682769924357646,0.0,2.220446049250313e-16,sliding
sliding_limited,2.359999999999773,1.714289219430274,1.7142885341408378,6.852894360864781e-07,0.0008166810978232737,2.24,1.103533123376495,1.8384137585872198,1.6659343699282907,2.1932800507380152,3.471705569400131,0.0,0.0,sliding
sliding_limited,2.3619999999997727,1.71429084672811,1.7142901664117811,6.803163288271463e-07,0.0008099531229081225,2.24,1.103533880273673,1.8384143965202724,1.665933805371115,2.1932800507380152,3.4751341496312405,0.0,0.0,sliding
sliding_limited,2.3639999999997725,1.7142924606199499,1.714291785241301,6.753786487845304e-07,0.0008032805680503363,2.24,1.1035346309360945,1.8384150291985062,1.6659332454651063,2.1932800507380152,3.4785627331021804,0.0,-4.440892098500626e-16,sliding
sliding_limited,2.3659999999997723,1.7142940612162223,1.7142933907400724,6.704761499332079e-07,0.0007966629768455439,2.24,1.103535375415105,1.8384156566651975,1.6659326901719491,2.1932800507380152,3.481991319786261,0.0,2.220446049250313e-16,sliding
sliding_limited,2.367999999999772,1.714295648626447,1.7142949830178587,6.656085882461582e-07,0.0007900998966421526,2.24,1.1035361137616277,1.838416278963265,1.6659321394536408,2.1932800507380152,3.4854199096570118,0.0,2.220446049250313e-16,sliding
sliding_limited,2.369999999999772,1.7142972229592404,1.7142965621835207,6.607757196963604e-07,0.0007835908785208399,2.24,1.1035368460261665,1.8384168961352747,1.6659315932724943,2.1932800507380152,3.48884850268818,0.0,0.0,sliding
sliding_limited,2.3719999999997716,1.7142987843223259,1.7142981283450218,6.55977304031552e-07,0.0007771354772520686,2.24,1.1035375722588092,1.838417508223442,1.6659310515911312,2.1932800507380152,3.4922770988537293,0.0,-4.440892098500626e-16,sliding
sliding_limited,2.3739999999997714,1.7143003328225392,1.714299681609438,6.51213101221515e-07,0.0007707332512731351,2.24,1.1035382925092319,1.8384181152696355,1.6659305143724823,2.1932800507380152,3.495705698127838,0.0,-2.220446049250313e-16,sliding
sliding_limited,2.375999999999771,1.7143018685658364,1.714301222082963,6.464828734564776e-07,0.0007643837626549641,2.24,1.1035390068267013,1.8384187173153785,1.665929981579783,2.1932800507380152,3.499134300484897,0.0,2.220446049250313e-16,sliding
sliding_limited,2.377999999999771,1.7143033916573003,1.714302749870916,6.417863842589355e-07,0.0007580865770781803,2.24,1.103539715260079,1.8384193144018521,1.665929453176571,2.1932800507380152,3.502562905899508,0.0,-2.220446049250313e-16,sliding
sliding_limited,2.3799999999997707,1.7143049022011485,1.71430426507775,6.371233984836522e-07,0.0007518412637945305,2.24,1.1035404178578232,1.8384199065698992,1.665928929126686,2.1932800507380152,3.505991514346482,0.0,-2.220446049250313e-16,sliding
sliding_limited,2.3819999999997705,1.7143064003007413,1.714305767807058,6.324936834278816e-07,0.0007456473956005144,2.24,1.103541114667995,1.8384204938600266,1.6659284093942646,2.1932800507380152,3.509420125800839,0.0,2.220446049250313e-16,sliding
sliding_limited,2.3839999999997703,1.7143078860585865,1.7143072581615793,6.278970072770562e-07,0.0007395045488139445,2.24,1.1035418057382584,1.8384210763124065,1.6659278939437379,2.1932800507380152,3.5128487402378017,0.0,2.220446049250313e-16,sliding
sliding_limited,2.38599999999977,1.7143093595763486,1.7143087362432088,6.233331397709208e-07,0.000733412303235369,2.24,1.1035424911158862,1.8384216539668818,1.6659273827398313,2.1932800507380152,3.5162773576328,0.0,0.0,sliding
sliding_limited,2.38799999999977,1.7143108209548539,1.7143102021530012,6.188018526476213e-07,0.0007273702421300036,2.24,1.1035431708477605,1.8384222268629657,1.6659268757475603,2.1932800507380152,3.5197059779614635,0.0,-8.881784197001252e-16,sliding
sliding_limited,2.3899999999997696,1.714312270294099,1.7143116559911806,6.143029183114379e-07,0.0007213779521906185,2.24,1.1035438449803787,1.8384227950398486,1.6659263729322293,2.1932800507380152,3.523134601199625,0.0,-2.220446049250313e-16,sliding
sliding_limited,2.3919999999997694,1.7143137076932564,1.7143130978571448,6.098361116091411e-07,0.0007154350235136106,2.24,1.1035445135598547,1.8384233585363954,1.6659258742594272,2.1932800507380152,3.5265632273233134,0.0,2.220446049250313e-16,sliding
sliding_limited,2.393999999999769,1.7143151332506825,1.7143145278494742,6.054012082756799e-07,0.0007095410495687274,2.24,1.1035451766319238,1.838423917391153,1.6659253796950269,2.1932800507380152,3.5299918563087584,0.0,-4.440892098500626e-16,sliding
sliding_limited,2.395999999999769,1.7143165470639234,1.714315946065937,6.00997986488494e-07,0.0007036956271722092,2.24,1.1035458342419433,1.8384244716423501,1.6659248892051826,2.1932800507380152,3.533420488132384,0.0,-8.881784197001252e-16,sliding
sliding_limited,2.3979999999997688,1.7143179492297218,1.7143173526034974,5.966262244250231e-07,0.0006978983564609076,2.24,1.1035464864348983,1.8384250213279016,1.6659244027563276,2.1932800507380152,3.536849122770808,0.0,-2.220446049250313e-16,sliding
sliding_limited,2.3999999999997685,1.7143193398440237,1.7143187475583201,5.92285703593376e-07,0.0006921488408620099,2.24,1.103547133255403,1.8384255664854097,1.6659239203151712,2.1932800507380152,3.5402777602008415,0.0,4.440892098500626e-16,sliding
sliding_limited,2.4019999999997683,1.714320719001985,1.7143201310257794,5.879762055016613e-07,0.0006864466870686217,2.24,1.103547774747705,1.838426107152166,1.665923441848696,2.1932800507380152,3.5437064003994854,0.0,-4.440892098500626e-16,sliding
sliding_limited,2.403999999999768,1.714322086797977,1.7143215031004635,5.836975134343447e-07,0.0006807915050133986,2.24,1.1035484109556861,1.8384266433651566,1.6659229673241587,2.1932800507380152,3.5471350433439324,0.0,-4.440892098500626e-16,sliding
sliding_limited,2.405999999999768,1.7143234433255952,1.7143228638761823,5.794494128963379e-07,0.0006751829078363164,2.24,1.1035490419228686,1.8384271751610628,1.665922496709084,2.1932800507380152,3.5505636890115597,0.0,-4.440892098500626e-16,sliding
sliding_limited,2.4079999999997677,1.7143247886776627,1.7143242134459733,5.752316893925524e-07,0.0006696205118685556,2.24,1.103549667692415,1.8384277025762632,1.6659220299712652,2.1932800507380152,3.553992337379934,0.0,-6.661338147750939e-16,sliding
sliding_limited,2.4099999999997674,1.7143261229462396,1.7143255519021083,5.710441313144798e-07,0.0006641039365929478,2.24,1.1035502883071333,1.8384282256468383,1.6659215670787613,2.1932800507380152,3.5574209884268058,0.0,2.220446049250313e-16,sliding
sliding_limited,2.411999999999767,1.7143274462226268,1.7143268793360993,5.668865274977009e-07,0.0006586328046298145,2.24,1.1035509038094793,1.8384287444085692,1.6659211079998912,2.1932800507380152,3.560849642130108,0.0,-2.220446049250313e-16,sliding
sliding_limited,2.413999999999767,1.7143287585973739,1.7143281958387047,5.627586692202868e-07,0.0006532067417032718,2.24,1.1035515142415586,1.8384292588969449,1.6659206527032389,2.1932800507380152,3.5642782984679573,0.0,-4.440892098500626e-16,sliding
sliding_limited,2.415999999999767,1.7143300601602842,1.7143295014999358,5.58660348426443e-07,0.000647825376621698,2.24,1.1035521196451301,1.838429769147161,1.6659202011576453,2.1932800507380152,3.5677069574186486,0.0,0.0,sliding
sliding_limited,2.4179999999997666,1.714331351000421,1.7143307964090633,5.545913577265082e-07,0.0006424883412503873,2.24,1.1035527200616093,1.838430275194123,1.6659197533322077,2.1932800507380152,3.5711356189606547,0.0,4.440892098500626e-16,sliding
sliding_limited,2.4199999999997663,1.7143326312061151,1.7143320806546223,5.505514928394462e-07,0.0006371952704807851,2.24,1.1035533155320711,1.8384307770724495,1.6659193091962774,2.1932800507380152,3.574564283072629,0.0,-8.881784197001252e-16,sliding
sliding_limited,2.421999999999766,1.7143339008649703,1.7143333543244195,5.465405508164878e-07,0.0006319458022104672,2.24,1.1035539060972515,1.8384312748164753,1.6659188687194608,2.1932800507380152,3.5779929497333987,0.0,0.0,sliding
sliding_limited,2.423999999999766,1.7143351600638668,1.7143346175055385,5.42558328264775e-07,0.0006267395773240942,2.24,1.103554491797551,1.83843176846025,1.665918431871612,2.1932800507380152,3.5814216189219668,0.0,0.0,sliding
sliding_limited,2.4259999999997657,1.7143364088889699,1.7143358702843459,5.386046240118958e-07,0.0006215762396621597,2.24,1.103555072673038,1.8384322580375443,1.6659179986228345,2.1932800507380152,3.584850290617507,0.0,0.0,sliding
sliding_limited,2.4279999999997655,1.7143376474257366,1.7143371127464975,5.346792391058841e-07,0.0006164554359912015,2.24,1.103555648763451,1.8384327435818513,1.6659175689434782,2.1932800507380152,3.5882789647993656,0.0,0.0,sliding
sliding_limited,2.4299999999997652,1.7143388757589189,1.7143383449769436,5.307819752609078e-07,0.0006113768159906178,2.24,1.1035562201082012,1.8384332251263875,1.6659171428041366,2.1932800507380152,3.5917076414470603,0.0,-2.220446049250313e-16,sliding
sliding_limited,2.431999999999765,1.7143400939725708,1.7143395670599353,5.269126355234022e-07,0.0006063400322238551,2.24,1.103556786746375,1.838433702704096,1.6659167201756462,2.1932800507380152,3.595136320540276,0.0,-2.220446049250313e-16,sliding
sliding_limited,2.433999999999765,1.7143413021500546,1.7143407790790302,5.23071024494115e-07,0.0006013447401135044,2.24,1.1035573487167374,1.838434176347649,1.665916301029083,2.1932800507380152,3.5985650020588653,0.0,-4.440892098500626e-16,sliding
sliding_limited,2.4359999999997646,1.714342500374045,1.7143419811170977,5.192569472178832e-07,0.0005963905979237209,2.24,1.1035579060577336,1.8384346460894494,1.6659158853357623,2.1932800507380152,3.6019936859828476,0.0,-2.220446049250313e-16,sliding
sliding_limited,2.4379999999997644,1.7143436887265366,1.7143431732563252,5.154702114040788e-07,0.0005914772667255531,2.24,1.1035584588074934,1.8384351119616338,1.6659154730672348,2.1932800507380152,3.6054223722924057,0.0,0.0,sliding
sliding_limited,2.439999999999764,1.7143448672888486,1.714344355578223,5.117106256502524e-07,0.000586604410385223,2.24,1.1035590070038317,1.8384355739960734,1.6659150641952851,2.1932800507380152,3.608851060967886,0.0,-2.220446049250313e-16,sliding
sliding_limited,2.441999999999764,1.71434603614163,1.714345528163631,5.079779989980437e-07,0.0005817716955353152,2.24,1.1035595506842524,1.8384360322243776,1.6659146586919316,2.1932800507380152,3.6122797519897967,0.0,-2.220446049250313e-16,sliding
sliding_limited,2.4439999999997637,1.7143471953648655,1.714346691092723,5.042721424874941e-07,0.0005769787915557318,2.24,1.1035600898859501,1.838436486677895,1.6659142565294223,2.1932800507380152,3.6157084453388078,0.0,-4.440892098500626e-16,sliding
sliding_limited,2.4459999999997635,1.714348345037882,1.7143478444450129,5.00592869157046e-07,0.0005722253705419513,2.24,1.103560624645814,1.8384369373877174,1.6659138576802346,2.1932800507380152,3.619137140995748,0.0,0.0,sliding
sliding_limited,2.4479999999997633,1.714349485239352,1.7143489882993599,4.969399920451423e-07,0.0005675111072957506,2.24,1.1035611550004294,1.8384373843846786,1.6659134621170708,2.1932800507380152,3.622565838941602,0.0,-4.440892098500626e-16,sliding
sliding_limited,2.449999999999763,1.7143506160472999,1.7143501227339741,4.933133257445377e-07,0.0005628356792959055,2.24,1.1035616809860793,1.83843782769936,1.6659130698128606,2.1932800507380152,3.625994539157513,0.0,-2.220446049250313e-16,sliding
sliding_limited,2.451999999999763,1.7143517375391086,1.714351247826422,4.89712686624344e-07,0.0005581987666723095,2.24,1.1035622026387495,1.8384382673620907,1.6659126807407543,2.1932800507380152,3.6294232416247794,0.0,-2.220446049250313e-16,sliding
sliding_limited,2.4539999999997626,1.7143528497915226,1.7143523636536304,4.861378921638959e-07,0.0005536000521932768,2.24,1.1035627199941285,1.8384387034029503,1.6659122948741254,2.1932800507380152,3.632851946324853,0.0,-6.661338147750939e-16,sliding
sliding_limited,2.4559999999997624,1.714353952880654,1.7143534702918939,4.825887600645729e-07,0.0005490392212391738,2.24,1.1035632330876106,1.8384391358517704,1.665911912186566,2.1932800507380152,3.63628065323934,0.0,0.0,sliding
sliding_limited,2.457999999999762,1.7143550468819893,1.7143545678168781,4.790651111363786e-07,0.0005445159617775132,2.24,1.1035637419543,1.8384395647381369,1.6659115326518845,2.1932800507380152,3.6397093623499965,0.0,0.0,sliding
sliding_limited,2.459999999999762,1.7143561318703926,1.7143556563036264,4.7556676618931704e-07,0.000540029964346352,2.24,1.1035642466290112,1.838439990091393,1.6659111562441071,2.1932800507380152,3.6431380736387284,0.0,4.440892098500626e-16,sliding
sliding_limited,2.4619999999997617,1.7143572079201108,1.7143567358265641,4.7209354669952575e-07,0.00053558092203427,2.24,1.103564747146271,1.8384404119406386,1.6659107829374726,2.1932800507380152,3.6465667870875924,1.0842021724855044e-19,8.881784197001252e-16,sliding
sliding_limited,2.4639999999997615,1.71435827510478,1.714357806459503,4.6864527680767765e-07,0.0005311685304549763,2.24,1.103565243540324,1.838440830314735,1.6659104127064317,2.1932800507380152,3.649995502678793,1.0842021724855044e-19,-1.1102230246251565e-15,sliding
sliding_limited,2.4659999999997613,1.7143593334974294,1.7143588682756483,4.6522178109853485e-07,0.0005267924877277769,2.24,1.1035657358451307,1.838441245242307,1.665910045525648,2.1932800507380152,3.653424220394679,0.0,-4.440892098500626e-16,sliding
sliding_limited,2.467999999999761,1.7143603831704874,1.714359921347602,4.618228854891271e-07,0.0005224524944585295,2.24,1.1035662240943735,1.8384416567517419,1.665909681369991,2.1932800507380152,3.6568529402177474,0.0,-4.440892098500626e-16,sliding
sliding_limited,2.469999999999761,1.7143614241957847,1.7143609657473677,4.5844841700670713e-07,0.0005181482537205995,2.24,1.1035667083214566,1.8384420648711934,1.6659093202145383,2.1932800507380152,3.660281662130637,-1.0842021724855044e-19,-2.220446049250313e-16,sliding
sliding_limited,2.4719999999997606,1.7143624566445612,1.7143620015463577,4.5509820356670616e-07,0.0005138794710280014,2.24,1.1035671885595095,1.8384424696285844,1.665908962034573,2.1932800507380152,3.663710386116131,0.0,-4.440892098500626e-16,sliding
sliding_limited,2.4739999999997604,1.71436348058747,1.7143630288153948,4.517720750829568e-07,0.0005096458543222145,2.24,1.1035676648413888,1.8384428710516074,1.665908606805582,2.1932800507380152,3.667139112157155,0.0,2.220446049250313e-16,sliding
sliding_limited,2.47599999999976,1.7143644960945814,1.7143640476247195,4.484698619133809e-07,0.0005054471139502082,2.24,1.1035681371996808,1.8384432691677266,1.6659082545032529,2.1932800507380152,3.6705678402367745,-1.0842021724855044e-19,-2.220446049250313e-16,sliding
sliding_limited,2.47799999999976,1.7143655032353897,1.7143650580439942,4.451913955261233e-07,0.0005012829626414903,2.24,1.103568605666703,1.83844366400418,1.665907905103475,2.1932800507380152,3.6739965703381943,1.0842021724855044e-19,0.0,sliding
sliding_limited,2.4799999999997597,1.7143665020788161,1.714366060142307,4.419365091656857e-07,0.0004971531154944346,2.24,1.103569070274507,1.8384440555879822,1.665907558582336,2.1932800507380152,3.6774253024447563,0.0,0.0,sliding
sliding_limited,2.4819999999997595,1.7143674926932135,1.714367053988177,4.3870503652065906e-07,0.0004930572899538172,2.24,1.10356953105488,1.838444443945924,1.66590721491612,2.1932800507380152,3.680854036539942,0.0,6.661338147750939e-16,sliding
sliding_limited,2.4839999999997593,1.714368475146373,1.7143680396495606,4.3549681238985727e-07,0.0004889952057868893,2.24,1.103569988039349,1.838444829104576,1.6659068740813059,2.1932800507380152,3.684282772607368,0.0,-2.220446049250313e-16,sliding
sliding_limited,2.485999999999759,1.7143694495055273,1.7143690171938537,4.323116735704957e-07,0.00048496658507019155,2.24,1.1035704412591798,1.8384452110902916,1.6659065360545682,2.1932800507380152,3.687711510630786,0.0,-4.440892098500626e-16,sliding
sliding_limited,2.487999999999759,1.7143704158373545,1.7143699866878965,4.291494579700128e-07,0.0004809711521690453,2.24,1.103570890745381,1.8384455899292051,1.6659062008127727,2.1932800507380152,3.691140250594081,0.0,2.220446049250313e-16,sliding
sliding_limited,2.4899999999997586,1.7143713742079838,1.7143709481979807,4.2601000305175774e-07,0.00047700863372046056,2.24,1.1035713365287065,1.8384459656472363,1.6659058683329746,2.1932800507380152,3.6945689924812712,0.0,-2.220446049250313e-16,sliding
sliding_limited,2.4919999999997584,1.7143723246829996,1.7143719017898507,4.2289314894361496e-07,0.00047307875861116183,2.24,1.1035717786396564,1.8384463382700922,1.6659055385924204,2.1932800507380152,3.6979977362765073,0.0,2.220446049250313e-16,sliding
sliding_limited,2.493999999999758,1.7143732673274463,1.71437284752871,4.1979873621755814e-07,0.00046918125795903124,2.24,1.1035722171084796,1.8384467078232665,1.6659052115685418,2.1932800507380152,3.701426481964069,0.0,0.0,sliding
sliding_limited,2.495999999999758,1.7143742022058326,1.714373785479226,4.16726606555784e-07,0.0004653158650979709,2.24,1.1035726519651765,1.838447074332045,1.6659048872389577,2.1932800507380152,3.7048552295283663,0.0,0.0,sliding
sliding_limited,2.4979999999997577,1.7143751293821357,1.7143747157055325,4.1367660319480137e-07,0.0004614823155559281,2.24,1.1035730832395,1.8384474378215037,1.6659045655814708,2.1932800507380152,3.7082839789539377,0.0,0.0,sliding
sliding_limited,2.4999999999997575,1.7143760489198057,1.7143756382712356,4.106485700372531e-07,0.0004576803470402456,2.24,1.1035735109609581,1.8384477983165128,1.665904246574067,2.1932800507380152,3.711712730225449,0.0,-6.661338147750939e-16,sliding
sliding_limited,2.5019999999997573,1.7143769608817705,1.7143765532394184,4.0764235209600486e-07,0.00045390969941812835,2.24,1.1035739351588156,1.8384481558417387,1.6659039301949146,2.1932800507380152,3.7151414833276912,0.0,0.0,sliding
sliding_limited,2.503999999999757,1.7143778653304393,1.7143774606726438,4.046577954941455e-07,0.00045017011469711103,2.24,1.1035743558620967,1.838448510421642,1.6659036164223586,2.1932800507380152,3.7185702382455825,0.0,-2.220446049250313e-16,sliding
sliding_limited,2.505999999999757,1.7143787623277065,1.7143783606329597,4.01694746798853e-07,0.00044646133701577937,2.24,1.103574773099586,1.838448862080484,1.6659033052349261,2.1932800507380152,3.721998994964164,0.0,-4.440892098500626e-16,sliding
sliding_limited,2.5079999999997566,1.7143796519349581,1.7143792531819033,3.9875305479775136e-07,0.0004427831126100759,2.24,1.1035751868998314,1.8384492108423258,1.6659029966113192,2.1932800507380152,3.7254277534686016,0.0,0.0,sliding
sliding_limited,2.5099999999997564,1.7143805342130736,1.7143801383805053,3.958325682784647e-07,0.00043913518981330006,2.24,1.103575597291146,1.83844955673103,1.6659026905304148,2.1932800507380152,3.728856513744182,0.0,2.220446049250313e-16,sliding
sliding_limited,2.511999999999756,1.7143814092224312,1.7143810162892934,3.9293313780497385e-07,0.0004355173190268084,2.24,1.1035760043016096,1.838449899770263,1.6659023869712655,2.1932800507380152,3.7322852757763125,0.0,0.0,sliding
sliding_limited,2.513999999999756,1.7143822770229122,1.7143818869682974,3.9005461482943815e-07,0.00043192925270878343,2.24,1.1035764079590702,1.8384502399834963,1.6659020859130955,2.1932800507380152,3.7357140395505226,0.0,6.661338147750939e-16,sliding
sliding_limited,2.5159999999997558,1.7143831376739038,1.7143827504770528,3.871968510260615e-07,0.00042837074535714197,2.24,1.1035768082911475,1.8384505773940076,1.6659017873352995,2.1932800507380152,3.7391428050524596,0.0,-4.440892098500626e-16,sliding
sliding_limited,2.5179999999997555,1.7143839912343048,1.7143836068746043,3.8435970051153845e-07,0.000424841553489514,2.24,1.1035772053252326,1.8384509120248838,1.6659014912174435,2.1932800507380152,3.7425715722678885,0.0,-2.220446049250313e-16,sliding
sliding_limited,2.5199999999997553,1.7143848377625284,1.714384456219511,3.815430174025636e-07,0.0004213414356295694,2.24,1.1035775990884917,1.838451243899021,1.6659011975392612,2.1932800507380152,3.7460003411826936,0.0,0.0,sliding
sliding_limited,2.521999999999755,1.7143856773165063,1.7143852985698498,3.7874665648196526e-07,0.00041787015229188004,2.24,1.1035779896078672,1.8384515730391269,1.665900906280653,2.1932800507380152,3.749429111782874,0.0,-2.220446049250313e-16,sliding
sliding_limited,2.523999999999755,1.714386509953694,1.7143861339832194,3.759704745309733e-07,0.0004144274659594567,2.24,1.1035783769100798,1.8384518994677221,1.6659006174216844,2.1932800507380152,3.7528578840545443,0.0,-4.440892098500626e-16,sliding
sliding_limited,2.5259999999997547,1.7143873357310726,1.7143869625167443,3.732143283308176e-07,0.0004110131410739825,2.24,1.1035787610216292,1.8384522232071423,1.665900330942587,2.1932800507380152,3.756286657983934,0.0,2.220446049250313e-16,sliding
sliding_limited,2.5279999999997544,1.7143881547051556,1.714387784227078,3.7047807754930773e-07,0.0004076269440118852,2.24,1.1035791419687988,1.8384525442795387,1.6659000468237526,2.1932800507380152,3.7597154335573855,0.0,0.0,sliding
sliding_limited,2.5299999999997542,1.7143889669319892,1.7143885991704084,3.677615807440304e-07,0.0004042686430799421,2.24,1.1035795197776535,1.83845286270688,1.6658997650457368,2.1932800507380152,3.763144210761354,0.0,4.440892098500626e-16,sliding
sliding_limited,2.531999999999754,1.7143897724671582,1.7143894074024604,3.6506469780483997e-07,0.0004009380084923287,2.24,1.1035798944740447,1.838453178510954,1.6658994855892537,2.1932800507380152,3.766572989582407,0.0,-2.220446049250313e-16,sliding
sliding_limited,2.533999999999754,1.71439057136579,1.7143902089785,3.623872901759029e-07,0.0003976348123525508,2.24,1.1035802660836103,1.83845349171337,1.6658992084351785,2.1932800507380152,3.7700017700072204,0.0,4.440892098500626e-16,sliding
sliding_limited,2.5359999999997536,1.7143913636825578,1.714391003953338,3.597292197454749e-07,0.00039435882864367796,2.24,1.1035806346317778,1.8384538023355574,1.6658989335645404,2.1932800507380152,3.7734305520225817,0.0,-4.440892098500626e-16,sliding
sliding_limited,2.5379999999997533,1.7143921494716847,1.7143917923813345,3.570903501781686e-07,0.00039110983320685724,2.24,1.1035810001437645,1.8384541103987715,1.6658986609585291,2.1932800507380152,3.776859335615388,0.0,-8.881784197001252e-16,sliding
sliding_limited,2.539999999999753,1.7143929287869468,1.7143925743164017,3.5447054513859655e-07,0.00038788760373105816,2.24,1.1035813626445803,1.8384544159240912,1.6658983905984868,2.1932800507380152,3.780288120772642,0.0,-2.220446049250313e-16,sliding
sliding_limited,2.541999999999753,1.7143937016816768,1.7143933498120072,3.5186966962363897e-07,0.00038469191973891154,2.24,1.1035817221590294,1.8384547189324212,1.6658981224659086,2.1932800507380152,3.7837169074814554,0.0,0.0,sliding
sliding_limited,2.5439999999997527,1.7143944682087686,1.7143941189211793,3.492875892963099e-07,0.0003815225625657114,2.24,1.1035820787117114,1.8384550194444955,1.6658978565424447,2.1932800507380152,3.787145695729045,0.0,2.220446049250313e-16,sliding
sliding_limited,2.5459999999997525,1.714395228420681,1.7143948816965093,3.467241715959801e-07,0.00037837931534574174,2.24,1.1035824323270238,1.838455317480876,1.6658975928098934,2.1932800507380152,3.790574485502734,0.0,-4.440892098500626e-16,sliding
sliding_limited,2.5479999999997522,1.7143959823694395,1.7143956381901555,3.441792839620206e-07,0.0003752619630029986,2.24,1.1035827830291622,1.838455613061957,1.6658973312502063,2.1932800507380152,3.794003276789948,0.0,2.220446049250313e-16,sliding
sliding_limited,2.549999999999752,1.7143967301066414,1.714396388453847,3.416527944999359e-07,0.0003721702922331218,2.24,1.103583130842124,1.8384559062079622,1.6658970718454804,2.1932800507380152,3.7974320695782176,0.0,-6.661338147750939e-16,sliding
sliding_limited,2.551999999999752,1.71439747168346,1.714397132538886,3.3914457397976605e-07,0.00036910409148190884,2.24,1.1035834757897085,1.8384561969389517,1.6658968145779627,2.1932800507380152,3.8008608638551777,0.0,-6.661338147750939e-16,sliding
sliding_limited,2.5539999999997516,1.7143982071506458,1.7143978704961536,3.366544922833725e-07,0.0003660631509458029,2.24,1.1035838178955186,1.8384564852748189,1.6658965594300459,2.1932800507380152,3.804289659608563,0.0,4.440892098500626e-16,sliding
sliding_limited,2.5559999999997514,1.7143989365585317,1.7143986023761106,3.3418242106897367e-07,0.00036304726254357046,2.24,1.1035841571829639,1.8384567712352924,1.6658963063842656,2.1932800507380152,3.807718456826209,0.0,-2.220446049250313e-16,sliding
sliding_limited,2.557999999999751,1.7143996599570357,1.714399328228804,3.3172823177274324e-07,0.0003600562199123942,2.24,1.10358449367526,1.8384570548399402,1.6658960554233044,2.1932800507380152,3.811147255496052,0.0,-2.220446049250313e-16,sliding
sliding_limited,2.559999999999751,1.714400377395665,1.7144000481038666,3.2929179849539025e-07,0.00035708981838443384,2.24,1.1035848273954318,1.838457336108168,1.6658958065299856,2.1932800507380152,3.8145760556061283,0.0,-2.220446049250313e-16,sliding
sliding_limited,2.5619999999997507,1.7144010889235193,1.7144007620505246,3.268729946714899e-07,0.0003541478549790124,2.24,1.103585158366315,1.8384576150592227,1.6658955596872753,2.1932800507380152,3.8180048571445715,0.0,4.440892098500626e-16,sliding
sliding_limited,2.5639999999997505,1.7144017945892929,1.7144014701175974,3.244716955119742e-07,0.0003512301283874788,2.24,1.1035854866105566,1.8384578917121905,1.6658953148782778,2.1932800507380152,3.821433660099614,0.0,-2.220446049250313e-16,sliding
sliding_limited,2.5659999999997503,1.7144024944412797,1.7144021723535028,3.22087776893909e-07,0.00034833643895904585,2.24,1.1035858121506172,1.8384581660860033,1.665895072086239,2.1932800507380152,3.8248624644595854,0.0,-2.220446049250313e-16,sliding
sliding_limited,2.56799999999975,1.714403188527375,1.7144028688062602,3.1972111469436015e-07,0.0003454665886895589,2.24,1.1035861350087726,1.838458438199435,1.6658948312945423,2.1932800507380152,3.8282912702129095,0.0,-2.220446049250313e-16,sliding
sliding_limited,2.56999999999975,1.7144038768950804,1.7144035595234937,3.1737158678879496e-07,0.0003426203812024515,2.24,1.1035864552071148,1.838458708071106,1.6658945924867068,2.1932800507380152,3.8317200773481086,0.0,0.0,sliding
sliding_limited,2.5719999999997496,1.7144045595915063,1.7144042445524348,3.150390714967699e-07,0.00033979762173751344,2.24,1.1035867727675546,1.8384589757194822,1.665894355646388,2.1932800507380152,3.8351488858537963,0.0,2.220446049250313e-16,sliding
sliding_limited,2.5739999999997494,1.7144052366633742,1.7144049239399262,3.127234480260199e-07,0.00033699811714210117,2.24,1.1035870877118217,1.8384592411628784,1.665894120757376,2.1932800507380152,3.8385776957186826,0.0,-2.220446049250313e-16,sliding
sliding_limited,2.575999999999749,1.7144059081570218,1.714405597732425,3.1042459669450295e-07,0.00033422167585013985,2.24,1.103587400061467,1.838459504419459,1.6658938878035954,2.1932800507380152,3.842006506931569,0.0,0.0,sliding
sliding_limited,2.577999999999749,1.7144065741184038,1.7144062659760058,3.0814239804222154e-07,0.0003314681078782166,2.24,1.1035877098378637,1.838459765507237,1.6658936567691016,2.1932800507380152,3.84543531948135,0.0,2.220446049250313e-16,sliding
sliding_limited,2.5799999999997487,1.714407234593097,1.7144069287163635,3.0587673349735667e-07,0.00032873722480653575,2.24,1.1035880170622092,1.8384600244440785,1.6658934276380826,2.1932800507380152,3.8488641333570097,0.0,4.440892098500626e-16,sliding
sliding_limited,2.5819999999997485,1.7144078896263035,1.7144075859988175,3.0362748604240153e-07,0.0003260288397613395,2.24,1.103588321755527,1.8384602812477022,1.6658932003948554,2.1932800507380152,3.8522929485476265,0.0,0.0,sliding
sliding_limited,2.5839999999997483,1.7144085392628516,1.7144082378683132,3.0139453843780473e-07,0.0003233427674168607,2.24,1.1035886239386659,1.8384605359356805,1.6658929750238678,2.1932800507380152,3.855721765042366,0.0,-6.661338147750939e-16,sliding
sliding_limited,2.585999999999748,1.714409183547201,1.714408884369426,2.991777749983271e-07,0.0003206788239684656,2.24,1.1035889236323038,1.8384607885254414,1.665892751509695,2.1932800507380152,3.8591505828304835,0.0,-6.661338147750939e-16,sliding
sliding_limited,2.587999999999748,1.7144098225234452,1.714409525546365,2.9697708026077407e-07,0.00031803682712630484,2.24,1.1035892208569484,1.8384610390342693,1.6658925298370395,2.1932800507380152,3.862579401901325,0.0,-6.661338147750939e-16,sliding
sliding_limited,2.5899999999997476,1.7144104562353149,1.7144101614429745,2.9479234031626333e-07,0.00031541659610066455,2.24,1.1035895156329387,1.8384612874793065,1.6658923099907295,2.1932800507380152,3.866008222244319,0.0,-2.220446049250313e-16,sliding
sliding_limited,2.5919999999997474,1.7144110847261795,1.714410792102738,2.9262344147795716e-07,0.0003128179515931757,2.24,1.1035898079804458,1.8384615338775532,1.6658920919557172,2.1932800507380152,3.8694370438489867,0.0,-2.220446049250313e-16,sliding
sliding_limited,2.593999999999747,1.7144117080390526,1.7144114175687812,2.9047027139128545e-07,0.0003102407157792349,2.24,1.103590097919475,1.8384617782458705,1.6658918757170802,2.1932800507380152,3.8728658667049336,0.0,-4.440892098500626e-16,sliding
sliding_limited,2.595999999999747,1.714412326216592,1.714412037883874,2.883327179237227e-07,0.0003076847123021445,2.24,1.103590385469866,1.8384620206009807,1.6658916612600196,2.1932800507380152,3.8762946908018505,0.0,-2.220446049250313e-16,sliding
sliding_limited,2.5979999999997467,1.714412939301105,1.7144126530904353,2.862106696088773e-07,0.00030514976625553244,2.24,1.1035906706512963,1.8384622609594672,1.6658914485698562,2.1932800507380152,3.8797235161295136,0.0,-4.440892098500626e-16,sliding
sliding_limited,2.5999999999997465,1.71441354733455,1.7144132632305336,2.8410401653466977e-07,0.0003026357041740746,2.24,1.1035909534832806,1.8384624993377785,1.6658912376320336,2.1932800507380152,3.883152342677783,0.0,-4.440892098500626e-16,sliding
sliding_limited,2.6019999999997463,1.7144141503585402,1.714413868345891,2.8201264923310987e-07,0.0003001423540212864,2.24,1.1035912339851728,1.838462735752226,1.6658910284321147,2.1932800507380152,3.8865811704366013,0.0,-6.661338147750939e-16,sliding
sliding_limited,2.603999999999746,1.7144147484143448,1.714414468477887,2.799364577921182e-07,0.00029766954518024456,2.24,1.1035915121761672,1.838462970218988,1.665890820955782,2.1932800507380152,3.8900099993959967,0.0,-2.220446049250313e-16,sliding
sliding_limited,2.605999999999746,1.7144153415428947,1.7144150636675595,2.778753351861951e-07,0.00029521710843405423,2.24,1.1035917880753012,1.838463202754109,1.6658906151888342,2.1932800507380152,3.8934388295460765,0.0,2.220446049250313e-16,sliding
sliding_limited,2.6079999999997456,1.7144159297847823,1.714415653955609,2.758291732796181e-07,0.000292784875964384,2.24,1.103592061701454,1.838463433373501,1.6658904111171886,2.1932800507380152,3.896867660877031,0.0,0.0,sliding
sliding_limited,2.6099999999997454,1.7144165131802664,1.7144162393824007,2.7379786571302134e-07,0.0002903726813309563,2.24,1.1035923330733504,1.8384636620929453,1.6658902087268774,2.1932800507380152,3.9002964933791318,0.0,0.0,sliding
sliding_limited,2.611999999999745,1.714417091769274,1.7144168199879672,2.717813067931729e-07,0.00028798035946764046,2.24,1.10359260220956,1.8384638889280942,1.6658900080040502,2.1932800507380152,3.9037253270427303,0.0,4.440892098500626e-16,sliding
sliding_limited,2.613999999999745,1.7144176655914032,1.7144173958120117,2.697793914929747e-07,0.0002856077466648735,2.24,1.1035928691285002,1.838464113894469,1.665889808934967,2.1932800507380152,3.907154161858256,0.0,2.220446049250313e-16,sliding
sliding_limited,2.6159999999997448,1.7144182346859251,1.7144179668939101,2.6779201500737315e-07,0.00028325468056624153,2.24,1.1035931338484364,1.8384643370074647,1.6658896115060036,2.1932800507380152,3.910582997816219,0.0,0.0,sliding
sliding_limited,2.6179999999997445,1.7144187990917885,1.7144185332727147,2.658190738635824e-07,0.00028092100014845845,2.24,1.1035933963874833,1.8384645582823493,1.6658894157036483,2.1932800507380152,3.914011834907209,0.0,2.220446049250313e-16,sliding
sliding_limited,2.6199999999997443,1.7144193588476204,1.7144190949871558,2.638604645888165e-07,0.00027860654571599446,2.24,1.1035936567636069,1.8384647777342646,1.6658892215144994,2.1932800507380152,3.9174406731218885,0.0,2.220446049250313e-16,sliding
sliding_limited,2.621999999999744,1.7144199139917309,1.7144196520756447,2.619160861527803e-07,0.00027631115888544967,2.24,1.1035939149946254,1.8384649953782282,1.665889028925265,2.1932800507380152,3.9208695124509996,0.0,-2.220446049250313e-16,sliding
sliding_limited,2.623999999999744,1.7144204645621124,1.7144202045762766,2.599858357488216e-07,0.0002740346825855538,2.24,1.1035941710982093,1.838465211229133,1.665888837922765,2.1932800507380152,3.9242983528853626,0.0,-6.661338147750939e-16,sliding
sliding_limited,2.6259999999997437,1.7144210105964466,1.7144207525268331,2.580696134568683e-07,0.00027177696103030893,2.24,1.103594425091884,1.8384654253017514,1.6658886484939273,2.1932800507380152,3.92772719441587,0.0,2.220446049250313e-16,sliding
sliding_limited,2.6279999999997434,1.714421552132103,1.7144212959647844,2.561673184686697e-07,0.0002695378397228953,2.24,1.1035946769930314,1.8384656376107311,1.6658884606257847,2.1932800507380152,3.9311560370334915,0.0,-4.440892098500626e-16,sliding
sliding_limited,2.629999999999743,1.7144220892061444,1.7144218349272924,2.542788519743766e-07,0.0002673171654341857,2.24,1.1035949268188887,1.8384658481706015,1.6658882743054806,2.1932800507380152,3.93458488072927,-5.421010862427522e-20,-4.440892098500626e-16,sliding
sliding_limited,2.631999999999743,1.7144226218553273,1.714422369451213,2.5240411427596143e-07,0.00026511478620372164,2.24,1.1035951745865522,1.8384660569957718,1.6658880895202623,2.1932800507380152,3.9380137254943226,0.0,0.0,sliding
sliding_limited,2.6339999999997428,1.7144231501161067,1.7144228995730983,2.505430083399318e-07,0.00026293055131480905,2.24,1.1035954203129772,1.8384662641005316,1.6658879062574823,2.1932800507380152,3.9414425713198415,5.421010862427522e-20,-2.220446049250313e-16,sliding
sliding_limited,2.6359999999997425,1.7144236740246366,1.7144234253291997,2.486954369107508e-07,0.0002607643112964715,2.24,1.1035956640149793,1.8384664694990542,1.6658877245045975,2.1932800507380152,3.9448714181970885,5.421010862427522e-20,-6.661338147750939e-16,sliding
sliding_limited,2.6379999999997423,1.7144241936167728,1.71442394675547,2.4686130273288143e-07,0.0002586159179088003,2.24,1.1035959057092353,1.8384666732053954,1.665887544249169,2.1932800507380152,3.948300266117399,0.0,2.220446049250313e-16,sliding
sliding_limited,2.639999999999742,1.7144247089280757,1.7144244638875656,2.45040510105099e-07,0.0002564852241336766,2.24,1.1035961454122851,1.8384668752334945,1.6658873654788582,2.1932800507380152,3.9517291150721783,0.0,-4.440892098500626e-16,sliding
sliding_limited,2.641999999999742,1.714425219993814,1.7144249767608506,2.432329633261787e-07,0.00025437208416060974,2.24,1.103596383140532,1.8384670755971775,1.6658871881814306,2.1932800507380152,3.9551579650529036,-5.421010862427522e-20,0.0,sliding
sliding_limited,2.6439999999997417,1.7144257268489638,1.714425485410396,2.4143856780511896e-07,0.0002522763533852722,2.24,1.1035966189102442,1.8384672743101556,1.6658870123447511,2.1932800507380152,3.958586816051124,0.0,2.220446049250313e-16,sliding
sliding_limited,2.6459999999997414,1.7144262295282149,1.714425989870985,2.3965722983909643e-07,0.000250197888389967,2.24,1.1035968527375564,1.8384674713860267,1.6658868379567844,2.1932800507380152,3.9620156680584553,0.0,-2.220446049250313e-16,sliding
sliding_limited,2.6479999999997412,1.7144267280659706,1.714426490177115,2.3788885572528784e-07,0.000248136546938744,2.24,1.1035970846384695,1.838467666838278,1.6658866650055957,2.1932800507380152,3.965444521066584,0.0,-6.661338147750939e-16,sliding
sliding_limited,2.649999999999741,1.7144272224963508,1.714426986362998,2.3613335287109294e-07,0.0002460921879700752,2.24,1.1035973146288536,1.838467860680285,1.6658864934793474,2.1932800507380152,3.968873375067264,0.0,-4.440892098500626e-16,sliding
sliding_limited,2.651999999999741,1.7144277128531946,1.714427478462565,2.343906295720899e-07,0.00024406467157976348,2.24,1.1035975427244473,1.838468052925312,1.6658863233662993,2.1932800507380152,3.972302230052319,0.0,0.0,sliding
sliding_limited,2.6539999999997406,1.7144281991700616,1.7144279665094675,2.3266059412385687e-07,0.00024205385902143062,2.24,1.10359776894086,1.8384682435865152,1.6658861546548085,2.1932800507380152,3.9757310860136377,0.0,6.661338147750939e-16,sliding
sliding_limited,2.6559999999997403,1.7144286814802359,1.7144284505370804,2.3094315548810584e-07,0.00024005961268698463,2.24,1.1035979932935729,1.8384684326769423,1.6658859873333272,2.1932800507380152,3.9791599429431774,0.0,-4.440892098500626e-16,sliding
sliding_limited,2.65799999999974,1.7144291598167267,1.7144289305785025,2.2923822418086104e-07,0.0002380817961041779,2.24,1.1035982157979385,1.8384686202095335,1.6658858213904044,2.1932800507380152,3.98258880083296,0.0,-6.661338147750939e-16,sliding
sliding_limited,2.65999999999974,1.7144296342122716,1.7144294066665613,2.2754571027405746e-07,0.00023612027392488748,2.24,1.1035984364691835,1.8384688061971224,1.6658856568146825,2.1932800507380152,3.986017659675077,0.0,-2.220446049250313e-16,sliding
sliding_limited,2.6619999999997397,1.7144301046993384,1.7144298788338135,2.2586552494985312e-07,0.00023417491191388354,2.24,1.1035986553224097,1.8384689906524365,1.6658854935948963,2.1932800507380152,3.9894465194616804,0.0,0.0,sliding
sliding_limited,2.6639999999997395,1.7144305713101273,1.7144303471125477,2.2419757961245068e-07,0.0002322455769444346,2.24,1.1035988723725938,1.838469173588099,1.6658853317198754,2.1932800507380152,3.9928753801849868,0.0,4.440892098500626e-16,sliding
sliding_limited,2.6659999999997392,1.7144310340765734,1.7144308115347862,2.22541787220365e-07,0.00023033213698463414,2.24,1.1035990876345894,1.838469355016628,1.6658851711785396,2.1932800507380152,3.996304241837281,0.0,0.0,sliding
sliding_limited,2.667999999999739,1.7144314930303484,1.7144312721322885,2.2089805984393251e-07,0.00022843446109202937,2.24,1.103599301123127,1.8384695349504403,1.6658850119599022,2.1932800507380152,3.9997331044109097,0.0,4.440892098500626e-16,sliding
sliding_limited,2.669999999999739,1.714431948202864,1.714431728936552,2.1926631199598035e-07,0.00022655241939701788,2.24,1.103599512852818,1.838469713401849,1.6658848540530637,2.1932800507380152,4.00316196789828,0.0,-4.440892098500626e-16,sliding
sliding_limited,2.6719999999997386,1.714432399625272,1.7144321819788146,2.1764645730115717e-07,0.00022468588310821936,2.24,1.1035997228381504,1.8384698903830667,1.6658846974472188,2.1932800507380152,4.0065908322918675,0.0,-4.440892098500626e-16,sliding
sliding_limited,2.6739999999997384,1.7144328473284687,1.7144326312900575,2.160384111604685e-07,0.00022283472448659432,2.24,1.1035999310934954,1.838470065906205,1.6658845421316473,2.1932800507380152,4.010019697584203,0.0,0.0,sliding
sliding_limited,2.675999999999738,1.7144332913430946,1.714433076901006,2.144420885308307e-07,0.00022099881685228072,2.24,1.1036001376331042,1.838470239983275,1.665884388095719,2.1932800507380152,4.0134485637678825,0.0,2.220446049250313e-16,sliding
sliding_limited,2.677999999999738,1.7144337316995388,1.7144335188421336,2.1285740525733843e-07,0.00021917803456506085,2.24,1.1036003424711116,1.8384704126261902,1.6658842353288912,2.1932800507380152,4.016877430835561,0.0,-4.440892098500626e-16,sliding
sliding_limited,2.6799999999997377,1.7144341684279396,1.7144339571436613,2.112842782953095e-07,0.00021737225302045479,2.24,1.1036005456215352,1.8384705838467652,1.6658840838207085,2.1932800507380152,4.020306298779958,0.0,2.220446049250313e-16,sliding
sliding_limited,2.6819999999997375,1.7144346015581873,1.7144343918355627,2.0972262460006164e-07,0.00021558134864044218,2.24,1.103600747098278,1.838470753656717,1.6658839335608,2.1932800507380152,4.023735167593847,0.0,-2.220446049250313e-16,sliding
sliding_limited,2.6839999999997373,1.7144350311199252,1.7144348229475634,2.0817236179304643e-07,0.0002138051988661375,2.24,1.1036009469151276,1.8384709220676674,1.6658837845388828,2.1932800507380152,4.027164037270066,0.0,4.440892098500626e-16,sliding
sliding_limited,2.685999999999737,1.7144354571425533,1.714435250509145,2.0663340838389388e-07,0.00021204368214607002,2.24,1.1036011450857588,1.8384710890911404,1.6658836367447556,2.1932800507380152,4.030592907801512,0.0,-4.440892098500626e-16,sliding
sliding_limited,2.687999999999737,1.7144358796552293,1.7144356745495462,2.0510568310427857e-07,0.0002102966779308124,2.24,1.103601341623733,1.8384712547385673,1.6658834901683044,2.1932800507380152,4.034021779181137,0.0,2.220446049250313e-16,sliding
sliding_limited,2.6899999999997366,1.71443629868687,1.7144360950977646,2.0358910535200891e-07,0.00020856406666467913,2.24,1.1036015365425003,1.8384714190212836,1.665883344799496,2.1932800507380152,4.0374506514019535,0.0,2.220446049250313e-16,sliding
sliding_limited,2.6919999999997364,1.7144367142661547,1.7144365121825593,2.0208359541307175e-07,0.00020684572977547165,2.24,1.1036017298554004,1.838471581950532,1.6658832006283806,2.1932800507380152,4.040879524457033,0.0,-4.440892098500626e-16,sliding
sliding_limited,2.693999999999736,1.7144371264215257,1.7144369258324526,2.005890731293647e-07,0.0002051415496705718,2.24,1.103601921575662,1.8384717435374627,1.6658830576450918,2.1932800507380152,4.044308398339499,0.0,2.220446049250313e-16,sliding
sliding_limited,2.695999999999736,1.714437535181192,1.7144373360757312,1.9910546078527602e-07,0.00020345140972180369,2.24,1.1036021117164065,1.8384719037931339,1.6658829158398416,2.1932800507380152,4.047737273042536,0.0,-6.661338147750939e-16,sliding
sliding_limited,2.6979999999997357,1.7144379405731296,1.7144377429404503,1.9763267933292639e-07,0.00020177519426348045,2.24,1.1036023002906454,1.8384720627285132,1.665882775202926,2.1932800507380152,4.051166148559383,0.0,0.0,sliding
sliding_limited,2.6999999999997355,1.714438342625084,1.7144381464544327,1.9617065127874866e-07,0.00020011278858361435,2.24,1.1036024873112844,1.838472220354477,1.6658826357247178,2.1932800507380152,4.054595024883335,0.0,0.0,sliding
sliding_limited,2.7019999999997353,1.714438741364572,1.714438546645273,1.9471929912917574e-07,0.00019846407891415034,2.24,1.1036026727911221,1.8384723766818125,1.6658824973956714,2.1932800507380152,4.0580239020077435,0.0,4.440892098500626e-16,sliding
sliding_limited,2.703999999999735,1.714439136818884,1.714438943540338,1.932785460567743e-07,0.00019682895242608266,2.24,1.1036028567428522,1.838472531721218,1.6658823602063184,2.1932800507380152,4.061452779926013,0.0,-4.440892098500626e-16,sliding
sliding_limited,2.705999999999735,1.7144395290150853,1.7144393371667692,1.9184831612228948e-07,0.00019520729721773518,2.24,1.1036030391790632,1.8384726854833038,1.6658822241472693,2.1932800507380152,4.064881658631602,0.0,-8.881784197001252e-16,sliding
sliding_limited,2.7079999999997346,1.7144399179800192,1.7144397275514847,1.904285344966894e-07,0.00019359900230743652,2.24,1.1036032201122405,1.8384728379785933,1.665882089209212,2.1932800507380152,4.068310538118024,0.0,-2.220446049250313e-16,sliding
sliding_limited,2.7099999999997344,1.7144403037403066,1.7144401147211814,1.8901912524071918e-07,0.00019200395763059003,2.24,1.1036033995547667,1.8384729892175224,1.6658819553829107,2.1932800507380152,4.071739418378847,0.0,-2.220446049250313e-16,sliding
sliding_limited,2.711999999999734,1.7144406863223494,1.7144404987023358,1.8762001352534696e-07,0.00019042205403088387,2.24,1.1036035775189217,1.8384731392104405,1.665881822659205,2.1932800507380152,4.075168299407692,0.0,-4.440892098500626e-16,sliding
sliding_limited,2.713999999999734,1.714441065752332,1.714440879521206,1.8623112585380852e-07,0.00018885318324808308,2.24,1.1036037540168846,1.8384732879676133,1.6658816910290117,2.1932800507380152,4.078597181198227,0.0,-2.220446049250313e-16,sliding
sliding_limited,2.7159999999997337,1.714441442056224,1.7144412572038348,1.8485238917342883e-07,0.00018729723791265787,2.24,1.103603929060735,1.8384734354992216,1.6658815604833213,2.1932800507380152,4.08202606374418,0.0,2.220446049250313e-16,sliding
sliding_limited,2.7179999999997335,1.7144418152597798,1.71444163177605,1.8348372976539906e-07,0.0001857541115423653,2.24,1.1036041026624515,1.8384735818153608,1.665881431013198,2.1932800507380152,4.085454947039326,0.0,0.0,sliding
sliding_limited,2.7199999999997333,1.7144421853885419,1.7144420032634669,1.821250750211334e-07,0.00018422369853345955,2.24,1.103604274833915,1.8384737269260452,1.6658813026097812,2.1932800507380152,4.088883831077494,0.0,6.661338147750939e-16,sliding
sliding_limited,2.721999999999733,1.7144425524678433,1.7144423716914896,1.8077635366431366e-07,0.0001827058941460421,2.24,1.1036044455869087,1.838473870841205,1.6658811752642813,2.1932800507380152,4.09231271585256,0.0,0.0,sliding
sliding_limited,2.723999999999733,1.7144429165228074,1.7144427370853133,1.7943749419657706e-07,0.00018120059450748,2.24,1.103604614933118,1.8384740135706896,1.665881048967983,2.1932800507380152,4.095741601358454,0.0,0.0,sliding
sliding_limited,2.7259999999997326,1.7144432775783507,1.7144430994699253,1.7810842534160543e-07,0.00017970769660117435,2.24,1.1036047828841324,1.8384741551242672,1.6658809237122423,2.1932800507380152,4.099170487589152,0.0,2.220446049250313e-16,sliding
sliding_limited,2.7279999999997324,1.7144436356591846,1.7144434588701079,1.7678907671125899e-07,0.0001782270982577706,2.24,1.103604949451446,1.838474295511625,1.6658807994884859,2.1932800507380152,4.102599374538686,0.0,4.440892098500626e-16,sliding
sliding_limited,2.729999999999732,1.7144439907898164,1.7144438153104384,1.7547937791739798e-07,0.0001767586981517401,2.24,1.103605114646458,1.83847443474237,1.6658806762882108,2.1932800507380152,4.106028262201132,0.0,-2.220446049250313e-16,sliding
sliding_limited,2.731999999999732,1.7144443429945526,1.7144441688152925,1.741792601261949e-07,0.00017530239578721874,2.24,1.103605278480474,1.838474572826032,1.665880554102986,2.1932800507380152,4.109457150570617,0.0,2.220446049250313e-16,sliding
sliding_limited,2.7339999999997318,1.7144446922974992,1.7144445194088445,1.7288865472586679e-07,0.0001738580914984953,2.24,1.1036054409647065,1.8384747097720604,1.665880432924447,2.1932800507380152,4.1128860396413165,0.0,0.0,sliding
sliding_limited,2.7359999999997315,1.714445038722562,1.7144448671150703,1.7160749177236312e-07,0.0001724256864461048,2.24,1.103605602110275,1.8384748455898272,1.665880312744301,2.1932800507380152,4.116314929407452,0.0,2.220446049250313e-16,sliding
sliding_limited,2.7379999999997313,1.714445382293452,1.7144452119577476,1.703357044302578e-07,0.0001710050825968072,2.24,1.1036057619282078,1.8384749802886275,1.6658801935543217,2.1932800507380152,4.119743819863294,0.0,4.440892098500626e-16,sliding
sliding_limited,2.739999999999731,1.7144457230336843,1.714445553960459,1.6907322519799095e-07,0.000169596182727494,2.24,1.1036059204294433,1.83847511387768,1.665880075346351,2.1932800507380152,4.123172711003161,0.0,0.0,sliding
sliding_limited,2.741999999999731,1.7144460609665795,1.7144458931465927,1.6781998679604726e-07,0.0001681988904168867,2.24,1.1036060776248282,1.838475246366127,1.6658799581122985,2.1932800507380152,4.126601602821417,0.0,-2.220446049250313e-16,sliding
sliding_limited,2.7439999999997307,1.7144463961152663,1.714446229539344,1.6657592238900065e-07,0.00016681311004065349,2.24,1.1036062335251207,1.8384753777630356,1.6658798418441405,2.1932800507380152,4.130030495312472,0.0,-8.881784197001252e-16,sliding
sliding_limited,2.7459999999997304,1.7144467285026834,1.7144465631617172,1.6534096625164807e-07,0.00016543874675675966,2.24,1.1036063881409899,1.8384755080773987,1.6658797265339194,2.1932800507380152,4.133459388470783,0.0,2.220446049250313e-16,sliding
sliding_limited,2.74799999999973,1.7144470581515803,1.7144468940365274,1.6411505288083106e-07,0.00016407570650790902,2.24,1.103606541483018,1.8384756373181341,1.6658796121737414,2.1932800507380152,4.13688828229085,0.0,-4.440892098500626e-16,sliding
sliding_limited,2.74999999999973,1.7144473850845185,1.714447222186402,1.6289811655134656e-07,0.00016272389601177758,2.24,1.1036066935616988,1.838475765494087,1.6658794987557806,2.1932800507380152,4.140317176767226,0.0,-2.220446049250313e-16,sliding
sliding_limited,2.7519999999997298,1.7144477093238741,1.714447547633782,1.6169009220412534e-07,0.0001613832227536885,2.24,1.1036068443874403,1.8384758926140297,1.6658793862722736,2.1932800507380152,4.143746071894501,0.0,2.220446049250313e-16,sliding
sliding_limited,2.7539999999997296,1.7144480308918397,1.7144478704009227,1.6049091700054419e-07,0.00016005359497733406,2.24,1.1036069939705653,1.8384760186866616,1.6658792747155209,2.1932800507380152,4.147174967667312,0.0,-6.661338147750939e-16,sliding
sliding_limited,2.7559999999997293,1.7144483498104235,1.7144481905098976,1.5930052588153387e-07,0.00015873492168965884,2.24,1.1036071423213099,1.8384761437206114,1.665879164077889,2.1932800507380152,4.150603864080342,0.0,6.661338147750939e-16,sliding
sliding_limited,2.757999999999729,1.7144486661014535,1.714448507982597,1.581188564525604e-07,0.00015742711264035006,2.24,1.103607289449828,1.8384762677244355,1.6658790543518023,2.1932800507380152,4.154032761128313,0.0,-4.440892098500626e-16,sliding
sliding_limited,2.759999999999729,1.7144489797865774,1.7144488228407324,1.5694584498682218e-07,0.00015613007832720915,2.24,1.1036074353661882,1.8384763907066208,1.6658789455297531,2.1932800507380152,4.157461658805997,0.0,2.220446049250313e-16,sliding
sliding_limited,2.7619999999997287,1.714449290887265,1.714449135105835,1.5578142997796363e-07,0.0001548437299810137,2.24,1.1036075800803773,1.8384765126755842,1.6658788376042917,2.1932800507380152,4.160890557108206,0.0,-4.440892098500626e-16,sliding
sliding_limited,2.7639999999997285,1.7144495994248081,1.7144494447992598,1.5462554836531694e-07,0.00015356797957040075,2.24,1.1036077236022985,1.8384766336396727,1.665878730568032,2.1932800507380152,4.164319456029793,0.0,-6.661338147750939e-16,sliding
sliding_limited,2.7659999999997282,1.7144499054203244,1.7144497519421855,1.5347813886457118e-07,0.00015230273978282196,2.24,1.1036078659417745,1.8384767536071656,1.6658786244136485,2.1932800507380152,4.1677483555656565,0.0,2.220446049250313e-16,sliding
sliding_limited,2.767999999999728,1.7144502088947566,1.7144500565556164,1.5233914019141537e-07,0.00015104792402893872,2.24,1.103608007108547,1.8384768725862717,1.6658785191338736,2.1932800507380152,4.171177255710733,0.0,-1.1102230246251565e-15,sliding
sliding_limited,2.769999999999728,1.7144505098688763,1.7144503586603839,1.5120849239380618e-07,0.00014980344642797226,2.24,1.103608147112277,1.8384769905851357,1.6658784147215036,2.1932800507380152,4.174606156460005,0.0,-2.220446049250313e-16,sliding
sliding_limited,2.7719999999997276,1.7144508083632821,1.7144506582771477,1.5008613440947727e-07,0.00014856922181258694,2.24,1.1036082859625462,1.8384771076118318,1.66587831116939,2.1932800507380152,4.178035057808493,0.0,-2.220446049250313e-16,sliding
sliding_limited,2.7739999999997274,1.7144511043984043,1.7144509554263976,1.489720067304745e-07,0.0001473451657132639,2.24,1.1036084236688575,1.8384772236743698,1.6658782084704464,2.1932800507380152,4.1814639597512615,0.0,-4.440892098500626e-16,sliding
sliding_limited,2.775999999999727,1.7144513979945049,1.7144512501284543,1.478660505149776e-07,0.00014613119435439431,2.24,1.1036085602406354,1.838477338780693,1.6658781066176434,2.1932800507380152,4.184892862283415,0.0,-2.220446049250313e-16,sliding
sliding_limited,2.777999999999727,1.7144516891716772,1.7144515424034719,1.4676820536685398e-07,0.00014492722465867452,2.24,1.103608695687226,1.8384774529386785,1.6658780056040097,2.1932800507380152,4.188321765400098,0.0,-2.220446049250313e-16,sliding
sliding_limited,2.7799999999997267,1.7144519779498517,1.7144518322714375,1.456784142206402e-07,0.00014373317422268958,2.24,1.1036088300178999,1.8384775661561399,1.6658779054226314,2.1932800507380152,4.191750669096492,0.0,2.220446049250313e-16,sliding
sliding_limited,2.7819999999997265,1.7144522643487923,1.7144521197521747,1.4459661756838216e-07,0.0001425489613300982,2.24,1.1036089632418504,1.838477678440825,1.6658778060666508,2.1932800507380152,4.195179573367821,0.0,0.0,sliding
sliding_limited,2.7839999999997262,1.7144525483881012,1.714452404865343,1.4352275834461636e-07,0.0001413745049340529,2.24,1.103609095368195,1.838477789800419,1.665877707529269,2.1932800507380152,4.1986084782093505,0.0,4.440892098500626e-16,sliding
sliding_limited,2.785999999999726,1.7144528300872186,1.71445268763044,1.4245677859570094e-07,0.00014020972465768837,2.24,1.1036092264059763,1.8384779002425424,1.6658776098037402,2.1932800507380152,4.202037383616379,0.0,-8.881784197001252e-16,sliding
sliding_limited,2.787999999999726,1.7144531094654254,1.7144529680668037,1.4139862170026163e-07,0.00013905454078240174,2.24,1.1036093563641622,1.8384780097747544,1.6658775128833765,2.1932800507380152,4.205466289584252,0.0,-8.881784197001252e-16,sliding
sliding_limited,2.7899999999997256,1.7144533865418432,1.7144532461936117,1.4034823148101339e-07,0.00013790887424785256,2.24,1.1036094852516471,1.8384781184045518,1.6658774167615444,2.1932800507380152,4.208895196108345,0.0,-2.220446049250313e-16,sliding
sliding_limited,2.7919999999997254,1.714453661335436,1.7144535220298842,1.3930555176067116e-07,0.00013677264664561443,2.24,1.1036096130772526,1.838478226139368,1.6658773214316633,2.1932800507380152,4.212324103184077,0.0,-4.440892098500626e-16,sliding
sliding_limited,2.793999999999725,1.7144539338650115,1.7144537955944852,1.3827052636194992e-07,0.00013564578021233866,2.24,1.1036097398497262,1.8384783329865773,1.6658772268872102,2.1932800507380152,4.215753010806903,0.0,-4.440892098500626e-16,sliding
sliding_limited,2.795999999999725,1.7144542041492226,1.7144540669061221,1.3724310043983223e-07,0.00013452819782780082,2.24,1.1036098655777444,1.8384784389534916,1.6658771331217126,2.1932800507380152,4.219181918972316,0.0,-4.440892098500626e-16,sliding
sliding_limited,2.7979999999997247,1.7144544722065678,1.7144543359833495,1.3622321826112227e-07,0.00013341982300659928,2.24,1.103609990269912,1.8384785440473634,1.6658770401287537,2.1932800507380152,4.222610827675844,-2.710505431213761e-20,-2.220446049250313e-16,sliding
sliding_limited,2.7999999999997245,1.7144547380553943,1.7144546028445686,1.3521082564693643e-07,0.00013232057989034194,2.24,1.1036101139347625,1.8384786482753852,1.665876947901968,2.1932800507380152,4.226039736913052,0.0,-2.220446049250313e-16,sliding
sliding_limited,2.8019999999997243,1.7144550017138982,1.7144548675080293,1.3420586886248032e-07,0.0001312303932452047,2.24,1.10361023658076,1.838478751644691,1.6658768564350432,2.1932800507380152,4.229468646679546,0.0,0.0,sliding
sliding_limited,2.803999999999724,1.7144552632001246,1.714455129991831,1.3320829372887033e-07,0.00013014918846193142,2.24,1.1036103582162982,1.838478854162354,1.6658767657217186,2.1932800507380152,4.232897556970965,0.0,-4.440892098500626e-16,sliding
sliding_limited,2.805999999999724,1.7144555225319704,1.7144553903139241,1.3221804628926748e-07,0.00012907689154460235,2.24,1.1036104788497012,1.838478955835392,1.6658766757557866,2.1932800507380152,4.236326467782984,0.0,4.440892098500626e-16,sliding
sliding_limited,2.8079999999997236,1.7144557797271853,1.7144556484921114,1.312350739191004e-07,0.00012801342910330943,2.24,1.103610598489226,1.8384790566707618,1.6658765865310872,2.1932800507380152,4.239755379111314,0.0,-4.440892098500626e-16,sliding
sliding_limited,2.8099999999997234,1.714456034803373,1.7144559045440486,1.302593244378869e-07,0.0001269587283546444,2.24,1.10361071714306,1.8384791566753664,1.6658764980415155,2.1932800507380152,4.2431842909517,2.710505431213761e-20,4.440892098500626e-16,sliding
sliding_limited,2.811999999999723,1.7144562877779916,1.7144561584872466,1.2929074499901105e-07,0.00012591271711535085,2.24,1.1036108348193248,1.8384792558560485,1.6658764102810129,2.1932800507380152,4.246613203299925,-2.710505431213761e-20,-4.440892098500626e-16,sliding
sliding_limited,2.813999999999723,1.7144565386683557,1.7144564103390716,1.283292840881245e-07,0.00012487532379646397,2.24,1.103610951526073,1.8384793542195972,1.6658763232435745,2.1932800507380152,4.250042116151803,0.0,2.220446049250313e-16,sliding
sliding_limited,2.8159999999997227,1.7144567874916372,1.7144566601167472,1.2737488996883428e-07,0.0001238464773979393,2.24,1.1036110672712927,1.8384794517727436,1.6658762369232418,2.1932800507380152,4.253471029503185,0.0,2.220446049250313e-16,sliding
sliding_limited,2.8179999999997225,1.7144570342648664,1.7144569078373548,1.2642751157088128e-07,0.0001228261075062109,2.24,1.1036111820629055,1.838479548522165,1.6658761513141067,2.1932800507380152,4.256899943349956,-2.710505431213761e-20,0.0,sliding
sliding_limited,2.8199999999997223,1.714457279004933,1.7144571535178352,1.2548709782400636e-07,0.00012181414428881981,2.24,1.1036112959087676,1.8384796444744822,1.6658760664103098,2.1932800507380152,4.260328857688034,0.0,-4.440892098500626e-16,sliding
sliding_limited,2.821999999999722,1.7144575217285885,1.7144573971749901,1.245535983240842e-07,0.00012081051848415934,2.24,1.1036114088166706,1.8384797396362629,1.66587598220604,2.1932800507380152,4.263757772513371,0.0,-2.220446049250313e-16,sliding
sliding_limited,2.823999999999722,1.7144577624524455,1.7144576388254822,1.2362696333312329e-07,0.00011981516140538148,2.24,1.103611520794342,1.8384798340140196,1.6658758986955342,2.1932800507380152,4.267186687821952,0.0,2.220446049250313e-16,sliding
sliding_limited,2.8259999999997216,1.71445800119298,1.7144578784858375,1.2270714244699832e-07,0.00011882800492965389,2.24,1.1036116318494456,1.8384799276142116,1.6658758158730758,2.1932800507380152,4.270615603609798,0.0,-2.220446049250313e-16,sliding
sliding_limited,2.8279999999997214,1.7144582379665325,1.7144581161724457,1.217940868158962e-07,0.00011784898149474157,2.24,1.103611741989582,1.838480020443245,1.6658757337329964,2.1932800507380152,4.274044519872957,0.0,0.0,sliding
sliding_limited,2.829999999999721,1.7144584727893084,1.714458351901561,1.2088774736795926e-07,0.00011687802409754189,2.24,1.103611851222289,1.8384801125074732,1.665875652269674,2.1932800507380152,4.277473436607516,0.0,4.440892098500626e-16,sliding
sliding_limited,2.831999999999721,1.7144587056773801,1.714458585689305,1.199880750313298e-07,0.00011591506628480638,2.24,1.103611959555043,1.8384802038131964,1.6658755714775322,2.1932800507380152,4.280902353809592,0.0,-2.220446049250313e-16,sliding
sliding_limited,2.8339999999997207,1.7144589366466876,1.7144588175516657,1.1909502184437315e-07,0.00011496004214972255,2.24,1.1036120669952583,1.8384802943666645,1.6658754913510416,2.1932800507380152,4.284331271475328,0.0,-2.220446049250313e-16,sliding
sliding_limited,2.8359999999997205,1.7144591657130386,1.7144590475044992,1.1820853940136544e-07,0.00011401288633240209,2.24,1.1036121735502877,1.8384803841740744,1.6658754118847179,2.1932800507380152,4.287760189600907,0.0,-6.661338147750939e-16,sliding
sliding_limited,2.8379999999997203,1.714459392892112,1.7144592755635315,1.1732858040680583e-07,0.00011307353400767283,2.24,1.103612279227424,1.8384804732415732,1.6658753330731226,2.1932800507380152,4.29118910818254,0.0,4.440892098500626e-16,sliding
sliding_limited,2.83999999999972,1.7144596181994565,1.714459501744359,1.1645509756519346e-07,0.00011214192088459038,2.24,1.1036123840339005,1.8384805615752562,1.6658752549108602,2.1932800507380152,4.294618027216471,0.0,2.220446049250313e-16,sliding
sliding_limited,2.84199999999972,1.7144598416504935,1.7144597260624492,1.1558804424716129e-07,0.00011121798320301983,2.24,1.1036124879768896,1.8384806491811694,1.6658751773925817,2.1932800507380152,4.298046946698972,0.0,6.661338147750939e-16,sliding
sliding_limited,2.8439999999997196,1.7144600632605163,1.7144599485331433,1.1472737293516388e-07,0.00011030165772972923,2.24,1.1036125910635055,1.838480736065308,1.6658751005129804,2.1932800507380152,4.301475866626347,0.0,0.0,sliding
sliding_limited,2.8459999999997194,1.714460283044693,1.7144601691716552,1.1387303766596801e-07,0.00010939288174959963,2.24,1.1036126933008032,1.838480822233619,1.6658750242667955,2.1932800507380152,4.304904786994931,0.0,0.0,sliding
sliding_limited,2.847999999999719,1.7144605010180662,1.7144603879930738,1.1302499247634046e-07,0.00010849159306562516,2.24,1.10361279469578,1.8384809076919997,1.6658749486488076,2.1932800507380152,4.308333707801088,0.0,0.0,sliding
sliding_limited,2.849999999999719,1.7144607171955555,1.7144606050123639,1.121831916250926e-07,0.00010759772999256478,2.24,1.1036128952553759,1.838480992446299,1.6658748736538411,2.1932800507380152,4.311762629041214,0.0,2.220446049250313e-16,sliding
sliding_limited,2.8519999999997188,1.7144609315919566,1.7144608202443665,1.1134759003716965e-07,0.00010671123135303565,2.24,1.1036129949864728,1.8384810765023172,1.6658747992767626,2.1932800507380152,4.3151915507117335,0.0,0.0,sliding
sliding_limited,2.8539999999997185,1.7144611442219435,1.714461033703801,1.105181424154722e-07,0.00010583203647604817,2.24,1.1036130938958966,1.8384811598658077,1.665874725512482,2.1932800507380152,4.318620472809101,0.0,2.220446049250313e-16,sliding
sliding_limited,2.8559999999997183,1.71446135510007,1.714461245405266,1.0969480412903465e-07,0.00010496008518528625,2.24,1.1036131919904169,1.8384812425424752,1.6658746523559493,2.1932800507380152,4.322049395329799,0.0,-6.661338147750939e-16,sliding
sliding_limited,2.857999999999718,1.7144615642407692,1.714461455363238,1.0887753121302524e-07,0.0001040953178059437,2.24,1.103613289276747,1.8384813245379794,1.665874579802159,2.1932800507380152,4.325478318270339,0.0,-2.220446049250313e-16,sliding
sliding_limited,2.859999999999718,1.7144617716583554,1.7144616635920766,1.0806627881443376e-07,0.00010323767515202793,2.24,1.1036133857615456,1.8384814058579313,1.6658745078461439,2.1932800507380152,4.328907241627264,0.0,-2.220446049250313e-16,sliding
sliding_limited,2.8619999999997177,1.7144619773670255,1.7144618701060217,1.0726100385660686e-07,0.00010238709852440656,2.24,1.1036134814514162,1.838481486507897,1.6658744364829792,2.1932800507380152,4.332336165397142,0.0,-4.440892098500626e-16,sliding
sliding_limited,2.8639999999997174,1.7144621813808596,1.714462074919196,1.064616634849358e-07,0.00010154352970592424,2.24,1.1036135763529082,1.8384815664933958,1.6658743657077801,2.1932800507380152,4.335765089576569,0.0,-6.661338147750939e-16,sliding
sliding_limited,2.865999999999717,1.7144623837138206,1.7144622780456067,1.056682139566334e-07,0.00010070691096482084,2.24,1.1036136704725166,1.8384816458199027,1.6658742955157029,2.1932800507380152,4.339194014162173,0.0,-2.220446049250313e-16,sliding
sliding_limited,2.867999999999717,1.7144625843797567,1.714462479499145,1.0488061175095709e-07,9.98771850435e-05,2.24,1.1036137638166827,1.838481724492846,1.6658742259019428,2.1932800507380152,4.342622939150607,0.0,-2.220446049250313e-16,sliding
sliding_limited,2.8699999999997168,1.7144627833924027,1.7144626792935878,1.0409881490147654e-07,9.905429515218097e-05,2.24,1.1036138563917954,1.8384818025176108,1.6658741568617357,2.1932800507380152,4.346051864538552,0.0,2.220446049250313e-16,sliding
sliding_limited,2.8719999999997166,1.7144629807653797,1.7144628774425983,1.0332278144176144e-07,9.823818497182847e-05,2.24,1.1036139482041907,1.838481879899537,1.6658740883903553,2.1932800507380152,4.349480790322716,0.0,0.0,sliding
sliding_limited,2.8739999999997163,1.7144631765121974,1.7144630739597282,1.0255246918333683e-07,9.742879864438622e-05,2.24,1.1036140392601526,1.8384819566439212,1.6658740204831155,2.1932800507380152,4.352909716499837,0.0,0.0,sliding
sliding_limited,2.875999999999716,1.714463370646253,1.714463268858416,1.017878370479508e-07,9.662608077619524e-05,2.24,1.1036141295659128,1.8384820327560152,1.665873953135368,2.1932800507380152,4.356338643066674,0.0,2.220446049250313e-16,sliding
sliding_limited,2.877999999999716,1.7144635631808336,1.7144634621519912,1.0102884240303922e-07,9.582997642969228e-05,2.24,1.103614219127652,1.8384821082410283,1.665873886342503,2.1932800507380152,4.359767570020017,0.0,-4.440892098500626e-16,sliding
sliding_limited,2.8799999999997157,1.7144637541291174,1.7144636538536722,1.002754452805732e-07,9.504043111706162e-05,2.24,1.1036143079514995,1.8384821831041274,1.6658738200999503,2.1932800507380152,4.363196497356682,0.0,-2.220446049250313e-16,sliding
sliding_limited,2.8819999999997155,1.7144639435041749,1.7144638439765691,9.952760571252384e-08,9.425739079486349e-05,2.24,1.1036143960435356,1.838482257350436,1.6658737544031739,2.1932800507380152,4.366625425073512,0.0,0.0,sliding
sliding_limited,2.8839999999997152,1.7144641313189661,1.7144640325336844,9.878528173246082e-08,9.348080187819548e-05,2.24,1.1036144834097887,1.8384823309850358,1.6658736892476786,2.1932800507380152,4.370054353167373,0.0,4.440892098500626e-16,sliding
sliding_limited,2.885999999999715,1.7144643175863468,1.7144642195379127,9.804843403848906e-08,9.271061121236971e-05,2.24,1.1036145700562385,1.8384824040129661,1.6658736246290042,2.1932800507380152,4.373483281635159,0.0,6.661338147750939e-16,sliding
sliding_limited,2.887999999999715,1.7144645023190657,1.7144644050020432,9.731702244053508e-08,9.19467660841443e-05,2.24,1.1036146559888156,1.838482476439225,1.6658735605427268,2.1932800507380152,4.376912210473789,0.0,0.0,sliding
sliding_limited,2.8899999999997146,1.7144646855297672,1.714464588938759,9.659100808079302e-08,9.11892142134218e-05,2.24,1.103614741213401,1.83848254826877,1.6658734969844615,2.1932800507380152,4.38034113968021,0.0,2.220446049250313e-16,sliding
sliding_limited,2.8919999999997144,1.7144648672309901,1.7144647713606396,9.587035054714477e-08,9.043790375617922e-05,2.24,1.1036148257358276,1.8384826195065167,1.6658734339498575,2.1932800507380152,4.383770069251389,0.0,-4.440892098500626e-16,sliding
sliding_limited,2.893999999999714,1.714465047435172,1.7144649522801603,9.515501164791829e-08,8.969278328639993e-05,2.24,1.1036149095618804,1.8384826901573414,1.6658733714346006,2.1932800507380152,4.387198999184322,0.0,0.0,sliding
sliding_limited,2.895999999999714,1.7144652261546462,1.7144651317096935,9.444495274735232e-08,8.895380180877012e-05,2.24,1.1036149926972967,1.8384827602260794,1.6658733094344114,2.1932800507380152,4.390627929476027,0.0,0.0,sliding
sliding_limited,2.8979999999997137,1.714465403401646,1.7144653096615106,9.374013543173021e-08,8.822090874305247e-05,2.24,1.1036150751477665,1.8384828297175257,1.665873247945046,2.1932800507380152,4.394056860123551,0.0,-2.220446049250313e-16,sliding
sliding_limited,2.8999999999997135,1.714465579188302,1.714465486147781,9.30405208432461e-08,8.749405393287587e-05,2.24,1.1036151569189327,1.8384828986364372,1.6658731869622962,2.1932800507380152,4.39748579112396,0.0,-2.220446049250313e-16,sliding
sliding_limited,2.9019999999997133,1.714465753526646,1.7144656611805744,9.234607167840636e-08,8.677318762766753e-05,2.24,1.103615238016392,1.8384829669875309,1.6658731264819886,2.1932800507380152,4.400914722474347,0.0,-2.220446049250313e-16,sliding
sliding_limited,2.903999999999713,1.7144659264286113,1.714465834771861,9.165675018962816e-08,8.60582604909544e-05,2.24,1.103615318445695,1.8384830347754846,1.6658730664999826,2.1932800507380152,4.404343654171828,0.0,0.0,sliding
sliding_limited,2.905999999999713,1.7144660979060313,1.7144660069335123,9.097251907341786e-08,8.534922359157338e-05,2.24,1.1036153982123462,1.8384831020049375,1.6658730070121726,2.1932800507380152,4.407772586213543,0.0,-4.440892098500626e-16,sliding
sliding_limited,2.9079999999997126,1.7144662679706428,1.714466177677302,9.029334080423723e-08,8.464602840171799e-05,2.24,1.103615477321805,1.8384831686804912,1.6658729480144876,2.1932800507380152,4.411201518596659,0.0,-4.440892098500626e-16,sliding
sliding_limited,2.9099999999997124,1.7144664366340863,1.7144663470149073,8.961917896677107e-08,8.394862679254344e-05,2.24,1.1036155557794858,1.8384832348067097,1.6658728895028898,2.1932800507380152,4.414630451318359,0.0,4.440892098500626e-16,sliding
sliding_limited,2.911999999999712,1.7144666039079057,1.7144665149579086,8.894999714570417e-08,8.32569710312367e-05,2.24,1.103615633590759,1.838483300388118,1.6658728314733728,2.1932800507380152,4.418059384375859,0.0,2.220446049250313e-16,sliding
sliding_limited,2.913999999999712,1.7144667698035498,1.7144666815177911,8.828575870367672e-08,8.25710137810165e-05,2.24,1.1036157107609497,1.8384833654292052,1.6658727739219659,2.1932800507380152,4.4214883177663875,0.0,0.0,sliding
sliding_limited,2.9159999999997117,1.7144669343323735,1.714466846705946,8.762642744741811e-08,8.189070809332007e-05,2.24,1.1036157872953396,1.8384834299344224,1.6658727168447294,2.1932800507380152,4.424917251487202,0.0,-2.220446049250313e-16,sliding
sliding_limited,2.9179999999997115,1.714467097505638,1.7144670105336701,8.697196784979155e-08,8.121600740584994e-05,2.24,1.103615863199167,1.8384834939081847,1.6658726602377567,2.1932800507380152,4.428346185535581,0.0,-8.881784197001252e-16,sliding
sliding_limited,2.9199999999997113,1.7144672593345116,1.7144671730121672,8.632234438366027e-08,8.05468655396439e-05,2.24,1.1036159384776267,1.8384835573548712,1.6658726040971745,2.1932800507380152,4.431775119908825,0.0,4.440892098500626e-16,sliding
sliding_limited,2.921999999999711,1.714467419830071,1.7144673341525487,8.567752218802127e-08,7.98832366961451e-05,2.24,1.1036160131358719,1.8384836202788235,1.6658725484191377,2.1932800507380152,4.435204054604258,0.0,-4.440892098500626e-16,sliding
sliding_limited,2.923999999999711,1.7144675790033006,1.714467493965835,8.503746551369318e-08,7.922507545769034e-05,2.24,1.103616087179011,1.8384836826843487,1.6658724931998379,2.1932800507380152,4.438632989619226,0.0,0.0,sliding
sliding_limited,2.9259999999997106,1.7144677368650956,1.7144676524629556,8.440213994376222e-08,7.857233677579029e-05,2.24,1.1036161606121129,1.838483744575718,1.6658724384354937,2.1932800507380152,4.442061924951096,0.0,-2.220446049250313e-16,sliding
sliding_limited,2.9279999999997104,1.7144678934262607,1.7144678096547492,8.377151150540385e-08,7.79249759755244e-05,2.24,1.1036162334402029,1.8384838059571673,1.6658723841223577,2.1932800507380152,4.445490860597257,0.0,-4.440892098500626e-16,sliding
sliding_limited,2.92999999999971,1.714468048697512,1.7144679655519666,8.314554533761509e-08,7.728294874968103e-05,2.24,1.1036163056682657,1.838483866832898,1.6658723302567124,2.1932800507380152,4.448919796555121,0.0,-2.220446049250313e-16,sliding
sliding_limited,2.93199999999971,1.7144682026894764,1.7144681201652694,8.252420702348218e-08,7.66462111568041e-05,2.24,1.1036163773012448,1.838483927207076,1.6658722768348704,2.1932800507380152,4.452348732822117,0.0,0.0,sliding
sliding_limited,2.9339999999997097,1.7144683554126945,1.7144682735052308,8.190746370040358e-08,7.601471961582156e-05,2.24,1.1036164483440434,1.838483987083834,1.665872223853175,2.1932800507380152,4.4557776693957,0.0,0.0,sliding
sliding_limited,2.9359999999997095,1.7144685068776189,1.7144684255823377,8.129528117351015e-08,7.538843090702198e-05,2.24,1.103616518801523,1.8384840464672703,1.665872171308001,2.1932800507380152,4.4592066062733435,0.0,2.220446049250313e-16,sliding
sliding_limited,2.9379999999997093,1.714468657094617,1.7144685764069905,8.068762658020034e-08,7.476730216472977e-05,2.24,1.1036165886785065,1.8384841053614485,1.6658721191957504,2.1932800507380152,4.462635543452543,0.0,-2.220446049250313e-16,sliding
sliding_limited,2.939999999999709,1.7144688060739703,1.714468725989504,8.008446639173883e-08,7.415129087681674e-05,2.24,1.1036166579797766,1.8384841637704001,1.665872067512857,2.1932800507380152,4.466064480930814,0.0,-6.661338147750939e-16,sliding
sliding_limited,2.941999999999709,1.714468953825876,1.7144688743401075,7.948576841165789e-08,7.354035488177223e-05,2.24,1.103616726710076,1.8384842216981228,1.6658720162557838,2.1932800507380152,4.46949341870569,0.0,-2.220446049250313e-16,sliding
sliding_limited,2.9439999999997086,1.7144691003604462,1.7144690214689469,7.889149933326678e-08,7.293445236674978e-05,2.24,1.1036167948741087,1.838484279148581,1.6658719654210226,2.1932800507380152,4.47292235677473,0.0,6.661338147750939e-16,sliding
sliding_limited,2.9459999999997084,1.7144692456877113,1.714469167386084,7.8301627404187e-08,7.23335418592656e-05,2.24,1.103616862476541,1.8384843361257066,1.665871915005092,2.1932800507380152,4.47635129513551,0.0,-6.661338147750939e-16,sliding
sliding_limited,2.947999999999708,1.7144693898176173,1.7144693121014978,7.771611953977242e-08,7.173758223550011e-05,2.24,1.1036169295219986,1.8384843926333998,1.6658718650045437,2.1932800507380152,4.4797802337856245,0.0,-4.440892098500626e-16,sliding
sliding_limited,2.949999999999708,1.7144695327600303,1.714469455625085,7.713494531991216e-08,7.114653270125324e-05,2.24,1.1036169960150712,1.838484448675528,1.6658718154159537,2.1932800507380152,4.483209172722692,0.0,-4.440892098500626e-16,sliding
sliding_limited,2.9519999999997077,1.7144696745247339,1.7144695979666613,7.655807254813851e-08,7.056035280415258e-05,2.24,1.1036170619603096,1.8384845042559272,1.6658717662359286,2.1932800507380152,4.4866381119443455,0.0,-4.440892098500626e-16,sliding
sliding_limited,2.9539999999997075,1.7144698151214304,1.7144697391359611,7.598546925002836e-08,6.997900242730513e-05,2.24,1.103617127362227,1.8384845593784012,1.6658717174611022,2.1932800507380152,4.490067051448245,0.0,2.220446049250313e-16,sliding
sliding_limited,2.9559999999997073,1.7144699545597437,1.714469879142639,7.541710478342623e-08,6.940244177757753e-05,2.24,1.1036171922253002,1.8384846140467224,1.6658716690881354,2.1932800507380152,4.49349599123206,0.0,-4.440892098500626e-16,sliding
sliding_limited,2.957999999999707,1.7144700928492171,1.7144700179962693,7.485294784004282e-08,6.883063139633915e-05,2.24,1.103617256553968,1.8384846682646332,1.6658716211137186,2.1932800507380152,4.496924931293488,0.0,4.440892098500626e-16,sliding
sliding_limited,2.959999999999707,1.7144702299993162,1.7144701557063484,7.429296777772265e-08,6.82635321462774e-05,2.24,1.1036173203526336,1.8384847220358436,1.6658715735345666,2.1932800507380152,4.500353871630239,0.0,-2.220446049250313e-16,sliding
sliding_limited,2.9619999999997066,1.7144703660194285,1.7144702922822945,7.373713395431025e-08,6.770110521090933e-05,2.24,1.103617383625664,1.8384847753640345,1.6658715263474233,2.1932800507380152,4.503782812240044,0.0,-4.440892098500626e-16,sliding
sliding_limited,2.9639999999997064,1.7144705009188637,1.714470427733447,7.318541661582856e-08,6.714331209799991e-05,2.24,1.1036174463773891,1.8384848282528559,1.6658714795490592,2.1932800507380152,4.507211753120657,0.0,-4.440892098500626e-16,sliding
sliding_limited,2.965999999999706,1.714470634706855,1.7144705620690697,7.26377853421667e-08,6.659011462930728e-05,2.24,1.1036175086121043,1.8384848807059275,1.6658714331362714,2.1932800507380152,4.510640694269845,0.0,0.0,sliding
sliding_limited,2.967999999999706,1.7144707673925599,1.7144706952983497,7.2094210157303e-08,6.604147494253594e-05,2.24,1.103617570334069,1.8384849327268395,1.6658713871058828,2.1932800507380152,4.514069635685394,0.0,6.661338147750939e-16,sliding
sliding_limited,2.9699999999997058,1.7144708989850594,1.7144708274303984,7.15546610852158e-08,6.549735548791856e-05,2.24,1.1036176315475077,1.838484984319152,1.6658713414547421,2.1932800507380152,4.517498577365111,0.0,0.0,sliding
sliding_limited,2.9719999999997055,1.714471029493361,1.7144709584742517,7.101910926010646e-08,6.495771902284435e-05,2.24,1.10361769225661,1.8384850354863964,1.6658712961797255,2.1932800507380152,4.5209275193068175,-1.3552527156068805e-20,-4.440892098500626e-16,sliding
sliding_limited,2.9739999999997053,1.7144711589263972,1.7144710884388719,7.048752537208713e-08,6.442252861283573e-05,2.24,1.103617752465531,1.838485086232075,1.6658712512777343,2.1932800507380152,4.524356461508358,1.3552527156068805e-20,0.0,sliding
sliding_limited,2.975999999999705,1.7144712872930268,1.7144712173331473,6.995987944513615e-08,6.389174762910674e-05,2.24,1.1036178121783917,1.8384851365596604,1.6658712067456942,2.1932800507380152,4.527785403967591,0.0,0.0,sliding
sliding_limited,2.977999999999705,1.7144714146020363,1.7144713451658924,6.94361439457225e-08,6.336533974123806e-05,2.24,1.1036178713992792,1.8384851864725977,1.6658711625805578,2.1932800507380152,4.531214346682391,1.3552527156068805e-20,0.0,sliding
sliding_limited,2.9799999999997047,1.7144715408621396,1.7144714719458496,6.891629000804755e-08,6.284326891961877e-05,2.24,1.1036179301322466,1.8384852359743034,1.665871118779302,2.1932800507380152,4.5346432896506546,0.0,0.0,sliding
sliding_limited,2.9819999999997044,1.714471666081978,1.7144715976816893,6.840028876631266e-08,6.232549943349295e-05,2.24,1.1036179883813138,1.838485285068165,1.6658710753389292,2.1932800507380152,4.538072232870291,-1.3552527156068805e-20,2.220446049250313e-16,sliding
sliding_limited,2.9839999999997042,1.7144717902701228,1.714471722382011,6.788811179880838e-08,6.181199584509978e-05,2.24,1.1036180461504674,1.8384853337575426,1.6658710322564654,2.1932800507380152,4.5415011763392314,0.0,2.220446049250313e-16,sliding
sliding_limited,2.985999999999704,1.7144719134350739,1.7144718460553416,6.737973223813754e-08,6.130272300576701e-05,2.24,1.1036181034436618,1.8384853820457692,1.6658709895289618,2.1932800507380152,4.5449301200554215,1.3552527156068805e-20,0.0,sliding
sliding_limited,2.987999999999704,1.714472035585261,1.7144719687101402,6.687512077441227e-08,6.079764606274748e-05,2.24,1.103618160264818,1.8384854299361493,1.6658709471534943,2.1932800507380152,4.548359064016825,0.0,-2.220446049250313e-16,sliding
sliding_limited,2.9899999999997036,1.714472156729045,1.714472090354794,6.637425098432459e-08,6.029673044456929e-05,2.24,1.1036182166178252,1.838485477431961,1.665870905127162,2.1932800507380152,4.551788008221419,0.0,-4.440892098500626e-16,sliding
sliding_limited,2.9919999999997033,1.7144722768747183,1.7144722109976231,6.587709511229889e-08,5.979994186494253e-05,2.24,1.1036182725065404,1.8384855245364549,1.6658708634470887,2.1932800507380152,4.5552169526672035,0.0,-4.440892098500626e-16,sliding
sliding_limited,2.993999999999703,1.7144723960305033,1.7144723306468774,6.538362584684876e-08,5.930724632520082e-05,2.24,1.1036183279347886,1.8384855712528552,1.6658708221104215,2.1932800507380152,4.5586458973521875,0.0,-6.661338147750939e-16,sliding
sliding_limited,2.995999999999703,1.7144725142045563,1.71447244931074,6.4893816320577e-08,5.881861010111652e-05,2.24,1.1036183829063637,1.8384856175843596,1.6658707811143316,2.1932800507380152,4.562074842274401,0.0,-2.220446049250313e-16,sliding
sliding_limited,2.9979999999997027,1.7144726314049654,1.714472566997326,6.440763944404182e-08,5.8333999749737354e-05,2.24,1.1036184374250282,1.8384856635341387,1.665870740456012,2.1932800507380152,4.56550378743189,0.0,0.0,sliding
sliding_limited,2.9999999999997025,1.7144727476397528,1.7144726837146838,6.392506901597983e-08,5.7853382102549806e-05,2.24,1.1036184914945135,1.8384857091053375,1.66587070013268,2.1932800507380152,4.568932732822717,0.0,0.0,sliding
stick_limited,0.0,0.0,0.0,0.0,3.5446330424636234,1.12,0.7048537827228425,1.5023962172771577,2.131500538272516,2.1932800507380152,0.0,0.0,-4.440892098500626e-16,sliding
stick_limited,0.0020000000000000005,0.007089231540478188,0.007089225682138183,5.858340004945284e-09,3.544572438456176,1.12,0.7048606006736803,1.5024019636272785,2.1314880732322634,2.1932800507380152,7.798172693973187e-06,0.0,-1.1102230246251565e-16,sliding
stick_limited,0.004000000000000001,0.014178232790182517,0.014178208954173363,2.383600915430162e-08,3.5443906343085545,1.12,0.7048810536402877,1.5024192019309757,2.1314506811778835,2.1932800507380152,2.977459514544857e-05,0.0,-5.551115123125783e-17,sliding
stick_limited,0.0059999999999999975,0.021266761367917282,0.021266707439157435,5.392875984666645e-08,3.544087654264403,1.12,0.7049151388952547,1.5024479298895155,2.1313883714345483,2.1932800507380152,6.592854014583616e-05,0.0,1.6653345369377348e-16,sliding
stick_limited,0.007999999999999995,0.02835457495588792,0.028354478826442486,9.612944543505031e-08,3.543663539136614,1.12,0.704962851847131,1.5024881436331015,2.1313011596232467,2.1932800507380152,0.00011625879578842785,0.0,1.1102230246251565e-16,sliding
stick_limited,0.01,0.03544143133282976,0.035441280904806784,1.5042802297554614e-07,3.5431183462956075,1.12,0.7050241860417443,1.5025398377219858,2.1311890676513907,2.1932800507380152,0.000180763665631645,0.0,-3.3306690738754696e-16,sliding
stick_limited,0.012000000000000005,0.04252708840710898,0.042526871595551845,2.168115571382634e-07,3.5424521496528016,1.12,0.7050991331640599,1.5026030051480368,2.1310521236996283,2.1932800507380152,0.0002594409689285146,0.0,-5.551115123125783e-17,sliding
stick_limited,0.01400000000000001,0.04961130424978625,0.04961100898556111,2.9526422513914685e-07,3.5416650396392813,1.12,0.7051876830405809,1.5026776373367605,2.130890362204876,2.1932800507380152,0.00035228804092230827,0.0,0.0,sliding
stick_limited,0.016000000000000014,0.056693837127633276,0.05669345136031045,3.8576732282885606e-07,3.540757123179682,1.12,0.7052898236422858,1.502763724149778,2.1307038238396037,2.1932800507380152,0.00045930173320825747,0.0,-5.551115123125783e-17,sliding
stick_limited,0.018000000000000002,0.06377444553609289,0.06377395723682104,4.882992718502344e-07,3.5397285236612945,1.12,0.7054055410881045,1.5028612538877548,2.1304925554873817,2.1932800507380152,0.0005804784141612422,0.0,-1.1102230246251565e-16,sliding
stick_limited,0.01999999999999999,0.07085288823217314,0.07085228539654517,6.028356279719205e-07,3.538579380898405,1.12,0.7055348196489295,1.5029702132937808,2.1302566102147176,2.1932800507380152,0.0007158139694293284,0.0,-1.6653345369377348e-16,sliding
stick_limited,0.021999999999999978,0.07792892426726561,0.07792819491817518,7.293490904280997e-07,3.5373098510919028,1.12,0.705677641752161,1.5030905875572027,2.129996047239228,2.1932800507380152,0.0008653038024930114,0.0,2.220446049250313e-16,sliding
stick_limited,0.023999999999999966,0.08500231301987883,0.08500144521036637,8.678095124586838e-07,3.5359201067841513,1.12,0.7058339879867831,1.5032223603178996,2.129710931894155,2.1932800507380152,0.001028942835290005,0.0,-5.551115123125783e-17,sliding
stick_limited,0.025999999999999954,0.09207281422827712,0.09207179604436423,1.0181839128903247e-06,3.534410336809167,1.12,0.7060038371089689,1.50336551367101,2.129401335589302,2.1932800507380152,0.0012067255089053951,0.0,-4.440892098500626e-16,sliding
stick_limited,0.02799999999999994,0.0991401880230157,0.09913900758652695,1.1804364887513241e-06,3.532780746238121,1.12,0.7061871660482115,1.5035200281720984,2.1290673357683945,2.1932800507380152,0.001398645784326955,0.0,-3.3306690738754696e-16,sliding
stick_limited,0.02999999999999993,0.10620419495936245,0.10620284043073348,1.3545286289690095e-06,3.5310315563201864,1.12,0.706383949913979,1.5036858828427626,2.12870901586294,2.1932800507380152,0.0016046971432654145,0.0,5.551115123125783e-17,sliding
stick_limited,0.03199999999999992,0.11326459604959732,0.11326305563066805,1.5404189292744785e-06,3.5291630044187725,1.12,0.7065941620028882,1.5038630551766816,2.128326465242625,2.1932800507380152,0.0018248725890394326,0.0,0.0,sliding
stick_limited,0.033999999999999905,0.12032115279517998,0.1203194147319721,1.7380632078844993e-06,3.5271753439431652,1.12,0.706817773806394,1.5040515211460965,2.127919779162309,2.1932800507380152,0.0020591646475250306,0.0,2.220446049250313e-16,sliding
stick_limited,0.03599999999999989,0.12737362721877682,0.12737167980425423,1.947414522585067e-06,3.5250688442756144,1.12,0.7070547550189935,1.5042512552087237,2.127489058705666,2.1932800507380152,0.0023075653681692027,0.0,-3.3306690738754696e-16,sliding
stick_limited,0.03799999999999988,0.13442178189613785,0.1344196134729494,2.168423188453339e-06,3.5228437906939054,1.12,0.7073050735469357,1.5044622303150976,2.127034410725549,2.1932800507380152,0.0025700663250674215,0.0,-1.1102230246251565e-16,sliding
stick_limited,0.03999999999999987,0.14146537998781475,0.14146297895101775,2.401036796995104e-06,3.5205004842894434,1.12,0.7075686955174377,1.5046844179163368,2.126555947781122,2.1932800507380152,0.0028466586181047217,0.0,-1.1102230246251565e-16,sliding
stick_limited,0.04199999999999986,0.1485041852707111,0.14850154007047525,2.6452002358512416e-06,3.518039241880903,1.12,0.7078455852883985,1.504917787972331,2.126053788071844,2.1932800507380152,0.0031373328741600387,0.0,-1.6653345369377348e-16,sliding
stick_limited,0.043999999999999845,0.15553796216945617,0.15553506131374611,2.900855710058492e-06,3.5154603959234767,1.12,0.708135705458609,1.5051623089603479,2.1255280553683726,2.1932800507380152,0.003442079248373449,0.0,-4.440892098500626e-16,sliding
stick_limited,0.04599999999999983,0.16256647578759284,0.1625633078448289,3.1679427639486057e-06,3.5127642944137722,1.12,0.7084390168784507,1.505417947884049,2.124978878940456,2.1932800507380152,0.0037608874254759644,0.0,0.0,sliding
stick_limited,0.04799999999999982,0.16958949193857178,0.16958604554026788,3.446398303907916e-06,3.5099513007903993,1.12,0.7087554786610801,1.5056846702829159,2.1244063934818898,2.1932800507380152,0.004093746621181481,0.0,2.220446049250313e-16,sliding
stick_limited,0.04999999999999981,0.17660677717654288,0.17660304101992041,3.736156622469178e-06,3.5070217938303005,1.12,0.7090850481940912,1.5059624402420804,2.123810739032629,2.1932800507380152,0.004440645583640505,0.0,1.6653345369377348e-16,sliding
stick_limited,0.051999999999999796,0.18361809882693547,0.18361406167751232,4.037149423152808e-06,3.5039761675408756,1.12,0.7094276811516517,1.506251220402553,2.1231920608981247,2.1932800507380152,0.004801572594955219,0.0,-3.885780586188048e-16,sliding
stick_limited,0.053999999999999784,0.190623225016819,0.19061887571097297,4.349305846029772e-06,3.500814831047944,1.12,0.7097833315071065,1.5065509719718468,2.1225505095659787,2.1932800507380152,0.0051765154727554785,0.0,-6.106226635438361e-16,sliding
stick_limited,0.05599999999999977,0.19762192470503623,0.1976172521525415,4.672552494727755e-06,3.4975382084796136,1.12,0.7101519515460435,1.5068616547349871,2.121886240619995,2.1932800507380152,0.005565461571835277,0.0,-3.885780586188048e-16,sliding
stick_limited,0.05799999999999976,0.2046139677121001,0.20460896089863614,5.006813463964699e-06,3.494146738846101,1.12,0.7105334918798136,1.5071832270659087,2.1211994146517275,2.1932800507380152,0.005968397785849217,0.0,3.885780586188048e-16,sliding
stick_limited,0.05999999999999975,0.21159912474984696,0.21159377273947919,5.3520103677762165e-06,3.490640875915562,1.12,0.7109279014594995,1.507515645939226,2.120490197169603,2.1932800507380152,0.00638531054906851,0.0,-5.551115123125783e-16,sliding
stick_limited,0.061999999999999736,0.21857716745083786,0.21857145938846842,5.7080623694361066e-06,3.4870210880860024,1.12,0.7113351275903248,1.5078588669423834,2.119758758505732,2.1932800507380152,0.006816185838196009,0.0,5.551115123125783e-17,sliding
stick_limited,0.06399999999999978,0.22554786839749993,0.22554179351128908,6.074886210849506e-06,3.483287858253317,1.12,0.7117551159465019,1.5082128442881624,2.1190052737204703,2.1932800507380152,0.00726100917423975,0.0,5.551115123125783e-17,sliding
stick_limited,0.06599999999999984,0.23251100115100082,0.23250454875475604,6.452396244777114e-06,3.4794416836755286,1.12,0.7121878105865032,1.508577530827557,2.1182299225048635,2.1932800507380152,0.007719765624444501,0.0,-2.7755575615628914e-16,sliding
stick_limited,0.0679999999999999,0.23946634027984787,0.23945949977538206,6.840504465810415e-06,3.47548307583329,1.12,0.7126331539687549,1.5089528780630013,2.1174328890810497,2.1932800507380152,0.008192439804280742,0.0,0.0,sliding
stick_limited,0.06999999999999995,0.2464136613882052,0.2464064222676616,7.239120543595101e-06,3.4714125602867156,1.12,0.7130910869677446,1.5093388361619409,2.1166143621007185,2.1932800507380152,0.008679015879490541,0.0,-1.6653345369377348e-16,sliding
stick_limited,0.07200000000000001,0.25335274114392103,0.2533450929920654,7.648151855610408e-06,3.4672306765286107,1.12,0.7135615488905314,1.5097353539707534,2.115774534541749,2.1932800507380152,0.009179477568189749,0.0,-2.220446049250313e-16,sliding
stick_limited,0.07400000000000007,0.2602833573062584,0.26027528980273607,8.067503522335429e-06,3.4629379778341645,1.12,0.7140444774936566,1.510142379028998,2.1149136036030947,2.1932800507380152,0.009693808143025912,0.0,-2.220446049250313e-16,sliding
stick_limited,0.07600000000000012,0.2672052887533223,0.26719679167488075,8.49707844152725e-06,3.4585350311071865,1.12,0.7145398090004416,1.5105598575839951,2.1140317705980487,2.1932800507380152,0.01022199043339134,0.0,-1.1102230246251565e-16,sliding
stick_limited,0.07800000000000018,0.2741183155091758,0.27410937873185126,8.936777324553002e-06,3.4540224167229483,1.12,0.7150474781186684,1.5109877346057288,2.1131292408459723,2.1932800507380152,0.010764006827690646,0.0,-2.7755575615628914e-16,sliding
stick_limited,0.08000000000000024,0.2810222187706389,0.2810128322719071,9.386498731778214e-06,3.4494007283677144,1.12,0.7155674180586322,1.5114259538020614,2.1122062235625965,2.1932800507380152,0.011319839275662213,0.0,2.220446049250313e-16,sliding
stick_limited,0.0820000000000003,0.2879167809337643,0.2879069347946531,9.846139111202579e-06,3.444670572875027,1.12,0.7160995605515595,1.511874457634256,2.1112629317489997,2.1932800507380152,0.011889469290752882,0.0,1.1102230246251565e-16,sliding
stick_limited,0.08400000000000035,0.29480178561998194,0.29479147002714706,1.0315592834875265e-05,3.439832570058832,1.12,0.7166438358683814,1.512333187332801,2.1102995820793686,2.1932800507380152,0.012472877952545222,0.0,-1.1102230246251565e-16,sliding
stick_limited,0.08600000000000041,0.3016770177019071,0.301666222949669,1.0794752238085792e-05,3.434887352543515,1.12,0.7172001728388546,1.5128020829135247,2.109316394787639,2.1932800507380152,0.013070045909236735,0.0,5.551115123125783e-17,sliding
stick_limited,0.08800000000000047,0.3085422633288064,0.30853097982114835,1.1283507658055303e-05,3.4298355655909285,1.12,0.7177684988710206,1.5132810831939953,2.1083135935531274,2.1932800507380152,0.013680953380170297,0.0,-5.551115123125783e-17,sliding
stick_limited,0.09000000000000052,0.31539730995171483,0.31538552820424126,1.1781747473571524e-05,3.4246778669244957,1.12,0.7183487399709944,1.5137701258102005,2.1072914053852503,2.1932800507380152,0.014305580158415154,0.0,0.0,sliding
stick_limited,0.09200000000000058,0.3222419463481987,0.3222296569900531,1.228935814556742e-05,3.4194149265504588,1.12,0.7189408207630734,1.5142691472334955,2.106250060507445,2.1932800507380152,0.014943905613397743,0.0,-1.1102230246251565e-16,sliding
stick_limited,0.09400000000000064,0.3290759626467579,0.32906315642250017,1.280622425775535e-05,3.4140474265763694,1.12,0.7195446645101585,1.5147780827878141,2.1051897922403793,2.1932800507380152,0.01559590869358167,0.0,-2.220446049250313e-16,sliding
stick_limited,0.0960000000000007,0.3358991503508636,0.33588581812230606,1.3332228557538794e-05,3.4085760610268916,1.12,0.7201601931344748,1.5152968666671334,2.10411083688457,2.1932800507380152,0.01626156792919606,0.0,0.0,sliding
stick_limited,0.09800000000000075,0.34271130236262454,0.34269743511062595,1.3867251998589403e-05,3.4030015356570065,1.12,0.7207873272385869,1.515825431953185,2.103013433602494,2.1932800507380152,0.01694086143501163,0.0,-1.6653345369377348e-16,sliding
stick_limited,0.10000000000000081,0.3495122130060777,0.3494978018322954,1.4411173782313824e-05,3.397324567762702,1.12,0.7214259861266961,1.5163637106334056,2.1018978243003064,2.1932800507380152,0.017633766913163606,0.0,-5.551115123125783e-17,sliding
stick_limited,0.10200000000000087,0.3563016780500983,0.3562867141786968,1.4963871401540985e-05,3.391545885989232,1.12,0.7220760878262115,1.5169116336191177,2.1007642535092597,2.1932800507380152,0.018340261656020866,0.0,1.1102230246251565e-16,sliding
stick_limited,0.10400000000000093,0.36307949473092394,0.36306396951024095,1.5525220682988117e-05,3.385666230137029,1.12,0.7227375491095843,1.5174691307639314,2.0996129682669173,2.1932800507380152,0.019060322549100454,0.0,-1.6653345369377348e-16,sliding
stick_limited,0.10600000000000098,0.3698454617742887,0.3698293666784571,1.609509583155866e-05,3.379686350965366,1.12,0.7234102855163963,1.5180361308823629,2.0984442179982747,2.1932800507380152,0.01979392607402672,0.0,5.551115123125783e-17,sliding
stick_limited,0.10800000000000104,0.37659937941716215,0.37658270604768845,1.6673369473696464e-05,3.3736070099938393,1.12,0.7240942113756932,1.5186125617686548,2.0972582543968565,2.1932800507380152,0.020541048311534277,0.0,-1.6653345369377348e-16,sliding
stick_limited,0.1100000000000011,0.3833410494290903,0.3833237895163876,1.72599127026829e-05,3.367428979301772,1.12,0.7247892398285507,1.5191983502157984,2.0960553313059194,2.1932800507380152,0.021301664944514027,0.0,-1.1102230246251565e-16,sliding
stick_limited,0.11200000000000115,0.39007027513313286,0.39005242053801015,1.7854595122712702e-05,3.3611530413256228,1.12,0.7254952828508675,1.5197934220347422,2.094835704599819,2.1932800507380152,0.022075751261101412,0.0,1.6653345369377348e-16,sliding
stick_limited,0.11400000000000121,0.3967868614263936,0.3967684041414992,1.8457284894357606e-05,3.354779988654485,1.12,0.7262122512763705,1.5203977020737818,2.0935996320656574,2.1932800507380152,0.022863282157806083,0.0,0.0,sliding
stick_limited,0.11600000000000127,0.4034906148001403,0.40347154695136045,1.906784877986345e-05,3.3483106238237714,1.12,0.7269400548198258,1.521011114238123,2.092347373285284,2.1932800507380152,0.0236642321426822,0.0,-2.220446049250313e-16,sliding
stick_limited,0.11800000000000133,0.4101813433595107,0.4101616572073217,1.968615218900238e-05,3.3417457591071646,1.12,0.7276786021004441,1.5216335815096094,2.0910791895177545,2.1932800507380152,0.024478575338538488,0.0,-1.1102230246251565e-16,sliding
stick_limited,0.12000000000000138,0.4168588568428002,0.4168385447835752,2.0312059225036094e-05,3.335086216306933,1.12,0.7284278006654701,1.5222650259666013,2.0897953435823085,2.1932800507380152,0.025306285486187276,0.0,-2.7755575615628914e-16,sliding
stick_limited,0.12200000000000144,0.42352296664032923,0.4235020212075988,2.0945432730457014e-05,3.3283328265426917,1.12,0.7291875570139472,1.5229053688040093,2.088496099741977,2.1932800507380152,0.026147335947731644,0.0,-5.551115123125783e-17,sliding
stick_limited,0.1240000000000015,0.43017348581288706,0.4301518996785528,2.1586134334283802e-05,3.321486430038707,1.12,0.7299577766206455,1.5235545303534572,2.0871817235878822,2.1932800507380152,0.027001699709889814,0.0,-5.551115123125783e-17,sliding
stick_limited,0.12600000000000156,0.43681022910974826,0.4367879950852504,2.223402449785805e-05,3.3145478759098235,1.12,0.7307383639601449,1.524212430103583,2.085852481924317,2.1932800507380152,0.027869349387355975,0.0,1.1102230246251565e-16,sliding
stick_limited,0.1280000000000016,0.44343301298626053,0.4434101240236984,2.2888962562139792e-05,3.3075180219461173,1.12,0.7315292225310618,1.5248789867204566,2.0845086426546797,2.1932800507380152,0.028750257226196684,0.0,2.7755575615628914e-16,sliding
stick_limited,0.13000000000000167,0.4500416556210005,0.45001810481420595,2.35508067945589e-05,3.3003977343963506,1.12,0.7323302548804107,1.5255541180681123,2.083150474668338,2.1932800507380152,0.02964439510728196,0.0,-1.6653345369377348e-16,sliding
stick_limited,0.13200000000000173,0.4566359769324949,0.45661175751805944,2.4219414435477926e-05,3.2931878877503267,1.12,0.7331413626280884,1.5262377412291854,2.0817782477284985,2.1932800507380152,0.030551734549750183,0.0,-1.1102230246251565e-16,sliding
stick_limited,0.13400000000000178,0.46321579859550677,0.4631909039537603,2.4894641746486812e-05,3.285889364520235,1.12,0.7339624464914736,1.5269297725256448,2.0803922323611457,2.1932800507380152,0.03147224671450602,0.0,1.6653345369377348e-16,sliding
stick_limited,0.13600000000000184,0.4697809440568821,0.4697553677128256,2.557634405647713e-05,3.2785030550210625,1.12,0.7347934063101306,1.5276301275396134,2.0789926997451227,2.1932800507380152,0.03240590240775033,0.0,-3.885780586188048e-16,sliding
stick_limited,0.1380000000000019,0.47633123855095744,0.47630497417514805,2.626437580938168e-05,3.2710298571501846,1.12,0.7356341410706043,1.528338721134268,2.077579921603424,2.1932800507380152,0.033352672084541436,0.0,-5.551115123125783e-17,sliding
stick_limited,0.14000000000000196,0.48286650911452583,0.482839550523914,2.695859061185857e-05,3.2634706761661945,1.12,0.7364845489313031,1.5290554674748091,2.0761541700957458,2.1932800507380152,0.0343125258523866,0.0,1.6653345369377348e-16,sliding
stick_limited,0.142000000000002,0.4893865846013596,0.48935892576007983,2.7658841279754043e-05,3.2558264244670867,1.12,0.7373445272474529,1.5297802800494933,2.074715717712378,2.1932800507380152,0.03528543347486297,0.0,-3.3306690738754696e-16,sliding
stick_limited,0.14400000000000207,0.49589129569628904,0.4958629307164027,2.836497988634168e-05,3.248098021367863,1.12,0.7382139725961155,1.530513071690721,2.073264837169481,2.1932800507380152,0.03627136437526715,0.0,-5.551115123125783e-17,sliding
stick_limited,0.14600000000000213,0.502380474928836,0.5023513980710274,2.9076857808618684e-05,3.240286392877659,1.12,0.7390927808012635,1.5312537545961673,2.0718018013057957,2.1932800507380152,0.03727028764029232,0.0,-4.996003610813204e-16,sliding
stick_limited,0.14800000000000219,0.5088539566864013,0.508824162360626,2.979432577532304e-05,3.232392471476474,1.12,0.7399808469588968,1.532002240349955,2.070326882980867,2.1932800507380152,0.03828217202373223,0.0,-5.551115123125783e-17,sliding
stick_limited,0.15000000000000224,0.5153115772270053,0.5152810599930913,3.0517233914006958e-05,3.2244171958915895,1.12,0.7408780654621963,1.5327584399438499,2.0688403549747956,2.1932800507380152,0.03930698595021105,0.0,-5.551115123125783e-17,sliding
stick_limited,0.1520000000000023,0.5217531746915807,0.5217219292597837,3.124543179700012e-05,3.2163615108737678,1.12,0.7417843300267013,1.5335222637984847,2.0673424898895933,2.1932800507380152,0.04034469751893823,0.0,-2.7755575615628914e-16,sliding
stick_limited,0.15400000000000236,0.5281785891158184,0.5281466103473286,3.19787684898154e-05,3.2082263669733098,1.12,0.7426995337155027,1.5342936217845915,2.0658335600521807,2.1932800507380152,0.04139527450748739,0.0,5.551115123125783e-17,sliding
stick_limited,0.15600000000000241,0.5345876624415652,0.5345549453489683,3.271709259689004e-05,3.200012720316056,1.12,0.7436235689644437,1.5350724232442408,2.0643138374190504,2.1932800507380152,0.04245868437559844,0.0,5.551115123125783e-17,sliding
stick_limited,0.15800000000000247,0.5409802385277723,0.5409467782754637,3.346025230865912e-05,3.1917215323794244,1.12,0.7445563276073148,1.5358585770120767,2.0627835934826697,2.1932800507380152,0.04353489426900204,0.0,0.0,sliding
stick_limited,0.16000000000000253,0.5473561631609982,0.5473219550655505,3.420809544774084e-05,3.1833537697685506,1.12,0.7454977009010382,1.5366519914365444,2.0612430991796296,2.1932800507380152,0.04462387102326544,0.0,5.551115123125783e-17,sliding
stick_limited,0.1620000000000026,0.5537152840654619,0.553680323595947,3.496046951489973e-05,3.1749104039926324,1.12,0.746447579550829,1.537452574401095,2.059692624800591,2.1932800507380152,0.04572558116765879,0.0,-2.7755575615628914e-16,sliding
stick_limited,0.16400000000000264,0.5600574509126504,0.5600217336909145,3.5717221735898086e-05,3.166392411241545,1.12,0.7474058537353263,1.5382602333453679,2.058132439902058,2.1932800507380152,0.04683999092904115,0.0,5.551115123125783e-17,sliding
stick_limited,0.1660000000000027,0.5663825153304787,0.5663460371313724,3.647819910623795e-05,3.157800772162812,1.12,0.7483724131316838,1.5390748752863364,2.0565628132200007,2.1932800507380152,0.04796706623576511,0.0,-2.7755575615628914e-16,sliding
stick_limited,0.16800000000000276,0.5726903309120056,0.5726530876635681,3.724324843745741e-05,3.149136471639015,1.12,0.749347146940611,1.5398964068394148,2.054984012585369,2.1932800507380152,0.04910677272159938,0.0,-4.996003610813204e-16,sliding
stick_limited,0.17000000000000282,0.5789807532237032,0.5789427410073014,3.801221640187258e-05,3.140400498565715,1.12,0.7503299439113572,1.5407247342395147,2.053396304841505,2.1932800507380152,0.050259075729668194,0.0,0.0,sliding
stick_limited,0.17200000000000287,0.5852536398132833,0.5852148548637062,3.878494957709755e-05,3.1315938456299666,1.12,0.7513206923666288,1.5415597633620453,2.0517999557634923,2.1932800507380152,0.051423940316406846,0.0,-5.551115123125783e-17,sliding
stick_limited,0.17400000000000293,0.5915088502170821,0.5914692889225901,3.9561294492007626e-05,3.122717509089499,1.12,0.7523192802274314,1.5424013997438524,2.0501952299794493,2.1932800507380152,0.052601331255532374,0.0,-2.7755575615628914e-16,sliding
stick_limited,0.176000000000003,0.5977462459670029,0.5977059048693332,4.034109766970495e-05,3.113772488552645,1.12,0.7533255950378276,1.5432495486040838,2.0485823908937952,2.1932800507380152,0.05379121304202851,0.0,-5.551115123125783e-17,sliding
stick_limited,0.17800000000000304,0.6039656905970199,0.6039245663913483,4.112420567159436e-05,3.104759786759077,1.12,0.7543395239896039,1.5441041148649801,2.0469617006124956,2.1932800507380152,0.05499354989614399,0.0,-1.1102230246251565e-16,sliding
stick_limited,0.1800000000000031,0.6101670496492445,0.6101251391841029,4.191046514157026e-05,3.0956804093614485,1.12,0.7553609539468371,1.544965003172579,2.0453334198703033,2.1932800507380152,0.0562083057674035,0.0,1.6653345369377348e-16,sliding
stick_limited,0.18200000000000316,0.6163501906795548,0.6163074909567062,4.269972284853818e-05,3.0865353647079843,1.12,0.7563897714703518,1.5458321179173293,2.043697807960008,2.1932800507380152,0.05743544433863023,0.0,5.551115123125783e-17,sliding
stick_limited,0.18400000000000322,0.622514983262793,0.6224714914370632,4.349182572982446e-05,3.077325663626114,1.12,0.7574258628420623,1.5467053632546068,2.042055122663701,2.1932800507380152,0.05867492902997913,0.0,-5.551115123125783e-17,sliding
stick_limited,0.18600000000000327,0.6286612989975285,0.6286170123765955,4.4286620933031706e-05,3.0680523192072036,1.12,0.7584691140891897,1.5475846431251254,2.040405620186061,2.1932800507380152,0.05992672300298021,0.0,-2.7755575615628914e-16,sliding
stick_limited,0.18800000000000333,0.6347890115103937,0.6347439275545361,4.5083955857561087e-05,3.0587163465924587,1.12,0.7595194110083485,1.5484698612752372,2.038749555089668,2.1932800507380152,0.06119078916459077,0.0,-3.885780586188048e-16,sliding
stick_limited,0.1900000000000034,0.6408979964599916,0.6408521127817943,4.5883678197244926e-05,3.049318762760069,1.12,0.7605766391894924,1.5493609212771156,2.0370871802323434,2.1932800507380152,0.06246709017125597,0.0,-2.220446049250313e-16,sliding
stick_limited,0.19200000000000345,0.6469881315403794,0.6469414459043992,4.66856359802037e-05,3.039860586313651,1.12,0.7616406840397143,1.5502577265488138,2.0354187467065223,2.1932800507380152,0.06375558843297663,0.0,3.885780586188048e-16,sliding
stick_limited,0.1940000000000035,0.6530592964841296,0.6530118068065197,4.7489677609924286e-05,3.0303428372720647,1.12,0.7627114308068929,1.551160180374194,2.03374450378065,2.1932800507380152,0.06505624611738357,0.0,-2.7755575615628914e-16,sliding
stick_limited,0.19600000000000356,0.6591113730649729,0.6590630774130678,4.8295651905116976e-05,3.0207665368606587,1.12,0.7637887646031759,1.5520681859227226,2.032064698842611,2.1932800507380152,0.06636902515381762,0.0,-5.551115123125783e-17,sliding
stick_limited,0.19800000000000362,0.6651442451000242,0.6650951416918838,4.910340814046066e-05,3.0111327073040077,1.12,0.7648725704282993,1.5529816462691213,2.0303795773451663,2.1932800507380152,0.06769388723741447,0.0,-2.7755575615628914e-16,sliding
stick_limited,0.20000000000000367,0.6711577984515948,0.6711078856555118,4.991279608301813e-05,3.0014423716202057,1.12,0.7659627331927269,1.553900464412871,2.0286893827534143,2.1932800507380152,0.06903079383319352,0.0,1.1102230246251565e-16,sliding
stick_limited,0.20200000000000373,0.6771519210285971,0.6771011973625639,5.072366603320333e-05,2.9916965534167654,1.12,0.767059137740614,1.554824543297566,2.0269943564942445,2.1932800507380152,0.0703797061801498,0.0,0.0,sliding
stick_limited,0.2040000000000038,0.6831265027875394,0.6830749669186776,5.1535868861751766e-05,2.9818962766881976,1.12,0.7681616688725779,1.555753785830106,2.0252947379078003,2.1932800507380152,0.07174058529534844,0.0,5.551115123125783e-17,sliding
stick_limited,0.20600000000000385,0.6890814357331198,0.689029086477073,5.234925604680196e-05,2.9720425656153044,1.12,0.7692702113682783,1.5566880948997261,2.0235907642009052,2.1932800507380152,0.07311339197802048,0.0,-2.7755575615628914e-16,sliding
stick_limited,0.2080000000000039,0.6950166139184195,0.6949634502387079,5.316367971164304e-05,2.9621364443662594,1.12,0.7703846500087959,1.5576273733968606,2.0218826704024755,2.1932800507380152,0.07449808681365963,0.0,1.6653345369377348e-16,sliding
stick_limited,0.21000000000000396,0.7009319334446995,0.7008779544520394,5.397899266013084e-05,2.952178936899518,1.12,0.7715048695988043,1.558571524231827,2.0201706893208735,2.1932800507380152,0.0758946301781188,0.0,1.6653345369377348e-16,sliding
stick_limited,0.21200000000000402,0.7068272924608056,0.7067724974123922,5.4795048413325276e-05,2.9421710667686143,1.12,0.7726307549885311,1.5595204503533375,2.0184550515032074,2.1932800507380152,0.07730298224170594,0.0,-4.440892098500626e-16,sliding
stick_limited,0.21400000000000408,0.7127025911621836,0.7126469794609401,5.561170124346315e-05,2.9321138569288947,1.12,0.7737621910954994,1.5604740547668237,2.0167359851965507,2.1932800507380152,0.07872310297327803,0.0,1.6653345369377348e-16,sliding
stick_limited,0.21600000000000413,0.7185577317895112,0.7185013029833015,5.642880620970736e-05,2.9220083295462276,1.12,0.7748990629260495,1.5614322405525727,2.0150137163110546,2.1932800507380152,0.08015495214433307,0.0,3.3306690738754696e-16,sliding
stick_limited,0.2180000000000042,0.7243926186269478,0.724335372407757,5.724621919078743e-05,2.9118555058077495,1.12,0.7760412555966283,1.5623949108836734,2.0132884683849555,2.1932800507380152,0.08159848933309852,0.0,-2.7755575615628914e-16,sliding
stick_limited,0.22000000000000425,0.7302071580000087,0.7301490942030893,5.806379691941643e-05,2.90165640573469,1.12,0.7771886543548475,1.5633619690437652,2.011560462551436,2.1932800507380152,0.08305367392861604,0.0,-1.1102230246251565e-16,sliding
stick_limited,0.2220000000000043,0.7360012582730662,0.7359423768760517,5.888139701448747e-05,2.891412047997308,1.12,0.7783411446003029,1.5643333184445816,2.0098299175073224,2.1932800507380152,0.08452046513482149,0.0,0.0,sliding
stick_limited,0.22400000000000436,0.7417748298464822,0.7417151309684694,5.969887801282603e-05,2.881123449732001,1.12,0.7794986119051499,1.5653088626432947,2.008097049483602,2.1932800507380152,0.08599882197461957,0.0,-5.551115123125783e-17,sliding
stick_limited,0.22600000000000442,0.7475277851533784,0.7474672690539773,6.05160994010534e-05,2.870791626360611,1.12,0.7806609420344314,1.5662885053596478,2.006362072217731,2.1932800507380152,0.08748870329395234,0.0,1.1102230246251565e-16,sliding
stick_limited,0.22800000000000448,0.7532600386560452,0.7531987057343995,6.133292164567372e-05,2.8604175914119754,1.12,0.7818280209661529,1.5672721504928742,2.004625196927708,2.1932800507380152,0.08899006776586077,0.0,2.220446049250313e-16,sliding
stick_limited,0.23000000000000453,0.7589715068419981,0.7589093576357734,6.214920622471531e-05,2.850002356345763,1.12,0.7829997349111016,1.5682597021384017,2.002886632287883,2.1932800507380152,0.09050287389453882,0.0,2.220446049250313e-16,sliding
stick_limited,0.2320000000000046,0.7646621082196812,0.7645991434040261,6.29648156550422e-05,2.839546930378626,1.12,0.7841759703324046,1.5692510646043374,2.001146584406491,2.1932800507380152,0.09202708001937933,0.0,1.6653345369377348e-16,sliding
stick_limited,0.23400000000000465,0.7703317633138266,0.7702679837003042,6.377961352233008e-05,2.8290523203127034,1.12,0.7853566139648209,1.5702461424277265,1.999405256804858,2.1932800507380152,0.09356264431901062,0.0,-2.7755575615628914e-16,sliding
stick_limited,0.2360000000000047,0.7759803946604737,0.7759158011959644,6.459346450937709e-05,2.818519530366513,1.12,0.7865415528337673,1.571244840390589,1.9976628503982752,2.1932800507380152,0.09510952481532386,0.0,2.7755575615628914e-16,sliding
stick_limited,0.23800000000000476,0.781607926801651,0.7815425205672281,6.540623442297111e-05,2.8079495620082593,1.12,0.787730674274071,1.572247063535723,1.9959195634784936,2.1932800507380152,0.09666767937748973,0.0,-5.551115123125783e-17,sliding
stick_limited,0.24000000000000482,0.7872142862797267,0.787148068489506,6.621779022064622e-05,2.797343413791595,1.12,0.7889238659484457,1.5732527171822794,1.9941755916978279,2.1932800507380152,0.09823706572596434,0.0,-1.1102230246251565e-16,sliding
stick_limited,0.24200000000000488,0.7927994016314346,0.792732373631397,6.702800003755005e-05,2.7867020811938548,1.12,0.7901210158656914,1.5742617069410991,1.992431128054819,2.1932800507380152,0.09981764143648332,0.0,2.220446049250313e-16,sliding
stick_limited,0.24400000000000494,0.7983632033815767,0.7982953666483665,6.783673321020256e-05,2.7760265564567987,1.12,0.7913220123986102,1.5752739387298131,1.9906863628814426,2.1932800507380152,0.10140936394404373,0.0,-2.220446049250313e-16,sliding
stick_limited,0.246000000000005,0.8039056240364116,0.8038369801761083,6.864386030336345e-05,2.7653178284298843,1.12,0.792526744301638,1.5762893187877052,1.9889414838318247,2.1932800507380152,0.10301219054687298,0.0,2.220446049250313e-16,sliding
stick_limited,0.24800000000000505,0.8094265980767303,0.809357148823598,6.944925313234762e-05,2.7545768824160906,1.12,0.7937351007281899,1.5773077536903275,1.9871966758724302,2.1932800507380152,0.10462607841038403,0.0,-1.6653345369377348e-16,sliding
stick_limited,0.2500000000000051,0.8149260619506258,0.8148558091658388,7.025278478700603e-05,2.7438047000203314,1.12,0.7949469712477127,1.5783291503638763,1.9854521212737026,2.1932800507380152,0.1062509845711168,0.0,1.1102230246251565e-16,sliding
stick_limited,0.2520000000000049,0.8204039540659628,0.8203328997363081,7.105432965470726e-05,2.7330022590004566,1.12,0.7961622458624487,1.579353416099318,1.9837079996031106,2.1932800507380152,0.10788686594066438,0.0,-5.551115123125783e-17,sliding
stick_limited,0.25400000000000467,0.8258602147825523,0.8257883610191113,7.18537634409877e-05,2.7221705331208774,1.12,0.7973808150239013,1.5803804585662695,1.9819644877195821,2.1932800507380152,0.10953367930958402,0.0,-2.220446049250313e-16,sliding
stick_limited,0.25600000000000445,0.8312947864040335,0.8312221354408418,7.265096319175601e-05,2.7113104920088347,1.12,0.7986025696490062,1.5814101858266258,1.9802217597692822,2.1932800507380152,0.1111913813512922,0.0,-2.7755575615628914e-16,sliding
stick_limited,0.2580000000000042,0.8367076131694734,0.8366341673621589,7.344580731449835e-05,2.700423101013314,1.12,0.7998274011360023,1.5824425063479373,1.978479987182709,2.1932800507380152,0.11285992862594302,0.0,1.6653345369377348e-16,sliding
stick_limited,0.260000000000004,0.8420986412446837,0.8420244030690873,7.423817559637502e-05,2.6895093210666388,1.12,0.8010552013800032,1.5834773290165325,1.9767393386730725,2.1932800507380152,0.11453927758428963,0.0,-1.6653345369377348e-16,sliding
stick_limited,0.2620000000000038,0.8474678187132665,0.8473927907640412,7.502794922531475e-05,2.6785701085487483,1.12,0.8022858627882659,1.5845145631503899,1.9749999802359284,2.1932800507380152,0.11622938457152784,0.0,2.7755575615628914e-16,sliding
stick_limited,0.26400000000000357,0.8528150955673882,0.8527392805565811,7.581501080711206e-05,2.667606415154167,1.12,0.8035192782951562,1.5855541185117472,1.973262075150021,2.1932800507380152,0.11793020583112161,0.0,5.551115123125783e-17,sliding
stick_limited,0.26600000000000334,0.8581404236982917,0.858063824453908,7.659924438363497e-05,2.6566191877616947,1.12,0.8047553413768094,1.5865959053194616,1.9715257839793228,2.1932800507380152,0.11964169750860985,0.0,0.0,sliding
stick_limited,0.2680000000000031,0.8634437568865491,0.8633663763510988,7.738053545025547e-05,2.6456093683068054,1.12,0.8059939460654845,1.5876398342611053,1.9697912645762163,2.1932800507380152,0.12136381565539385,0.0,3.3306690738754696e-16,sliding
stick_limited,0.2700000000000029,0.8687250507920626,0.868646892021091,7.815877097161472e-05,2.6345778936567816,1.12,0.8072349869636122,1.588685816504806,1.9680586720858015,2.1932800507380152,0.12309651623250495,0.0,-3.885780586188048e-16,sliding
stick_limited,0.2720000000000027,0.8739842629438174,0.87390532910442,7.893383939738818e-05,2.623525695488587,1.12,0.8084783592575341,1.5897337637108282,1.966328158951292,2.1932800507380152,0.124839755114352,0.0,2.220446049250313e-16,sliding
stick_limited,0.27400000000000246,0.8792213527293937,0.8791416470987151,7.970563067860592e-05,2.6124537001694685,1.12,0.8097239587309348,1.5907835880428915,1.9645998749204565,2.1932800507380152,0.12659348809244805,0.0,-5.551115123125783e-17,sliding
stick_limited,0.27600000000000224,0.8844362813842411,0.8843558073479616,8.047403627953198e-05,2.6013628286403234,1.12,0.8109716817779636,1.5918352021792328,1.9628739670530964,2.1932800507380152,0.12835767087911576,0.0,2.7755575615628914e-16,sliding
stick_limited,0.278000000000002,0.8896290119807235,0.8895477730315299,8.12389491936516e-05,2.590253996301801,1.12,0.8122214254160475,1.5928885193234021,1.9611505797294997,2.1932800507380152,0.13013225911117102,0.0,-4.996003610813204e-16,sliding
stick_limited,0.2800000000000018,0.8947995094169381,0.8947175091529825,8.20002639555506e-05,2.579128112903168,1.12,0.8134730872983936,1.593943453214805,1.9594298546598672,2.1932800507380152,0.13191720835358467,0.0,-1.1102230246251565e-16,sliding
stick_limited,0.2820000000000016,0.8999477404053144,0.8998649825286608,8.275787665368295e-05,2.5679860824339187,1.12,0.8147265657261842,1.5949999181389738,1.9577119308946485,2.1932800507380152,0.13371247410312156,0.0,5.551115123125783e-17,sliding
stick_limited,0.28400000000000136,0.9050736734609992,0.9049901617760582,8.35116849410289e-05,2.556828803018148,1.12,0.8159817596604585,1.5960578289375886,1.95599694483579,2.1932800507380152,0.13551801179195613,0.0,-1.1102230246251565e-16,sliding
stick_limited,0.28600000000000114,0.9101772788900329,0.9100930173019851,8.426158804775152e-05,2.5456571668116688,1.12,0.8172385687336874,1.597117101018229,1.9542850302488353,2.1932800507380152,0.13733377679126513,0.0,-2.7755575615628914e-16,sliding
stick_limited,0.2880000000000009,0.9152585287773215,0.9151735212905319,8.500748678963443e-05,2.534472059901886,1.12,0.8184968932610379,1.598177650363869,1.9525763182758624,2.1932800507380152,0.13915972441479615,0.0,-4.996003610813204e-16,sliding
stick_limited,0.2900000000000007,0.9203173969744138,0.9202316476908343,8.574928357951705e-05,2.5232743622104095,1.12,0.8197566342513289,1.5992393935421114,1.9508709374492248,2.1932800507380152,0.14099580992241192,0.0,1.1102230246251565e-16,sliding
stick_limited,0.2920000000000005,0.9253538590870819,0.9252673722046465,8.648688243539926e-05,2.5120649473984114,1.12,0.8210176934176788,1.60030224771416,1.9491690137060582,2.1932800507380152,0.14284198852361,0.0,-2.7755575615628914e-16,sliding
stick_limited,0.29400000000000026,0.9303678924627186,0.93028067227373,8.7220188988546e-05,2.50084468277472,1.12,0.8222799731878441,1.6013661306435365,1.9474706704035412,2.1932800507380152,0.1446982153810173,0.0,1.1102230246251565e-16,sliding
stick_limited,0.29600000000000004,0.9353594761775506,0.9352715270670587,8.794911049181398e-05,2.4896144292066427,1.12,0.8235433767142527,1.6024309607045328,1.9457760283348537,2.1932800507380152,0.1465644456138595,0.0,-5.551115123125783e-17,sliding
stick_limited,0.2979999999999998,0.9403285910236787,0.9402399174678523,8.8673555826424e-05,2.478375041033502,1.12,0.8248078078837311,1.6034966568904132,1.9440852057458333,2.1932800507380152,0.1484406343014042,0.0,-1.6653345369377348e-16,sliding
stick_limited,0.2999999999999996,0.9452752194959457,0.9451858260604368,8.93934355089554e-05,2.467127365982888,1.12,0.8260731713269251,1.6045631388213522,1.9423983183522775,2.1932800507380152,0.15032673648637848,0.0,5.551115123125783e-17,sliding
stick_limited,0.3019999999999994,0.9501993457786385,0.9501092371169423,9.0108661696231e-05,2.455872245089612,1.12,0.8273393724274187,1.6056303267521197,1.940715479357873,2.1932800507380152,0.15222270717835967,0.0,-5.551115123125783e-17,sliding
stick_limited,0.30399999999999916,0.955100955732033,0.9550101365838412,9.081914819186743e-05,2.444610512617345,1.12,0.8286063173305488,1.6066981415795123,1.9390367994727296,2.1932800507380152,0.15412850135713954,0.0,-5.551115123125783e-17,sliding
stick_limited,0.30599999999999894,0.9599800368787819,0.9598885120683321,9.152481044971683e-05,2.4333429959829393,1.12,0.8298739129519194,1.6077665048495275,1.9373623869324799,2.1932800507380152,0.15604407397606124,0.0,-1.6653345369377348e-16,sliding
stick_limited,0.3079999999999987,0.9648365783901559,0.9647443528245777,9.222556557819672e-05,2.4220705156834073,1.12,0.8311420669856168,1.608835338764289,1.935692347517925,2.1932800507380152,0.15796937996532892,0.0,-2.7755575615628914e-16,sliding
stick_limited,0.3099999999999985,0.96967057107214,0.9695776497397955,9.292133234450883e-05,2.4107938852255546,1.12,0.8324106879121251,1.6099045661887175,1.9340267845751997,2.1932800507380152,0.1599043742352899,0.0,-5.551115123125783e-17,sliding
stick_limited,0.3119999999999983,0.9744820073513916,0.9743883953202152,9.361203117641548e-05,2.3995139110582486,1.12,0.8336796850059471,1.6109741106569524,1.9323657990364254,2.1932800507380152,0.16184901167968846,0.0,-5.551115123125783e-17,sliding
stick_limited,0.31399999999999806,0.9792708812610657,0.9791765836769,9.429758416568124e-05,2.388231392507303,1.12,0.8349489683429285,1.6120438963785277,1.9307094894408354,2.1932800507380152,0.16380324717889178,0.0,-5.551115123125783e-17,sliding
stick_limited,0.31599999999999784,0.9840371884265114,0.9839422105114433,9.497791506818398e-05,2.3769471217129694,1.12,0.836218448807291,1.6131138482442975,1.9290579519563367,2.1932800507380152,0.16576703560308698,0.0,-1.6653345369377348e-16,sliding
stick_limited,0.3179999999999976,0.988780926050848,0.9886852731015412,9.565294930680146e-05,2.365661883570007,1.12,0.8374880380983742,1.614183891832119,1.9274112804014896,2.1932800507380152,0.16774033181544995,0.0,-1.6653345369377348e-16,sliding
stick_limited,0.3199999999999974,0.9935020929004201,0.9934057702864495,9.632261397063413e-05,2.3543764556703293,1.12,0.838757648737088,1.615253953412291,1.9257695662678824,2.1932800507380152,0.16972309067528474,0.0,-1.6653345369377348e-16,sliding
stick_limited,0.3219999999999972,0.998200689290144,0.9981037024523276,9.698683781644846e-05,2.3430916082481827,1.12,0.8400271940720795,1.6163239599527501,1.9241328987428705,2.1932800507380152,0.17171526704113382,0.0,-3.885780586188048e-16,sliding
stick_limited,0.32399999999999696,1.0028767170687434,1.0027790715174767,9.764555126667851e-05,2.3318081041278735,1.12,0.8412965882856144,1.617393839124031,1.9225013647326679,2.1932800507380152,0.1737168157738593,0.0,-5.551115123125783e-17,sliding
stick_limited,0.32599999999999674,1.0075301796038845,1.0074318809174756,9.829868640887085e-05,2.3205266986739805,1.12,0.8425657463991774,1.6184635193039818,1.9208750488857542,2.1932800507380152,0.17572769173969405,0.0,-6.106226635438361e-16,sliding
stick_limited,0.3279999999999965,1.0121610817672142,1.0120621355902195,9.894617699468533e-05,2.3092481397440725,1.12,0.8438345842787919,1.6195329295822525,1.9192540336165933,2.1932800507380152,0.17774784981326291,0.0,-1.6653345369377348e-16,sliding
stick_limited,0.3299999999999963,1.0167694299193057,1.0166698419608682,9.958795843756363e-05,2.297973167643871,1.12,0.8451030186400645,1.620601999764543,1.9176383991296204,2.1932800507380152,0.17977724488057456,0.0,2.7755575615628914e-16,sliding
stick_limited,0.3319999999999961,1.0213552318945154,1.0212550079267049,0.0001002239678105088,2.2867025150848703,1.12,0.8463709670529521,1.621670660376623,1.9160282234434978,2.1932800507380152,0.18181583184198236,0.0,3.885780586188048e-16,sliding
stick_limited,0.33399999999999586,1.0259184969857578,1.0258176428419155,0.0001008541438423105,2.2754369071443676,1.12,0.8476383479462587,1.6227388426681204,1.9144235824156035,2.1932800507380152,0.1838635656151153,0.0,-1.6653345369377348e-16,sliding
stick_limited,0.33599999999999564,1.030459235929204,1.03035775750229,0.00010147842691399234,2.2641770612278864,1.12,0.8489050806118628,1.623806478616087,1.912824549766743,2.1932800507380152,0.18592040113777847,0.0,5.551115123125783e-17,sliding
stick_limited,0.3379999999999954,1.0349774608889046,1.0348753641298496,0.00010209675905503701,2.252923687033974,1.12,0.850171085208678,1.624873500928333,1.911231197106052,2.1932800507380152,0.18798629337082237,0.0,-2.7755575615628914e-16,sliding
stick_limited,0.3399999999999952,1.0394731854413477,1.0393704763574083,0.0001027090839393896,2.241677486521337,1.12,0.8514362827663496,1.6259398430465462,1.9096435939560907,2.1932800507380152,0.1900611973009818,0.0,5.551115123125783e-17,sliding
stick_limited,0.341999999999995,1.0439464245599495,1.0438431092130696,0.0001033153468799064,2.2304391538783013,1.12,0.8527005951886912,1.6270054391491846,1.9080618077780866,2.1932800507380152,0.1921450679436839,0.0,5.551115123125783e-17,sliding
stick_limited,0.34399999999999475,1.0483971945994892,1.048293279104666,0.00010391549482324791,2.2192093754945597,1.12,0.8539639452568621,1.6280702241541578,1.906485903997333,2.1932800507380152,0.19423786034582452,0.0,-2.7755575615628914e-16,sliding
stick_limited,0.34599999999999453,1.0528255132804867,1.0527210038041435,0.0001045094763432175,2.207988829935195,1.12,0.8552262566322907,1.6291341337212897,1.9049159460287068,2.1932800507380152,0.1963395295885141,0.0,-3.885780586188048e-16,sliding
stick_limited,0.3479999999999943,1.0572313996735325,1.0571263024318966,0.00010509724163587641,2.19677818791693,1.12,0.8564874538593454,1.6301971042545689,1.9033519953022966,2.1932800507380152,0.1984500307897917,4.440892098500626e-16,-1.6653345369377348e-16,sliding
stick_limited,0.3499999999999941,1.0616148741835718,1.0615091954410594,0.00010567874251243836,2.185578112286594,1.12,0.8577474623677582,1.631259072904192,1.901794111289124,2.1932800507380152,0.200569319107308,0.0,-1.6653345369377348e-16,sliding
stick_limited,0.3519999999999939,1.0659759585341457,1.065869704601754,0.00010625393239171999,2.174389258001777,1.12,0.8590062084748001,1.6323199775683976,1.900242351526943,2.1932800507380152,0.2026973497409766,-4.440892098500626e-16,5.551115123125783e-17,sliding
stick_limited,0.35399999999999365,1.0703146757515962,1.0702078529853047,0.00010682276629148113,2.163212272113639,1.12,0.8602636193872157,1.6333797568950956,1.8986967716460998,2.1932800507380152,0.2048340779355939,-4.440892098500626e-16,-5.551115123125783e-17,sliding
stick_limited,0.35599999999999343,1.074631050149242,1.074523664948419,0.00010738520082287373,2.1520477937518354,1.12,0.8615196232029186,1.6344383502832973,1.8971574253954384,2.1932800507380152,0.20697945898342732,0.0,-5.551115123125783e-17,sliding
stick_limited,0.3579999999999932,1.0789251073115216,1.0788171661173402,0.00010794119418133796,2.140896454111552,1.12,0.8627741489124505,1.6354956978843442,1.8956243646682385,2.1932800507380152,0.2091334482267716,0.0,-2.7755575615628914e-16,sliding
stick_limited,0.359999999999993,1.0831968740781146,1.0830883833719778,0.00010849070613683232,2.129758876442603,1.12,0.8640271264002073,1.6365517406029426,1.8940976395281726,2.1932800507380152,0.211296001060474,0.0,-1.6653345369377348e-16,sliding
stick_limited,0.36199999999999277,1.0874463785280428,1.0873373448300168,0.000109033698026062,2.1186356760405674,1.12,0.8652784864454363,1.6376064200980025,1.8925772982352642,2.1932800507380152,0.21346707293442677,0.0,-3.885780586188048e-16,sliding
stick_limited,0.36399999999999255,1.0916736499637547,1.0915640798310124,0.0001095701327422649,2.107527460239936,1.12,0.8665281607230073,1.6386596787832894,1.891063387271842,2.1932800507380152,0.21564661935602872,-4.440892098500626e-16,-1.6653345369377348e-16,sliding
stick_limited,0.36599999999999233,1.0958787188952002,1.0957686189204736,0.00011009997472655186,2.096434828409231,1.12,0.8677760818039616,1.639711459827885,1.8895559513684668,2.1932800507380152,0.21783459589261447,-4.440892098500626e-16,1.6653345369377348e-16,sliding
stick_limited,0.3679999999999921,1.1000616170238937,1.0999509938339371,0.00011062318995658238,2.0853583719480806,1.12,0.869022183155841,1.6407617071564653,1.8880550335298274,2.1932800507380152,0.22003095817385188,0.0,1.6653345369377348e-16,sliding
stick_limited,0.3699999999999919,1.104222377226976,1.1041112374810396,0.00011113974593635056,2.0742986742862097,1.12,0.8702663991428015,1.6418103654493972,1.8865606750605954,2.1932800507380152,0.22223566189410762,0.0,-1.6653345369377348e-16,sliding
stick_limited,0.37199999999999167,1.1083610335412746,1.1082493839295884,0.00011164961168619314,2.0632563108843085,1.12,0.8715086650255154,1.6428573801426554,1.8850729155912145,2.1932800507380152,0.22444866281478096,4.440892098500626e-16,-2.7755575615628914e-16,sliding
stick_limited,0.37399999999999145,1.1124776211473688,1.1123654683896378,0.00011215275773102107,2.0522318492367644,1.12,0.8727489169608641,1.643902697427563,1.8835917931036277,2.1932800507380152,0.22666991676660556,0.0,-4.996003610813204e-16,sliding
stick_limited,0.37599999999999123,1.1165721763536596,1.11645952719757,0.00011264915608966142,2.0412258488762145,1.12,0.873987092001426,1.6449462642503612,1.8821173439569256,2.1932800507380152,0.22889937965191945,-4.440892098500626e-16,5.551115123125783e-17,sliding
stick_limited,0.377999999999991,1.12,1.12,0.0,0.0,1.12,1.103625,1.4172250000000002,1.2841544908823197,2.1932800507380152,0.23113687849958714,3.695818963075646,nan,stick
stick_limited,0.3799999999999908,1.12,1.12,0.0,0.0,1.12,1.103625,1.4172250000000002,1.2841544908823197,2.1932800507380152,0.23337687849958716,3.695818963075646,nan,stick
stick_limited,0.38199999999999057,1.12,1.12,0.0,0.0,1.12,1.103625,1.4172250000000002,1.2841544908823197,2.1932800507380152,0.23561687849958718,3.695818963075646,nan,stick
stick_limited,0.38399999999999035,1.12,1.12,0.0,0.0,1.12,1.103625,1.4172250000000002,1.2841544908823197,2.1932800507380152,0.2378568784995872,3.695818963075646,nan,stick
stick_limited,0.38599999999999013,1.12,1.12,0.0,0.0,1.12,1.103625,1.4172250000000002,1.2841544908823197,2.1932800507380152,0.24009687849958722,3.695818963075646,nan,stick
stick_limited,0.3879999999999899,1.12,1.12,0.0,0.0,1.12,1.103625,1.4172250000000002,1.2841544908823197,2.1932800507380152,0.24233687849958724,3.695818963075646,nan,stick
stick_limited,0.3899999999999897,1.12,1.12,0.0,0.0,1.12,1.103625,1.4172250000000002,1.2841544908823197,2.1932800507380152,0.24457687849958726,3.695818963075646,nan,stick
stick_limited,0.39199999999998947,1.12,1.12,0.0,0.0,1.12,1.103625,1.4172250000000002,1.2841544908823197,2.1932800507380152,0.24681687849958728,3.695818963075646,nan,stick
stick_limited,0.39399999999998925,1.12,1.12,0.0,0.0,1.12,1.103625,1.4172250000000002,1.2841544908823197,2.1932800507380152,0.2490568784995873,3.695818963075646,nan,stick
stick_limited,0.395999999999989,1.12,1.12,0.0,0.0,1.12,1.103625,1.4172250000000002,1.2841544908823197,2.1932800507380152,0.2512968784995873,3.695818963075646,nan,stick
stick_limited,0.3979999999999888,1.12,1.12,0.0,0.0,1.12,1.103625,1.4172250000000002,1.2841544908823197,2.1932800507380152,0.25353687849958734,3.695818963075646,nan,stick
stick_limited,0.3999999999999886,1.12,1.12,0.0,0.0,1.12,1.103625,1.4172250000000002,1.2841544908823197,2.1932800507380152,0.25577687849958736,3.695818963075646,nan,stick
stick_limited,0.40199999999998837,1.12,1.12,0.0,0.0,1.12,1.103625,1.4172250000000002,1.2841544908823197,2.1932800507380152,0.2580168784995874,3.695818963075646,nan,stick
stick_limited,0.40399999999998815,1.12,1.12,0.0,0.0,1.12,1.103625,1.4172250000000002,1.2841544908823197,2.1932800507380152,0.2602568784995874,3.695818963075646,nan,stick
stick_limited,0.4059999999999879,1.12,1.12,0.0,0.0,1.12,1.103625,1.4172250000000002,1.2841544908823197,2.1932800507380152,0.2624968784995874,3.695818963075646,nan,stick
stick_limited,0.4079999999999877,1.12,1.12,0.0,0.0,1.12,1.103625,1.4172250000000002,1.2841544908823197,2.1932800507380152,0.26473687849958744,3.695818963075646,nan,stick
stick_limited,0.4099999999999875,1.12,1.12,0.0,0.0,1.12,1.103625,1.4172250000000002,1.2841544908823197,2.1932800507380152,0.26697687849958746,3.695818963075646,nan,stick
stick_limited,0.41199999999998727,1.12,1.12,0.0,0.0,1.12,1.103625,1.4172250000000002,1.2841544908823197,2.1932800507380152,0.2692168784995875,3.695818963075646,nan,stick
stick_limited,0.41399999999998705,1.12,1.12,0.0,0.0,1.12,1.103625,1.4172250000000002,1.2841544908823197,2.1932800507380152,0.2714568784995875,3.695818963075646,nan,stick
stick_limited,0.4159999999999868,1.12,1.12,0.0,0.0,1.12,1.103625,1.4172250000000002,1.2841544908823197,2.1932800507380152,0.2736968784995875,3.695818963075646,nan,stick
stick_limited,0.4179999999999866,1.12,1.12,0.0,0.0,1.12,1.103625,1.4172250000000002,1.2841544908823197,2.1932800507380152,0.27593687849958753,3.695818963075646,nan,stick
stick_limited,0.4199999999999864,1.12,1.12,0.0,0.0,1.12,1.103625,1.4172250000000002,1.2841544908823197,2.1932800507380152,0.27817687849958755,3.695818963075646,nan,stick
stick_limited,0.42199999999998616,1.12,1.12,0.0,0.0,1.12,1.103625,1.4172250000000002,1.2841544908823197,2.1932800507380152,0.2804168784995876,3.695818963075646,nan,stick
stick_limited,0.42399999999998594,1.12,1.12,0.0,0.0,1.12,1.103625,1.4172250000000002,1.2841544908823197,2.1932800507380152,0.2826568784995876,3.695818963075646,nan,stick
stick_limited,0.4259999999999857,1.12,1.12,0.0,0.0,1.12,1.103625,1.4172250000000002,1.2841544908823197,2.1932800507380152,0.2848968784995876,3.695818963075646,nan,stick
stick_limited,0.4279999999999855,1.12,1.12,0.0,0.0,1.12,1.103625,1.4172250000000002,1.2841544908823197,2.1932800507380152,0.28713687849958763,3.695818963075646,nan,stick
stick_limited,0.4299999999999853,1.12,1.12,0.0,0.0,1.12,1.103625,1.4172250000000002,1.2841544908823197,2.1932800507380152,0.28937687849958765,3.695818963075646,nan,stick
stick_limited,0.43199999999998506,1.12,1.12,0.0,0.0,1.12,1.103625,1.4172250000000002,1.2841544908823197,2.1932800507380152,0.2916168784995877,3.695818963075646,nan,stick
stick_limited,0.43399999999998484,1.12,1.12,0.0,0.0,1.12,1.103625,1.4172250000000002,1.2841544908823197,2.1932800507380152,0.2938568784995877,3.695818963075646,nan,stick
stick_limited,0.4359999999999846,1.12,1.12,0.0,0.0,1.12,1.103625,1.4172250000000002,1.2841544908823197,2.1932800507380152,0.2960968784995877,3.695818963075646,nan,stick
stick_limited,0.4379999999999844,1.12,1.12,0.0,0.0,1.12,1.103625,1.4172250000000002,1.2841544908823197,2.1932800507380152,0.29833687849958773,3.695818963075646,nan,stick
stick_limited,0.4399999999999842,1.12,1.12,0.0,0.0,1.12,1.103625,1.4172250000000002,1.2841544908823197,2.1932800507380152,0.30057687849958775,3.695818963075646,nan,stick
stick_limited,0.44199999999998396,1.12,1.12,0.0,0.0,1.12,1.103625,1.4172250000000002,1.2841544908823197,2.1932800507380152,0.30281687849958777,3.695818963075646,nan,stick
stick_limited,0.44399999999998374,1.12,1.12,0.0,0.0,1.12,1.103625,1.4172250000000002,1.2841544908823197,2.1932800507380152,0.3050568784995878,3.695818963075646,nan,stick
stick_limited,0.4459999999999835,1.12,1.12,0.0,0.0,1.12,1.103625,1.4172250000000002,1.2841544908823197,2.1932800507380152,0.3072968784995878,3.695818963075646,nan,stick
stick_limited,0.4479999999999833,1.12,1.12,0.0,0.0,1.12,1.103625,1.4172250000000002,1.2841544908823197,2.1932800507380152,0.30953687849958783,3.695818963075646,nan,stick
stick_limited,0.4499999999999831,1.12,1.12,0.0,0.0,1.12,1.103625,1.4172250000000002,1.2841544908823197,2.1932800507380152,0.31177687849958785,3.695818963075646,nan,stick
stick_limited,0.45199999999998286,1.12,1.12,0.0,0.0,1.12,1.103625,1.4172250000000002,1.2841544908823197,2.1932800507380152,0.31401687849958787,3.695818963075646,nan,stick
stick_limited,0.45399999999998264,1.12,1.12,0.0,0.0,1.12,1.103625,1.4172250000000002,1.2841544908823197,2.1932800507380152,0.3162568784995879,3.695818963075646,nan,stick
stick_limited,0.4559999999999824,1.12,1.12,0.0,0.0,1.12,1.103625,1.4172250000000002,1.2841544908823197,2.1932800507380152,0.3184968784995879,3.695818963075646,nan,stick
stick_limited,0.4579999999999822,1.12,1.12,0.0,0.0,1.12,1.103625,1.4172250000000002,1.2841544908823197,2.1932800507380152,0.32073687849958793,3.695818963075646,nan,stick
stick_limited,0.459999999999982,1.12,1.12,0.0,0.0,1.12,1.103625,1.4172250000000002,1.2841544908823197,2.1932800507380152,0.32297687849958795,3.695818963075646,nan,stick
stick_limited,0.46199999999998176,1.12,1.12,0.0,0.0,1.12,1.103625,1.4172250000000002,1.2841544908823197,2.1932800507380152,0.32521687849958797,3.695818963075646,nan,stick
stick_limited,0.46399999999998154,1.12,1.12,0.0,0.0,1.12,1.103625,1.4172250000000002,1.2841544908823197,2.1932800507380152,0.327456878499588,3.695818963075646,nan,stick
stick_limited,0.4659999999999813,1.12,1.12,0.0,0.0,1.12,1.103625,1.4172250000000002,1.2841544908823197,2.1932800507380152,0.329696878499588,3.695818963075646,nan,stick
stick_limited,0.4679999999999811,1.12,1.12,0.0,0.0,1.12,1.103625,1.4172250000000002,1.2841544908823197,2.1932800507380152,0.33193687849958803,3.695818963075646,nan,stick
stick_limited,0.4699999999999809,1.12,1.12,0.0,0.0,1.12,1.103625,1.4172250000000002,1.2841544908823197,2.1932800507380152,0.33417687849958805,3.695818963075646,nan,stick
stick_limited,0.47199999999998066,1.12,1.12,0.0,0.0,1.12,1.103625,1.4172250000000002,1.2841544908823197,2.1932800507380152,0.33641687849958807,3.695818963075646,nan,stick
stick_limited,0.47399999999998044,1.12,1.12,0.0,0.0,1.12,1.103625,1.4172250000000002,1.2841544908823197,2.1932800507380152,0.3386568784995881,3.695818963075646,nan,stick
stick_limited,0.4759999999999802,1.12,1.12,0.0,0.0,1.12,1.103625,1.4172250000000002,1.2841544908823197,2.1932800507380152,0.3408968784995881,3.695818963075646,nan,stick
stick_limited,0.47799999999998,1.12,1.12,0.0,0.0,1.12,1.103625,1.4172250000000002,1.2841544908823197,2.1932800507380152,0.3431368784995881,3.695818963075646,nan,stick
stick_limited,0.4799999999999798,1.12,1.12,0.0,0.0,1.12,1.103625,1.4172250000000002,1.2841544908823197,2.1932800507380152,0.34537687849958815,3.695818963075646,nan,stick
stick_limited,0.48199999999997956,1.12,1.12,0.0,0.0,1.12,1.103625,1.4172250000000002,1.2841544908823197,2.1932800507380152,0.34761687849958817,3.695818963075646,nan,stick
stick_limited,0.48399999999997934,1.12,1.12,0.0,0.0,1.12,1.103625,1.4172250000000002,1.2841544908823197,2.1932800507380152,0.3498568784995882,3.695818963075646,nan,stick
stick_limited,0.4859999999999791,1.12,1.12,0.0,0.0,1.12,1.103625,1.4172250000000002,1.2841544908823197,2.1932800507380152,0.3520968784995882,3.695818963075646,nan,stick
stick_limited,0.4879999999999789,1.12,1.12,0.0,0.0,1.12,1.103625,1.4172250000000002,1.2841544908823197,2.1932800507380152,0.3543368784995882,3.695818963075646,nan,stick
stick_limited,0.4899999999999787,1.12,1.12,0.0,0.0,1.12,1.103625,1.4172250000000002,1.2841544908823197,2.1932800507380152,0.35657687849958825,3.695818963075646,nan,stick
stick_limited,0.49199999999997845,1.12,1.12,0.0,0.0,1.12,1.103625,1.4172250000000002,1.2841544908823197,2.1932800507380152,0.35881687849958827,3.695818963075646,nan,stick
stick_limited,0.49399999999997823,1.12,1.12,0.0,0.0,1.12,1.103625,1.4172250000000002,1.2841544908823197,2.1932800507380152,0.3610568784995883,3.695818963075646,nan,stick
stick_limited,0.495999999999978,1.12,1.12,0.0,0.0,1.12,1.103625,1.4172250000000002,1.2841544908823197,2.1932800507380152,0.3632968784995883,3.695818963075646,nan,stick
stick_limited,0.4979999999999778,1.12,1.12,0.0,0.0,1.12,1.103625,1.4172250000000002,1.2841544908823197,2.1932800507380152,0.3655368784995883,3.695818963075646,nan,stick
stick_limited,0.4999999999999776,1.12,1.12,0.0,0.0,1.12,1.103625,1.4172250000000002,1.2841544908823197,2.1932800507380152,0.36777687849958834,3.695818963075646,nan,stick
stick_limited,0.5019999999999774,1.12,1.12,0.0,0.0,1.12,1.103625,1.4172250000000002,1.2841544908823197,2.1932800507380152,0.37001687849958836,3.695818963075646,nan,stick
stick_limited,0.5039999999999771,1.12,1.12,0.0,0.0,1.12,1.103625,1.4172250000000002,1.2841544908823197,2.1932800507380152,0.3722568784995884,3.695818963075646,nan,stick
stick_limited,0.5059999999999769,1.12,1.12,0.0,0.0,1.12,1.103625,1.4172250000000002,1.2841544908823197,2.1932800507380152,0.3744968784995884,3.695818963075646,nan,stick
stick_limited,0.5079999999999767,1.12,1.12,0.0,0.0,1.12,1.103625,1.4172250000000002,1.2841544908823197,2.1932800507380152,0.3767368784995884,3.695818963075646,nan,stick
stick_limited,0.5099999999999765,1.12,1.12,0.0,0.0,1.12,1.103625,1.4172250000000002,1.2841544908823197,2.1932800507380152,0.37897687849958844,3.695818963075646,nan,stick
stick_limited,0.5119999999999763,1.12,1.12,0.0,0.0,1.12,1.103625,1.4172250000000002,1.2841544908823197,2.1932800507380152,0.38121687849958846,3.695818963075646,nan,stick
stick_limited,0.513999999999976,1.12,1.12,0.0,0.0,1.12,1.103625,1.4172250000000002,1.2841544908823197,2.1932800507380152,0.3834568784995885,3.695818963075646,nan,stick
stick_limited,0.5159999999999758,1.12,1.12,0.0,0.0,1.12,1.103625,1.4172250000000002,1.2841544908823197,2.1932800507380152,0.3856968784995885,3.695818963075646,nan,stick
stick_limited,0.5179999999999756,1.12,1.12,0.0,0.0,1.12,1.103625,1.4172250000000002,1.2841544908823197,2.1932800507380152,0.3879368784995885,3.695818963075646,nan,stick
stick_limited,0.5199999999999754,1.12,1.12,0.0,0.0,1.12,1.103625,1.4172250000000002,1.2841544908823197,2.1932800507380152,0.39017687849958854,3.695818963075646,nan,stick
stick_limited,0.5219999999999752,1.12,1.12,0.0,0.0,1.12,1.103625,1.4172250000000002,1.2841544908823197,2.1932800507380152,0.39241687849958856,3.695818963075646,nan,stick
stick_limited,0.5239999999999749,1.12,1.12,0.0,0.0,1.12,1.103625,1.4172250000000002,1.2841544908823197,2.1932800507380152,0.3946568784995886,3.695818963075646,nan,stick
stick_limited,0.5259999999999747,1.12,1.12,0.0,0.0,1.12,1.103625,1.4172250000000002,1.2841544908823197,2.1932800507380152,0.3968968784995886,3.695818963075646,nan,stick
stick_limited,0.5279999999999745,1.12,1.12,0.0,0.0,1.12,1.103625,1.4172250000000002,1.2841544908823197,2.1932800507380152,0.3991368784995886,3.695818963075646,nan,stick
stick_limited,0.5299999999999743,1.12,1.12,0.0,0.0,1.12,1.103625,1.4172250000000002,1.2841544908823197,2.1932800507380152,0.40137687849958864,3.695818963075646,nan,stick
stick_limited,0.531999999999974,1.12,1.12,0.0,0.0,1.12,1.103625,1.4172250000000002,1.2841544908823197,2.1932800507380152,0.40361687849958866,3.695818963075646,nan,stick
stick_limited,0.5339999999999738,1.12,1.12,0.0,0.0,1.12,1.103625,1.4172250000000002,1.2841544908823197,2.1932800507380152,0.4058568784995887,3.695818963075646,nan,stick
stick_limited,0.5359999999999736,1.12,1.12,0.0,0.0,1.12,1.103625,1.4172250000000002,1.2841544908823197,2.1932800507380152,0.4080968784995887,3.695818963075646,nan,stick
stick_limited,0.5379999999999734,1.12,1.12,0.0,0.0,1.12,1.103625,1.4172250000000002,1.2841544908823197,2.1932800507380152,0.4103368784995887,3.695818963075646,nan,stick
stick_limited,0.5399999999999732,1.12,1.12,0.0,0.0,1.12,1.103625,1.4172250000000002,1.2841544908823197,2.1932800507380152,0.41257687849958874,3.695818963075646,nan,stick
stick_limited,0.541999999999973,1.12,1.12,0.0,0.0,1.12,1.103625,1.4172250000000002,1.2841544908823197,2.1932800507380152,0.41481687849958876,3.695818963075646,nan,stick
stick_limited,0.5439999999999727,1.12,1.12,0.0,0.0,1.12,1.103625,1.4172250000000002,1.2841544908823197,2.1932800507380152,0.4170568784995888,3.695818963075646,nan,stick
stick_limited,0.5459999999999725,1.12,1.12,0.0,0.0,1.12,1.103625,1.4172250000000002,1.2841544908823197,2.1932800507380152,0.4192968784995888,3.695818963075646,nan,stick
stick_limited,0.5479999999999723,1.12,1.12,0.0,0.0,1.12,1.103625,1.4172250000000002,1.2841544908823197,2.1932800507380152,0.4215368784995888,3.695818963075646,nan,stick
stick_limited,0.5499999999999721,1.12,1.12,0.0,0.0,1.12,1.103625,1.4172250000000002,1.2841544908823197,2.1932800507380152,0.42377687849958884,3.695818963075646,nan,stick
stick_limited,0.5519999999999718,1.12,1.12,0.0,0.0,1.12,1.103625,1.4172250000000002,1.2841544908823197,2.1932800507380152,0.42601687849958886,3.695818963075646,nan,stick
stick_limited,0.5539999999999716,1.12,1.12,0.0,0.0,1.12,1.103625,1.4172250000000002,1.2841544908823197,2.1932800507380152,0.4282568784995889,3.695818963075646,nan,stick
stick_limited,0.5559999999999714,1.12,1.12,0.0,0.0,1.12,1.103625,1.4172250000000002,1.2841544908823197,2.1932800507380152,0.4304968784995889,3.695818963075646,nan,stick
stick_limited,0.5579999999999712,1.12,1.12,0.0,0.0,1.12,1.103625,1.4172250000000002,1.2841544908823197,2.1932800507380152,0.4327368784995889,3.695818963075646,nan,stick
stick_limited,0.559999999999971,1.12,1.12,0.0,0.0,1.12,1.103625,1.4172250000000002,1.2841544908823197,2.1932800507380152,0.43497687849958894,3.695818963075646,nan,stick
stick_limited,0.5619999999999707,1.12,1.12,0.0,0.0,1.12,1.103625,1.4172250000000002,1.2841544908823197,2.1932800507380152,0.43721687849958896,3.695818963075646,nan,stick
stick_limited,0.5639999999999705,1.12,1.12,0.0,0.0,1.12,1.103625,1.4172250000000002,1.2841544908823197,2.1932800507380152,0.439456878499589,3.695818963075646,nan,stick
stick_limited,0.5659999999999703,1.12,1.12,0.0,0.0,1.12,1.103625,1.4172250000000002,1.2841544908823197,2.1932800507380152,0.441696878499589,3.695818963075646,nan,stick
stick_limited,0.5679999999999701,1.12,1.12,0.0,0.0,1.12,1.103625,1.4172250000000002,1.2841544908823197,2.1932800507380152,0.443936878499589,3.695818963075646,nan,stick
stick_limited,0.5699999999999699,1.12,1.12,0.0,0.0,1.12,1.103625,1.4172250000000002,1.2841544908823197,2.1932800507380152,0.44617687849958904,3.695818963075646,nan,stick
stick_limited,0.5719999999999696,1.12,1.12,0.0,0.0,1.12,1.103625,1.4172250000000002,1.2841544908823197,2.1932800507380152,0.44841687849958906,3.695818963075646,nan,stick
stick_limited,0.5739999999999694,1.12,1.12,0.0,0.0,1.12,1.103625,1.4172250000000002,1.2841544908823197,2.1932800507380152,0.4506568784995891,3.695818963075646,nan,stick
stick_limited,0.5759999999999692,1.12,1.12,0.0,0.0,1.12,1.103625,1.4172250000000002,1.2841544908823197,2.1932800507380152,0.4528968784995891,3.695818963075646,nan,stick
stick_limited,0.577999999999969,1.12,1.12,0.0,0.0,1.12,1.103625,1.4172250000000002,1.2841544908823197,2.1932800507380152,0.4551368784995891,3.695818963075646,nan,stick
stick_limited,0.5799999999999688,1.12,1.12,0.0,0.0,1.12,1.103625,1.4172250000000002,1.2841544908823197,2.1932800507380152,0.45737687849958913,3.695818963075646,nan,stick
stick_limited,0.5819999999999685,1.12,1.12,0.0,0.0,1.12,1.103625,1.4172250000000002,1.2841544908823197,2.1932800507380152,0.45961687849958915,3.695818963075646,nan,stick
stick_limited,0.5839999999999683,1.12,1.12,0.0,0.0,1.12,1.103625,1.4172250000000002,1.2841544908823197,2.1932800507380152,0.4618568784995892,3.695818963075646,nan,stick
stick_limited,0.5859999999999681,1.12,1.12,0.0,0.0,1.12,1.103625,1.4172250000000002,1.2841544908823197,2.1932800507380152,0.4640968784995892,3.695818963075646,nan,stick
stick_limited,0.5879999999999679,1.12,1.12,0.0,0.0,1.12,1.103625,1.4172250000000002,1.2841544908823197,2.1932800507380152,0.4663368784995892,3.695818963075646,nan,stick
stick_limited,0.5899999999999677,1.12,1.12,0.0,0.0,1.12,1.103625,1.4172250000000002,1.2841544908823197,2.1932800507380152,0.46857687849958923,3.695818963075646,nan,stick
stick_limited,0.5919999999999674,1.12,1.12,0.0,0.0,1.12,1.103625,1.4172250000000002,1.2841544908823197,2.1932800507380152,0.47081687849958925,3.695818963075646,nan,stick
stick_limited,0.5939999999999672,1.12,1.12,0.0,0.0,1.12,1.103625,1.4172250000000002,1.2841544908823197,2.1932800507380152,0.4730568784995893,3.695818963075646,nan,stick
stick_limited,0.595999999999967,1.12,1.12,0.0,0.0,1.12,1.103625,1.4172250000000002,1.2841544908823197,2.1932800507380152,0.4752968784995893,3.695818963075646,nan,stick
stick_limited,0.5979999999999668,1.12,1.12,0.0,0.0,1.12,1.103625,1.4172250000000002,1.2841544908823197,2.1932800507380152,0.4775368784995893,3.695818963075646,nan,stick
stick_limited,0.5999999999999666,1.12,1.12,0.0,0.0,1.12,1.103625,1.4172250000000002,1.2841544908823197,2.1932800507380152,0.47977687849958933,3.695818963075646,nan,stick
stick_limited,0.6019999999999663,1.12,1.12,0.0,0.0,1.12,1.103625,1.4172250000000002,1.2841544908823197,2.1932800507380152,0.48201687849958935,3.695818963075646,nan,stick
stick_limited,0.6039999999999661,1.12,1.12,0.0,0.0,1.12,1.103625,1.4172250000000002,1.2841544908823197,2.1932800507380152,0.48425687849958937,3.695818963075646,nan,stick
stick_limited,0.6059999999999659,1.12,1.12,0.0,0.0,1.12,1.103625,1.4172250000000002,1.2841544908823197,2.1932800507380152,0.4864968784995894,3.695818963075646,nan,stick
stick_limited,0.6079999999999657,1.12,1.12,0.0,0.0,1.12,1.103625,1.4172250000000002,1.2841544908823197,2.1932800507380152,0.4887368784995894,3.695818963075646,nan,stick
stick_limited,0.6099999999999655,1.12,1.12,0.0,0.0,1.12,1.103625,1.4172250000000002,1.2841544908823197,2.1932800507380152,0.49097687849958943,3.695818963075646,nan,stick
stick_limited,0.6119999999999652,1.12,1.12,0.0,0.0,1.12,1.103625,1.4172250000000002,1.2841544908823197,2.1932800507380152,0.49321687849958945,3.695818963075646,nan,stick
stick_limited,0.613999999999965,1.12,1.12,0.0,0.0,1.12,1.103625,1.4172250000000002,1.2841544908823197,2.1932800507380152,0.49545687849958947,3.695818963075646,nan,stick
stick_limited,0.6159999999999648,1.12,1.12,0.0,0.0,1.12,1.103625,1.4172250000000002,1.2841544908823197,2.1932800507380152,0.4976968784995895,3.695818963075646,nan,stick
stick_limited,0.6179999999999646,1.12,1.12,0.0,0.0,1.12,1.103625,1.4172250000000002,1.2841544908823197,2.1932800507380152,0.4999368784995895,3.695818963075646,nan,stick
stick_limited,0.6199999999999644,1.12,1.12,0.0,0.0,1.12,1.103625,1.4172250000000002,1.2841544908823197,2.1932800507380152,0.5021768784995895,3.695818963075646,nan,stick
stick_limited,0.6219999999999641,1.12,1.12,0.0,0.0,1.12,1.103625,1.4172250000000002,1.2841544908823197,2.1932800507380152,0.5044168784995895,3.695818963075646,nan,stick
stick_limited,0.6239999999999639,1.12,1.12,0.0,0.0,1.12,1.103625,1.4172250000000002,1.2841544908823197,2.1932800507380152,0.5066568784995895,3.695818963075646,nan,stick
stick_limited,0.6259999999999637,1.12,1.12,0.0,0.0,1.12,1.103625,1.4172250000000002,1.2841544908823197,2.1932800507380152,0.5088968784995895,3.695818963075646,nan,stick
stick_limited,0.6279999999999635,1.12,1.12,0.0,0.0,1.12,1.103625,1.4172250000000002,1.2841544908823197,2.1932800507380152,0.5111368784995896,3.695818963075646,nan,stick
stick_limited,0.6299999999999633,1.12,1.12,0.0,0.0,1.12,1.103625,1.4172250000000002,1.2841544908823197,2.1932800507380152,0.5133768784995896,3.695818963075646,nan,stick
stick_limited,0.631999999999963,1.12,1.12,0.0,0.0,1.12,1.103625,1.4172250000000002,1.2841544908823197,2.1932800507380152,0.5156168784995896,3.695818963075646,nan,stick
stick_limited,0.6339999999999628,1.12,1.12,0.0,0.0,1.12,1.103625,1.4172250000000002,1.2841544908823197,2.1932800507380152,0.5178568784995896,3.695818963075646,nan,stick
stick_limited,0.6359999999999626,1.12,1.12,0.0,0.0,1.12,1.103625,1.4172250000000002,1.2841544908823197,2.1932800507380152,0.5200968784995896,3.695818963075646,nan,stick
stick_limited,0.6379999999999624,1.12,1.12,0.0,0.0,1.12,1.103625,1.4172250000000002,1.2841544908823197,2.1932800507380152,0.5223368784995897,3.695818963075646,nan,stick
stick_limited,0.6399999999999622,1.12,1.12,0.0,0.0,1.12,1.103625,1.4172250000000002,1.2841544908823197,2.1932800507380152,0.5245768784995897,3.695818963075646,nan,stick
stick_limited,0.6419999999999619,1.12,1.12,0.0,0.0,1.12,1.103625,1.4172250000000002,1.2841544908823197,2.1932800507380152,0.5268168784995897,3.695818963075646,nan,stick
stick_limited,0.6439999999999617,1.12,1.12,0.0,0.0,1.12,1.103625,1.4172250000000002,1.2841544908823197,2.1932800507380152,0.5290568784995897,3.695818963075646,nan,stick
stick_limited,0.6459999999999615,1.12,1.12,0.0,0.0,1.12,1.103625,1.4172250000000002,1.2841544908823197,2.1932800507380152,0.5312968784995897,3.695818963075646,nan,stick
stick_limited,0.6479999999999613,1.12,1.12,0.0,0.0,1.12,1.103625,1.4172250000000002,1.2841544908823197,2.1932800507380152,0.5335368784995898,3.695818963075646,nan,stick
stick_limited,0.649999999999961,1.12,1.12,0.0,0.0,1.12,1.103625,1.4172250000000002,1.2841544908823197,2.1932800507380152,0.5357768784995898,3.695818963075646,nan,stick
stick_limited,0.6519999999999608,1.12,1.12,0.0,0.0,1.12,1.103625,1.4172250000000002,1.2841544908823197,2.1932800507380152,0.5380168784995898,3.695818963075646,nan,stick
stick_limited,0.6539999999999606,1.12,1.12,0.0,0.0,1.12,1.103625,1.4172250000000002,1.2841544908823197,2.1932800507380152,0.5402568784995898,3.695818963075646,nan,stick
stick_limited,0.6559999999999604,1.12,1.12,0.0,0.0,1.12,1.103625,1.4172250000000002,1.2841544908823197,2.1932800507380152,0.5424968784995898,3.695818963075646,nan,stick
stick_limited,0.6579999999999602,1.12,1.12,0.0,0.0,1.12,1.103625,1.4172250000000002,1.2841544908823197,2.1932800507380152,0.5447368784995898,3.695818963075646,nan,stick
stick_limited,0.65999999999996,1.12,1.12,0.0,0.0,1.12,1.103625,1.4172250000000002,1.2841544908823197,2.1932800507380152,0.5469768784995899,3.695818963075646,nan,stick
stick_limited,0.6619999999999597,1.12,1.12,0.0,0.0,1.12,1.103625,1.4172250000000002,1.2841544908823197,2.1932800507380152,0.5492168784995899,3.695818963075646,nan,stick
stick_limited,0.6639999999999595,1.12,1.12,0.0,0.0,1.12,1.103625,1.4172250000000002,1.2841544908823197,2.1932800507380152,0.5514568784995899,3.695818963075646,nan,stick
stick_limited,0.6659999999999593,1.12,1.12,0.0,0.0,1.12,1.103625,1.4172250000000002,1.2841544908823197,2.1932800507380152,0.5536968784995899,3.695818963075646,nan,stick
stick_limited,0.6679999999999591,1.12,1.12,0.0,0.0,1.12,1.103625,1.4172250000000002,1.2841544908823197,2.1932800507380152,0.55593687849959,3.695818963075646,nan,stick
stick_limited,0.6699999999999589,1.12,1.12,0.0,0.0,1.12,1.103625,1.4172250000000002,1.2841544908823197,2.1932800507380152,0.55817687849959,3.695818963075646,nan,stick
stick_limited,0.6719999999999586,1.12,1.12,0.0,0.0,1.12,1.103625,1.4172250000000002,1.2841544908823197,2.1932800507380152,0.56041687849959,3.695818963075646,nan,stick
stick_limited,0.6739999999999584,1.12,1.12,0.0,0.0,1.12,1.103625,1.4172250000000002,1.2841544908823197,2.1932800507380152,0.56265687849959,3.695818963075646,nan,stick
stick_limited,0.6759999999999582,1.12,1.12,0.0,0.0,1.12,1.103625,1.4172250000000002,1.2841544908823197,2.1932800507380152,0.56489687849959,3.695818963075646,nan,stick
stick_limited,0.677999999999958,1.12,1.12,0.0,0.0,1.12,1.103625,1.4172250000000002,1.2841544908823197,2.1932800507380152,0.56713687849959,3.695818963075646,nan,stick
stick_limited,0.6799999999999577,1.12,1.12,0.0,0.0,1.12,1.103625,1.4172250000000002,1.2841544908823197,2.1932800507380152,0.5693768784995901,3.695818963075646,nan,stick
stick_limited,0.6819999999999575,1.12,1.12,0.0,0.0,1.12,1.103625,1.4172250000000002,1.2841544908823197,2.1932800507380152,0.5716168784995901,3.695818963075646,nan,stick
stick_limited,0.6839999999999573,1.12,1.12,0.0,0.0,1.12,1.103625,1.4172250000000002,1.2841544908823197,2.1932800507380152,0.5738568784995901,3.695818963075646,nan,stick
stick_limited,0.6859999999999571,1.12,1.12,0.0,0.0,1.12,1.103625,1.4172250000000002,1.2841544908823197,2.1932800507380152,0.5760968784995901,3.695818963075646,nan,stick
stick_limited,0.6879999999999569,1.12,1.12,0.0,0.0,1.12,1.103625,1.4172250000000002,1.2841544908823197,2.1932800507380152,0.5783368784995901,3.695818963075646,nan,stick
stick_limited,0.6899999999999566,1.12,1.12,0.0,0.0,1.12,1.103625,1.4172250000000002,1.2841544908823197,2.1932800507380152,0.5805768784995902,3.695818963075646,nan,stick
stick_limited,0.6919999999999564,1.12,1.12,0.0,0.0,1.12,1.103625,1.4172250000000002,1.2841544908823197,2.1932800507380152,0.5828168784995902,3.695818963075646,nan,stick
stick_limited,0.6939999999999562,1.12,1.12,0.0,0.0,1.12,1.103625,1.4172250000000002,1.2841544908823197,2.1932800507380152,0.5850568784995902,3.695818963075646,nan,stick
stick_limited,0.695999999999956,1.12,1.12,0.0,0.0,1.12,1.103625,1.4172250000000002,1.2841544908823197,2.1932800507380152,0.5872968784995902,3.695818963075646,nan,stick
stick_limited,0.6979999999999558,1.12,1.12,0.0,0.0,1.12,1.103625,1.4172250000000002,1.2841544908823197,2.1932800507380152,0.5895368784995902,3.695818963075646,nan,stick
stick_limited,0.6999999999999555,1.12,1.12,0.0,0.0,1.12,1.103625,1.4172250000000002,1.2841544908823197,2.1932800507380152,0.5917768784995903,3.695818963075646,nan,stick
stick_limited,0.7019999999999553,1.12,1.12,0.0,0.0,1.12,1.103625,1.4172250000000002,1.2841544908823197,2.1932800507380152,0.5940168784995903,3.695818963075646,nan,stick
stick_limited,0.7039999999999551,1.12,1.12,0.0,0.0,1.12,1.103625,1.4172250000000002,1.2841544908823197,2.1932800507380152,0.5962568784995903,3.695818963075646,nan,stick
stick_limited,0.7059999999999549,1.12,1.12,0.0,0.0,1.12,1.103625,1.4172250000000002,1.2841544908823197,2.1932800507380152,0.5984968784995903,3.695818963075646,nan,stick
stick_limited,0.7079999999999547,1.12,1.12,0.0,0.0,1.12,1.103625,1.4172250000000002,1.2841544908823197,2.1932800507380152,0.6007368784995903,3.695818963075646,nan,stick
stick_limited,0.7099999999999544,1.12,1.12,0.0,0.0,1.12,1.103625,1.4172250000000002,1.2841544908823197,2.1932800507380152,0.6029768784995904,3.695818963075646,nan,stick
stick_limited,0.7119999999999542,1.12,1.12,0.0,0.0,1.12,1.103625,1.4172250000000002,1.2841544908823197,2.1932800507380152,0.6052168784995904,3.695818963075646,nan,stick
stick_limited,0.713999999999954,1.12,1.12,0.0,0.0,1.12,1.103625,1.4172250000000002,1.2841544908823197,2.1932800507380152,0.6074568784995904,3.695818963075646,nan,stick
stick_limited,0.7159999999999538,1.12,1.12,0.0,0.0,1.12,1.103625,1.4172250000000002,1.2841544908823197,2.1932800507380152,0.6096968784995904,3.695818963075646,nan,stick
stick_limited,0.7179999999999536,1.12,1.12,0.0,0.0,1.12,1.103625,1.4172250000000002,1.2841544908823197,2.1932800507380152,0.6119368784995904,3.695818963075646,nan,stick
stick_limited,0.7199999999999533,1.12,1.12,0.0,0.0,1.12,1.103625,1.4172250000000002,1.2841544908823197,2.1932800507380152,0.6141768784995905,3.695818963075646,nan,stick
stick_limited,0.7219999999999531,1.12,1.12,0.0,0.0,1.12,1.103625,1.4172250000000002,1.2841544908823197,2.1932800507380152,0.6164168784995905,3.695818963075646,nan,stick
stick_limited,0.7239999999999529,1.12,1.12,0.0,0.0,1.12,1.103625,1.4172250000000002,1.2841544908823197,2.1932800507380152,0.6186568784995905,3.695818963075646,nan,stick
stick_limited,0.7259999999999527,1.12,1.12,0.0,0.0,1.12,1.103625,1.4172250000000002,1.2841544908823197,2.1932800507380152,0.6208968784995905,3.695818963075646,nan,stick
stick_limited,0.7279999999999525,1.12,1.12,0.0,0.0,1.12,1.103625,1.4172250000000002,1.2841544908823197,2.1932800507380152,0.6231368784995905,3.695818963075646,nan,stick
stick_limited,0.7299999999999522,1.12,1.12,0.0,0.0,1.12,1.103625,1.4172250000000002,1.2841544908823197,2.1932800507380152,0.6253768784995906,3.695818963075646,nan,stick
stick_limited,0.731999999999952,1.12,1.12,0.0,0.0,1.12,1.103625,1.4172250000000002,1.2841544908823197,2.1932800507380152,0.6276168784995906,3.695818963075646,nan,stick
stick_limited,0.7339999999999518,1.12,1.12,0.0,0.0,1.12,1.103625,1.4172250000000002,1.2841544908823197,2.1932800507380152,0.6298568784995906,3.695818963075646,nan,stick
stick_limited,0.7359999999999516,1.12,1.12,0.0,0.0,1.12,1.103625,1.4172250000000002,1.2841544908823197,2.1932800507380152,0.6320968784995906,3.695818963075646,nan,stick
stick_limited,0.7379999999999514,1.12,1.12,0.0,0.0,1.12,1.103625,1.4172250000000002,1.2841544908823197,2.1932800507380152,0.6343368784995906,3.695818963075646,nan,stick
stick_limited,0.7399999999999511,1.12,1.12,0.0,0.0,1.12,1.103625,1.4172250000000002,1.2841544908823197,2.1932800507380152,0.6365768784995907,3.695818963075646,nan,stick
stick_limited,0.7419999999999509,1.12,1.12,0.0,0.0,1.12,1.103625,1.4172250000000002,1.2841544908823197,2.1932800507380152,0.6388168784995907,3.695818963075646,nan,stick
stick_limited,0.7439999999999507,1.12,1.12,0.0,0.0,1.12,1.103625,1.4172250000000002,1.2841544908823197,2.1932800507380152,0.6410568784995907,3.695818963075646,nan,stick
stick_limited,0.7459999999999505,1.12,1.12,0.0,0.0,1.12,1.103625,1.4172250000000002,1.2841544908823197,2.1932800507380152,0.6432968784995907,3.695818963075646,nan,stick
stick_limited,0.7479999999999503,1.12,1.12,0.0,0.0,1.12,1.103625,1.4172250000000002,1.2841544908823197,2.1932800507380152,0.6455368784995907,3.695818963075646,nan,stick
stick_limited,0.74999999999995,1.12,1.12,0.0,0.0,1.12,1.103625,1.4172250000000002,1.2841544908823197,2.1932800507380152,0.6477768784995908,3.695818963075646,nan,stick
stick_limited,0.7519999999999498,1.12,1.12,0.0,0.0,1.12,1.103625,1.4172250000000002,1.2841544908823197,2.1932800507380152,0.6500168784995908,3.695818963075646,nan,stick
stick_limited,0.7539999999999496,1.12,1.12,0.0,0.0,1.12,1.103625,1.4172250000000002,1.2841544908823197,2.1932800507380152,0.6522568784995908,3.695818963075646,nan,stick
stick_limited,0.7559999999999494,1.12,1.12,0.0,0.0,1.12,1.103625,1.4172250000000002,1.2841544908823197,2.1932800507380152,0.6544968784995908,3.695818963075646,nan,stick
stick_limited,0.7579999999999492,1.12,1.12,0.0,0.0,1.12,1.103625,1.4172250000000002,1.2841544908823197,2.1932800507380152,0.6567368784995908,3.695818963075646,nan,stick
stick_limited,0.7599999999999489,1.12,1.12,0.0,0.0,1.12,1.103625,1.4172250000000002,1.2841544908823197,2.1932800507380152,0.6589768784995909,3.695818963075646,nan,stick
stick_limited,0.7619999999999487,1.12,1.12,0.0,0.0,1.12,1.103625,1.4172250000000002,1.2841544908823197,2.1932800507380152,0.6612168784995909,3.695818963075646,nan,stick
stick_limited,0.7639999999999485,1.12,1.12,0.0,0.0,1.12,1.103625,1.4172250000000002,1.2841544908823197,2.1932800507380152,0.6634568784995909,3.695818963075646,nan,stick
stick_limited,0.7659999999999483,1.12,1.12,0.0,0.0,1.12,1.103625,1.4172250000000002,1.2841544908823197,2.1932800507380152,0.6656968784995909,3.695818963075646,nan,stick
stick_limited,0.7679999999999481,1.12,1.12,0.0,0.0,1.12,1.103625,1.4172250000000002,1.2841544908823197,2.1932800507380152,0.6679368784995909,3.695818963075646,nan,stick
stick_limited,0.7699999999999478,1.12,1.12,0.0,0.0,1.12,1.103625,1.4172250000000002,1.2841544908823197,2.1932800507380152,0.670176878499591,3.695818963075646,nan,stick
stick_limited,0.7719999999999476,1.12,1.12,0.0,0.0,1.12,1.103625,1.4172250000000002,1.2841544908823197,2.1932800507380152,0.672416878499591,3.695818963075646,nan,stick
stick_limited,0.7739999999999474,1.12,1.12,0.0,0.0,1.12,1.103625,1.4172250000000002,1.2841544908823197,2.1932800507380152,0.674656878499591,3.695818963075646,nan,stick
stick_limited,0.7759999999999472,1.12,1.12,0.0,0.0,1.12,1.103625,1.4172250000000002,1.2841544908823197,2.1932800507380152,0.676896878499591,3.695818963075646,nan,stick
stick_limited,0.777999999999947,1.12,1.12,0.0,0.0,1.12,1.103625,1.4172250000000002,1.2841544908823197,2.1932800507380152,0.679136878499591,3.695818963075646,nan,stick
stick_limited,0.7799999999999467,1.12,1.12,0.0,0.0,1.12,1.103625,1.4172250000000002,1.2841544908823197,2.1932800507380152,0.681376878499591,3.695818963075646,nan,stick
stick_limited,0.7819999999999465,1.12,1.12,0.0,0.0,1.12,1.103625,1.4172250000000002,1.2841544908823197,2.1932800507380152,0.6836168784995911,3.695818963075646,nan,stick
stick_limited,0.7839999999999463,1.12,1.12,0.0,0.0,1.12,1.103625,1.4172250000000002,1.2841544908823197,2.1932800507380152,0.6858568784995911,3.695818963075646,nan,stick
stick_limited,0.7859999999999461,1.12,1.12,0.0,0.0,1.12,1.103625,1.4172250000000002,1.2841544908823197,2.1932800507380152,0.6880968784995911,3.695818963075646,nan,stick
stick_limited,0.7879999999999459,1.12,1.12,0.0,0.0,1.12,1.103625,1.4172250000000002,1.2841544908823197,2.1932800507380152,0.6903368784995911,3.695818963075646,nan,stick
stick_limited,0.7899999999999456,1.12,1.12,0.0,0.0,1.12,1.103625,1.4172250000000002,1.2841544908823197,2.1932800507380152,0.6925768784995912,3.695818963075646,nan,stick
stick_limited,0.7919999999999454,1.12,1.12,0.0,0.0,1.12,1.103625,1.4172250000000002,1.2841544908823197,2.1932800507380152,0.6948168784995912,3.695818963075646,nan,stick
stick_limited,0.7939999999999452,1.12,1.12,0.0,0.0,1.12,1.103625,1.4172250000000002,1.2841544908823197,2.1932800507380152,0.6970568784995912,3.695818963075646,nan,stick
stick_limited,0.795999999999945,1.12,1.12,0.0,0.0,1.12,1.103625,1.4172250000000002,1.2841544908823197,2.1932800507380152,0.6992968784995912,3.695818963075646,nan,stick
stick_limited,0.7979999999999448,1.12,1.12,0.0,0.0,1.12,1.103625,1.4172250000000002,1.2841544908823197,2.1932800507380152,0.7015368784995912,3.695818963075646,nan,stick
stick_limited,0.7999999999999445,1.12,1.12,0.0,0.0,1.12,1.103625,1.4172250000000002,1.2841544908823197,2.1932800507380152,0.7037768784995913,3.695818963075646,nan,stick
stick_limited,0.8019999999999443,1.12,1.12,0.0,0.0,1.12,1.103625,1.4172250000000002,1.2841544908823197,2.1932800507380152,0.7060168784995913,3.695818963075646,nan,stick
stick_limited,0.8039999999999441,1.12,1.12,0.0,0.0,1.12,1.103625,1.4172250000000002,1.2841544908823197,2.1932800507380152,0.7082568784995913,3.695818963075646,nan,stick
stick_limited,0.8059999999999439,1.12,1.12,0.0,0.0,1.12,1.103625,1.4172250000000002,1.2841544908823197,2.1932800507380152,0.7104968784995913,3.695818963075646,nan,stick
stick_limited,0.8079999999999437,1.12,1.12,0.0,0.0,1.12,1.103625,1.4172250000000002,1.2841544908823197,2.1932800507380152,0.7127368784995913,3.695818963075646,nan,stick
stick_limited,0.8099999999999434,1.12,1.12,0.0,0.0,1.12,1.103625,1.4172250000000002,1.2841544908823197,2.1932800507380152,0.7149768784995914,3.695818963075646,nan,stick
stick_limited,0.8119999999999432,1.12,1.12,0.0,0.0,1.12,1.103625,1.4172250000000002,1.2841544908823197,2.1932800507380152,0.7172168784995914,3.695818963075646,nan,stick
stick_limited,0.813999999999943,1.12,1.12,0.0,0.0,1.12,1.103625,1.4172250000000002,1.2841544908823197,2.1932800507380152,0.7194568784995914,3.695818963075646,nan,stick
stick_limited,0.8159999999999428,1.12,1.12,0.0,0.0,1.12,1.103625,1.4172250000000002,1.2841544908823197,2.1932800507380152,0.7216968784995914,3.695818963075646,nan,stick
stick_limited,0.8179999999999426,1.12,1.12,0.0,0.0,1.12,1.103625,1.4172250000000002,1.2841544908823197,2.1932800507380152,0.7239368784995914,3.695818963075646,nan,stick
stick_limited,0.8199999999999423,1.12,1.12,0.0,0.0,1.12,1.103625,1.4172250000000002,1.2841544908823197,2.1932800507380152,0.7261768784995914,3.695818963075646,nan,stick
stick_limited,0.8219999999999421,1.12,1.12,0.0,0.0,1.12,1.103625,1.4172250000000002,1.2841544908823197,2.1932800507380152,0.7284168784995915,3.695818963075646,nan,stick
stick_limited,0.8239999999999419,1.12,1.12,0.0,0.0,1.12,1.103625,1.4172250000000002,1.2841544908823197,2.1932800507380152,0.7306568784995915,3.695818963075646,nan,stick
stick_limited,0.8259999999999417,1.12,1.12,0.0,0.0,1.12,1.103625,1.4172250000000002,1.2841544908823197,2.1932800507380152,0.7328968784995915,3.695818963075646,nan,stick
stick_limited,0.8279999999999414,1.12,1.12,0.0,0.0,1.12,1.103625,1.4172250000000002,1.2841544908823197,2.1932800507380152,0.7351368784995915,3.695818963075646,nan,stick
stick_limited,0.8299999999999412,1.12,1.12,0.0,0.0,1.12,1.103625,1.4172250000000002,1.2841544908823197,2.1932800507380152,0.7373768784995915,3.695818963075646,nan,stick
stick_limited,0.831999999999941,1.12,1.12,0.0,0.0,1.12,1.103625,1.4172250000000002,1.2841544908823197,2.1932800507380152,0.7396168784995916,3.695818963075646,nan,stick
stick_limited,0.8339999999999408,1.12,1.12,0.0,0.0,1.12,1.103625,1.4172250000000002,1.2841544908823197,2.1932800507380152,0.7418568784995916,3.695818963075646,nan,stick
stick_limited,0.8359999999999406,1.12,1.12,0.0,0.0,1.12,1.103625,1.4172250000000002,1.2841544908823197,2.1932800507380152,0.7440968784995916,3.695818963075646,nan,stick
stick_limited,0.8379999999999403,1.12,1.12,0.0,0.0,1.12,1.103625,1.4172250000000002,1.2841544908823197,2.1932800507380152,0.7463368784995916,3.695818963075646,nan,stick
stick_limited,0.8399999999999401,1.12,1.12,0.0,0.0,1.12,1.103625,1.4172250000000002,1.2841544908823197,2.1932800507380152,0.7485768784995916,3.695818963075646,nan,stick
stick_limited,0.8419999999999399,1.12,1.12,0.0,0.0,1.12,1.103625,1.4172250000000002,1.2841544908823197,2.1932800507380152,0.7508168784995917,3.695818963075646,nan,stick
stick_limited,0.8439999999999397,1.12,1.12,0.0,0.0,1.12,1.103625,1.4172250000000002,1.2841544908823197,2.1932800507380152,0.7530568784995917,3.695818963075646,nan,stick
stick_limited,0.8459999999999395,1.12,1.12,0.0,0.0,1.12,1.103625,1.4172250000000002,1.2841544908823197,2.1932800507380152,0.7552968784995917,3.695818963075646,nan,stick
stick_limited,0.8479999999999392,1.12,1.12,0.0,0.0,1.12,1.103625,1.4172250000000002,1.2841544908823197,2.1932800507380152,0.7575368784995917,3.695818963075646,nan,stick
stick_limited,0.849999999999939,1.12,1.12,0.0,0.0,1.12,1.103625,1.4172250000000002,1.2841544908823197,2.1932800507380152,0.7597768784995917,3.695818963075646,nan,stick
stick_limited,0.8519999999999388,1.12,1.12,0.0,0.0,1.12,1.103625,1.4172250000000002,1.2841544908823197,2.1932800507380152,0.7620168784995918,3.695818963075646,nan,stick
stick_limited,0.8539999999999386,1.12,1.12,0.0,0.0,1.12,1.103625,1.4172250000000002,1.2841544908823197,2.1932800507380152,0.7642568784995918,3.695818963075646,nan,stick
stick_limited,0.8559999999999384,1.12,1.12,0.0,0.0,1.12,1.103625,1.4172250000000002,1.2841544908823197,2.1932800507380152,0.7664968784995918,3.695818963075646,nan,stick
stick_limited,0.8579999999999381,1.12,1.12,0.0,0.0,1.12,1.103625,1.4172250000000002,1.2841544908823197,2.1932800507380152,0.7687368784995918,3.695818963075646,nan,stick
stick_limited,0.8599999999999379,1.12,1.12,0.0,0.0,1.12,1.103625,1.4172250000000002,1.2841544908823197,2.1932800507380152,0.7709768784995918,3.695818963075646,nan,stick
stick_limited,0.8619999999999377,1.12,1.12,0.0,0.0,1.12,1.103625,1.4172250000000002,1.2841544908823197,2.1932800507380152,0.7732168784995919,3.695818963075646,nan,stick
stick_limited,0.8639999999999375,1.12,1.12,0.0,0.0,1.12,1.103625,1.4172250000000002,1.2841544908823197,2.1932800507380152,0.7754568784995919,3.695818963075646,nan,stick
stick_limited,0.8659999999999373,1.12,1.12,0.0,0.0,1.12,1.103625,1.4172250000000002,1.2841544908823197,2.1932800507380152,0.7776968784995919,3.695818963075646,nan,stick
stick_limited,0.867999999999937,1.12,1.12,0.0,0.0,1.12,1.103625,1.4172250000000002,1.2841544908823197,2.1932800507380152,0.7799368784995919,3.695818963075646,nan,stick
stick_limited,0.8699999999999368,1.12,1.12,0.0,0.0,1.12,1.103625,1.4172250000000002,1.2841544908823197,2.1932800507380152,0.7821768784995919,3.695818963075646,nan,stick
stick_limited,0.8719999999999366,1.12,1.12,0.0,0.0,1.12,1.103625,1.4172250000000002,1.2841544908823197,2.1932800507380152,0.784416878499592,3.695818963075646,nan,stick
stick_limited,0.8739999999999364,1.12,1.12,0.0,0.0,1.12,1.103625,1.4172250000000002,1.2841544908823197,2.1932800507380152,0.786656878499592,3.695818963075646,nan,stick
stick_limited,0.8759999999999362,1.12,1.12,0.0,0.0,1.12,1.103625,1.4172250000000002,1.2841544908823197,2.1932800507380152,0.788896878499592,3.695818963075646,nan,stick
stick_limited,0.8779999999999359,1.12,1.12,0.0,0.0,1.12,1.103625,1.4172250000000002,1.2841544908823197,2.1932800507380152,0.791136878499592,3.695818963075646,nan,stick
stick_limited,0.8799999999999357,1.12,1.12,0.0,0.0,1.12,1.103625,1.4172250000000002,1.2841544908823197,2.1932800507380152,0.793376878499592,3.695818963075646,nan,stick
stick_limited,0.8819999999999355,1.12,1.12,0.0,0.0,1.12,1.103625,1.4172250000000002,1.2841544908823197,2.1932800507380152,0.7956168784995921,3.695818963075646,nan,stick
stick_limited,0.8839999999999353,1.12,1.12,0.0,0.0,1.12,1.103625,1.4172250000000002,1.2841544908823197,2.1932800507380152,0.7978568784995921,3.695818963075646,nan,stick
stick_limited,0.8859999999999351,1.12,1.12,0.0,0.0,1.12,1.103625,1.4172250000000002,1.2841544908823197,2.1932800507380152,0.8000968784995921,3.695818963075646,nan,stick
stick_limited,0.8879999999999348,1.12,1.12,0.0,0.0,1.12,1.103625,1.4172250000000002,1.2841544908823197,2.1932800507380152,0.8023368784995921,3.695818963075646,nan,stick
stick_limited,0.8899999999999346,1.12,1.12,0.0,0.0,1.12,1.103625,1.4172250000000002,1.2841544908823197,2.1932800507380152,0.8045768784995921,3.695818963075646,nan,stick
stick_limited,0.8919999999999344,1.12,1.12,0.0,0.0,1.12,1.103625,1.4172250000000002,1.2841544908823197,2.1932800507380152,0.8068168784995922,3.695818963075646,nan,stick
stick_limited,0.8939999999999342,1.12,1.12,0.0,0.0,1.12,1.103625,1.4172250000000002,1.2841544908823197,2.1932800507380152,0.8090568784995922,3.695818963075646,nan,stick
stick_limited,0.895999999999934,1.12,1.12,0.0,0.0,1.12,1.103625,1.4172250000000002,1.2841544908823197,2.1932800507380152,0.8112968784995922,3.695818963075646,nan,stick
stick_limited,0.8979999999999337,1.12,1.12,0.0,0.0,1.12,1.103625,1.4172250000000002,1.2841544908823197,2.1932800507380152,0.8135368784995922,3.695818963075646,nan,stick
stick_limited,0.8999999999999335,1.12,1.12,0.0,0.0,1.12,1.103625,1.4172250000000002,1.2841544908823197,2.1932800507380152,0.8157768784995922,3.695818963075646,nan,stick
stick_limited,0.9019999999999333,1.12,1.12,0.0,0.0,1.12,1.103625,1.4172250000000002,1.2841544908823197,2.1932800507380152,0.8180168784995923,3.695818963075646,nan,stick
stick_limited,0.9039999999999331,1.12,1.12,0.0,0.0,1.12,1.103625,1.4172250000000002,1.2841544908823197,2.1932800507380152,0.8202568784995923,3.695818963075646,nan,stick
stick_limited,0.9059999999999329,1.12,1.12,0.0,0.0,1.12,1.103625,1.4172250000000002,1.2841544908823197,2.1932800507380152,0.8224968784995923,3.695818963075646,nan,stick
stick_limited,0.9079999999999326,1.12,1.12,0.0,0.0,1.12,1.103625,1.4172250000000002,1.2841544908823197,2.1932800507380152,0.8247368784995923,3.695818963075646,nan,stick
stick_limited,0.9099999999999324,1.12,1.12,0.0,0.0,1.12,1.103625,1.4172250000000002,1.2841544908823197,2.1932800507380152,0.8269768784995923,3.695818963075646,nan,stick
stick_limited,0.9119999999999322,1.12,1.12,0.0,0.0,1.12,1.103625,1.4172250000000002,1.2841544908823197,2.1932800507380152,0.8292168784995924,3.695818963075646,nan,stick
stick_limited,0.913999999999932,1.12,1.12,0.0,0.0,1.12,1.103625,1.4172250000000002,1.2841544908823197,2.1932800507380152,0.8314568784995924,3.695818963075646,nan,stick
stick_limited,0.9159999999999318,1.12,1.12,0.0,0.0,1.12,1.103625,1.4172250000000002,1.2841544908823197,2.1932800507380152,0.8336968784995924,3.695818963075646,nan,stick
stick_limited,0.9179999999999315,1.12,1.12,0.0,0.0,1.12,1.103625,1.4172250000000002,1.2841544908823197,2.1932800507380152,0.8359368784995924,3.695818963075646,nan,stick
stick_limited,0.9199999999999313,1.12,1.12,0.0,0.0,1.12,1.103625,1.4172250000000002,1.2841544908823197,2.1932800507380152,0.8381768784995924,3.695818963075646,nan,stick
stick_limited,0.9219999999999311,1.12,1.12,0.0,0.0,1.12,1.103625,1.4172250000000002,1.2841544908823197,2.1932800507380152,0.8404168784995925,3.695818963075646,nan,stick
stick_limited,0.9239999999999309,1.12,1.12,0.0,0.0,1.12,1.103625,1.4172250000000002,1.2841544908823197,2.1932800507380152,0.8426568784995925,3.695818963075646,nan,stick
stick_limited,0.9259999999999307,1.12,1.12,0.0,0.0,1.12,1.103625,1.4172250000000002,1.2841544908823197,2.1932800507380152,0.8448968784995925,3.695818963075646,nan,stick
stick_limited,0.9279999999999304,1.12,1.12,0.0,0.0,1.12,1.103625,1.4172250000000002,1.2841544908823197,2.1932800507380152,0.8471368784995925,3.695818963075646,nan,stick
stick_limited,0.9299999999999302,1.12,1.12,0.0,0.0,1.12,1.103625,1.4172250000000002,1.2841544908823197,2.1932800507380152,0.8493768784995925,3.695818963075646,nan,stick
stick_limited,0.93199999999993,1.12,1.12,0.0,0.0,1.12,1.103625,1.4172250000000002,1.2841544908823197,2.1932800507380152,0.8516168784995926,3.695818963075646,nan,stick
stick_limited,0.9339999999999298,1.12,1.12,0.0,0.0,1.12,1.103625,1.4172250000000002,1.2841544908823197,2.1932800507380152,0.8538568784995926,3.695818963075646,nan,stick
stick_limited,0.9359999999999296,1.12,1.12,0.0,0.0,1.12,1.103625,1.4172250000000002,1.2841544908823197,2.1932800507380152,0.8560968784995926,3.695818963075646,nan,stick
stick_limited,0.9379999999999293,1.12,1.12,0.0,0.0,1.12,1.103625,1.4172250000000002,1.2841544908823197,2.1932800507380152,0.8583368784995926,3.695818963075646,nan,stick
stick_limited,0.9399999999999291,1.12,1.12,0.0,0.0,1.12,1.103625,1.4172250000000002,1.2841544908823197,2.1932800507380152,0.8605768784995926,3.695818963075646,nan,stick
stick_limited,0.9419999999999289,1.12,1.12,0.0,0.0,1.12,1.103625,1.4172250000000002,1.2841544908823197,2.1932800507380152,0.8628168784995927,3.695818963075646,nan,stick
stick_limited,0.9439999999999287,1.12,1.12,0.0,0.0,1.12,1.103625,1.4172250000000002,1.2841544908823197,2.1932800507380152,0.8650568784995927,3.695818963075646,nan,stick
stick_limited,0.9459999999999285,1.12,1.12,0.0,0.0,1.12,1.103625,1.4172250000000002,1.2841544908823197,2.1932800507380152,0.8672968784995927,3.695818963075646,nan,stick
stick_limited,0.9479999999999282,1.12,1.12,0.0,0.0,1.12,1.103625,1.4172250000000002,1.2841544908823197,2.1932800507380152,0.8695368784995927,3.695818963075646,nan,stick
stick_limited,0.949999999999928,1.12,1.12,0.0,0.0,1.12,1.103625,1.4172250000000002,1.2841544908823197,2.1932800507380152,0.8717768784995927,3.695818963075646,nan,stick
stick_limited,0.9519999999999278,1.12,1.12,0.0,0.0,1.12,1.103625,1.4172250000000002,1.2841544908823197,2.1932800507380152,0.8740168784995928,3.695818963075646,nan,stick
stick_limited,0.9539999999999276,1.12,1.12,0.0,0.0,1.12,1.103625,1.4172250000000002,1.2841544908823197,2.1932800507380152,0.8762568784995928,3.695818963075646,nan,stick
stick_limited,0.9559999999999274,1.12,1.12,0.0,0.0,1.12,1.103625,1.4172250000000002,1.2841544908823197,2.1932800507380152,0.8784968784995928,3.695818963075646,nan,stick
stick_limited,0.9579999999999271,1.12,1.12,0.0,0.0,1.12,1.103625,1.4172250000000002,1.2841544908823197,2.1932800507380152,0.8807368784995928,3.695818963075646,nan,stick
stick_limited,0.9599999999999269,1.12,1.12,0.0,0.0,1.12,1.103625,1.4172250000000002,1.2841544908823197,2.1932800507380152,0.8829768784995928,3.695818963075646,nan,stick
stick_limited,0.9619999999999267,1.12,1.12,0.0,0.0,1.12,1.103625,1.4172250000000002,1.2841544908823197,2.1932800507380152,0.8852168784995929,3.695818963075646,nan,stick
stick_limited,0.9639999999999265,1.12,1.12,0.0,0.0,1.12,1.103625,1.4172250000000002,1.2841544908823197,2.1932800507380152,0.8874568784995929,3.695818963075646,nan,stick
stick_limited,0.9659999999999263,1.12,1.12,0.0,0.0,1.12,1.103625,1.4172250000000002,1.2841544908823197,2.1932800507380152,0.8896968784995929,3.695818963075646,nan,stick
stick_limited,0.967999999999926,1.12,1.12,0.0,0.0,1.12,1.103625,1.4172250000000002,1.2841544908823197,2.1932800507380152,0.8919368784995929,3.695818963075646,nan,stick
stick_limited,0.9699999999999258,1.12,1.12,0.0,0.0,1.12,1.103625,1.4172250000000002,1.2841544908823197,2.1932800507380152,0.8941768784995929,3.695818963075646,nan,stick
stick_limited,0.9719999999999256,1.12,1.12,0.0,0.0,1.12,1.103625,1.4172250000000002,1.2841544908823197,2.1932800507380152,0.896416878499593,3.695818963075646,nan,stick
stick_limited,0.9739999999999254,1.12,1.12,0.0,0.0,1.12,1.103625,1.4172250000000002,1.2841544908823197,2.1932800507380152,0.898656878499593,3.695818963075646,nan,stick
stick_limited,0.9759999999999251,1.12,1.12,0.0,0.0,1.12,1.103625,1.4172250000000002,1.2841544908823197,2.1932800507380152,0.900896878499593,3.695818963075646,nan,stick
stick_limited,0.9779999999999249,1.12,1.12,0.0,0.0,1.12,1.103625,1.4172250000000002,1.2841544908823197,2.1932800507380152,0.903136878499593,3.695818963075646,nan,stick
stick_limited,0.9799999999999247,1.12,1.12,0.0,0.0,1.12,1.103625,1.4172250000000002,1.2841544908823197,2.1932800507380152,0.905376878499593,3.695818963075646,nan,stick
stick_limited,0.9819999999999245,1.12,1.12,0.0,0.0,1.12,1.103625,1.4172250000000002,1.2841544908823197,2.1932800507380152,0.907616878499593,3.695818963075646,nan,stick
stick_limited,0.9839999999999243,1.12,1.12,0.0,0.0,1.12,1.103625,1.4172250000000002,1.2841544908823197,2.1932800507380152,0.9098568784995931,3.695818963075646,nan,stick
stick_limited,0.985999999999924,1.12,1.12,0.0,0.0,1.12,1.103625,1.4172250000000002,1.2841544908823197,2.1932800507380152,0.9120968784995931,3.695818963075646,nan,stick
stick_limited,0.9879999999999238,1.12,1.12,0.0,0.0,1.12,1.103625,1.4172250000000002,1.2841544908823197,2.1932800507380152,0.9143368784995931,3.695818963075646,nan,stick
stick_limited,0.9899999999999236,1.12,1.12,0.0,0.0,1.12,1.103625,1.4172250000000002,1.2841544908823197,2.1932800507380152,0.9165768784995931,3.695818963075646,nan,stick
stick_limited,0.9919999999999234,1.12,1.12,0.0,0.0,1.12,1.103625,1.4172250000000002,1.2841544908823197,2.1932800507380152,0.9188168784995931,3.695818963075646,nan,stick
stick_limited,0.9939999999999232,1.12,1.12,0.0,0.0,1.12,1.103625,1.4172250000000002,1.2841544908823197,2.1932800507380152,0.9210568784995932,3.695818963075646,nan,stick
stick_limited,0.995999999999923,1.12,1.12,0.0,0.0,1.12,1.103625,1.4172250000000002,1.2841544908823197,2.1932800507380152,0.9232968784995932,3.695818963075646,nan,stick
stick_limited,0.9979999999999227,1.12,1.12,0.0,0.0,1.12,1.103625,1.4172250000000002,1.2841544908823197,2.1932800507380152,0.9255368784995932,3.695818963075646,nan,stick
stick_limited,0.9999999999999225,1.12,1.12,0.0,0.0,1.12,1.103625,1.4172250000000002,1.2841544908823197,2.1932800507380152,0.9277768784995932,3.695818963075646,nan,stick
stick_limited,1.0019999999999223,1.12,1.12,0.0,0.0,1.12,1.103625,1.4172250000000002,1.2841544908823197,2.1932800507380152,0.9300168784995932,3.695818963075646,nan,stick
stick_limited,1.003999999999922,1.12,1.12,0.0,0.0,1.12,1.103625,1.4172250000000002,1.2841544908823197,2.1932800507380152,0.9322568784995933,3.695818963075646,nan,stick
stick_limited,1.0059999999999218,1.12,1.12,0.0,0.0,1.12,1.103625,1.4172250000000002,1.2841544908823197,2.1932800507380152,0.9344968784995933,3.695818963075646,nan,stick
stick_limited,1.0079999999999216,1.12,1.12,0.0,0.0,1.12,1.103625,1.4172250000000002,1.2841544908823197,2.1932800507380152,0.9367368784995933,3.695818963075646,nan,stick
stick_limited,1.0099999999999214,1.12,1.12,0.0,0.0,1.12,1.103625,1.4172250000000002,1.2841544908823197,2.1932800507380152,0.9389768784995933,3.695818963075646,nan,stick
stick_limited,1.0119999999999212,1.12,1.12,0.0,0.0,1.12,1.103625,1.4172250000000002,1.2841544908823197,2.1932800507380152,0.9412168784995933,3.695818963075646,nan,stick
stick_limited,1.013999999999921,1.12,1.12,0.0,0.0,1.12,1.103625,1.4172250000000002,1.2841544908823197,2.1932800507380152,0.9434568784995934,3.695818963075646,nan,stick
stick_limited,1.0159999999999207,1.12,1.12,0.0,0.0,1.12,1.103625,1.4172250000000002,1.2841544908823197,2.1932800507380152,0.9456968784995934,3.695818963075646,nan,stick
stick_limited,1.0179999999999205,1.12,1.12,0.0,0.0,1.12,1.103625,1.4172250000000002,1.2841544908823197,2.1932800507380152,0.9479368784995934,3.695818963075646,nan,stick
stick_limited,1.0199999999999203,1.12,1.12,0.0,0.0,1.12,1.103625,1.4172250000000002,1.2841544908823197,2.1932800507380152,0.9501768784995934,3.695818963075646,nan,stick
stick_limited,1.02199999999992,1.12,1.12,0.0,0.0,1.12,1.103625,1.4172250000000002,1.2841544908823197,2.1932800507380152,0.9524168784995934,3.695818963075646,nan,stick
stick_limited,1.0239999999999199,1.12,1.12,0.0,0.0,1.12,1.103625,1.4172250000000002,1.2841544908823197,2.1932800507380152,0.9546568784995935,3.695818963075646,nan,stick
stick_limited,1.0259999999999196,1.12,1.12,0.0,0.0,1.12,1.103625,1.4172250000000002,1.2841544908823197,2.1932800507380152,0.9568968784995935,3.695818963075646,nan,stick
stick_limited,1.0279999999999194,1.12,1.12,0.0,0.0,1.12,1.103625,1.4172250000000002,1.2841544908823197,2.1932800507380152,0.9591368784995935,3.695818963075646,nan,stick
stick_limited,1.0299999999999192,1.12,1.12,0.0,0.0,1.12,1.103625,1.4172250000000002,1.2841544908823197,2.1932800507380152,0.9613768784995935,3.695818963075646,nan,stick
stick_limited,1.031999999999919,1.12,1.12,0.0,0.0,1.12,1.103625,1.4172250000000002,1.2841544908823197,2.1932800507380152,0.9636168784995935,3.695818963075646,nan,stick
stick_limited,1.0339999999999188,1.12,1.12,0.0,0.0,1.12,1.103625,1.4172250000000002,1.2841544908823197,2.1932800507380152,0.9658568784995936,3.695818963075646,nan,stick
stick_limited,1.0359999999999185,1.12,1.12,0.0,0.0,1.12,1.103625,1.4172250000000002,1.2841544908823197,2.1932800507380152,0.9680968784995936,3.695818963075646,nan,stick
stick_limited,1.0379999999999183,1.12,1.12,0.0,0.0,1.12,1.103625,1.4172250000000002,1.2841544908823197,2.1932800507380152,0.9703368784995936,3.695818963075646,nan,stick
stick_limited,1.039999999999918,1.12,1.12,0.0,0.0,1.12,1.103625,1.4172250000000002,1.2841544908823197,2.1932800507380152,0.9725768784995936,3.695818963075646,nan,stick
stick_limited,1.0419999999999179,1.12,1.12,0.0,0.0,1.12,1.103625,1.4172250000000002,1.2841544908823197,2.1932800507380152,0.9748168784995936,3.695818963075646,nan,stick
stick_limited,1.0439999999999177,1.12,1.12,0.0,0.0,1.12,1.103625,1.4172250000000002,1.2841544908823197,2.1932800507380152,0.9770568784995937,3.695818963075646,nan,stick
stick_limited,1.0459999999999174,1.12,1.12,0.0,0.0,1.12,1.103625,1.4172250000000002,1.2841544908823197,2.1932800507380152,0.9792968784995937,3.695818963075646,nan,stick
stick_limited,1.0479999999999172,1.12,1.12,0.0,0.0,1.12,1.103625,1.4172250000000002,1.2841544908823197,2.1932800507380152,0.9815368784995937,3.695818963075646,nan,stick
stick_limited,1.049999999999917,1.12,1.12,0.0,0.0,1.12,1.103625,1.4172250000000002,1.2841544908823197,2.1932800507380152,0.9837768784995937,3.695818963075646,nan,stick
stick_limited,1.0519999999999168,1.12,1.12,0.0,0.0,1.12,1.103625,1.4172250000000002,1.2841544908823197,2.1932800507380152,0.9860168784995937,3.695818963075646,nan,stick
stick_limited,1.0539999999999166,1.12,1.12,0.0,0.0,1.12,1.103625,1.4172250000000002,1.2841544908823197,2.1932800507380152,0.9882568784995938,3.695818963075646,nan,stick
stick_limited,1.0559999999999163,1.12,1.12,0.0,0.0,1.12,1.103625,1.4172250000000002,1.2841544908823197,2.1932800507380152,0.9904968784995938,3.695818963075646,nan,stick
stick_limited,1.0579999999999161,1.12,1.12,0.0,0.0,1.12,1.103625,1.4172250000000002,1.2841544908823197,2.1932800507380152,0.9927368784995938,3.695818963075646,nan,stick
stick_limited,1.059999999999916,1.12,1.12,0.0,0.0,1.12,1.103625,1.4172250000000002,1.2841544908823197,2.1932800507380152,0.9949768784995938,3.695818963075646,nan,stick
stick_limited,1.0619999999999157,1.12,1.12,0.0,0.0,1.12,1.103625,1.4172250000000002,1.2841544908823197,2.1932800507380152,0.9972168784995938,3.695818963075646,nan,stick
stick_limited,1.0639999999999155,1.12,1.12,0.0,0.0,1.12,1.103625,1.4172250000000002,1.2841544908823197,2.1932800507380152,0.9994568784995939,3.695818963075646,nan,stick
stick_limited,1.0659999999999152,1.12,1.12,0.0,0.0,1.12,1.103625,1.4172250000000002,1.2841544908823197,2.1932800507380152,1.0016968784995939,3.695818963075646,nan,stick
stick_limited,1.067999999999915,1.12,1.12,0.0,0.0,1.12,1.103625,1.4172250000000002,1.2841544908823197,2.1932800507380152,1.003936878499594,3.695818963075646,nan,stick
stick_limited,1.0699999999999148,1.12,1.12,0.0,0.0,1.12,1.103625,1.4172250000000002,1.2841544908823197,2.1932800507380152,1.006176878499594,3.695818963075646,nan,stick
stick_limited,1.0719999999999146,1.12,1.12,0.0,0.0,1.12,1.103625,1.4172250000000002,1.2841544908823197,2.1932800507380152,1.008416878499594,3.695818963075646,nan,stick
stick_limited,1.0739999999999144,1.12,1.12,0.0,0.0,1.12,1.103625,1.4172250000000002,1.2841544908823197,2.1932800507380152,1.010656878499594,3.695818963075646,nan,stick
stick_limited,1.0759999999999141,1.12,1.12,0.0,0.0,1.12,1.103625,1.4172250000000002,1.2841544908823197,2.1932800507380152,1.012896878499594,3.695818963075646,nan,stick
stick_limited,1.077999999999914,1.12,1.12,0.0,0.0,1.12,1.103625,1.4172250000000002,1.2841544908823197,2.1932800507380152,1.015136878499594,3.695818963075646,nan,stick
stick_limited,1.0799999999999137,1.12,1.12,0.0,0.0,1.12,1.103625,1.4172250000000002,1.2841544908823197,2.1932800507380152,1.017376878499594,3.695818963075646,nan,stick
stick_limited,1.0819999999999135,1.12,1.12,0.0,0.0,1.12,1.103625,1.4172250000000002,1.2841544908823197,2.1932800507380152,1.019616878499594,3.695818963075646,nan,stick
stick_limited,1.0839999999999133,1.12,1.12,0.0,0.0,1.12,1.103625,1.4172250000000002,1.2841544908823197,2.1932800507380152,1.021856878499594,3.695818963075646,nan,stick
stick_limited,1.085999999999913,1.12,1.12,0.0,0.0,1.12,1.103625,1.4172250000000002,1.2841544908823197,2.1932800507380152,1.024096878499594,3.695818963075646,nan,stick
stick_limited,1.0879999999999128,1.12,1.12,0.0,0.0,1.12,1.103625,1.4172250000000002,1.2841544908823197,2.1932800507380152,1.026336878499594,3.695818963075646,nan,stick
stick_limited,1.0899999999999126,1.12,1.12,0.0,0.0,1.12,1.103625,1.4172250000000002,1.2841544908823197,2.1932800507380152,1.0285768784995941,3.695818963075646,nan,stick
stick_limited,1.0919999999999124,1.12,1.12,0.0,0.0,1.12,1.103625,1.4172250000000002,1.2841544908823197,2.1932800507380152,1.0308168784995941,3.695818963075646,nan,stick
stick_limited,1.0939999999999122,1.12,1.12,0.0,0.0,1.12,1.103625,1.4172250000000002,1.2841544908823197,2.1932800507380152,1.0330568784995942,3.695818963075646,nan,stick
stick_limited,1.095999999999912,1.12,1.12,0.0,0.0,1.12,1.103625,1.4172250000000002,1.2841544908823197,2.1932800507380152,1.0352968784995942,3.695818963075646,nan,stick
stick_limited,1.0979999999999117,1.12,1.12,0.0,0.0,1.12,1.103625,1.4172250000000002,1.2841544908823197,2.1932800507380152,1.0375368784995942,3.695818963075646,nan,stick
stick_limited,1.0999999999999115,1.12,1.12,0.0,0.0,1.12,1.103625,1.4172250000000002,1.2841544908823197,2.1932800507380152,1.0397768784995942,3.695818963075646,nan,stick
stick_limited,1.1019999999999113,1.12,1.12,0.0,0.0,1.12,1.103625,1.4172250000000002,1.2841544908823197,2.1932800507380152,1.0420168784995942,3.695818963075646,nan,stick
stick_limited,1.103999999999911,1.12,1.12,0.0,0.0,1.12,1.103625,1.4172250000000002,1.2841544908823197,2.1932800507380152,1.0442568784995943,3.695818963075646,nan,stick
stick_limited,1.1059999999999108,1.12,1.12,0.0,0.0,1.12,1.103625,1.4172250000000002,1.2841544908823197,2.1932800507380152,1.0464968784995943,3.695818963075646,nan,stick
stick_limited,1.1079999999999106,1.12,1.12,0.0,0.0,1.12,1.103625,1.4172250000000002,1.2841544908823197,2.1932800507380152,1.0487368784995943,3.695818963075646,nan,stick
stick_limited,1.1099999999999104,1.12,1.12,0.0,0.0,1.12,1.103625,1.4172250000000002,1.2841544908823197,2.1932800507380152,1.0509768784995943,3.695818963075646,nan,stick
stick_limited,1.1119999999999102,1.12,1.12,0.0,0.0,1.12,1.103625,1.4172250000000002,1.2841544908823197,2.1932800507380152,1.0532168784995943,3.695818963075646,nan,stick
stick_limited,1.11399999999991,1.12,1.12,0.0,0.0,1.12,1.103625,1.4172250000000002,1.2841544908823197,2.1932800507380152,1.0554568784995944,3.695818963075646,nan,stick
stick_limited,1.1159999999999097,1.12,1.12,0.0,0.0,1.12,1.103625,1.4172250000000002,1.2841544908823197,2.1932800507380152,1.0576968784995944,3.695818963075646,nan,stick
stick_limited,1.1179999999999095,1.12,1.12,0.0,0.0,1.12,1.103625,1.4172250000000002,1.2841544908823197,2.1932800507380152,1.0599368784995944,3.695818963075646,nan,stick
stick_limited,1.1199999999999093,1.12,1.12,0.0,0.0,1.12,1.103625,1.4172250000000002,1.2841544908823197,2.1932800507380152,1.0621768784995944,3.695818963075646,nan,stick
stick_limited,1.121999999999909,1.12,1.12,0.0,0.0,1.12,1.103625,1.4172250000000002,1.2841544908823197,2.1932800507380152,1.0644168784995944,3.695818963075646,nan,stick
stick_limited,1.1239999999999088,1.12,1.12,0.0,0.0,1.12,1.103625,1.4172250000000002,1.2841544908823197,2.1932800507380152,1.0666568784995945,3.695818963075646,nan,stick
stick_limited,1.1259999999999086,1.12,1.12,0.0,0.0,1.12,1.103625,1.4172250000000002,1.2841544908823197,2.1932800507380152,1.0688968784995945,3.695818963075646,nan,stick
stick_limited,1.1279999999999084,1.12,1.12,0.0,0.0,1.12,1.103625,1.4172250000000002,1.2841544908823197,2.1932800507380152,1.0711368784995945,3.695818963075646,nan,stick
stick_limited,1.1299999999999082,1.12,1.12,0.0,0.0,1.12,1.103625,1.4172250000000002,1.2841544908823197,2.1932800507380152,1.0733768784995945,3.695818963075646,nan,stick
stick_limited,1.131999999999908,1.12,1.12,0.0,0.0,1.12,1.103625,1.4172250000000002,1.2841544908823197,2.1932800507380152,1.0756168784995945,3.695818963075646,nan,stick
stick_limited,1.1339999999999077,1.12,1.12,0.0,0.0,1.12,1.103625,1.4172250000000002,1.2841544908823197,2.1932800507380152,1.0778568784995946,3.695818963075646,nan,stick
stick_limited,1.1359999999999075,1.12,1.12,0.0,0.0,1.12,1.103625,1.4172250000000002,1.2841544908823197,2.1932800507380152,1.0800968784995946,3.695818963075646,nan,stick
stick_limited,1.1379999999999073,1.12,1.12,0.0,0.0,1.12,1.103625,1.4172250000000002,1.2841544908823197,2.1932800507380152,1.0823368784995946,3.695818963075646,nan,stick
stick_limited,1.139999999999907,1.12,1.12,0.0,0.0,1.12,1.103625,1.4172250000000002,1.2841544908823197,2.1932800507380152,1.0845768784995946,3.695818963075646,nan,stick
stick_limited,1.1419999999999069,1.12,1.12,0.0,0.0,1.12,1.103625,1.4172250000000002,1.2841544908823197,2.1932800507380152,1.0868168784995946,3.695818963075646,nan,stick
stick_limited,1.1439999999999066,1.12,1.12,0.0,0.0,1.12,1.103625,1.4172250000000002,1.2841544908823197,2.1932800507380152,1.0890568784995946,3.695818963075646,nan,stick
stick_limited,1.1459999999999064,1.12,1.12,0.0,0.0,1.12,1.103625,1.4172250000000002,1.2841544908823197,2.1932800507380152,1.0912968784995947,3.695818963075646,nan,stick
stick_limited,1.1479999999999062,1.12,1.12,0.0,0.0,1.12,1.103625,1.4172250000000002,1.2841544908823197,2.1932800507380152,1.0935368784995947,3.695818963075646,nan,stick
stick_limited,1.149999999999906,1.12,1.12,0.0,0.0,1.12,1.103625,1.4172250000000002,1.2841544908823197,2.1932800507380152,1.0957768784995947,3.695818963075646,nan,stick
stick_limited,1.1519999999999058,1.12,1.12,0.0,0.0,1.12,1.103625,1.4172250000000002,1.2841544908823197,2.1932800507380152,1.0980168784995947,3.695818963075646,nan,stick
stick_limited,1.1539999999999055,1.12,1.12,0.0,0.0,1.12,1.103625,1.4172250000000002,1.2841544908823197,2.1932800507380152,1.1002568784995947,3.695818963075646,nan,stick
stick_limited,1.1559999999999053,1.12,1.12,0.0,0.0,1.12,1.103625,1.4172250000000002,1.2841544908823197,2.1932800507380152,1.1024968784995948,3.695818963075646,nan,stick
stick_limited,1.157999999999905,1.12,1.12,0.0,0.0,1.12,1.103625,1.4172250000000002,1.2841544908823197,2.1932800507380152,1.1047368784995948,3.695818963075646,nan,stick
stick_limited,1.1599999999999049,1.12,1.12,0.0,0.0,1.12,1.103625,1.4172250000000002,1.2841544908823197,2.1932800507380152,1.1069768784995948,3.695818963075646,nan,stick
stick_limited,1.1619999999999047,1.12,1.12,0.0,0.0,1.12,1.103625,1.4172250000000002,1.2841544908823197,2.1932800507380152,1.1092168784995948,3.695818963075646,nan,stick
stick_limited,1.1639999999999044,1.12,1.12,0.0,0.0,1.12,1.103625,1.4172250000000002,1.2841544908823197,2.1932800507380152,1.1114568784995948,3.695818963075646,nan,stick
stick_limited,1.1659999999999042,1.12,1.12,0.0,0.0,1.12,1.103625,1.4172250000000002,1.2841544908823197,2.1932800507380152,1.1136968784995949,3.695818963075646,nan,stick
stick_limited,1.167999999999904,1.12,1.12,0.0,0.0,1.12,1.103625,1.4172250000000002,1.2841544908823197,2.1932800507380152,1.1159368784995949,3.695818963075646,nan,stick
stick_limited,1.1699999999999038,1.12,1.12,0.0,0.0,1.12,1.103625,1.4172250000000002,1.2841544908823197,2.1932800507380152,1.118176878499595,3.695818963075646,nan,stick
stick_limited,1.1719999999999036,1.12,1.12,0.0,0.0,1.12,1.103625,1.4172250000000002,1.2841544908823197,2.1932800507380152,1.120416878499595,3.695818963075646,nan,stick
stick_limited,1.1739999999999033,1.12,1.12,0.0,0.0,1.12,1.103625,1.4172250000000002,1.2841544908823197,2.1932800507380152,1.122656878499595,3.695818963075646,nan,stick
stick_limited,1.1759999999999031,1.12,1.12,0.0,0.0,1.12,1.103625,1.4172250000000002,1.2841544908823197,2.1932800507380152,1.124896878499595,3.695818963075646,nan,stick
stick_limited,1.177999999999903,1.12,1.12,0.0,0.0,1.12,1.103625,1.4172250000000002,1.2841544908823197,2.1932800507380152,1.127136878499595,3.695818963075646,nan,stick
stick_limited,1.1799999999999027,1.12,1.12,0.0,0.0,1.12,1.103625,1.4172250000000002,1.2841544908823197,2.1932800507380152,1.129376878499595,3.695818963075646,nan,stick
stick_limited,1.1819999999999025,1.12,1.12,0.0,0.0,1.12,1.103625,1.4172250000000002,1.2841544908823197,2.1932800507380152,1.131616878499595,3.695818963075646,nan,stick
stick_limited,1.1839999999999022,1.12,1.12,0.0,0.0,1.12,1.103625,1.4172250000000002,1.2841544908823197,2.1932800507380152,1.133856878499595,3.695818963075646,nan,stick
stick_limited,1.185999999999902,1.12,1.12,0.0,0.0,1.12,1.103625,1.4172250000000002,1.2841544908823197,2.1932800507380152,1.136096878499595,3.695818963075646,nan,stick
stick_limited,1.1879999999999018,1.12,1.12,0.0,0.0,1.12,1.103625,1.4172250000000002,1.2841544908823197,2.1932800507380152,1.138336878499595,3.695818963075646,nan,stick
stick_limited,1.1899999999999016,1.12,1.12,0.0,0.0,1.12,1.103625,1.4172250000000002,1.2841544908823197,2.1932800507380152,1.140576878499595,3.695818963075646,nan,stick
stick_limited,1.1919999999999014,1.12,1.12,0.0,0.0,1.12,1.103625,1.4172250000000002,1.2841544908823197,2.1932800507380152,1.1428168784995951,3.695818963075646,nan,stick
stick_limited,1.1939999999999011,1.12,1.12,0.0,0.0,1.12,1.103625,1.4172250000000002,1.2841544908823197,2.1932800507380152,1.1450568784995951,3.695818963075646,nan,stick
stick_limited,1.195999999999901,1.12,1.12,0.0,0.0,1.12,1.103625,1.4172250000000002,1.2841544908823197,2.1932800507380152,1.1472968784995952,3.695818963075646,nan,stick
stick_limited,1.1979999999999007,1.12,1.12,0.0,0.0,1.12,1.103625,1.4172250000000002,1.2841544908823197,2.1932800507380152,1.1495368784995952,3.695818963075646,nan,stick
stick_limited,1.1999999999999005,1.12,1.12,0.0,0.0,1.12,1.103625,1.4172250000000002,1.2841544908823197,2.1932800507380152,1.1517768784995952,3.695818963075646,nan,stick
